Date,Ticker,Ticker_name,Close,day_pr_low,day_pr_high,week_pr_low,week_pr_high,month_pr_low,month_pr_high,day_rr_ratio,week_rr_ratio,month_rr_ratio,gap_lt,gap_lt_avg,gap_lt_hi,gap_lt_lo,ST_Trend,st_avg,st_lo,st_hi,MT_Trend,mt_avg,mt_lo,mt_hi,LT_Trend,lt_avg,lt_lo,lt_hi,ST_Trend_Change,MT_Trend_Change,Z-Score Rank,Z-Score,Sharpe,Sharpe_avg,Sharpe_hi,Sharpe_low,Sharpe_Rank,prem_disc,prem_disc_avg,prem_disc_lo,prem_disc_hi,factor,model_score
2025-12-05,CMS,CMS ENERGY ,71.09,,,69.1,78.65,64.97,84.95,,3.7989949748743554,2.2647058823529393,-5.179999999999993,-4.113999999999995,-3.309680411776511,-4.91831958822348,-0.0574907,-0.0574907,,,-0.00210654,-0.00210654,-0.00210654,-0.00210654,0.02677213,0.02677213,0.02677213,0.02677213,,-0.00509138,75.0,1.08,,,,,,6.570849084530874,14.949544714615172,7.242943911085788,22.656145518144555,0.56,63.0
2025-12-05,D,"DOMINION ENERGY, INC.",58.49,,,57.2,64.83,53.98,68.85,-4.308510638297884,4.914728682170543,2.2971175166297075,-14.469999999999992,-13.057999999999993,-12.188937286497683,-13.927062713502302,-0.16567267,-0.16567267,,,-0.00803179,-0.00803179,-0.00803179,-0.00803179,0.02387897,0.02387897,0.02387897,0.02387897,,0.00018389,75.0,1.15,,,,,,0.10008963083981826,4.62211396302063,0.35887321497301183,8.88535471106825,0.56,63.0
2025-12-05,NRG,"NRG ENERGY, INC.",163.0,,,151.1,183.4,140.64,221.43,1.2397820163487743,1.714285714285714,2.6131484794275477,-53.16999999999999,-50.39599999999998,-47.92470883949298,-52.86729116050698,-0.02382873,-0.02382873,,,0.01533502,0.01533502,0.01533502,0.01533502,0.12780308,0.12780308000000004,0.12780308000000004,0.12780308000000004,,0.00449628,75.0,1.09,,,,,,0.07553273614812195,0.47060952105251547,0.08143643364198694,0.859782608463044,0.56,63.0
2025-12-05,PEG,PUBLIC SERVICE ENTERPRISE GROUP INC.,79.57,,,77.09,85.97,73.42,95.24,1.9767932489451507,2.5806451612903354,2.5479674796748006,-18.310000000000002,-17.253999999999998,-16.540326405140274,-17.967673594859722,0.05724398,0.05724398,,,-0.01034975,-0.01034975,-0.01034975,-0.01034975,0.05285541,0.05285541,0.05285541,0.05285541,,0.00179861,75.0,1.1,,,,,,0.6881423428013138,1.3573026447381753,0.777665192691274,1.9369400967850767,0.56,63.0
2025-12-05,PM,PHILIP MORRIS INTERNATIONAL INC.,147.81,,,138.79,162.9,130.66,184.19,3.21866897147796,1.6729490022172935,2.121282798833818,-46.21000000000001,-42.246,-38.600176361917654,-45.89182363808235,0.18991909,0.18991909,,,-0.03587193,-0.03587193,-0.03587193,-0.03587193,0.0538826,0.0538826,0.0538826,0.0538826,,-0.00071192,75.0,1.07,,,,,,1.2221102022634662,1.5537733652945012,1.2299734107679892,1.8775733198210132,0.56,63.0
2025-12-05,XEL,XCEL ENERGY INC.,77.18,,,73.58,88.46,71.39,92.23,1.6784140969162868,3.133333333333322,2.5993091537132953,-6.949999999999989,-5.707999999999993,-4.7003443048342275,-6.715655695165759,-0.0100245,-0.0100245,,,0.01731776,0.01731776,0.01731776,0.01731776,0.02808341,0.02808341,0.02808341,0.02808341,,-0.00335328,75.0,1.02,,,,,,28.825467827451586,34.2353729578608,28.85098040923885,39.61976550648274,0.56,63.0
2025-12-05,XYL,XYLEM INC.,139.01,,,132.33,149.75,126.56,164.13,1.1073717948717978,1.6077844311377312,2.017670682730926,-12.379999999999995,-11.469999999999994,-10.57814799433986,-12.361852005660127,-0.0132111,-0.0132111,,,0.002307,0.002307,0.002307,0.002307,0.02359668,0.02359668,0.02359668,0.02359668,,0.00115958,75.0,1.08,,,,,,0.3494104281375463,0.5907793766982359,0.37777033318287345,0.8037884202135983,0.56,63.0
2025-12-05,BXP,"BOSTON PROPERTIES, INC.",69.28,,,66.23,75.5,59.67,82.74,1.506194690265488,2.0393442622950837,1.4006243496357955,-9.260000000000005,-7.598000000000004,-6.518523274915115,-8.677476725084894,-0.0194322,-0.0194322,,,-0.00962467,-0.00962467,-0.00962467,-0.00962467,-0.0098378,-0.0098378,-0.0098378,-0.0098378,,-0.01114433,75.0,1.13,,,,,,1.9666049332688984,3.863144456194409,2.094655015241529,5.631633897147289,0.545,61.0
2025-12-05,EG,"EVEREST GROUP, LTD.",309.97,,,272.8,334.69,280.3,348.18,,-1.5036407766990316,1.2878328277721591,-0.30999999999994543,2.122000000000014,3.735232779235527,0.5087672207645011,0.01016929,0.01016929,,,-0.06782396,-0.06782396,-0.06782396,-0.06782396,-0.01899415,-0.01899415,-0.01899415,-0.01899415,,-0.00231825,75.0,1.15,,,,,,0.8132605838394189,1.8726931714669481,0.9383558087948336,2.807030534139063,0.545,61.0
2025-12-05,PBR,BRAZILIAN PETROLEUM  - PETROBRAS,12.13,,,11.29,14.07,10.62,14.49,1.419354838709677,2.3095238095238044,1.5629139072847662,-2.289999999999999,-1.8259999999999994,-1.5337158916396576,-2.118284108360341,-0.06292703,-0.06292703,,,0.00115259,0.00115259,0.00115259,0.00115259,-0.02581706,-0.02581706,-0.02581706,-0.02581706,,-0.00654888,75.0,1.15,,,,,,0.2883456776011841,3.970699125617721,0.6060565016580028,7.335341749577439,0.545,61.0
2025-12-05,PEP,"PEPSICO, INC.",145.02,,,136.97,157.9,126.83,170.68,1.565436241610736,1.5999999999999972,1.410665200659702,-19.590000000000003,-16.98800000000001,-15.255236311553144,-18.720763688446876,0.00249248,0.00249248,,,-0.00153054,-0.00153054,-0.00153054,-0.00153054,0.00818935,0.00818935,0.00818935,0.00818935,,-0.00260953,75.0,1.14,,,,,,2.0072715112979855,5.134889779114978,2.3559872656027756,7.91379229262718,0.545,61.0
2025-12-05,VLO,VALERO ENERGY ,174.14,,,164.71,195.13,149.08,211.31,1.2855939342881255,2.2258748674443325,1.4832402234636894,-21.340000000000003,-18.437999999999995,-15.828005747132757,-21.047994252867234,-0.0139163,-0.0139163,,,0.04909224,0.04909224,0.04909224,0.04909224,0.01769887,0.017698870000000002,0.017698870000000002,0.017698870000000002,,-0.00501469,75.0,1.15,,,,,,4.900298200111636,7.629834456510733,5.200291814468166,10.0593770985533,0.545,61.0
2025-12-05,PPL,PPL ,33.86,,,32.64,38.33,32.73,40.4,1.1869158878504666,3.6639344262295106,5.787610619469013,-8.630000000000003,-7.720000000000003,-6.934952230752807,-8.5050477692472,-0.04751223,-0.04751223,,,-0.02410336,-0.02410336,-0.02410336,-0.02410336,0.03969511,0.03969511,0.03969511,0.03969511,,-0.01175403,75.0,1.11,,,,,,1.7729857933338162,2.282679448909103,1.8295024184980648,2.7358564793201414,0.5375,60.0
2025-12-05,WEC,"WEC ENERGY GROUP, INC.",105.71,,,102.32,117.98,100.72,124.26,7.44318181818187,3.619469026548675,3.7174348697394852,-8.190000000000012,-6.558000000000004,-5.113572777880451,-8.002427222119557,0.02060943,0.02060943,,,-0.0030134,-0.0030134,-0.0030134,-0.0030134,0.03504797,0.03504796999999999,0.03504796999999999,0.03504796999999999,,-0.00712068,75.0,0.27,,,,,,1.4690779960740938,2.4908825223885773,1.5995038130179244,3.38226123175923,0.56,53.0
2025-12-05,ALLE,ALLEGION PUBLIC LIMITED COMPANY,159.08,,,153.24,176.16,146.11,188.86,1.7244597249508822,2.924657534246571,2.2960678488820356,-39.67999999999998,-36.10199999999999,-33.52714660611521,-38.67685339388477,0.00933374,0.00933374,,,0.00991562,0.00991562,0.00991562,0.00991562,0.03258315,0.03258315,0.03258315,0.03258315,,0.00038132,25.0,0.27,,,,,,0.45462966994739884,1.1363300037057964,0.03313856410334837,2.239521443308244,0.46,52.0
2025-12-05,DDOG,"DATADOG, INC.",151.41,,,141.74,188.19,131.62,220.73,1.568281938325995,3.8035160289555376,3.502779181404751,-20.75999999999999,-17.245999999999988,-14.593241058821953,-19.898758941178023,-0.03012737,-0.03012737,,,0.07000841,0.07000841,0.07000841,0.07000841,0.05237369,0.05237369000000001,0.05237369000000001,0.05237369000000001,,-0.00665072,25.0,0.19,,,,,,2.9928419470060303,3.7147749250898556,1.8424279964386487,5.5871218537410625,0.46,52.0
2025-12-05,DUK,DUKE ENERGY ,116.52,,,113.19,128.4,110.45,138.75,-1.0544183724413367,3.5675675675675724,3.662273476112031,-36.67999999999999,-34.48999999999999,-32.87183746181045,-36.108162538189525,-0.08197067,-0.08197067,,,-0.01272273,-0.012722729999999998,-0.012722729999999998,-0.012722729999999998,0.03307436,0.03307436,0.03307436,0.03307436,,-0.01086094,75.0,0.85,,,,,,2.400003760164052,26.110095608282705,-14.030666766820325,66.25085798338574,0.46,52.0
2025-12-05,L,LOEWS ,102.82,,,100.51,114.56,94.85,120.77,1.4303178484107595,5.082251082251113,2.2521957340025103,-20.02000000000001,-17.686000000000003,-16.174997021842774,-19.197002978157233,-0.02224885,-0.02224885,,,0.01599246,0.01599246,0.01599246,0.01599246,0.04787036,0.04787036,0.04787036,0.04787036,,-0.00526172,75.0,0.87,,,,,,0.3158762900837149,1.3818989463891012,0.21773122044543114,2.5460666723327714,0.46,52.0
2025-12-05,RCL,ROYAL CARIBBEAN CRUISES LTD.,257.66,,,228.79,278.02,217.28,345.62,6.6800847457626675,-1.4179764243614978,2.1783060921248123,-35.60999999999996,-30.393999999999984,-26.29183837471022,-34.49616162528975,0.06136007,0.06136007,,,-0.07268783,-0.07268783,-0.07268783,-0.07268783,0.07538293,0.07538293,0.07538293,0.07538293,,-0.00091668,25.0,0.25,,,,,,1.1481775695829093,1.6161545871835272,0.4731422253464075,2.759166949020647,0.46,52.0
2025-12-05,VICI,VICI PROPERTIES INC.,27.73,,,26.07,29.61,25.37,32.66,2.664335664335664,1.132530120481927,2.0889830508474567,-2.2300000000000004,-1.7460000000000009,-1.3979626456829681,-2.0940373543170336,0.04160843,0.04160843,,,-0.05097443,-0.05097443,-0.05097443,-0.05097443,-0.00990552,-0.00990552,-0.00990552,-0.00990552,,-0.00539065,25.0,0.5,,,,,,6.69903792033382,26.340663734048103,-9.38740869571124,62.06873616380744,0.46,52.0
2025-12-05,XLU,SEL SECTOR:UTIL SPDR,43.3,,,41.67,47.94,40.91,50.05,-1.0046511627906933,2.846625766871174,2.8242677824267775,-5.330000000000005,-4.829000000000003,-4.48089082172399,-5.177109178276017,-0.02769632,-0.02769632,,,0.01417939,0.01417939,0.01417939,0.01417939,0.03994607,0.03994607,0.03994607,0.03994607,,0.0033127,75.0,1.14,,,,,,1.6841759422833826,2.792012316669828,1.6253917123212906,3.9586329210183653,0.46,52.0
2025-12-05,HWM,HOWMET AEROSPACE INC.,190.98,,,186.49,217.99,179.45,257.33,-2.7891891891891745,6.015590200445464,5.7545533391153505,-54.920000000000016,-50.592000000000006,-47.703303061932594,-53.48069693806742,-0.0804507,-0.0804507,,,0.02434828,0.02434828,0.02434828,0.02434828,0.15311925,0.15311925,0.15311925,0.15311925,,-0.00695402,75.0,0.76,,,,,,0.07428249302767176,3.5226081797709115,-2.0602265897579053,9.105442949299729,0.4375,49.0
2025-12-05,A,"AGILENT TECHNOLOGIES, INC.",145.49,,,139.98,170.3,127.94,178.05,-5.69711538461539,4.502722323048986,1.8552706552706542,-39.22,-36.31400000000001,-34.562420712613914,-38.0655792873861,-0.19128323,-0.19128323,,,0.03775937,0.03775937,0.03775937,0.03775937,0.01921019,0.01921019,0.01921019,0.01921019,,-0.00792295,75.0,0.84,,,,,,0.8712966955134536,1.2290628584736003,0.6653210767331527,1.7928046402140478,0.445,48.0
2025-12-05,AJG,ARTHUR J. GALLAGHER & CO.,239.71,,,219.66,262.2,212.72,292.78,-1.1456923770861533,1.121695760598502,1.9662838088180787,-43.349999999999994,-38.9,-36.32258850782418,-41.47741149217582,-0.06036002,-0.06036002,,,-0.0517115,-0.0517115,-0.0517115,-0.0517115,0.01741795,0.01741795,0.01741795,0.01741795,,-0.00472721,75.0,1.05,,,,,,0.24631348181235468,0.9768167367907963,0.22335228413605923,1.7302811894455332,0.445,48.0
2025-12-05,ALL,THE ALLSTATE ,202.27,,,193.93,230.01,181.33,241.31,-1.6661732050333111,3.326139088729013,1.8643744030563514,-48.619999999999976,-43.655999999999985,-40.58319509242776,-46.72880490757221,-0.10668163,-0.10668163,,,0.00437277,0.00437277,0.00437277,0.00437277,0.04406691,0.04406691000000001,0.04406691000000001,0.04406691000000001,,-0.00446612,75.0,1.07,,,,,,0.3778973803863839,1.738432976699569,0.13473925847394352,3.342126694925194,0.445,48.0
2025-12-05,ASC,ARDMORE SHIPPING ,11.83,,,10.9,13.82,9.92,15.39,2.0526315789473624,2.13978494623656,1.8638743455497384,-0.75,-0.5419999999999998,-0.38589106367667475,-0.6981089363233248,-0.00802039,-0.00802039,,,-0.00245197,-0.00245197,-0.00245197,-0.00245197,-0.01055702,-0.01055702,-0.01055702,-0.01055702,,-0.00958376,25.0,0.31,,,,,,0.4771296526588549,0.9211235592511674,-0.16531134563929684,2.0075584641416317,0.445,48.0
2025-12-05,AVB,"AVALONBAY COMMUNITIES, INC.",178.02,,,169.44,186.91,155.21,202.2,2.1569264069264023,1.036130536130533,1.0600613765892142,-10.939999999999998,-9.014000000000005,-7.606029829861446,-10.421970170138565,0.02961353,0.02961353,,,-0.02876092,-0.028760920000000002,-0.028760920000000002,-0.028760920000000002,-0.01687531,-0.01687531,-0.01687531,-0.01687531,,-0.00059332,25.0,0.4,,,,,,0.4909224716144347,1.0569629584239102,-0.11447012685455271,2.2283960437023733,0.445,48.0
2025-12-05,BTI,BRITISH AMERICAN TOBACCO P.L.C.,57.01,,,52.86,62.49,50.84,68.08,-1.881355932203388,1.3204819277108448,1.7941653160453825,-38.01,-37.29599999999999,-36.831586391241586,-37.7604136087584,-0.26805278,-0.26805278,,,0.00771212,0.00771212,0.00771212,0.00771212,0.08080816,0.08080816,0.08080816,0.08080816,,0.00300193,75.0,0.84,,,,,,0.577397991488048,2.424193061817231,-0.38136696821332006,5.229753091847782,0.445,48.0
2025-12-05,CF,"CF INDUSTRIES HOLDINGS, INC.",77.88,,,73.37,83.5,68.12,95.96,1.2892703862660961,1.2461197339246155,1.8524590163934442,-18.30000000000001,-16.946000000000005,-16.04898829439076,-17.84301170560925,-0.02505147,-0.02505147,,,-0.01012189,-0.01012189,-0.01012189,-0.01012189,0.00958731,0.00958731,0.00958731,0.00958731,,0.00235021,75.0,1.15,,,,,,0.06980934305035036,0.5069717529978407,0.0464059842269009,0.9675375217687805,0.445,48.0
2025-12-05,CHRW,"C.H. ROBINSON WORLDWIDE, INC.",157.22,,,146.99,179.54,134.63,193.36,-1.872483221476507,2.1818181818181834,1.5998229305002218,-27.53,-25.798000000000002,-24.524198602607147,-27.071801397392857,-0.05710255,-0.05710255,,,0.06711819,0.06711819,0.06711819,0.06711819,0.0670519,0.0670519,0.0670519,0.0670519,,0.00328019,25.0,0.06,,,,,,2.610146153254723,3.0059827070344247,1.659199220162019,4.352766193906831,0.445,48.0
2025-12-05,CPT,CAMDEN PROPERTY TRUST,103.88,,,98.32,110.89,90.12,119.65,-1.477622377622376,1.2607913669064752,1.1460755813953503,-30.590000000000003,-29.267999999999994,-28.30263996353691,-30.233360036463075,-0.12795009,-0.12795009,,,-0.01797998,-0.01797998,-0.01797998,-0.01797998,0.00121154,0.0012115400000000003,0.0012115400000000003,0.0012115400000000003,,-0.00139103,25.0,0.16,,,,,,2.277884998315106,2.7763371638552914,1.4327067815856025,4.119967546124981,0.445,48.0
2025-12-05,EDV,VANGUARD EXT DUR T;ETF,66.84,,,64.82,71.57,62.0,73.32,1.8768328445747755,2.3415841584158246,1.3388429752066084,-3.8799999999999955,-3.275999999999999,-2.8960921164282047,-3.655907883571793,0.02186705,0.02186705,,,-0.00052826,-0.00052826,-0.00052826,-0.00052826,-0.01314915,-0.01314915,-0.01314915,-0.01314915,,-0.00602207,25.0,0.59,,,,,,2.190772245597516,2.46654814132201,0.6877963743125091,4.245299908331511,0.445,48.0
2025-12-05,EQR,EQUITY RESIDENTIAL,61.06,,,57.76,63.82,53.65,68.79,2.6153846153846145,-1.195652173913046,1.0431848852901484,-4.6499999999999915,-4.085999999999994,-3.6848391843661648,-4.487160815633824,0.05547405,0.05547405,,,-0.02052621,-0.02052621,-0.02052621,-0.02052621,-0.00632785,-0.00632785,-0.00632785,-0.00632785,,-0.00303707,25.0,0.67,,,,,,0.7432225371578143,0.7780734017254343,0.24225305641461137,1.313893747036257,0.445,48.0
2025-12-05,ESS,"ESSEX PROPERTY TRUST, INC.",255.37,,,246.94,270.76,225.71,294.81,1.843925985518906,1.8256227758007086,1.3297370195549563,-22.269999999999982,-18.901999999999987,-16.66495507421061,-21.139044925789364,0.00454756,0.00454756,,,-0.01599598,-0.01599598,-0.01599598,-0.01599598,0.00222134,0.00222134,0.00222134,0.00222134,,7.749e-05,25.0,0.39,,,,,,1.8637139102774154,1.9888066615398952,1.6009901264973174,2.376623196582473,0.445,48.0
2025-12-05,EXR,EXTRA SPACE STORAGE INC.,129.56,,,120.49,141.65,112.14,149.76,1.4500212675457251,1.3329658213891944,1.159586681974741,-29.439999999999998,-27.529999999999994,-26.335345238154545,-28.724654761845443,0.00152183,0.00152183,,,-0.01585952,-0.01585952,-0.01585952,-0.01585952,-0.02735007,-0.02735007,-0.02735007,-0.02735007,,-0.0043205,75.0,0.79,,,,,,1.2455162897562153,1.7282002936972607,1.0425319582793828,2.4138686291151386,0.445,48.0
2025-12-05,GILD,"GILEAD SCIENCES, INC.",121.22,,,117.27,134.96,106.97,149.23,1.5309364548494984,3.4784810126582277,1.9656140350877187,-44.150000000000006,-41.954,-40.45029457672056,-43.45770542327944,0.00648646,0.00648646,,,0.01583152,0.01583152,0.01583152,0.01583152,0.05310195,0.05310195,0.05310195,0.05310195,,-0.00251846,25.0,0.15,,,,,,0.3713465008355368,0.4743069766035574,0.12199716572917346,0.8266167874779413,0.445,48.0
2025-12-05,HLT,HILTON WORLDWIDE HOLDINGS INC.,272.25,,,260.46,300.18,235.57,331.82,4.112773302646723,2.368956743002541,1.624045801526717,-31.529999999999973,-25.74799999999997,-20.892809993419373,-30.603190006580565,0.05272726,0.05272726,,,0.00476154,0.00476154,0.00476154,0.00476154,0.03896693,0.038966930000000004,0.038966930000000004,0.038966930000000004,,0.00118981,25.0,0.42,,,,,,0.4018635550682592,1.635670326837949,-0.676739442153768,3.948080095829666,0.445,48.0
2025-12-05,IEF,ISHARES:7-10 TRS BD ETF,96.47,,,93.7,100.54,91.32,103.13,-1.0427046263345185,1.4693140794223873,1.2932038834951436,-7.269999999999996,-7.025999999999996,-6.84522389538437,-7.2067761046156225,-0.01136036,-0.01136036,,,-0.0005461,-0.0005461,-0.0005461,-0.0005461,0.00466434,0.00466434,0.00466434,0.00466434,,-0.0039399,25.0,0.43,,,,,,0.425641584323051,1.1307343242641188,-0.22989770599099302,2.4913663545192306,0.445,48.0
2025-12-05,JNJ,JOHNSON & JOHNSON,201.93,,,194.92,222.95,169.74,241.23,1.2827028587929539,2.998573466476451,1.220876048462255,-51.97999999999999,-49.809999999999995,-48.06886531250451,-51.551134687495484,-0.00907931,-0.00907931,,,0.03535123,0.03535123,0.03535123,0.03535123,0.02111628,0.02111628,0.02111628,0.02111628,,-0.00042786,25.0,0.39,,,,,,0.5541271222625423,5.668004140928033,-3.442065927110481,14.778074208966547,0.445,48.0
2025-12-05,KMB,KIMBERLY-CLARK ,102.96,,,90.22,119.78,87.98,123.41,1.0931058990760496,1.3202511773940357,1.3651535380507354,-20.370000000000005,-17.426,-15.323018782775264,-19.528981217224732,-0.06405625,-0.06405625,,,-0.04966736,-0.04966736,-0.04966736,-0.04966736,-0.02277762,-0.02277762,-0.02277762,-0.02277762,,0.00615461,75.0,0.48,,,,,,1.9003331566902357,2.855900658337007,1.819943968735996,3.891857347938018,0.445,48.0
2025-12-05,LH,LABORATORY  OF AMERICA HOLDINGS,258.39,,,237.3,291.51,226.61,304.04,-1.1523354564755808,1.570412517780941,1.4364380113278814,-38.31,-32.841999999999985,-29.019138506301836,-36.66486149369813,-0.05856455,-0.05856455,,,-0.02261648,-0.02261648,-0.02261648,-0.02261648,0.00931379,0.00931379,0.00931379,0.00931379,,0.00068203,25.0,0.23,,,,,,0.9593538931341556,1.186574489969426,0.5252797258369652,1.8478692541018866,0.445,48.0
2025-12-05,LIN,LINDE PUBLIC LIMITED COMPANY,399.57,,,375.75,427.9,366.45,459.52,3.2013268690992596,1.1893366918555832,1.8100845410628013,-53.98000000000002,-47.87400000000001,-43.843518639169766,-51.90448136083025,0.13871094,0.13871094,,,-0.03144829,-0.03144829,-0.03144829,-0.03144829,-0.00764192,-0.007641919999999999,-0.007641919999999999,-0.007641919999999999,,0.00086838,25.0,0.47,,,,,,0.4477178746123536,1.71604739727138,-0.5927930458707622,4.0248878404135215,0.445,48.0
2025-12-05,LLY,ELI LILLY AND COMPANY,1010.31,,,991.69,1225.89,828.26,1321.09,1.3121394159281516,11.577873254565061,1.7071134303762705,-338.85000000000014,-316.6860000000001,-296.3880141393291,-336.9839858606711,-0.02623114,-0.02623114,,,0.07542993,0.07542993,0.07542993,0.07542993,0.06549112,0.06549112,0.06549112,0.06549112,,-0.00849471,75.0,0.89,,,,,,2.5031326772022764,11.288100567837937,-2.955463890098498,25.531665025774373,0.445,48.0
2025-12-05,MAA,"MID-AMERICA APARTMENT COMMUNITIES, INC.",131.67,,,126.22,140.27,116.84,151.82,1.320039880358926,1.5779816513761542,1.358732299393124,-17.420000000000016,-15.154000000000002,-13.538224644327064,-16.769775355672937,-0.0201206,-0.0201206,,,-0.01882651,-0.01882651,-0.01882651,-0.01882651,0.0083316,0.0083316,0.0083316,0.0083316,,0.00069705,25.0,0.2,,,,,,1.8302614880505468,2.146594317700129,1.2144109255682878,3.0787777098319706,0.445,48.0
2025-12-05,MDLZ,"MONDELEZ INTERNATIONAL, INC.",54.905,,,52.66,59.17,48.78,62.82,-1.7961165048543752,1.899777282850776,1.2922448979591836,-1.134999999999998,-0.21499999999999914,0.3433233829959124,-0.7733233829959107,-0.04216044,-0.04216044,,,-0.01871606,-0.01871606,-0.01871606,-0.01871606,-0.03112041,-0.031120409999999998,-0.031120409999999998,-0.031120409999999998,,0.00453836,75.0,0.98,,,,,,1.52940929540053,2.1556293183326747,1.163191680696983,3.1480669559683663,0.445,48.0
2025-12-05,MHK,"MOHAWK INDUSTRIES, INC.",110.69,,,100.0,123.61,91.96,137.27,1.0412186379928323,1.2086061739943876,1.4191137213027232,-22.099999999999994,-19.209999999999994,-17.079835687088895,-21.340164312911092,-0.06728137,-0.06728137,,,-0.0318868,-0.0318868,-0.0318868,-0.0318868,0.01492078,0.01492078,0.01492078,0.01492078,,-0.00849979,25.0,0.14,,,,,,0.4788729034818484,0.5582789780691343,0.20896095810870008,0.9075969980295685,0.445,48.0
2025-12-05,MMC,"MARSH & MCLENNAN COMPANIES, INC.",181.82,,,167.84,194.19,160.01,204.78,1.054012345679013,-1.130153597413095,1.0527281063732234,-24.409999999999997,-22.97999999999999,-22.113051327932254,-23.846948672067725,-0.02099933,-0.02099933,,,-0.01657505,-0.01657505,-0.01657505,-0.01657505,-0.00182382,-0.00182382,-0.00182382,-0.00182382,,0.0033516,75.0,0.37,,,,,,1.920822526068489,2.230720296424355,1.682599360130144,2.778841232718566,0.445,48.0
2025-12-05,MO,"ALTRIA GROUP, INC.",57.99,,,52.91,61.72,52.86,67.88,1.2395896197948097,-1.361930294906169,1.927875243664715,-29.82,-29.27,-28.823401746532745,-29.716598253467254,-0.05313209,-0.05313209,,,-0.04115001,-0.04115001,-0.04115001,-0.04115001,0.05862692,0.058626920000000006,0.058626920000000006,0.058626920000000006,,0.00120383,25.0,0.34,,,,,,4.26063646528759,6.284977296823935,2.1790097604027814,10.390944833245088,0.445,48.0
2025-12-05,NEE,"NEXTERA ENERGY, INC.",83.13,,,79.82,93.26,74.1,98.88,-2.188172043010752,3.0604229607250764,1.7441860465116277,-21.11,-20.099999999999994,-19.279573281761245,-20.920426718238744,-0.12290712,-0.12290712,,,0.04094632,0.04094632,0.04094632,0.04094632,0.03841126,0.03841126,0.03841126,0.03841126,,0.00556649,25.0,0.31,,,,,,0.6274007869037306,1.350685895844646,-0.16425024035205582,2.8656220320413475,0.445,48.0
2025-12-05,PGR,THE PROGRESSIVE ,222.89,,,201.75,247.62,188.4,267.03,2.245783132530138,1.169820245979188,1.2797912438387942,-19.660000000000025,-15.802000000000016,-13.544508028807202,-18.05949197119283,-0.01302068,-0.01302068,,,-0.03383196,-0.03383196,-0.03383196,-0.03383196,0.03054308,0.03054308,0.03054308,0.03054308,,0.00192706,75.0,0.98,,,,,,1.1564442254585199,1.7943586068245434,1.0149541767192605,2.5737630369298263,0.445,48.0
2025-12-05,PNR,PENTAIR PUBLIC LIMITED COMPANY,104.25,,,99.97,109.46,93.62,122.23,1.2438070404172104,1.2172897196261665,1.691439322671685,-14.060000000000002,-13.144000000000002,-12.333611204420992,-13.954388795579012,-0.00666654,-0.00666654,,,-0.01061443,-0.01061443,-0.01061443,-0.01061443,0.03226043,0.03226043,0.03226043,0.03226043,,-0.00450934,25.0,0.15,,,,,,0.2371692148840081,0.26241843520216507,0.21077360693148525,0.31406326347284486,0.445,48.0
2025-12-05,RVTY,"REVVITY, INC.",100.79,,,93.0,116.42,82.01,120.65,1.2189781021897788,2.006418485237482,1.0575079872204471,-10.86999999999999,-9.307999999999993,-8.3789574821355,-10.237042517864486,-0.02589783,-0.02589783,,,0.04510878,0.04510878,0.04510878,0.04510878,-0.00305217,-0.00305217,-0.00305217,-0.00305217,,0.02199421,75.0,0.96,,,,,,0.9266167340530556,4.8693310680941755,-0.6298691123541982,10.36853124854255,0.445,48.0
2025-12-05,SCHP,SCHWAB STR:US TIPS,26.71,,,25.35,28.57,25.88,27.96,,1.3676470588235297,1.506024096385539,-1.4800000000000004,-1.4440000000000013,-1.4135040986360479,-1.4744959013639547,-0.05583112,-0.05583112,,,0.00619177,0.00619177,0.00619177,0.00619177,0.00702648,0.007026480000000001,0.007026480000000001,0.007026480000000001,,-0.00107423,75.0,0.82,,,,,,1.6481833348340973,1.8525483690917186,1.53269782800644,2.172398910176997,0.445,48.0
2025-12-05,SOYB,TEUCRIUM:SOYBEAN,23.03,,,22.51,24.66,21.09,25.13,-3.733333333333372,3.1346153846153855,1.0824742268041219,-1.129999999999999,-0.8579999999999999,-0.6854601495306092,-1.0305398504693906,-0.0617355,-0.0617355,,,0.01861573,0.01861573,0.01861573,0.01861573,-0.02683511,-0.02683511,-0.02683511,-0.02683511,,9.677e-05,75.0,1.14,,,,,,1.3065665929208623,1.5126273184470858,1.2939732753161912,1.7312813615779803,0.445,48.0
2025-12-05,STLD,"STEEL DYNAMICS, INC.",165.22,,,159.72,184.0,140.24,196.26,-1.0091378625347642,3.4145454545454546,1.2425940752602083,-42.55000000000001,-39.754000000000005,-37.50286028865377,-42.00513971134624,-0.06006728,-0.06006728,,,0.07113148,0.07113148,0.07113148,0.07113148,0.02729227,0.027292270000000004,0.027292270000000004,0.027292270000000004,,0.00749412,25.0,0.23,,,,,,0.03343187168920081,0.07171273975574162,-0.07910756173380261,0.22253304124528583,0.445,48.0
2025-12-05,TAP,MOLSON COORS BEVERAGE COMPANY,45.13,,,42.08,49.02,38.56,53.0,3.6034482758620574,1.2754098360655721,1.1978691019786907,-2.049999999999997,-1.1099999999999994,-0.3935853156167175,-1.8264146843832814,0.02117169,0.02117169,,,-0.03423403,-0.03423403,-0.03423403,-0.03423403,-0.02289722,-0.02289722,-0.02289722,-0.02289722,,0.00338257,25.0,0.18,,,,,,3.2132845340139795,4.265107519718769,2.068268325172346,6.461946714265192,0.445,48.0
2025-12-05,TECH,BIO-TECHNE ,61.68,,,57.34,72.45,49.78,75.38,-2.8742138364779812,2.4815668202765004,1.1512605042016804,-7.3899999999999935,-5.919999999999993,-5.029213830372287,-6.810786169627699,-0.09780267,-0.09780267,,,0.03307501,0.03307501,0.03307501,0.03307501,-0.01009584,-0.01009584,-0.01009584,-0.01009584,,0.00647172,75.0,0.42,,,,,,0.1253461265248932,0.651128573990533,0.1076179917999045,1.1946391561811616,0.445,48.0
2025-12-05,TLT,ISHARES:20+ TRS BD ETF,88.17,,,85.92,93.07,81.5,97.04,1.6143958868894601,2.177777777777774,1.329835082458771,-4.640000000000001,-4.132000000000002,-3.8005335612765623,-4.463466438723442,0.01242621,0.01242621,,,0.00052652,0.00052652,0.00052652,0.00052652,-0.00507247,-0.00507247,-0.00507247,-0.00507247,,-0.0039439,25.0,0.48,,,,,,0.8579045980280489,1.4924207917500334,0.23818676572422737,2.7466548177758394,0.445,48.0
2025-12-05,VRSK,"VERISK ANALYTICS, INC.",221.24,,,197.22,233.86,185.49,257.71,2.4130434782608665,-1.9033280507131538,1.0201398601398592,-14.409999999999997,-12.316000000000008,-10.73478843920241,-13.897211560797606,0.04533525,0.04533525,,,-0.07565924,-0.07565924,-0.07565924,-0.07565924,-0.01860437,-0.01860437,-0.01860437,-0.01860437,,0.00168102,25.0,0.16,,,,,,1.5984133187605125,1.7796078940045748,0.9259455345839767,2.633270253425173,0.445,48.0
2025-12-05,WEAT,TEUCRIUM:WHEAT,20.7,,,19.61,22.27,18.71,23.41,1.2307692307692337,1.4403669724770647,1.3618090452261322,-1.2600000000000016,-1.1460000000000008,-1.0563897327311205,-1.2356102672688811,0.00036727,0.00036727,,,0.00895713,0.00895713,0.00895713,0.00895713,-0.00794951,-0.00794951,-0.00794951,-0.00794951,,0.00081693,75.0,0.09,,,,,,0.6673824806840152,1.1742599619460747,0.6163961544372443,1.7321237694549052,0.445,48.0
2025-12-05,WYNN,"WYNN RESORTS, LIMITED",125.51,,,115.79,143.1,104.75,157.13,-1.1102615694164988,1.8096707818930031,1.523121387283236,-49.45,-45.236000000000004,-41.43930670187859,-49.032693298121416,-0.12459518,-0.12459518,,,0.02651556,0.02651556,0.02651556,0.02651556,0.02693568,0.02693568,0.02693568,0.02693568,,0.0062937,25.0,0.38,,,,,,0.09705436426639658,0.47127233499457916,-0.26266067041795743,1.2052053404071157,0.445,48.0
2025-12-05,CEG,CONSTELLATION ENERGY,359.82,,,320.38,408.28,274.63,534.09,2.2392183288409755,1.2287018255578088,2.045662636459679,-74.81,-72.14599999999999,-68.290986381347,-76.00101361865298,0.02580994,0.02580994,,,0.02228549,0.02228549,0.02228549,0.02228549,0.12638272,0.12638272000000003,0.12638272000000003,0.12638272000000003,,0.00906165,75.0,1.15,,,,,,0.4562127965118128,0.8388976053252383,0.5074546784339836,1.170340532216493,0.42,47.0
2025-12-05,CL,COLGATE-PALMOLIVE COMPANY,78.07,,,73.78,83.62,69.05,89.94,,1.2937062937062989,1.3159645232815975,-1.5200000000000102,-1.0640000000000072,-0.1615699473089406,-1.9664300526910736,-0.01929915,-0.01929915,,,-0.02480572,-0.02480572,-0.02480572,-0.02480572,0.0099197,0.009919700000000002,0.009919700000000002,0.009919700000000002,,0.00019652,75.0,1.14,,,,,,0.328810376753766,1.4629095596148645,0.4804450513712105,2.4453740678585185,0.405,45.0
2025-12-05,CPB,CAMPBELL SOUP COMPANY,29.6,,,27.8,32.48,26.32,33.56,1.6307053941908711,1.5999999999999968,1.2073170731707314,-1.6099999999999994,-1.3540000000000005,-0.8925566123564025,-1.8154433876435987,0.02854841,0.02854841,,,-0.02145423,-0.02145423,-0.02145423,-0.02145423,-0.04311338,-0.04311338,-0.04311338,-0.04311338,,-0.0096904,75.0,0.33,,,,,,0.6273657976467337,0.9128546557083509,0.6606049108361616,1.1651044005805402,0.405,45.0
2025-12-05,EXC,EXELON ,43.81,,,42.16,49.55,41.77,52.23,3.4152046783625694,3.478787878787864,4.1274509803921555,-5.169999999999995,-4.389999999999998,-3.607152633012027,-5.172847366987969,0.05293804,0.05293804,,,0.00250902,0.00250902,0.00250902,0.00250902,0.03934888,0.03934888,0.03934888,0.03934888,,-0.00608233,75.0,1.12,,,,,,0.7921195322136187,1.9684996247761266,0.8465519291506576,3.0904473204015956,0.3975,45.0
2025-12-05,GDDY,GODADDY INC.,128.46,,,117.49,134.6,110.35,153.5,1.0727272727272699,-1.7866449511400713,1.3826615129762547,-17.379999999999995,-16.830000000000002,-15.752410096558066,-17.907589903441938,-0.01970485,-0.01970485,,,-0.03188011,-0.03188011,-0.03188011,-0.03188011,0.01931825,0.01931825,0.01931825,0.01931825,,0.0056871,75.0,1.13,,,,,,0.6544403726489672,1.1936952896330222,0.7242951581861288,1.6630954210799156,0.405,45.0
2025-12-05,LVS,LAS VEGAS SANDS CORP.,66.25,,,59.18,78.75,52.82,82.65,2.3008130081300826,1.768033946251768,1.2211466865227107,-9.549999999999997,-8.293999999999997,-6.867735648626103,-9.720264351373892,0.06331647,0.06331647,,,0.03190264,0.03190264,0.03190264,0.03190264,0.00432053,0.00432053,0.00432053,0.00432053,,0.00571189,75.0,0.93,,,,,,1.0012899751093776,1.3477458141481897,1.0301397446821037,1.6653518836142758,0.405,45.0
2025-12-05,MKC,"MCCORMICK & COMPANY, INC.",63.3,,,60.55,70.45,57.05,74.9,1.6962025316455722,2.600000000000002,1.8560000000000014,-6.3500000000000085,-5.110000000000005,-3.7689556308607854,-6.451044369139224,-0.00202939,-0.00202939,,,-0.03036056,-0.03036056,-0.03036056,-0.03036056,-0.00702962,-0.00702962,-0.00702962,-0.00702962,,-0.00501293,75.0,1.13,,,,,,1.069173030814723,2.00513552090818,1.1252202076598,2.8850508341565595,0.405,45.0
2025-12-05,NOC,NORTHROP GRUMMAN ,548.97,,,523.54,600.55,498.69,645.24,-2.9704301075268837,2.0283130161226817,1.9146778042959411,-122.10000000000002,-121.51600000000003,-118.00068635823206,-125.03131364176801,-0.1289666,-0.1289666,,,-0.01009015,-0.01009015,-0.01009015,-0.01009015,0.01906957,0.019069570000000004,0.019069570000000004,0.019069570000000004,,-0.00222165,75.0,1.15,,,,,,0.5584097258883216,0.7769807202153217,0.5859967678298045,0.967964672600839,0.405,45.0
2025-12-05,SRE,SEMPRA,90.66,,,87.95,100.27,79.3,109.79,1.6968951736858293,3.5461254612546207,1.6839788732394376,-53.97,-53.848,-53.33121184224094,-54.36478815775906,0.03045557,0.03045557,,,0.02485252,0.02485252,0.02485252,0.02485252,0.02197306,0.02197306,0.02197306,0.02197306,,-0.00217856,75.0,1.15,,,,,,2.1845269337295403,4.562631432117591,2.287983992923217,6.837278871311965,0.405,45.0
2025-12-05,EWS,ISHARES:MSCI SINGAPORE,27.82,,,26.75,29.49,25.92,31.42,1.8404452690166977,1.5607476635513997,1.8947368421052653,-8.25,-8.034,-7.8849027163225305,-8.183097283677471,0.07310898,0.07310898,,,0.0029545,0.0029545,0.0029545,0.0029545,0.02779871,0.02779871,0.02779871,0.02779871,,-0.00182474,75.0,-0.32,,,,,,3.5171701726869333,3.205315845646209,2.9068610229897347,3.5037706683026837,0.42,43.0
2025-12-05,CMG,"CHIPOTLE MEXICAN GRILL, INC.",33.94,,,26.85,39.67,26.16,40.59,,-1.2373472949389164,-1.1699248120300738,0.4299999999999997,0.5700000000000017,0.7080217374184254,0.431978262581578,-0.04728832,-0.04728832,,,-0.05628771,-0.056287710000000005,-0.056287710000000005,-0.056287710000000005,-0.03971781,-0.03971781,-0.03971781,-0.03971781,,0.0124009,25.0,0.45,,,,,,2.3584192281201517,4.2072048694828,0.8791628117278707,7.53524692723773,0.3925,42.0
2025-12-05,GE,GENERAL ELECTRIC COMPANY,283.94,,,273.75,312.28,264.15,367.29,5.540084388185668,2.7811579980372896,4.211723092470942,-63.839999999999975,-59.367999999999974,-56.50795279759229,-62.22804720240766,0.15834219,0.15834219,,,0.01097329,0.01097329,0.01097329,0.01097329,0.1162909,0.11629089999999999,0.11629089999999999,0.11629089999999999,,-0.00608792,75.0,1.12,,,,,,0.050721111752987325,1.5616777422410015,-0.05567682930739326,3.1790323137893965,0.4375,42.0
2025-12-05,PLD,"PROLOGIS, INC.",127.98,,,119.67,136.48,108.38,144.25,2.8782383419689124,1.022864019253909,-1.2046711739397673,-1.5400000000000063,-0.8780000000000058,-0.34935077792548264,-1.4066492220745288,0.03922745,0.03922745,,,-0.00405957,-0.00405957,-0.00405957,-0.00405957,-0.03208316,-0.03208316,-0.03208316,-0.03208316,,0.00118181,25.0,0.32,,,,,,2.315868276798892,4.514016948399212,0.7082526593266212,8.319781237471803,0.3925,42.0
2025-12-05,AEE,AMEREN ,99.86,,,96.11,110.78,94.71,116.84,3.002008032128515,2.9120000000000004,3.2970873786407737,-19.010000000000005,-17.532000000000004,-16.388334839212106,-18.6756651607879,0.12841826,0.12841826,,,-0.01330293,-0.01330293,-0.01330293,-0.01330293,0.04080313,0.04080313,0.04080313,0.04080313,,-0.00817377,25.0,-0.83,,,,,,0.8647263347326721,0.7137761610901242,0.29541472680941305,1.1321375953708355,0.385,41.0
2025-12-05,CBOE,"CBOE GLOBAL MARKETS, INC.",252.76,,,243.79,272.19,228.98,296.58,-1.8679245283018877,2.166109253065776,1.8427249789739273,-59.360000000000014,-57.87800000000001,-56.89539122739516,-58.860608772604856,-0.08670563,-0.08670563,,,0.01638149,0.01638149,0.01638149,0.01638149,0.05146679,0.05146678999999999,0.05146678999999999,0.05146678999999999,,-0.0021581,75.0,0.85,,,,,,1.0619794416989343,3.5196436336877768,-0.03519724119961909,7.074484508575173,0.445,41.0
2025-12-05,DTE,DTE ENERGY COMPANY,131.23,,,124.79,142.99,122.61,151.57,2.1020000000000096,1.8260869565217468,2.359628770301627,-10.230000000000018,-9.182000000000006,-8.254654325507474,-10.109345674492538,0.02439552,0.02439552,,,-0.01449596,-0.014495959999999999,-0.014495959999999999,-0.014495959999999999,0.02240309,0.02240309,0.02240309,0.02240309,,-0.00592082,25.0,-0.87,,,,,,0.14060554022496796,-0.08162835332489808,-0.3466343642468799,0.1833776575970837,0.385,41.0
2025-12-05,EPOL,ISHARES:MSCI POLAND,33.44,,,31.74,36.01,31.19,37.95,1.292845257903495,1.5117647058823538,2.00444444444445,-9.370000000000005,-9.184000000000003,-9.010997109850734,-9.357002890149271,0.00334958,0.00334958,,,0.01099989,0.01099989,0.01099989,0.01099989,0.04141674,0.04141674,0.04141674,0.04141674,,0.00730489,25.0,-0.88,,,,,,10.504575457337527,8.089011403966873,5.942370379522265,10.235652428411482,0.385,41.0
2025-12-05,EVRG,"EVERGY, INC.",73.28,,,71.51,81.3,69.55,86.64,-2.216417910447755,4.531073446327691,3.581769436997315,-9.189999999999998,-8.183999999999997,-7.344220266974726,-9.023779733025268,-0.05160226,-0.05160226,,,0.00676552,0.00676552,0.00676552,0.00676552,0.048407,0.048407,0.048407,0.048407,,-0.00460916,25.0,-0.86,,,,,,1.1303674868632432,0.9720698254694139,0.8339881583496408,1.1101514925891869,0.385,41.0
2025-12-05,LNT,ALLIANT ENERGY ,65.5,,,63.24,72.96,61.01,77.17,1.8571428571428563,3.3008849557522124,2.599109131403117,-8.420000000000002,-7.576000000000005,-6.7502094696595325,-8.401790530340477,0.02310709,0.02310709,,,-0.00091288,-0.0009128799999999999,-0.0009128799999999999,-0.0009128799999999999,0.03328517,0.03328517,0.03328517,0.03328517,,-0.01060597,75.0,-0.7,,,,,,0.5174766519795899,0.5989626728693611,0.42975851099397117,0.768166834744751,0.385,41.0
2025-12-05,POOL,POOL ,239.52,,,211.85,258.25,198.03,287.87,3.2797927461139746,-1.4773091297383893,1.1653410460351887,-0.549999999999983,3.0340000000000034,5.545618999768871,0.5223810002311358,0.01004452,0.01004452,,,-0.07529663,-0.07529663,-0.07529663,-0.07529663,-0.06394058,-0.06394058000000001,-0.06394058000000001,-0.06394058000000001,,0.00071703,25.0,0.46,,,,,,0.7336198718329869,19.318187203463633,-13.166860465460726,51.80323487238799,0.445,41.0
2025-12-05,SO,THE SOUTHERN COMPANY,86.28,,,81.95,95.72,80.05,104.22,1.3524590163934427,2.1801385681293306,2.8796147672552146,-9.060000000000002,-7.412000000000001,-6.241158422330329,-8.582841577669672,-0.03292053,-0.03292053,,,-0.01055465,-0.01055465,-0.01055465,-0.01055465,0.02943425,0.02943425,0.02943425,0.02943425,,-0.00359455,75.0,-0.7,,,,,,0.9731778061128133,0.7025920720497411,0.1427655665105122,1.2624185775889698,0.385,41.0
2025-12-05,TT,TRANE TECHNOLOGIES PLC,401.43,,,384.97,443.03,361.15,514.88,-1.0094972067039105,2.5273390036452015,2.8165342601787464,-109.45999999999998,-103.44399999999996,-99.41809264885538,-107.46990735114454,-0.04557777,-0.04557777,,,0.00554321,0.00554321,0.00554321,0.00554321,0.06999125,0.06999125,0.06999125,0.06999125,,0.00714142,25.0,-0.27,,,,,,1.5813403894432772,1.645115340380201,1.5859987400431272,1.7042319407172748,0.385,41.0
2025-12-05,URI,"UNITED RENTALS, INC.",796.91,,,733.19,878.39,697.62,1000.37,-3.052333117303952,1.2787193973634672,2.0491489575989537,-332.5400000000001,-324.57400000000007,-318.1451408477087,-331.0028591522914,-0.22123553,-0.22123553,,,-0.01820102,-0.01820102,-0.01820102,-0.01820102,0.05291158,0.05291158000000001,0.05291158000000001,0.05291158000000001,,-0.00500026,75.0,-0.63,,,,,,0.3995410192950546,0.33851827726742195,0.2198732941057418,0.4571632604291021,0.385,41.0
2025-12-05,IFF,INTERNATIONAL FLAVORS & FRAGRANCES INC.,67.18,,,62.69,74.19,55.74,77.11,1.737051792828683,1.5612472160356297,-1.1520644511581082,-6.839999999999989,-6.2999999999999945,-5.155513215454188,-7.444486784545801,0.04410304,0.04410304,,,-0.00036972,-0.00036972,-0.00036972,-0.00036972,-0.03691645,-0.036916449999999996,-0.036916449999999996,-0.036916449999999996,,0.00333455,75.0,1.14,,,,,,0.30920697137691744,1.1436132357644493,0.36447898971431114,1.9227474818145875,0.3525,40.0
2025-12-05,MNST,MONSTER BEVERAGE ,73.74,,,71.01,79.85,62.88,84.2,-4.109947643979031,2.238095238095246,-1.0382409177820253,-10.25,-9.660999999999996,-8.614479574972371,-10.70752042502762,-0.09874786,-0.09874786,,,0.03118754,0.031187540000000003,0.031187540000000003,0.031187540000000003,0.00579366,0.00579366,0.00579366,0.00579366,,0.00262744,75.0,1.14,,,,,,0.3479815284547467,1.945303932215742,0.527001741149524,3.3636061232819596,0.3525,40.0
2025-12-05,WY,WEYERHAEUSER COMPANY,21.69,,,20.08,23.02,18.09,25.02,-1.0273224043715852,-1.2105263157894774,-1.081081081081082,-3.139999999999997,-3.035999999999998,-2.767988806203917,-3.3040111937960788,-0.04697657,-0.04697657,,,-0.03574797,-0.03574797,-0.03574797,-0.03574797,-0.06768641,-0.06768640999999999,-0.06768640999999999,-0.06768640999999999,,0.01190247,75.0,1.04,,,,,,0.10956444124205222,0.7079966749451927,0.15101194131431528,1.26498140857607,0.3525,40.0
2025-12-05,AAPL,APPLE INC.,278.78,,,266.44,302.41,240.8,328.53,2.8293838862559277,1.9149108589951458,1.309899947340707,-35.420000000000016,-31.615999999999996,-28.71161882666891,-34.52038117333108,0.06528297,0.06528297,,,0.03483652,0.03483652,0.03483652,0.03483652,0.02675882,0.02675882,0.02675882,0.02675882,,0.00197027,25.0,-1.12,,,,,,0.22235687609714483,0.08491828761303573,-0.03412404391441941,0.20396061914049085,0.37,38.0
2025-12-05,ACGL,ARCH CAPITAL GROUP LTD.,91.72,,,85.93,100.98,79.74,105.9,1.2531073446327696,1.599309153713302,1.1836393989983307,-12.840000000000003,-12.024000000000004,-11.491524648457796,-12.556475351542213,-0.00347701,-0.00347701,,,0.00407169,0.00407169,0.00407169,0.00407169,0.01334177,0.013341770000000001,0.013341770000000001,0.013341770000000001,,8.286e-05,75.0,-0.12,,,,,,2.889474142700836,2.6842653761724886,2.2048748668342486,3.1636558855107286,0.37,38.0
2025-12-05,AMCR,AMCOR PLC,8.3,,,7.89,8.93,7.09,9.6,2.2222222222222197,1.5365853658536524,1.0743801652892546,-0.9299999999999997,-0.8260000000000002,-0.7266018108816872,-0.9253981891183132,0.07106093,0.07106093,,,-0.02017996,-0.02017996,-0.02017996,-0.02017996,-0.01892527,-0.018925269999999998,-0.018925269999999998,-0.018925269999999998,,0.0016256,25.0,-0.93,,,,,,0.32257580196558955,0.3348553785650648,0.29199521329073974,0.3777155438393899,0.37,38.0
2025-12-05,BG,BUNGE LIMITED,93.63,,,85.61,107.64,78.7,111.97,1.2948421862971526,1.746882793017458,1.2283991962491636,-16.61,-15.083999999999994,-13.929625710612015,-16.238374289387973,-0.01859215,-0.01859215,,,0.01922987,0.01922987,0.01922987,0.01922987,-0.02055749,-0.02055749,-0.02055749,-0.02055749,,0.00163496,25.0,-1.15,,,,,,5.2160410331654194,4.990719646582269,4.462092083336054,5.519347209828484,0.37,38.0
2025-12-05,BRO,"BROWN & BROWN, INC.",78.37,,,72.37,84.98,68.73,93.78,-2.495212038303693,1.1016666666666666,1.5985477178423233,-29.689999999999998,-28.324,-27.32668861432349,-29.321311385676513,-0.21189338,-0.21189338,,,-0.04070546,-0.04070546,-0.04070546,-0.04070546,0.02012267,0.02012267,0.02012267,0.02012267,,0.00191091,75.0,-0.7,,,,,,0.8260098700143175,0.752438256212597,0.633360753347273,0.8715157590779209,0.37,38.0
2025-12-05,CME,CME GROUP INC.,270.87,,,260.52,295.63,247.44,315.62,2.3889943074003788,2.39227053140096,1.909944515578318,-40.95999999999998,-36.853999999999985,-33.579632885579244,-40.128367114420726,0.05905271,0.05905271,,,0.00572613,0.00572613,0.00572613,0.00572613,0.02936689,0.029366890000000003,0.029366890000000003,0.029366890000000003,,0.00428947,25.0,-1.07,,,,,,2.9175910781308345,2.4376553568333326,2.0143822655471784,2.8609284481194868,0.37,38.0
2025-12-05,CPRT,"COPART, INC.",38.72,,,35.96,40.75,34.03,47.8,3.3692307692307732,-1.3596059113300476,1.9360341151385934,-1.7100000000000009,-1.5340000000000003,-1.3674767283530618,-1.7005232716469387,0.02534925,0.02534925,,,-0.05729017,-0.05729017000000001,-0.05729017000000001,-0.05729017000000001,0.01373816,0.01373816,0.01373816,0.01373816,,-0.01290942,25.0,-0.29,,,,,,10.06096896555269,9.660917060162754,8.692445593801073,10.629388526524435,0.37,38.0
2025-12-05,EWH,ISHARES:MSCI HONG KONG,22.05,,,20.91,23.71,19.62,26.15,2.2012779552715664,1.4561403508771924,1.687242798353909,-4.800000000000001,-4.690000000000001,-4.59807611844575,-4.781923881554253,0.1111148,0.1111148,,,0.01110092,0.01110092,0.01110092,0.01110092,0.03638926,0.03638926,0.03638926,0.03638926,,0.00212343,25.0,-0.96,,,,,,6.145646666891666,3.8892926139662625,1.9227586525861415,5.855826575346383,0.37,38.0
2025-12-05,HAS,"HASBRO, INC.",81.1,,,74.5,88.44,70.04,97.78,8.70000000000054,1.1121212121212136,1.5081374321880674,-6.510000000000005,-5.658000000000001,-5.0175938788549885,-6.298406121145014,-0.01345934,-0.01345934,,,-0.007641,-0.007641,-0.007641,-0.007641,0.05297832,0.05297832,0.05297832,0.05297832,,0.00444928,25.0,-0.84,,,,,,0.4254588950564713,0.20443975055490507,-0.06950695856761255,0.47838645967742266,0.37,38.0
2025-12-05,IDXX,"IDEXX LABORATORIES, INC.",714.1,,,686.38,815.09,609.29,885.33,1.482581967213115,3.64321789321789,1.6337181566644396,-80.53999999999996,-70.79999999999998,-62.971181442899564,-78.6288185571004,-0.01439134,-0.01439134,,,0.02616484,0.02616484,0.02616484,0.02616484,0.03346495,0.03346495,0.03346495,0.03346495,,0.00339614,25.0,-1.06,,,,,,1.2557202039232074,0.9307503117584255,0.6232754051900324,1.2382252183268185,0.37,38.0
2025-12-05,INVH,INVITATION HOMES INC.,27.14,,,26.19,28.88,24.49,31.17,6.609756097560975,1.8315789473684208,1.5207547169811313,-0.7199999999999989,-0.2859999999999999,0.024773229220278414,-0.5967732292202783,0.04513135,0.04513135,,,-0.02932867,-0.02932867,-0.02932867,-0.02932867,-0.02390186,-0.02390186,-0.02390186,-0.02390186,,-0.00085973,25.0,-1.0,,,,,,1.2223654774098507,1.0529635472123544,0.9006197513882754,1.2053073430364334,0.37,38.0
2025-12-05,KHC,THE KRAFT HEINZ COMPANY,24.34,,,23.34,26.48,20.87,28.01,10.400000000000006,2.1400000000000006,1.05763688760807,-0.03999999999999915,0.47800000000000153,0.8787118665575075,0.07728813344249558,0.04886181,0.04886181,,,-0.02156639,-0.02156639,-0.02156639,-0.02156639,-0.05092733,-0.05092733,-0.05092733,-0.05092733,,0.01040414,25.0,-1.0,,,,,,0.32726146237369647,-0.37131753473973883,-1.0371136000977295,0.2944785306182517,0.37,38.0
2025-12-05,KIM,KIMCO REALTY .,20.13,,,18.95,21.68,17.92,23.0,4.0,1.3135593220338992,1.2986425339366536,-0.6400000000000006,-0.43200000000000005,-0.2964640269153611,-0.567535973084639,0.0296303,0.0296303,,,-0.01449301,-0.01449301,-0.01449301,-0.01449301,-0.00434398,-0.00434398,-0.00434398,-0.00434398,,-0.00298448,75.0,-0.51,,,,,,1.138399872112525,1.3174755003776701,0.9700880730931472,1.6648629276621931,0.37,38.0
2025-12-05,KO,THE COCA-COLA COMPANY,70.0,,,68.07,77.1,63.12,82.65,7.5156249999999964,3.678756476683922,1.8386627906976745,-5.069999999999993,-4.293999999999992,-3.5695829930212755,-5.018417006978708,0.03410742,0.03410742,,,0.01556872,0.01556872,0.01556872,0.01556872,0.03757425,0.03757425,0.03757425,0.03757425,,0.00020992,25.0,-0.86,,,,,,0.13135361842674897,-0.13415772123151584,-0.3861721333928042,0.1178566909297725,0.37,38.0
2025-12-05,MDT,MEDTRONIC PUBLIC LIMITED COMPANY,101.36,,,96.61,115.47,84.51,120.85,-1.1165048543689309,2.9705263157894737,1.1566765578635017,-9.290000000000006,-8.512000000000006,-7.785384558380436,-9.238615441619576,-0.02602619,-0.02602619,,,0.03944222,0.03944222,0.03944222,0.03944222,0.01209754,0.012097540000000002,0.012097540000000002,0.012097540000000002,,0.00062361,25.0,-0.99,,,,,,0.9082070017883894,0.5991595458181248,0.2883952555448282,0.9099238360914215,0.37,38.0
2025-12-05,MOS,THE MOSAIC COMPANY,23.61,,,21.14,26.23,19.26,30.71,1.3152709359605912,1.0607287449392722,1.6321839080459781,-2.25,-1.6079999999999992,-1.1194613628381056,-2.096538637161893,-0.03841668,-0.03841668,,,-0.05594066,-0.055940659999999996,-0.055940659999999996,-0.055940659999999996,-0.05430824,-0.05430824,-0.05430824,-0.05430824,,0.0006345,25.0,-0.9,,,,,,1.3851931079737705,1.2464418441984313,1.0844296328222323,1.4084540555746303,0.37,38.0
2025-12-05,MTD,METTLER-TOLEDO INTERNATIONAL INC.,1414.86,,,1366.45,1588.95,1239.13,1697.92,1.3899396378269626,3.596157818632528,1.6107665168155723,-457.7700000000002,-435.07000000000005,-414.0683583974967,-456.0716416025034,-0.00909414,-0.00909414,,,0.01879103,0.01879103,0.01879103,0.01879103,0.01429655,0.01429655,0.01429655,0.01429655,,0.00233697,75.0,-0.14,,,,,,3.665715179201709,3.739957957520481,3.031954351073422,4.44796156396754,0.37,38.0
2025-12-05,OTIS,OTIS WORLDWIDE ,86.45,,,82.31,93.64,78.59,100.14,2.6593059936908503,1.73671497584541,1.7417302798982186,-9.0,-8.312000000000003,-7.679726325077503,-8.944273674922503,0.08627408,0.08627408,,,0.00168864,0.00168864,0.00168864,0.00168864,0.00717447,0.00717447,0.00717447,0.00717447,,0.00258003,25.0,-1.12,,,,,,1.5010802858825167,1.4601122919650564,1.104126251001723,1.81609833292839,0.37,38.0
2025-12-05,PG,THE PROCTER & GAMBLE COMPANY,143.45,,,138.55,153.89,132.21,162.55,5.424242424242748,2.1306122448979687,1.699288256227763,-4.140000000000015,-1.8259999999999992,-0.306878543367906,-3.3451214566320924,-0.01753253,-0.01753253,,,-0.01427884,-0.014278839999999998,-0.014278839999999998,-0.014278839999999998,-0.00153056,-0.00153056,-0.00153056,-0.00153056,,-0.00303809,25.0,-0.74,,,,,,0.2359411692003459,0.06727277331641002,-0.10963270286627294,0.24417824949909298,0.37,38.0
2025-12-05,REG,REGENCY CENTERS ,68.7,,,65.81,74.29,61.49,79.51,1.2904411764705863,1.9342560553633226,1.4993065187239947,-8.349999999999994,-7.334999999999996,-6.4894971910158965,-8.180502808984096,-0.01240541,-0.01240541,,,-0.01725341,-0.01725341,-0.01725341,-0.01725341,0.00493077,0.00493077,0.00493077,0.00493077,,-0.005462,25.0,-0.98,,,,,,1.4846991500877986,1.1246119279234874,0.7567517373630352,1.4924721184839396,0.37,38.0
2025-12-05,SHW,THE SHERWIN-WILLIAMS COMPANY,333.11,,,317.16,361.94,294.63,387.41,2.809523809523807,1.807523510971787,1.4111226611226608,-36.25,-32.02,-28.755463279422337,-35.28453672057767,0.06747558,0.06747558,,,-0.00034218,-0.00034218,-0.00034218,-0.00034218,0.01223203,0.01223203,0.01223203,0.01223203,,-0.00182802,25.0,-0.95,,,,,,0.6186864156504581,0.3280504584425245,0.039805273523235096,0.6162956433618139,0.37,38.0
2025-12-05,SPLV,INVESCO S&P500 LOWVL,71.32,,,67.69,75.41,67.15,77.86,1.525096525096527,1.1267217630854018,1.5683453237410134,-10.89,-10.487999999999996,-10.131110661408886,-10.844889338591106,0.02607273,0.02607273,,,-0.02362028,-0.02362028,-0.02362028,-0.02362028,0.0145528,0.0145528,0.0145528,0.0145528,,-0.00100529,25.0,-0.84,,,,,,0.5345609041997217,0.6935894435863448,0.42541221344090285,0.9617666737317867,0.37,38.0
2025-12-05,TMO,THERMO FISHER SCIENTIFIC INC.,572.77,,,544.06,648.38,492.9,690.19,-7.6425702811244705,2.6335771508185273,1.470138975835734,-110.46000000000004,-104.43400000000001,-99.57230482238964,-109.29569517761038,-0.14164125,-0.14164125,,,0.03163024,0.03163024,0.03163024,0.03163024,0.01745821,0.01745821,0.01745821,0.01745821,,0.00223184,25.0,-1.01,,,,,,2.783265356240895,2.2113326694123887,1.6762336084670897,2.7464317303576875,0.37,38.0
2025-12-05,TRV,"THE TRAVELERS COMPANIES, INC.",280.89,,,263.66,317.73,252.44,337.1,1.678356282271945,2.1381311665699427,1.9757469244288246,-86.81,-82.294,-78.29826101953593,-86.28973898046407,0.03268911,0.03268911,,,-0.00145671,-0.00145671,-0.00145671,-0.00145671,0.0569197,0.0569197,0.0569197,0.0569197,,-0.00465653,25.0,-1.09,,,,,,1.8044214779432033,1.3414533442079393,0.9402589719296183,1.7426477164862604,0.37,38.0
2025-12-05,WAT,WATERS ,394.81,,,376.15,446.24,318.98,477.99,1.1568693315418206,2.756162915326899,1.0969273374653834,-132.38000000000005,-130.14800000000005,-128.6633215836418,-131.63267841635832,-0.03228697,-0.03228697,,,0.05431141,0.05431140999999999,0.05431140999999999,0.05431140999999999,0.02442539,0.02442539,0.02442539,0.02442539,,0.00388042,25.0,-0.82,,,,,,5.213242777105271,4.803728339064349,4.24367371727545,5.363782960853247,0.37,38.0
2025-12-05,WM,"WASTE MANAGEMENT, INC.",213.58,,,195.58,234.38,182.98,246.42,1.1785714285714257,1.1555555555555546,1.0732026143790834,-20.019999999999982,-18.72199999999999,-17.60429252485276,-19.83970747514722,-0.00750243,-0.00750243,,,-0.01379066,-0.01379066,-0.01379066,-0.01379066,0.01196398,0.01196398,0.01196398,0.01196398,,0.00432786,25.0,-1.08,,,,,,0.38427583922372444,0.25986160599410807,0.12013423535218595,0.3995889766360302,0.37,38.0
2025-12-05,XLV,SEL SECTOR:H CARE SPDR,153.26,,,148.4,170.63,135.0,175.82,-1.289198606271771,3.574074074074086,1.2354874041621038,-8.460000000000008,-7.341999999999996,-6.504850073164901,-8.179149926835091,-0.02208729,-0.02208729,,,0.03916525,0.03916525,0.03916525,0.03916525,0.01311815,0.01311815,0.01311815,0.01311815,,-0.00016686,25.0,-1.05,,,,,,0.5644985822306783,0.41115086979044274,0.09521698179601584,0.7270847577848696,0.37,38.0
2025-12-05,ZTS,ZOETIS INC.,118.65,,,102.92,143.54,101.23,147.27,6.47692307692301,1.5823267641449448,1.6429391504018371,0.8200000000000074,4.8340000000000005,8.202498181682751,1.4655018183172506,-0.030969,-0.030969,,,-0.04491571,-0.04491571,-0.04491571,-0.04491571,-0.07282187,-0.07282187,-0.07282187,-0.07282187,,0.00687323,75.0,-0.65,,,,,,3.5171454210627466,3.1432438911143143,2.38808024664639,3.8984075355822387,0.37,38.0
2025-12-05,AEP,"AMERICAN ELECTRIC POWER COMPANY, INC.",117.54,,,114.54,130.04,110.01,138.51,5.21428571428562,4.166666666666662,2.784860557768922,-7.789999999999992,-6.653999999999994,-5.4555718628136205,-7.852428137186367,-0.01328835,-0.01328835,,,0.01959826,0.01959826,0.01959826,0.01959826,0.04464793,0.04464793,0.04464793,0.04464793,,0.00277319,25.0,0.41,,,,,,0.9830285487069399,6.112007331332173,-3.066667268247861,15.290681930912207,0.32,36.0
2025-12-05,CAH,"CARDINAL HEALTH, INC.",198.83,,,190.73,253.92,176.11,253.22,4.619291506615449,6.801234567901212,2.3939260563380276,-51.599999999999994,-48.258,-44.10956415018866,-52.406435849811345,0.27953629,0.27953629,,,0.10729773,0.10729773000000001,0.10729773000000001,0.10729773000000001,0.07568545,0.07568545,0.07568545,0.07568545,,-0.00681916,25.0,0.46,,,,,,0.3056756165323937,0.3653419203430795,0.21844021076586503,0.5122436299202939,0.32,36.0
2025-12-05,DAY,CERIDIAN HCM HOLDING INC.,69.07,,,65.53,73.56,58.37,79.07,-8.966666666666319,1.2683615819209093,-1.0699999999999996,-0.8600000000000136,-0.8280000000000086,-0.8087646159383334,-0.8472353840616839,-0.03700773,-0.03700773,,,0.01072511,0.01072511,0.01072511,0.01072511,-0.02902101,-0.029021010000000003,-0.029021010000000003,-0.029021010000000003,,0.0073714,75.0,0.96,,,,,,45.63256246564918,63.941454749633095,38.04877096959493,89.83413852967126,0.3925,36.0
2025-12-05,DGX,QUEST DIAGNOSTICS INC.,182.51,,,177.8,203.83,168.59,210.54,1.5320228281547257,4.526539278131659,2.0136494252873582,-27.170000000000016,-26.556,-25.76493742346133,-27.347062576538672,0.02437891,0.02437891,,,0.02062995,0.02062995,0.02062995,0.02062995,0.03884108,0.03884108,0.03884108,0.03884108,,-0.00384146,25.0,0.67,,,,,,0.5268163497179599,0.832534640581795,0.26554037735821523,1.3995289038053749,0.32,36.0
2025-12-05,FE,FIRSTENERGY CORP.,44.91,,,43.93,50.06,42.27,51.71,-2.158415841584155,5.255102040816349,2.5757575757575837,-7.200000000000003,-6.636000000000001,-6.036475188169831,-7.235524811830171,-0.08408262,-0.08408262,,,0.01373735,0.01373735,0.01373735,0.01373735,0.0204984,0.0204984,0.0204984,0.0204984,,-0.00603591,25.0,0.08,,,,,,0.5751010889119159,0.8551866161053215,0.6020669406807277,1.1083062915299153,0.32,36.0
2025-12-05,IBKR,"INTERACTIVE BROKERS GROUP, INC.",64.5,,,57.14,70.61,54.4,87.4,-2.832446808510634,-1.204582651391162,2.2673267326732676,-23.03,-23.022,-22.014096234752543,-24.029903765247454,-0.129796,-0.129796,,,-0.0033961,-0.0033961,-0.0033961,-0.0033961,0.11882055,0.11882055000000001,0.11882055000000001,0.11882055000000001,,0.0019649,75.0,1.02,,,,,,0.11614850703154,0.9159465835776764,0.07364376759230595,1.7582493995630468,0.32,36.0
2025-12-05,MAS,MASCO ,63.2,,,57.21,68.18,52.82,73.46,-5.444444444444484,-1.202811244979919,-1.0116959064327498,-9.209999999999994,-8.157999999999996,-7.538992730252702,-8.777007269747289,-0.13303453,-0.13303453,,,-0.03931756,-0.03931756,-0.03931756,-0.03931756,-0.0166918,-0.016691800000000003,-0.016691800000000003,-0.016691800000000003,,0.00114543,75.0,0.77,,,,,,0.6036573713933842,1.0758272265423952,0.5234653145580973,1.6281891385266931,0.3925,36.0
2025-12-05,NI,NISOURCE INC.,42.0,,,40.31,46.34,39.58,49.34,-16.400000000000006,2.568047337278112,3.033057851239669,-8.259999999999998,-8.053999999999998,-7.584447021093466,-8.523552978906531,-0.10724978,-0.10724978,,,0.00870024,0.00870024,0.00870024,0.00870024,0.06635033,0.06635033,0.06635033,0.06635033,,0.03891805,25.0,0.67,,,,,,0.418042546821048,0.5051323803832575,0.04072450193171201,0.969540258834803,0.32,36.0
2025-12-05,NUE,NUCOR ,159.45,,,146.74,177.45,128.92,184.94,-1.092089728453365,1.4162077104642037,-1.1977245978815219,-11.110000000000014,-8.862000000000005,-6.849521428685511,-10.8744785713145,-0.04001874,-0.04001874,,,0.03108198,0.03108198,0.03108198,0.03108198,-0.02444213,-0.024442130000000003,-0.024442130000000003,-0.024442130000000003,,0.00966941,75.0,0.72,,,,,,0.0342260929606959,0.10344069044355482,-0.042473214620150315,0.24935459550725997,0.3925,36.0
2025-12-05,STNG,SCORPIO TANKERS INC.,55.89,,,51.78,65.52,47.44,72.9,1.1524008350730683,2.343065693430656,2.01301775147929,-6.359999999999999,-6.186,-5.783594731644826,-6.5884052683551735,-0.00733127,-0.00733127,,,0.02431184,0.02431184,0.02431184,0.02431184,0.00622557,0.00622557,0.00622557,0.00622557,,-0.01795221,25.0,0.14,,,,,,1.1474579910945746,1.5649618575328017,0.40776297449571497,2.7221607405698887,0.32,36.0
2025-12-05,HIG,THE HARTFORD FINANCIAL SERVICES GROUP,129.43,,,125.07,146.21,117.55,157.13,1.2375296912114002,3.8486238532109973,2.3316498316498286,-31.799999999999983,-28.24399999999999,-25.758787735423788,-30.72921226457619,-0.04357557,-0.04357557,,,0.00391723,0.00391723,0.00391723,0.00391723,0.06215273,0.062152729999999996,0.062152729999999996,0.062152729999999996,,-0.00503717,75.0,-0.28,,,,,,0.5146417505961955,0.574597796365482,0.1089085264188625,1.0402870663121015,0.385,35.0
2025-12-05,ABT,ABBOTT LABORATORIES,125.08,,,120.29,133.63,112.97,145.78,1.0975039001560074,1.7849686847599189,1.7093311312964494,-19.36,-18.419999999999998,-17.21055797989321,-19.629442020106787,-0.01561382,-0.01561382,,,-0.00962095,-0.00962095,-0.00962095,-0.00962095,0.02166954,0.02166954,0.02166954,0.02166954,,-0.00162135,25.0,0.31,,,,,,0.801281306020331,1.2726412913794285,0.499674971420478,2.045607611338379,0.305,33.0
2025-12-05,APTV,APTIV PLC,76.37,,,69.33,82.33,61.98,92.65,-1.7033898305084794,-1.1812080536912775,1.1313412091730364,-3.819999999999993,-3.1259999999999963,-2.399343272239218,-3.852656727760775,-0.05050058,-0.05050058,,,-0.03167985,-0.03167985,-0.03167985,-0.03167985,-0.03211935,-0.03211935,-0.03211935,-0.03211935,,-0.00410203,25.0,0.39,,,,,,0.41242746538069763,11.086595569707585,-7.545005249135537,29.71819638855071,0.305,33.0
2025-12-05,AWK,"AMERICAN WATER WORKS COMPANY, INC.",129.5,,,115.7,140.94,115.62,147.42,-1.5472779369627516,-1.2062937062937062,1.2910662824207488,-68.55000000000001,-67.82000000000002,-66.86687356557488,-68.77312643442517,-0.22365658,-0.22365658,,,-0.04635569,-0.04635569,-0.04635569,-0.04635569,0.00597621,0.00597621,0.00597621,0.00597621,,-0.00066923,25.0,0.55,,,,,,0.4232942368722228,1.467452095208923,-0.40109097401338456,3.3359951644312305,0.305,33.0
2025-12-05,CLX,THE CLOROX COMPANY,104.9,,,95.68,111.7,87.93,122.57,,-1.3558823529411768,1.04124926340601,2.4200000000000017,3.013999999999996,3.648216051515564,2.3797839484844276,0.03971844,0.03971844,,,-0.04739718,-0.04739718,-0.04739718,-0.04739718,-0.0398229,-0.0398229,-0.0398229,-0.0398229,,-0.01292651,25.0,0.38,,,,,,4.4510630588270335,5.79887606008742,2.4639324551212205,9.13381966505362,0.305,33.0
2025-12-05,CRWD,"CROWDSTRIKE HOLDINGS, INC.",512.03,,,464.85,582.97,426.2,663.02,2.084867075664626,1.5036032217041146,1.759175113596645,-74.0,-72.03,-64.74982829872813,-79.31017170127187,0.04754368,0.04754368,,,0.06049726,0.06049726,0.06049726,0.06049726,0.06968577,0.06968577,0.06968577,0.06968577,,0.00255789,25.0,0.34,,,,,,0.11127243047680313,0.8690909406075421,-0.5815799997817955,2.3197618809968796,0.305,33.0
2025-12-05,CSGP,"COSTAR GROUP, INC.",68.01,,,60.29,72.59,56.74,80.02,-1.2561983471074396,-1.685589519650657,1.0656610470275056,-2.549999999999997,-2.272000000000003,-1.8529892602808422,-2.6910107397191636,-0.02007501,-0.02007501,,,-0.06260358,-0.06260358,-0.06260358,-0.06260358,-0.01821589,-0.01821589,-0.01821589,-0.01821589,,-0.00103771,25.0,0.16,,,,,,0.8662591562164823,1.0046799004845293,0.5341602630208605,1.475199537948198,0.305,33.0
2025-12-05,DVA,DAVITA INC.,117.39,,,109.83,123.74,104.53,139.86,1.357992073976221,-1.1905511811023637,1.7472783825816496,-24.029999999999987,-23.151999999999987,-22.213399978691655,-24.09060002130832,0.00546896,0.00546896,,,-0.05049436,-0.05049436,-0.05049436,-0.05049436,0.03027132,0.03027132,0.03027132,0.03027132,,0.0007434,75.0,0.06,,,,,,2.6361472531685295,2.892447338706097,2.5821810721519647,3.2027136052602296,0.305,33.0
2025-12-05,ECH,ISHARES:MSCI CHILE,38.18,,,35.84,40.53,33.32,43.06,-1.4191176470588238,1.0042735042735065,1.004115226337449,-3.979999999999997,-3.9019999999999984,-3.539964090178887,-4.26403590982111,-0.03204897,-0.03204897,,,0.02033463,0.02033463,0.02033463,0.02033463,0.03201703,0.03201703,0.03201703,0.03201703,,-0.0015529,75.0,0.82,,,,,,1.1444671834370728,2.256118251340633,0.7627074028411607,3.7495290998401054,0.305,33.0
2025-12-05,ED,"CONSOLIDATED EDISON, INC.",96.6,,,92.75,104.87,86.89,114.57,-221.7499999999651,2.148051948051954,1.8506694129763142,-12.430000000000007,-12.226000000000003,-11.579834386554039,-12.872165613445967,-0.10240873,-0.10240873,,,-0.00553276,-0.00553276,-0.00553276,-0.00553276,0.01817945,0.01817945,0.01817945,0.01817945,,-0.00501604,75.0,1.15,,,,,,0.7023399192497364,1.2277390148342746,0.6664807336045561,1.788997296063993,0.305,33.0
2025-12-05,EWI,ISHARES:MSCI ITALY,52.98,,,50.32,55.18,49.07,58.95,-2.8109756097560963,-1.2090909090909059,1.526854219948852,-7.510000000000005,-7.474000000000004,-7.238776701834196,-7.709223298165812,-0.06493807,-0.06493807,,,0.00829022,0.00829022,0.00829022,0.00829022,0.03702769,0.03702769,0.03702769,0.03702769,,-0.00465675,25.0,0.61,,,,,,0.6587052893234957,6.866131590861513,-3.0521740448485195,16.784437226571544,0.305,33.0
2025-12-05,EWM,ISHARES:MSCI MALAYSIA,26.64,,,26.19,27.49,24.58,29.25,-1.1576354679802956,1.888888888888887,1.2669902912621342,-3.3099999999999987,-3.3039999999999985,-3.247166911046467,-3.36083308895353,-0.01893967,-0.01893967,,,0.02134447,0.02134447,0.02134447,0.02134447,0.0247929,0.024792900000000003,0.024792900000000003,0.024792900000000003,,0.00297338,25.0,0.42,,,,,,7.223248717830122,39.83087055370125,-21.451325562203017,101.11306666960553,0.305,33.0
2025-12-05,EWN,ISHARES:MSCI NETHERLANDS,58.55,,,53.74,63.48,52.64,64.66,-3.8072289156626424,1.0249480249480258,1.0338409475465318,-8.590000000000003,-8.46,-8.136503477607564,-8.783496522392438,-0.09305997,-0.09305997,,,0.02333082,0.02333082,0.02333082,0.02333082,0.01591056,0.01591056,0.01591056,0.01591056,,0.00740297,25.0,0.38,,,,,,0.3416523829380127,0.8149590969131602,0.01837991054636512,1.6115382832799552,0.305,33.0
2025-12-05,GDX,VANECK:GOLD MINERS,81.03,,,71.9,94.99,68.33,102.57,1.7735849056603732,1.5290251916757942,1.6960629921259833,-16.569999999999993,-16.017999999999994,-15.285285867476269,-16.75071413252372,0.01954024,0.01954024,,,0.0626886,0.0626886,0.0626886,0.0626886,0.12753439,0.12753439,0.12753439,0.12753439,,-0.00411524,25.0,0.07,,,,,,2.5541215599717244,2.757892578627962,1.794756717299102,3.721028439956822,0.305,33.0
2025-12-05,GDXJ,VANECK:JR GOLD MINERS,106.68,,,93.21,125.22,88.09,136.65,1.4777027027027019,1.376391982182626,1.6121570736955348,-36.329999999999984,-35.813999999999986,-35.16290092919739,-36.46509907080258,0.02824891,0.02824891,,,0.06743366,0.06743366,0.06743366,0.06743366,0.13480961,0.13480961,0.13480961,0.13480961,,-0.0050321,25.0,0.19,,,,,,6.380530011969945,7.8896173423297915,4.603228723878383,11.1760059607812,0.305,33.0
2025-12-05,LQD,ISHARES:IBOXX $IG CORP,110.86,,,106.77,116.77,101.93,121.37,1.2748091603053426,1.4449877750611226,1.176931690929453,-3.230000000000004,-3.136000000000004,-3.005884666545409,-3.266115333454599,0.00403539,0.00403539,,,0.00704072,0.00704072,0.00704072,0.00704072,0.00306392,0.00306392,0.00306392,0.00306392,,-0.00030031,25.0,0.29,,,,,,1.8519005254293877,1.5741749402588436,0.6151305288488893,2.533219351668798,0.305,33.0
2025-12-05,MPC,MARATHON PETROLEUM ,190.53,,,179.15,210.12,159.3,231.96,-1.5210084033613458,1.7214411247803174,1.3266090297790591,-42.359999999999985,-41.09999999999999,-38.379825373252665,-43.82017462674731,-0.08223232,-0.08223232,,,0.02088722,0.02088722,0.02088722,0.02088722,0.01760712,0.01760712,0.01760712,0.01760712,,-0.00325671,25.0,0.54,,,,,,0.404550224122999,13.966562447508872,-9.523099576394435,37.45622447141218,0.305,33.0
2025-12-05,NEM,NEWMONT ,89.76,,,78.27,106.68,75.39,116.1,1.8339100346020747,1.4725848563968658,1.832985386221293,-19.539999999999992,-18.811999999999994,-17.933495589083353,-19.690504410916635,0.03059273,0.03059273,,,0.05292627,0.05292627,0.05292627,0.05292627,0.11592703,0.11592703,0.11592703,0.11592703,,-0.00353221,25.0,0.37,,,,,,1.0802867251175896,2.369678705199391,-0.03128383077236796,4.77064124117115,0.305,33.0
2025-12-05,ORLY,"O'REILLY AUTOMOTIVE, INC.",98.89,,,91.5,107.74,85.85,117.05,1.0411298315163526,1.1975642760487135,1.392638036809815,-32.67,-31.942,-30.912694408836717,-32.971305591163286,-0.04834013,-0.04834013,,,-0.01872047,-0.01872047,-0.01872047,-0.01872047,0.04448516,0.04448516,0.04448516,0.04448516,,-0.00085536,25.0,0.38,,,,,,0.3309961617338122,5.651826261691561,-3.747818739118861,15.051471262501982,0.305,33.0
2025-12-05,PSA,PUBLIC STORAGE.,272.06,,,249.21,294.92,235.72,314.68,,1.000437636761489,1.1728123280132086,-3.730000000000018,-1.5400000000000205,1.5119911533292312,-4.591991153329272,-0.00215642,-0.00215642,,,-0.01252328,-0.012523280000000001,-0.012523280000000001,-0.012523280000000001,-0.00254689,-0.00254689,-0.00254689,-0.00254689,,-0.0001987,75.0,0.94,,,,,,0.005128537948736689,0.34798218170587253,-0.07438302226939669,0.7703473856811418,0.305,33.0
2025-12-05,SJM,THE J. M. SMUCKER COMPANY,100.11,,,94.32,109.37,88.75,117.67,-6.650273224043723,1.599309153713298,1.5457746478873242,-11.469999999999999,-10.745999999999999,-9.38915439345517,-12.102845606544827,-0.12255825,-0.12255825,,,-0.01005499,-0.01005499,-0.01005499,-0.01005499,-0.03224641,-0.03224641,-0.03224641,-0.03224641,,-0.0038675,75.0,0.75,,,,,,0.228826042440899,0.35129459731542473,0.06275078489097274,0.6398384097398767,0.305,33.0
2025-12-05,SYY,SYSCO ,73.1,,,69.03,80.05,66.35,84.61,3.5610972568578636,1.7076167076167112,1.705185185185186,-6.450000000000003,-5.5,-4.342157178197317,-6.657842821802683,0.09697057,0.09697057,,,-0.01941083,-0.01941083,-0.01941083,-0.01941083,0.00303657,0.00303657,0.00303657,0.00303657,,-0.00791994,25.0,0.38,,,,,,0.3736878412193405,1.069658811845495,-0.26159712997349915,2.4009147536644893,0.305,33.0
2025-12-05,T,AT&T INC.,25.28,,,23.62,27.16,22.56,29.97,10.84729064039408,1.132530120481927,1.7242647058823506,-4.149999999999999,-3.9699999999999998,-3.7642088437274337,-4.175791156272566,0.52433815,0.52433815,,,-0.0298743,-0.0298743,-0.0298743,-0.0298743,0.05008253,0.05008253000000001,0.05008253000000001,0.05008253000000001,,-0.00251806,25.0,0.32,,,,,,2.92724579484885,3.6760336973929078,0.5448313149432771,6.807236079842538,0.305,33.0
2025-12-05,TDG,TRANSDIGM GROUP INC.,1346.86,,,1270.4,1422.66,1170.5,1588.63,-1.2193619709412487,-1.0087071240105492,1.3708890904967133,-256.94000000000005,-255.24,-246.21264435174956,-264.2673556482505,-0.03274769,-0.03274769,,,-0.00613149,-0.00613149,-0.00613149,-0.00613149,0.05198787,0.05198787,0.05198787,0.05198787,,0.01618975,25.0,0.48,,,,,,0.10753274717894645,1.5206638772376566,-1.0152838087967444,4.056611563272058,0.305,33.0
2025-12-05,TIP,ISHARES:TIPS BD ETF,110.45,,,108.22,114.74,104.84,117.85,-5.719298245614029,1.9237668161434907,1.3190730837789648,-7.989999999999995,-7.861999999999997,-7.731347789915362,-7.992652210084633,-0.05373567,-0.05373567,,,0.0086576,0.0086576,0.0086576,0.0086576,0.00583723,0.00583723,0.00583723,0.00583723,,-0.00098259,25.0,0.53,,,,,,0.71993905295724,0.8415547928822417,0.6111739873851472,1.0719355983793362,0.305,33.0
2025-12-05,VXN,CBOE NASDAQ MKT VOL NDX,19.6200008392334,,,14.19,30.88,14.18,38.98,2.7938111506257415,2.073664349995989,3.558822826118313,-2.9399991607666003,-1.799999771118199,-0.8517122504779031,-2.748287291758495,-0.04668668,-0.04668668,,,-0.17183417,-0.17183417,-0.17183417,-0.17183417,-0.03658888,-0.03658888,-0.03658888,-0.03658888,,-0.01753922,25.0,0.03,,,,,,,,,,0.31,33.0
2025-12-05,WRB,W. R. BERKLEY ,66.72,,,63.08,84.32,63.78,88.71,-1.2217054263565885,4.835164835164833,7.479591836734698,-38.739999999999995,-34.455999999999996,-31.91050790612109,-37.0014920938789,-0.22076221,-0.22076221,,,-0.04881973,-0.04881973,-0.04881973,-0.04881973,0.06030426,0.06030426,0.06030426,0.06030426,,-0.05491338,75.0,1.14,,,,,,-0.5223984916247241,0.3984587544142683,-0.4520941117201463,1.249011620548683,0.29375,33.0
2025-12-05,ADM,ARCHER-DANIELS-MIDLAND COMPANY.,59.01,,,54.29,63.93,48.28,69.01,-6.906735751295337,1.0423728813559328,-1.0729999999999988,-15.410000000000004,-14.620000000000001,-13.988295955371504,-15.251704044628498,-0.24868862,-0.24868862,,,-0.02193512,-0.02193512,-0.02193512,-0.02193512,-0.04884686,-0.04884686,-0.04884686,-0.04884686,,0.00159206,25.0,-0.88,,,,,,6.725247652038951,5.249433648354077,3.840419165205142,6.658448131503012,0.3175,32.0
2025-12-05,BLDR,"BUILDERS FIRSTSOURCE, INC.",110.01,,,91.55,123.35,84.55,132.84,1.1940018744142449,-1.3838080959520258,-1.1151992991677622,-11.25,-9.112000000000004,-7.366528716936317,-10.85747128306369,-0.03673361,-0.03673361,,,-0.06181609,-0.061816090000000004,-0.061816090000000004,-0.061816090000000004,-0.04893465,-0.04893465,-0.04893465,-0.04893465,,-0.00545971,25.0,-0.69,,,,,,0.35243055539885004,0.20348234291452494,0.002002388340145933,0.40496229748890394,0.3175,32.0
2025-12-05,ECL,ECOLAB INC.,259.69,,,246.44,294.44,235.03,307.97,15.634868421052536,2.6226415094339623,1.9578264395782659,-24.439999999999998,-17.691999999999997,-12.327443168350246,-23.056556831649747,0.10344911,0.10344911,,,0.00050449,0.00050449,0.00050449,0.00050449,0.02532947,0.025329469999999996,0.025329469999999996,0.025329469999999996,,0.00295683,25.0,-1.09,,,,,,0.17624275346332063,0.04009896878050619,-0.08661554405949934,0.16681348162051174,0.37,32.0
2025-12-05,MRK,"MERCK & CO., INC.",99.72,,,93.07,117.63,77.63,120.98,-1.1303317535545017,2.6932330827067643,-1.0390404515522107,-6.390000000000001,-4.962000000000001,-3.9817347297797414,-5.942265270220259,-0.04064359,-0.04064359,,,0.04303888,0.04303888,0.04303888,0.04303888,-0.02007402,-0.02007402,-0.02007402,-0.02007402,,0.0049662,25.0,-1.11,,,,,,0.2994985061608815,0.1922161951321102,0.09219518247493785,0.2922372077892825,0.3175,32.0
2025-12-05,PTC,PTC INC.,173.52,,,150.77,188.85,148.13,218.43,1.8740010655301,-1.4840182648401843,1.768806616778258,-55.75,-53.120000000000005,-51.14202123368324,-55.09797876631677,0.06655204,0.06655204,,,-0.06272911,-0.06272911,-0.06272911,-0.06272911,0.004794,0.004794,0.004794,0.004794,,0.00228749,75.0,1.15,,,,,,-0.17419708253822608,3.140840347449883,0.15018038590141547,6.13150030899835,0.30125,32.0
2025-12-05,TAGS,TEUCRIUM:AGRICULTURAL,23.32,,,22.75,24.31,21.61,25.15,1.1162790697674436,1.7368421052631542,1.0701754385964897,-0.7899999999999991,-0.6760199999999991,-0.5792417379779932,-0.772798262022005,-0.00816508,-0.00816508,,,0.0047571,0.0047571,0.0047571,0.0047571,-0.01489975,-0.014899750000000002,-0.014899750000000002,-0.014899750000000002,,0.00056502,25.0,-0.75,,,,,,1.9367930082431908,1.613481631938095,1.084005571310056,2.1429576925661338,0.37,32.0
2025-12-05,UDR,"UDR, INC.",35.2,,,33.01,37.65,30.49,40.17,1.0638297872340412,1.1187214611872103,1.0552016985137993,-2.5999999999999943,-2.0899999999999963,-1.5943690889381459,-2.585630911061847,-0.02840671,-0.02840671,,,-0.03166876,-0.03166876,-0.03166876,-0.03166876,-0.01263195,-0.012631950000000001,-0.012631950000000001,-0.012631950000000001,,0.00314789,25.0,-0.89,,,,,,0.5777522281781422,0.3968905289814218,0.22780301114796522,0.5659780468148784,0.37,32.0
2025-12-05,GGB,GERDAU SA,3.48,,,3.28,3.96,3.01,4.07,1.4137931034482762,2.3999999999999977,1.2553191489361704,-0.5299999999999998,-0.4099999999999998,-0.32253572157732024,-0.4974642784226794,-0.05606687,-0.05606687,,,0.03101904,0.031019040000000005,0.031019040000000005,0.031019040000000005,-0.02671431,-0.02671431,-0.02671431,-0.02671431,,-0.00244958,75.0,1.14,,,,,,,1.7174072345803189,,,0.295,30.0
2025-12-05,PNW,PINNACLE WEST CAPITAL ,88.17,,,82.94,95.21,80.77,100.71,1.1925320886814457,1.3460803059273396,1.6945945945945922,-13.209999999999994,-12.833999999999994,-12.343306613046392,-13.324693386953596,-0.00164423,-0.00164423,,,-0.00989731,-0.00989731,-0.00989731,-0.00989731,0.02828703,0.02828703,0.02828703,0.02828703,,0.00103899,75.0,-0.59,,,,,,0.8370623580329013,0.6233526189417457,0.41110875825756465,0.8355964796259266,0.28,29.0
2025-12-05,BRK.B,"BERKSHIRE HATHAWAY INC.,",504.34,,,482.19,533.17,435.04,608.04,,1.3015801354401813,1.4963924963924973,-24.27000000000004,-23.336000000000013,-21.073362158895083,-25.598637841104942,-0.01458617,-0.01458617,,,-0.00059742,-0.00059742,-0.00059742,-0.00059742,0.05226736,0.05226735999999999,0.05226735999999999,0.05226735999999999,,-1.052e-05,75.0,0.98,,,,,,1.6851665137564638,3.1457505838222066,1.3907060387999506,4.900795128844463,0.305,28.0
2025-12-05,CI,THE CIGNA GROUP,265.44,,,237.6,300.06,218.23,311.8,-2.96044413601665,1.2435344827586208,-1.018334771354616,-52.70999999999998,-47.77999999999997,-44.1653492561521,-51.39465074384785,-0.16277694,-0.16277694,,,-0.04581547,-0.04581547,-0.04581547,-0.04581547,-0.03450953,-0.034509530000000004,-0.034509530000000004,-0.034509530000000004,,-0.00232247,25.0,-0.79,,,,,,1.7090384590014467,1.181960382367177,0.6183030577376654,1.7456177069966885,0.3175,28.0
2025-12-05,SHY,ISHARES:1-3 TRS BD ETF,82.77,,,80.79,85.85,79.02,87.38,-3.4736842105263395,1.5555555555555627,1.2293333333333332,-1.240000000000009,-1.210000000000005,-1.1706299606299466,-1.2493700393700635,-0.00676664,-0.00676664,,,0.0083398,0.0083398,0.0083398,0.0083398,0.00573426,0.005734259999999999,0.005734259999999999,0.005734259999999999,,0.00139645,25.0,0.47,,,,,,1.4863644249493682,1.2123216905355836,0.8247667388578015,1.5998766422133657,0.305,28.0
2025-12-05,XLB,SEL SECTOR:MATRLS SPDR,44.09,,,41.22,46.77,38.6,48.94,2.849246231155773,-1.0708955223880614,-1.1319587628865997,-1.6499999999999986,-1.4210000000000007,-1.2077689047066553,-1.634231095293346,0.06245935,0.06245935,,,-0.01232625,-0.01232625,-0.01232625,-0.01232625,-0.02182559,-0.021825590000000002,-0.021825590000000002,-0.021825590000000002,,-0.00222314,25.0,-0.89,,,,,,2.6493123100843836,1.1460137184482677,-0.16061558691075684,2.4526430238072923,0.3175,28.0
2025-12-05,AKAM,"AKAMAI TECHNOLOGIES, INC.",83.49,,,77.8,100.05,67.3,99.6,1.051809794180271,2.910369068541302,-1.004965859714463,-20.72,-17.689999999999998,-15.901005869210294,-19.4789941307897,-0.09635879,-0.09635879,,,0.01473098,0.01473098,0.01473098,0.01473098,-0.03811676,-0.03811676,-0.03811676,-0.03811676,,-0.00866872,75.0,1.13,,,,,,-0.16341113953368147,0.005071280418133428,-0.14455248658411982,0.15469504742038667,0.24875,27.0
2025-12-05,BAX,BAXTER INTERNATIONAL INC.,18.54,,,16.23,20.21,14.59,21.21,-1.3580246913580234,-1.3832335329341297,-1.4794007490636691,-1.0300000000000011,-0.8040000000000006,-0.5528426787847913,-1.0551573212152099,-0.06710994,-0.06710994,,,-0.05764031,-0.05764031000000001,-0.05764031000000001,-0.05764031000000001,-0.09666714,-0.09666714,-0.09666714,-0.09666714,,0.00552506,25.0,0.51,,,,,,0.8749345750187068,1.457254580754735,0.6473268572897306,2.267182304219739,0.2525,27.0
2025-12-05,CMBT,CMB.TECH NV,10.81,,,9.72,12.43,7.89,12.82,16.666666666666035,1.4862385321100913,-1.4527363184079607,0.6100000000000012,0.654000000000001,0.813154013458663,0.4948459865413391,0.02189055,0.02189055,,,0.05564133,0.05564133,0.05564133,0.05564133,-0.08161204,-0.08161204,-0.08161204,-0.08161204,,0.00260833,25.0,0.54,,,,,,0.630602706264199,3.9397253928479987,-2.14811384917628,10.027564634872277,0.2525,27.0
2025-12-05,DHR,DANAHER ,226.25,,,212.03,255.91,193.46,257.8,1.5401234567901219,2.0857946554149085,-1.039302694136291,-4.639999999999986,-4.375999999999988,-2.8045579870704547,-5.947442012929521,0.00016656,0.00016656,,,0.04571092,0.04571092,0.04571092,0.04571092,-0.00135298,-0.00135298,-0.00135298,-0.00135298,,0.01301042,25.0,0.51,,,,,,0.8966841888065202,2.9966838172370096,-0.8544438086059243,6.8478114430799435,0.2525,27.0
2025-12-05,DOW,DOW INC.,22.96,,,20.82,26.19,17.58,26.32,-1.0146520146520144,1.5093457943925233,-1.6011904761904772,-1.1499999999999986,-0.6519999999999989,-0.15388354775213392,-1.150116452247864,-0.07302821,-0.07302821,,,0.00465666,0.00465666,0.00465666,0.00465666,-0.13634142,-0.13634141999999996,-0.13634141999999996,-0.13634141999999996,,0.0065298,25.0,0.49,,,,,,0.28775156205351626,2.111170097316803,-1.1195126990231978,5.341852893656804,0.2525,27.0
2025-12-05,ELV,"ELEVANCE HEALTH, INC.",330.75,,,297.88,374.11,257.59,386.99,1.5100000000000022,1.3191359902646793,-1.3008534850640117,16.5,16.868000000000006,18.282591813916657,15.453408186083353,0.00499459,0.00499459,,,0.006777,0.006777,0.006777,0.006777,-0.06872129,-0.06872129,-0.06872129,-0.06872129,,0.00070344,75.0,1.09,,,,,,1.839624828480468,3.9342120415667345,1.8152813690976868,6.053142714035783,0.2525,27.0
2025-12-05,HST,"HOST HOTELS & RESORTS, INC.",17.26,,,16.09,18.71,14.17,20.04,-2.3098591549295895,1.239316239316237,-1.111510791366908,-1.389999999999997,-1.2179999999999978,-1.006410775321613,-1.4295892246783826,-0.0781961,-0.0781961,,,-0.01799753,-0.01799753,-0.01799753,-0.01799753,-0.04141737,-0.04141737,-0.04141737,-0.04141737,,-0.00649146,25.0,0.42,,,,,,0.10045093814676154,0.48737999933938214,-0.5596669398204668,1.534426938499231,0.2525,27.0
2025-12-05,HSY,THE HERSHEY COMPANY,182.3,,,167.64,201.85,150.76,210.93,,1.3335607094133664,-1.1016416346489706,-6.259999999999991,-5.911999999999995,-4.318397163657131,-7.505602836342858,-0.04592182,-0.04592182,,,-0.01655699,-0.01655699,-0.01655699,-0.01655699,-0.01147626,-0.01147626,-0.01147626,-0.01147626,,-0.00654438,25.0,0.4,,,,,,0.2830594001514011,7.599954458450949,-5.205594762902534,20.405503679804433,0.2525,27.0
2025-12-05,TUR,ISHARES:MSCI TURKEY,33.84,,,31.51,35.57,29.74,37.79,1.2215568862275432,-1.3468208092485585,-1.0379746835443062,-5.649999999999999,-5.612000000000002,-5.398997652595095,-5.825002347404909,0.00579306,0.00579306,,,-0.012035,-0.012035,-0.012035,-0.012035,-0.00602115,-0.00602115,-0.00602115,-0.00602115,,0.00434716,75.0,1.15,,,,,,3.449099302452658,3.774727481630554,3.0277355162463406,4.5217194470147675,0.2525,27.0
2025-12-05,BSX,BOSTON SCIENTIFIC ,97.52,,,88.84,107.74,89.48,118.71,-1.4253611556982326,1.1774193548387106,2.635572139303485,-19.120000000000005,-17.872000000000003,-16.476912189143636,-19.26708781085637,-0.05825136,-0.05825136,,,-0.0270992,-0.0270992,-0.0270992,-0.0270992,0.05884222,0.05884222,0.05884222,0.05884222,,-0.00239583,75.0,-0.59,,,,,,0.7862184044450675,0.7199984797333104,0.5290519430870568,0.910945016379564,0.245,26.0
2025-12-05,CNP,"CENTERPOINT ENERGY, INC.",38.43,,,36.97,41.98,35.63,44.59,-11.648648648648736,2.431506849315065,2.2000000000000037,-7.039999999999999,-6.903999999999998,-6.580534391318023,-7.227465608681973,-0.11654255,-0.11654255,,,0.00438977,0.00438977,0.00438977,0.00438977,0.04192338,0.04192338,0.04192338,0.04192338,,-0.00115767,25.0,-1.06,,,,,,0.04950912211091585,-0.12842364084394828,-0.28638734229626434,0.02954006060836778,0.245,26.0
2025-12-05,FSLR,"FIRST SOLAR, INC.",257.61,,,243.35,298.27,215.75,352.65,3.9731225296442663,2.8513323983169645,2.2704252269469642,-48.45999999999998,-46.65999999999999,-43.26961654086147,-50.05038345913851,0.11387433,0.11387433,,,0.05467237,0.054672370000000005,0.054672370000000005,0.054672370000000005,0.10803129,0.10803129,0.10803129,0.10803129,,0.00622532,25.0,-1.14,,,,,,1.2311890814451134,1.0664016910972398,0.9227343835786977,1.2100689986157818,0.245,26.0
2025-12-05,GLD,SPDR GOLD,386.44,,,366.91,431.03,364.15,450.75,1.8281385281385272,2.2831541218638014,2.8851502916105853,-80.72000000000003,-79.67200000000003,-78.37062764744293,-80.97337235255712,0.03718225,0.03718225,,,0.0691348,0.0691348,0.0691348,0.0691348,0.12315148,0.12315148,0.12315148,0.12315148,,-0.00709727,25.0,-1.13,,,,,,2.8611276271230257,2.4900748715411485,2.165507403140665,2.814642339941632,0.245,26.0
2025-12-05,HCA,"HCA HEALTHCARE, INC.",486.7,,,476.13,552.87,429.19,604.81,2.645647703906788,6.260170293282882,2.0537297861241517,-71.32999999999998,-65.14199999999997,-57.073668697927644,-73.21033130207229,0.02099217,0.02099217,,,0.0436975,0.0436975,0.0436975,0.0436975,0.08144489,0.08144489,0.08144489,0.08144489,,-0.0013702,25.0,-1.15,,,,,,0.31503118578949274,0.20046952058568931,0.09676833151538164,0.304170709655997,0.245,26.0
2025-12-05,JCI,JOHNSON CONTROLS INTERNATIONAL PLC,114.23,,,108.9,123.17,103.85,139.91,2.859348198970842,1.677298311444653,2.473988439306355,-16.540000000000006,-16.19600000000001,-15.692035715551201,-16.699964284448818,0.08073497,0.08073497,,,0.01901087,0.01901087,0.01901087,0.01901087,0.07973697,0.07973697,0.07973697,0.07973697,,0.00179903,25.0,-0.85,,,,,,1.6400352957357538,1.2024619966527326,0.7583434283773346,1.6465805649281307,0.245,26.0
2025-12-05,VIX,CBOE MKT VOLATILITY IDX,15.41,,,13.81,26.75,13.72,38.46,1.4696969696969677,7.087500000000001,13.639053254437874,-10.93,-10.120000000000001,-9.40470285894602,-10.835297141053982,-0.09835082,-0.09835082,,,0.12417567,0.12417567,0.12417567,0.12417567,0.37692647,0.37692646999999996,0.37692646999999996,0.37692646999999996,,-0.03704041,25.0,0.29,,,,,,,,,,0.2875,26.0
2025-12-05,AMZN,"AMAZON.COM, INC.",229.53,,,208.35,261.12,196.24,291.76,-1.5341207349081352,1.4915014164305946,1.8693301291679185,-27.919999999999987,-25.58599999999999,-23.14183756677262,-28.030162433227364,-0.04154964,-0.04154964,,,0.02581185,0.025811850000000004,0.025811850000000004,0.025811850000000004,0.04055744,0.04055744,0.04055744,0.04055744,,0.00265346,25.0,0.02,,,,,,1.1434834398353915,1.2111045614504656,1.0975078309702035,1.3247012919307277,0.23,23.0
2025-12-05,AON,AON PLC,345.2,,,318.87,369.31,302.76,396.31,-1.4148366857353758,-1.0920779759435906,1.2042884071630542,-102.59000000000003,-100.94400000000003,-98.24182865088095,-103.64617134911911,-0.10899948,-0.10899948,,,-0.03058154,-0.03058154,-0.03058154,-0.03058154,0.00538156,0.00538156,0.00538156,0.00538156,,0.00084486,25.0,-0.02,,,,,,0.1772842549507918,0.15365479350077446,-0.04320892793630271,0.35051851493785163,0.23,23.0
2025-12-05,APH,AMPHENOL ,139.36,,,130.34,153.67,120.52,174.73,1.2536750848096483,1.5864745011086427,1.8773885350318442,-52.23999999999998,-51.963999999999984,-50.881211932093805,-53.046788067906164,-0.00209165,-0.00209165,,,0.04395311,0.04395311,0.04395311,0.04395311,0.10219176,0.10219176,0.10219176,0.10219176,,0.00513571,25.0,-0.87,,,,,,0.483181955354824,0.19574273697187125,-0.09798741473498082,0.4894728886787233,0.23,23.0
2025-12-05,AZO,"AUTOZONE, INC.",3822.66,,,3537.43,4255.85,3357.24,4532.91,,1.518739263050873,1.5260409952301146,-377.1199999999999,-347.8119999999998,-294.19675058343927,-401.4272494165603,-0.05601255,-0.05601255,,,-0.00668377,-0.00668377,-0.00668377,-0.00668377,0.04798143,0.04798143,0.04798143,0.04798143,,-0.00040197,25.0,-1.07,,,,,,0.1546412765675007,-0.017540013313730746,-0.1808800244687561,0.14579999784129458,0.23,23.0
2025-12-05,BBY,"BEST BUY CO., INC.",74.17,,,69.37,85.71,64.28,89.29,-1.152542372881362,2.4041666666666663,1.5288169868554098,-1.1400000000000006,-0.3620000000000033,0.9583295043283645,-1.6823295043283713,-0.02597027,-0.02597027,,,-0.01251829,-0.012518289999999998,-0.012518289999999998,-0.012518289999999998,-0.03425464,-0.03425464,-0.03425464,-0.03425464,,-0.00332822,75.0,-0.7,,,,,,0.5824772757743408,0.44880067455925704,0.31098531353461345,0.5866160355839006,0.23,23.0
2025-12-05,CARR,CARRIER GLOBAL ,54.29,,,48.73,56.74,45.56,64.99,1.0734720416124834,-2.269387755102039,1.2256586483390606,-21.110000000000007,-21.104000000000006,-20.797683170557026,-21.410316829442987,-0.06384958,-0.06384958,,,-0.04224516,-0.04224516,-0.04224516,-0.04224516,-0.0010157,-0.0010156999999999998,-0.0010156999999999998,-0.0010156999999999998,,0.0045925,25.0,-0.84,,,,,,0.9811744567590817,0.7403297465375019,0.34569703667039897,1.134962456404605,0.23,23.0
2025-12-05,CINF,CINCINNATI FINANCIAL ,162.3,,,153.34,180.97,148.88,189.05,,2.083705357142854,1.9932935916542451,-17.819999999999993,-16.532,-15.068777528876764,-17.99522247112324,-0.04738928,-0.04738928,,,0.0065661,0.0065661,0.0065661,0.0065661,0.06036737,0.06036737,0.06036737,0.06036737,,-0.00211479,25.0,-0.28,,,,,,0.8841191053617652,0.8793556468430083,0.5618090565465672,1.1969022371394493,0.23,23.0
2025-12-05,CRESY,CRESUD INC.,11.49,,,10.06,14.59,9.68,14.72,-1.1446540880503147,2.167832167832168,1.7845303867403313,-2.8599999999999994,-2.8,-2.6393762159579097,-2.96062378404209,-0.06757433,-0.06757433,,,0.07436785,0.07436785,0.07436785,0.07436785,0.02493002,0.02493002,0.02493002,0.02493002,,0.01799379,25.0,-0.76,,,,,,2.0215007875506505,1.9119148142659015,1.6111712112486425,2.2126584172831607,0.23,23.0
2025-12-05,DHT,"DHT HOLDINGS, INC.",12.76,,,11.99,14.46,11.4,15.28,1.1063829787234059,2.2077922077922105,1.8529411764705888,-1.5700000000000003,-1.496,-1.418025645241528,-1.573974354758472,-0.01239263,-0.01239263,,,0.00778069,0.00778069,0.00778069,0.00778069,0.02551183,0.025511830000000003,0.025511830000000003,0.025511830000000003,,-0.015544,25.0,-0.28,,,,,,1.2384688568258406,1.2104050381507536,0.7782710469112062,1.642539029390301,0.23,23.0
2025-12-05,DIS,THE WALT DISNEY COMPANY,105.3,,,97.57,111.41,88.47,130.04,,-1.2651391162029468,1.4699940582293523,1.769999999999996,2.091999999999996,2.8141287973761973,1.369871202623795,0.0013608,0.0013608,,,-0.00417091,-0.00417091,-0.00417091,-0.00417091,-0.00410845,-0.00410845,-0.00410845,-0.00410845,,-0.0038259,25.0,-0.85,,,,,,0.38773520761002134,0.1166725781791171,-0.16537576071014848,0.39872091706838264,0.23,23.0
2025-12-05,EC,ECOPETROL SA,9.89,,,9.16,10.93,8.02,11.94,1.506024096385542,1.4246575342465733,1.0962566844919774,-3.26,-3.162,-3.0589466157760934,-3.2650533842239065,0.00866579,0.00866579,,,0.03751871,0.03751871,0.03751871,0.03751871,-0.02780895,-0.02780895,-0.02780895,-0.02780895,,0.00044863,75.0,-0.31,,,,,,0.10070602699252995,1.2079588541595685,-0.10735623883974488,2.5232739471588816,0.23,23.0
2025-12-05,F,FORD MOTOR COMPANY,13.03,,,11.74,15.14,11.44,15.28,4.121212121212124,1.6356589147286842,1.4150943396226416,-0.870000000000001,-0.8240000000000002,-0.7419634227920255,-0.9060365772079748,0.06374443,0.06374443,,,0.03482709,0.03482709,0.03482709,0.03482709,0.02954517,0.02954517,0.02954517,0.02954517,,0.00089555,25.0,-0.82,,,,,,0.2498606983450744,0.022119617806452923,-0.21826236823528652,0.2625016038481924,0.23,23.0
2025-12-05,GIS,"GENERAL MILLS, INC.",45.93,,,43.56,49.75,40.68,52.37,5.0,1.611814345991563,1.2266666666666661,0.6000000000000014,0.8920000000000016,1.379001026692965,0.40499897330703805,0.02400067,0.02400067,,,-0.01940464,-0.01940464,-0.01940464,-0.01940464,-0.03505165,-0.03505165,-0.03505165,-0.03505165,,-0.00498232,25.0,-0.83,,,,,,0.5151216814694364,0.23606258256018173,-0.09583395944403564,0.5679591245643991,0.23,23.0
2025-12-05,HON,HONEYWELL INTERNATIONAL INC.,191.33,,,178.88,203.88,166.35,220.48,,1.0080321285140534,1.1669335468374682,3.469999999999999,4.219999999999987,5.554316304329661,2.8856836956703136,0.06652363,0.06652363,,,-0.00050318,-0.00050318,-0.00050318,-0.00050318,-0.02118629,-0.02118629,-0.02118629,-0.02118629,,-0.00112444,25.0,-0.45,,,,,,0.09496829936344242,0.03853472451950668,-0.06003251648590327,0.13710196552491663,0.23,23.0
2025-12-05,KR,THE KROGER CO.,62.71,,,58.08,70.96,59.02,75.05,1.81825624232501,1.7818574514038852,3.3441734417344184,-53.32,-50.70399999999999,-48.45479347324439,-52.953206526755594,-0.02933512,-0.02933512,,,-0.02912691,-0.02912691,-0.02912691,-0.02912691,0.05054967,0.05054967,0.05054967,0.05054967,,-0.01017173,25.0,0.46,,,,,,-0.22992336111464995,1.3966599376352191,-1.526068722702244,4.319388597972682,0.21625,23.0
2025-12-05,MMM,3M COMPANY,167.48,,,160.08,185.86,150.52,203.2,1.4657534246575339,2.4837837837837946,2.1061320754717006,-27.22,-24.32399999999999,-22.179908117640466,-26.468091882359516,-0.02005089,-0.02005089,,,0.03149066,0.03149066,0.03149066,0.03149066,0.08069225,0.08069225000000001,0.08069225000000001,0.08069225000000001,,0.00553422,25.0,0.42,,,,,,-0.05760616819569708,2.095767796488187,-1.7850642187694477,5.976599811745821,0.21625,23.0
2025-12-05,MSCI,MSCI INC.,538.26,,,511.51,604.06,490.34,631.67,-1.112480197148388,2.459813084112148,1.9492904841402323,-83.84000000000003,-75.77600000000004,-67.49411434515066,-84.05788565484941,-0.05416529,-0.05416529,,,0.0028389,0.0028389,0.0028389,0.0028389,-0.00974328,-0.00974328,-0.00974328,-0.00974328,,-0.00405713,25.0,-0.79,,,,,,0.5296155324545517,0.2738133326941214,-0.03402378019870134,0.5816504455869441,0.23,23.0
2025-12-05,MSI,"MOTOROLA SOLUTIONS, INC.",374.39,,,336.66,389.34,328.75,453.14,1.7445270988310313,-2.5237458193979925,1.725460122699387,-68.24000000000001,-68.13399999999999,-65.83322187075763,-70.43477812924235,0.06389172,0.06389172,,,-0.05217793,-0.05217793,-0.05217793,-0.05217793,0.0331094,0.033109400000000004,0.033109400000000004,0.033109400000000004,,-0.00173962,25.0,-1.15,,,,,,0.3195751980628754,0.23143984852117097,0.15380016538188004,0.30907953166046187,0.23,23.0
2025-12-05,PAM,PAMPA ENERGIA SA,90.46,,,76.92,110.09,73.79,112.43,1.3025641025641046,1.4497784342688347,1.3179364127174582,-12.080000000000013,-11.850000000000009,-10.759105871314736,-12.940894128685281,-0.01025991,-0.01025991,,,0.06039436,0.06039436,0.06039436,0.06039436,0.03423872,0.03423872,0.03423872,0.03423872,,0.01639334,25.0,-0.97,,,,,,0.4643503709247281,0.2671499498541456,0.09262994940380792,0.44166995030448325,0.23,23.0
2025-12-05,PCG,PG&E ,15.16,,,14.37,17.3,13.04,18.95,-1.5420875420875426,2.7088607594936684,1.7877358490566024,-6.75,-6.534000000000001,-6.26542971124862,-6.802570288751381,-0.20704395,-0.20704395,,,0.00523449,0.00523449,0.00523449,0.00523449,-0.01750365,-0.01750365,-0.01750365,-0.01750365,,-0.00701554,25.0,-1.11,,,,,,0.3596423294009954,0.12985570486286246,-0.12928579181642275,0.3889972015421477,0.23,23.0
2025-12-05,PODD,INSULET ,304.49,,,290.36,351.33,270.48,393.68,3.225225225225225,3.3149327671620656,2.622463981182006,-48.19,-43.120000000000005,-38.874973498315946,-47.36502650168406,0.08014465,0.08014465,,,-0.02473453,-0.02473453,-0.02473453,-0.02473453,0.05471356,0.05471356,0.05471356,0.05471356,,-0.00882576,75.0,0.83,,,,,,-0.21220885414438884,6.88246239603859,-5.141055477318894,18.905980269396075,0.21625,23.0
2025-12-05,PPLT,ABRDN:PHYSICAL PLATINUM,149.69,,,135.76,167.84,129.79,184.06,-1.811475409836068,1.3029432878679108,1.7271356783919596,-23.97999999999999,-23.147999999999996,-22.218930573100156,-24.077069426899836,-0.02563851,-0.02563851,,,0.03753018,0.03753018,0.03753018,0.03753018,0.09085149,0.09085149,0.09085149,0.09085149,,0.00022415,25.0,-0.93,,,,,,0.7986814573066578,0.5799250859477012,0.3669681958991601,0.7928819759962423,0.23,23.0
2025-12-05,REGN,"REGENERON PHARMACEUTICALS, INC.",718.36,,,687.1,897.32,550.89,953.18,-3.4732089102950034,5.7248880358285374,1.402161581178718,-88.19999999999993,-75.17199999999995,-61.33204082375957,-89.01195917624034,-0.0969385,-0.0969385,,,0.06311861,0.06311861,0.06311861,0.06311861,-0.00398757,-0.00398757,-0.00398757,-0.00398757,,0.00363952,25.0,-0.43,,,,,,0.9263063909230251,0.811641006398688,0.5857314485226622,1.0375505642747136,0.23,23.0
2025-12-05,SILJ,ETFMG PRIME JR SILVR MNR,25.66,,,21.86,30.31,20.26,33.26,1.2402826855123672,1.2236842105263153,1.4074074074074074,-7.069999999999997,-6.875999999999996,-6.677052770815974,-7.074947229184017,0.00156942,0.00156942,,,0.0761429,0.0761429,0.0761429,0.0761429,0.11675406,0.11675406,0.11675406,0.11675406,,-0.00750153,75.0,-0.39,,,,,,12.252448644871173,11.488473860179568,9.549495826388823,13.427451893970312,0.23,23.0
2025-12-05,SPG,"SIMON PROPERTY GROUP, INC.",182.56,,,171.8,196.7,162.76,208.33,-1.1550387596899236,1.3141263940520445,1.3015151515151513,-20.189999999999998,-19.652000000000005,-18.42659394484931,-20.8774060551507,-0.02089204,-0.02089204,,,-0.00235762,-0.00235762,-0.00235762,-0.00235762,0.02237115,0.022371150000000003,0.022371150000000003,0.022371150000000003,,-0.00471965,25.0,-1.14,,,,,,0.49930931953153923,0.29881618954307704,0.10609529922340225,0.49153707986275186,0.23,23.0
2025-12-05,SYK,STRYKER ,364.02,,,345.73,388.19,321.94,418.47,-1.0211027910142956,1.3214871514488826,1.2939638783269978,-24.55000000000001,-21.905999999999995,-18.557652646453775,-25.254347353546216,-0.01630789,-0.01630789,,,-0.01971933,-0.01971933,-0.01971933,-0.01971933,0.00940113,0.00940113,0.00940113,0.00940113,,-0.00042416,25.0,-0.73,,,,,,0.9781589624985856,0.7486749501550968,0.44299315339935924,1.0543567469108344,0.23,23.0
2025-12-05,UUP,INVESCO DB USD IDX BL,28.08,,,27.38,29.31,26.59,29.95,,1.7571428571428596,1.255033557046982,0.1599999999999966,0.2059999999999981,0.27255824516917326,0.13944175483082294,-0.00365615,-0.00365615,,,0.00782677,0.00782677,0.00782677,0.00782677,0.00229965,0.00229965,0.00229965,0.00229965,,-0.00044041,25.0,-0.99,,,,,,6.129910348494436,5.775187360030517,4.842820424375987,6.707554295685047,0.23,23.0
2025-12-05,VRSN,"VERISIGN, INC.",249.54,,,226.48,266.75,214.99,295.18,15.859154929577612,-1.3399186519465422,1.3209840810419693,-10.500000000000028,-9.478000000000026,-7.541838849682213,-11.41416115031784,0.06633967,0.06633967,,,-0.05181859,-0.05181859,-0.05181859,-0.05181859,0.02115714,0.02115714,0.02115714,0.02115714,,-0.00365618,25.0,-0.81,,,,,,0.2473391201506887,-0.002512028930777288,-0.23263705552395395,0.22761299766239937,0.23,23.0
2025-12-05,VST,VISTRA CORP.,167.17,,,151.67,189.61,141.27,264.99,2.003763440860216,1.4477419354838728,3.776833976833981,-76.61000000000001,-71.56400000000001,-68.2938654461934,-74.83413455380662,0.01837966,0.01837966,,,-0.0361182,-0.0361182,-0.0361182,-0.0361182,0.19436979,0.19436979,0.19436979,0.19436979,,0.00491659,75.0,0.95,,,,,,-0.019775448297189024,13.44169613660099,-9.296091413891107,36.17948368709309,0.21625,23.0
2025-12-05,XLP,SEL SECTOR:C STP SPDR,78.46,,,73.89,82.52,72.12,85.5,,-1.1256157635467958,1.1104100946372268,-0.8500000000000085,-0.5500000000000028,-0.20648871925364642,-0.8935112807463592,-0.01251016,-0.01251016,,,-0.00950255,-0.00950255,-0.00950255,-0.00950255,0.01312987,0.01312987,0.01312987,0.01312987,,-0.00062175,75.0,-0.69,,,,,,1.7139124022143437,1.3360354349184622,0.8996571058793112,1.7724137639576132,0.23,23.0
2025-12-05,XLRE,SEL SECTOR:RL EST SPDR,40.99,,,39.06,42.75,37.41,44.83,2.6925515055467493,-1.09659090909091,1.0726256983240197,-7.339999999999996,-7.301999999999997,-7.253833621684827,-7.3501663783151665,0.17648713,0.17648713,,,-0.0142253,-0.0142253,-0.0142253,-0.0142253,-0.00572574,-0.00572574,-0.00572574,-0.00572574,,0.00019633,25.0,-0.89,,,,,,4.406937165527193,5.620340594785671,3.9919490628322407,7.248732126739101,0.23,23.0
2025-12-05,AMGN,AMGEN INC.,329.89,,,313.56,379.18,276.37,400.27,-1.1493676926747776,3.018371096142074,1.315022421524664,-92.24000000000001,-83.86599999999999,-78.26387272547291,-89.46812727452706,-0.09763186,-0.09763186,,,0.03990276,0.03990276,0.03990276,0.03990276,0.02933284,0.02933284,0.02933284,0.02933284,,0.00342531,75.0,0.96,,,,,,-0.3308874852382575,-0.12292500084264746,-0.3777828035656113,0.13193280188031636,0.20125,21.0
2025-12-05,BKR,BAKER HUGHES COMPANY,49.2,,,46.49,54.41,42.77,58.94,3.492063492063471,1.922509225092248,1.5147744945567645,-4.8799999999999955,-4.091999999999999,-3.4700112541211046,-4.713988745878893,-0.00146603,-0.00146603,,,0.02599904,0.02599904,0.02599904,0.02599904,0.04930613,0.04930613,0.04930613,0.04930613,,-0.00162833,75.0,0.05,,,,,,-0.14243661071184277,-0.0859589135808031,-0.19276233428827227,0.02084450712666608,0.20125,21.0
2025-12-05,DPZ,"DOMINO'S PIZZA, INC.",416.55,,,385.83,440.27,366.44,473.41,1.158588855918233,-1.2951096121416554,1.1347036519656755,-54.670000000000016,-46.46000000000002,-40.94620820124665,-51.973791798753396,-0.04091252,-0.04091252,,,-0.02986558,-0.029865579999999996,-0.029865579999999996,-0.029865579999999996,0.00142852,0.00142852,0.00142852,0.00142852,,0.00637104,75.0,1.03,,,,,,-0.05437298092346021,0.1640415014716872,-0.12051769462339898,0.44860069756677334,0.20125,21.0
2025-12-05,EWZ,ISHARES:MSCI BRAZIL,32.53,,,30.63,36.87,28.7,36.88,1.917948717948716,2.284210526315785,1.135770234986945,-6.890000000000001,-5.644000000000001,-4.802970868518814,-6.485029131481188,-0.01333178,-0.01333178,,,0.02395979,0.02395979,0.02395979,0.02395979,-0.02807533,-0.02807533,-0.02807533,-0.02807533,,0.00296248,75.0,1.15,,,,,,-0.3355006604086025,1.643753196835557,-0.48253050529342634,3.7700368989645403,0.20125,21.0
2025-12-05,LEN,LENNAR ,123.91,,,111.58,143.55,103.0,151.65,2.30600571973308,1.5928629359286308,1.3266379722620762,-22.099999999999994,-17.259999999999998,-13.73293323000542,-20.787066769994574,0.00700812,0.00700812,,,-0.017185,-0.017185,-0.017185,-0.017185,-0.00724021,-0.0072402099999999995,-0.0072402099999999995,-0.0072402099999999995,,-0.00598929,25.0,0.16,,,,,,-0.21988693989062447,-0.14003000073693098,-0.39563222674095144,0.11557222526708952,0.20125,21.0
2025-12-05,MAR,"MARRIOTT INTERNATIONAL, INC.",292.59,,,272.42,326.77,239.97,362.85,2.4140164899882275,1.6945959345562756,1.335233751425315,-44.22000000000003,-36.14400000000002,-30.094848819875658,-42.19315118012438,0.01712458,0.01712458,,,-0.01055316,-0.01055316,-0.01055316,-0.01055316,0.02673908,0.02673908,0.02673908,0.02673908,,0.00438137,25.0,0.38,,,,,,-0.2982576631143272,1.9077126747688167,-2.0000253390556644,5.815450688593298,0.20125,21.0
2025-12-05,PSKY,PARAMOUNT SKYDANCE ,13.365,,,12.51,17.89,12.03,19.4,2.2870201096892147,5.292397660818711,4.520599250936326,-7.5649999999999995,-6.052999999999999,-5.063634041418443,-7.042365958581555,-0.05472615,-0.05472615,,,-0.01049385,-0.01049385,-0.01049385,-0.01049385,0.00971132,0.00971132,0.00971132,0.00971132,,-0.02174281,75.0,0.47,,,,,,-0.32760601279922397,-0.34358654608724154,-0.46492273344032325,-0.22225035873415983,0.19375,21.0
2025-12-05,ADSK,"AUTODESK, INC.",306.74,,,280.85,326.1,259.36,363.72,16.778285714285715,-1.3372933884297504,1.2026171380329258,-15.71999999999997,-15.41999999999997,-13.449175299525576,-17.39082470047436,0.35776248,0.35776248,,,-0.01423265,-0.01423265,-0.01423265,-0.01423265,0.01664574,0.016645739999999996,0.016645739999999996,0.016645739999999996,,0.00460963,25.0,-0.89,,,,,,0.2761754716121765,0.03110277637160434,-0.21254964009223626,0.2747551928354449,0.23,20.0
2025-12-05,CCL,CARNIVAL CORP,25.87,,,23.09,27.74,21.03,33.68,1.5595238095238098,-1.4866310160427834,1.6136363636363633,-3.4899999999999984,-3.4599999999999995,-3.3713997742666533,-3.5486002257333458,0.04242676,0.04242676,,,-0.03396061,-0.03396061,-0.03396061,-0.03396061,0.02753217,0.027532169999999998,0.027532169999999998,0.027532169999999998,,-0.00347362,25.0,-1.11,,,,,,3.086664021734583,2.759656376836364,2.4369485900634853,3.0823641636092427,0.23,20.0
2025-12-05,BTC=F,BITCOIN FUTURES,89425.0,,,77812.38,99113.77,74067.13,123762.4,3.767850152076367,-1.198564936519289,2.235817857554466,-20944.410000000003,-19648.410000000003,-16985.22722369643,-22311.592776303576,0.08564891,0.08564891,,,-0.05827624,-0.05827624,-0.05827624,-0.05827624,0.08270115,0.08270115,0.08270115,0.08270115,,0.00483033,75.0,0.98,,,,,,,,,,0.17,18.0
2025-12-05,CAG,"CONAGRA BRANDS, INC.",17.05,,,16.15,18.78,14.54,19.28,81.33333333333017,1.922222222222218,-1.1255605381165925,0.7899999999999991,0.9499999999999986,1.2272183255125817,0.6727816744874155,0.11200068,0.11200068,,,-0.01608971,-0.01608971,-0.01608971,-0.01608971,-0.06920741,-0.06920740999999998,-0.06920740999999998,-0.06920740999999998,,-0.00109732,75.0,0.01,,,,,,0.2961453110633063,0.35011763944598145,0.05458835889293373,0.6456469199990291,0.1775,18.0
2025-12-05,CANE,TEUCRIUM:SUGAR,9.572,,,8.98,10.13,8.31,10.4,1.6853252647503805,-1.0609318996415718,-1.524154589371977,-1.0780000000000012,-1.0686000000000007,-1.0250706995231953,-1.112129300476806,0.05192821,0.05192821,,,-0.01965989,-0.01965989,-0.01965989,-0.01965989,-0.05068075,-0.05068075,-0.05068075,-0.05068075,,0.00823943,50.0,-0.71,,,,,,1.0283409594025015,0.8060613496661394,0.5423140001202575,1.0698086992120213,0.1775,18.0
2025-12-05,CNC,CENTENE ,38.34,,,35.97,44.79,24.65,49.36,1.0632911392404933,2.7215189873417653,-1.2422867513611624,4.140000000000001,4.339999999999999,4.7596427051671455,3.920357294832853,-0.00946245,-0.00946245,,,0.08411964,0.08411964,0.08411964,0.08411964,-0.14542628,-0.14542628,-0.14542628,-0.14542628,,0.00481103,75.0,0.04,,,,,,0.7928305165267426,0.8536386764481949,0.6375996160005459,1.069677736895844,0.1775,18.0
2025-12-05,CORN,TEUCRIUM:CORN,17.85,,,17.19,18.62,16.21,19.29,-4.633333333333379,1.1666666666666659,-1.138888888888891,-1.1199999999999974,-1.0685399999999987,-0.9773771896001429,-1.1597028103998546,-0.07070841,-0.07070841,,,0.00409338,0.00409338,0.00409338,0.00409338,-0.02643969,-0.02643969,-0.02643969,-0.02643969,,-0.00056574,25.0,-0.9,,,,,,0.3157118529157916,0.02859150453888008,-0.33420362119738517,0.39138663027514536,0.1775,18.0
2025-12-05,DVN,DEVON ENERGY ,37.47,,,34.01,40.97,28.8,41.84,,1.0115606936416182,-1.983981693363842,2.479999999999997,2.607999999999997,2.842669981037198,2.373330018962796,0.0513362,0.0513362,,,0.02149338,0.02149338,0.02149338,0.02149338,-0.07787484,-0.07787484,-0.07787484,-0.07787484,,-0.00026814,25.0,-0.83,,,,,,0.6656116700909698,0.3792000780538956,0.03380802440716574,0.7245921317006254,0.1775,18.0
2025-12-05,EIDO,ISHARES:MSCI INDONESIA,18.82,,,17.95,19.94,16.27,20.95,,1.2873563218390802,-1.1971830985915501,0.33999999999999986,0.3499999999999993,0.4033853912601569,0.29661460873984175,-0.00902207,-0.00902207,,,0.01179045,0.01179045,0.01179045,0.01179045,-0.027227,-0.027227,-0.027227,-0.027227,,0.00523034,25.0,-0.87,,,,,,2.6442754206251555,1.8936157684726418,1.1330184935908594,2.6542130433544244,0.1775,18.0
2025-12-05,FRT,FEDERAL REALTY INVESTMENT TRUST,97.2,,,92.23,101.91,82.86,107.58,-1.0604026845637557,-1.0552016985138015,-1.3815028901734114,-0.39000000000000057,0.035999999999992836,0.5295382457317676,-0.4575382457317819,-0.0126461,-0.0126461,,,-0.0225369,-0.0225369,-0.0225369,-0.0225369,-0.0388592,-0.0388592,-0.0388592,-0.0388592,,-0.00496106,25.0,-0.85,,,,,,1.442107166431284,1.116270321144128,0.83406796678938,1.398472675498876,0.1775,18.0
2025-12-05,IQV,IQVIA HOLDINGS INC,225.85,,,208.91,252.65,183.43,267.86,-3.6001517450682825,1.5820543093270374,-1.0097595810521296,-58.66999999999999,-58.09799999999998,-56.67727131372662,-59.518728686273334,-0.17366882,-0.17366882,,,0.03646102,0.03646102,0.03646102,0.03646102,0.0005426,0.0005426,0.0005426,0.0005426,,0.00552926,25.0,-0.76,,,,,,0.8579660612804514,0.6117763841902358,0.29156742666142305,0.9319853417190487,0.1775,18.0
2025-12-05,IT,"GARTNER, INC.",229.77,,,211.35,250.02,179.02,277.25,-1.1707060063224486,1.0993485342019536,-1.0688711036225782,9.950000000000017,10.816000000000008,12.282400354609889,9.349599645390127,-0.01760002,-0.01760002,,,-0.01338927,-0.01338927,-0.01338927,-0.01338927,-0.10232561,-0.10232561,-0.10232561,-0.10232561,,0.00070311,75.0,-0.66,,,,,,1.0704038742790796,0.7805395893899205,0.4125136657800776,1.1485655129997634,0.1775,18.0
2025-12-05,KVUE,KENVUE INC.,16.93,,,15.01,18.92,13.62,20.05,-1.0271493212669678,1.0364583333333344,-1.0608974358974357,-1.8500000000000014,-1.786000000000002,-1.6502428639076405,-1.9217571360923635,-0.02627681,-0.02627681,,,-0.02394772,-0.02394772,-0.02394772,-0.02394772,-0.04498861,-0.04498860999999999,-0.04498860999999999,-0.04498860999999999,,0.05110209,25.0,-0.89,,,,,,2.373717021226846,0.6981358045255345,-0.7696221072683184,2.1658937163193874,0.1775,18.0
2025-12-05,COST,COSTCO WHOLESALE ,894.68,,,840.69,946.7,808.28,1056.04,2.5233967630527534,-1.0378700499807727,1.8675925925925931,-248.2800000000001,-233.60300000000007,-220.07907416465181,-247.12692583534832,0.13796424,0.13796424,,,-0.02269666,-0.02269666,-0.02269666,-0.02269666,0.03469329,0.034693289999999995,0.034693289999999995,0.034693289999999995,,0.00302757,25.0,0.28,,,,,,-0.08320050490709563,0.1397794949526966,-0.39256931295438535,0.6721283028597785,0.20125,17.0
2025-12-05,NVR,"NVR, INC.",7538.08,,,6805.8,8059.52,6392.66,8886.68,1.0622815454268226,-1.4043418226449813,1.1773847147771126,-763.5200000000004,-730.5280000000002,-661.0915832577748,-799.9644167422257,-0.01447206,-0.01447206,,,-0.02656633,-0.02656633,-0.02656633,-0.02656633,0.02367124,0.02367124,0.02367124,0.02367124,,-0.00545433,25.0,0.39,,,,,,,,,,0.155,16.0
2025-12-05,ARE,"ALEXANDRIA REAL ESTATE EQUITIES, INC.",45.48,,,38.41,60.64,37.86,62.54,3.736363636363646,2.1442715700141446,2.2388451443569566,-4.800000000000004,-0.7960000000000008,2.995520803055153,-4.587520803055154,-0.04385054,-0.04385054,,,-0.11342561,-0.11342561,-0.11342561,-0.11342561,-0.10958807,-0.10958807,-0.10958807,-0.10958807,,-0.01022245,25.0,-0.84,,,,,,-0.41996745219828957,-0.5428499266553586,-0.6741724294909208,-0.4115274238197963,0.1225,13.0
2025-12-05,AXON,"AXON ENTERPRISE, INC.",550.95,,,437.87,596.84,444.63,833.84,2.5017012063099275,-2.4641534103290494,2.660741158765988,-121.57999999999993,-129.31599999999997,-121.4962378552797,-137.13576214472025,0.16101014,0.16101014,,,-0.08826992,-0.08826992,-0.08826992,-0.08826992,0.1029868,0.1029868,0.1029868,0.1029868,,0.01094259,75.0,1.14,,,,,,3.439493500523101,9.367688852760777,3.717314147340316,15.018063558181238,0.119,13.0
2025-12-05,GD,GENERAL DYNAMICS ,337.31,,,322.76,362.59,313.78,387.92,-1.7872480280455745,1.7374570446735362,2.1508712282192923,-129.41000000000003,-129.66600000000003,-126.27032922679483,-133.06167077320524,-0.15013169,-0.15013169,,,0.02384188,0.02384188,0.02384188,0.02384188,0.04769254,0.04769254,0.04769254,0.04769254,,-0.00342138,75.0,1.15,,,,,,0.07935183065498763,2.7049160672210486,0.38353657415967746,5.02629556028242,0.119,13.0
2025-12-05,NFLX,"NETFLIX, INC.",100.24,,,92.17,116.24,91.92,133.22,1.3724035608308616,1.9826517967781925,3.9639423076923115,-24.83,-19.889999999999997,-15.930044192165774,-23.84995580783422,-0.06003035,-0.06003035,,,-0.02144344,-0.02144344,-0.02144344,-0.02144344,0.07304242,0.07304242,0.07304242,0.07304242,,-0.0112041,25.0,-0.87,,,,,,-0.09029565281647511,-0.2587322669556475,-0.43453499946725826,-0.08292953444403675,0.1225,13.0
2025-12-05,CVX,CHEVRON ,150.0,,,141.52,158.12,135.29,173.18,1.7527975584944016,-1.0443349753694562,1.5757987763426238,-15.580000000000013,-14.252000000000015,-13.097456800288548,-15.406543199711482,0.02141086,0.02141086,,,-0.0135194,-0.0135194,-0.0135194,-0.0135194,0.01151107,0.01151107,0.01151107,0.01151107,,-0.00053317,75.0,-0.6,,,,,,-0.12329115500742205,-0.22327506677826328,-0.3608292424312579,-0.08572089112526862,0.1075,11.0
2025-12-05,ERIE,ERIE INDEMNITY COMPANY,296.46,,,270.5,315.63,247.83,346.21,-1.262068965517238,-1.3541992696922251,1.023031050791693,-18.74000000000001,-18.768000000000008,-16.60981326109163,-20.926186738908385,-0.01816684,-0.01816684,,,-0.02565062,-0.025650620000000002,-0.025650620000000002,-0.025650620000000002,5.082e-05,5.082e-05,5.082e-05,5.082e-05,,0.02351905,75.0,1.14,,,,,,0.808970688151518,2.0128099485292097,0.9188064591936613,3.106813437864758,0.104,11.0
2025-12-05,J,JACOBS SOLUTIONS INC.,140.22,,,115.77,151.97,116.65,170.21,-1.2369942196531771,-2.0808510638297877,1.2723801442511675,-10.580000000000013,-13.292000000000012,-9.856527688948741,-16.727472311051283,0.01123492,0.01123492,,,-0.04523935,-0.04523935,-0.04523935,-0.04523935,0.0241115,0.024111500000000004,0.024111500000000004,0.024111500000000004,,0.00167831,75.0,1.15,,,,,,0.21821479058491633,0.8615722386317343,0.28093396548361405,1.4422105117798545,0.104,11.0
2025-12-05,LHX,"L3HARRIS TECHNOLOGIES, INC.",278.5,,,258.18,299.74,249.26,335.24,1.1333938294010888,1.045275590551182,1.9404924760601912,-80.47000000000003,-82.36200000000002,-78.99181157796781,-85.73218842203224,-0.0072714,-0.0072714,,,0.00903635,0.00903635,0.00903635,0.00903635,0.04421564,0.04421564,0.04421564,0.04421564,,0.00241605,75.0,1.1,,,,,,0.5063801215367953,1.486876817893137,0.5205315224379214,2.4532221133483527,0.104,11.0
2025-12-05,URNM,SPROTT URANIUM MINERS,58.61,,,49.14,65.23,43.35,74.38,1.7214137214137208,-1.430513595166162,1.0334207077326343,-2.530000000000001,-3.6980000000000017,-1.5813824152672291,-5.814617584732774,0.08501881,0.08501881,,,0.04458191,0.04458191,0.04458191,0.04458191,-0.00482157,-0.00482157,-0.00482157,-0.00482157,,0.00899318,75.0,1.14,,,,,,0.4130733849330319,3.066590726651814,0.583687557809597,5.549493895494031,0.104,11.0
2025-12-05,VLTO,VERALTO ,102.16,,,93.59,109.69,87.45,120.84,-1.2111111111111081,-1.1381142098273562,1.2698844323589404,-8.420000000000002,-8.579999999999998,-7.881608992039556,-9.27839100796044,-0.01633851,-0.01633851,,,-0.00304039,-0.00304039,-0.00304039,-0.00304039,0.02823458,0.02823458,0.02823458,0.02823458,,0.00424681,75.0,1.14,,,,,,0.6221495835547344,2.408862477175705,0.8609611091132392,3.9567638452381706,0.104,11.0
2025-12-05,YUM,"YUM! BRANDS, INC.",144.96,,,140.33,162.17,126.27,173.55,,3.7170626349892,1.5296950240770457,-5.530000000000001,-2.9700000000000046,-0.7309376962665954,-5.209062303733414,0.08096678,0.08096678,,,-0.0019331,-0.0019331,-0.0019331,-0.0019331,0.00557525,0.00557525,0.00557525,0.00557525,,-0.00249308,25.0,-0.91,,,,,,-0.09321953865350197,-0.2811088250367458,-0.4547676290302199,-0.10745002104327167,0.1075,11.0
2025-12-05,EIRL,ISHARES:MSCI IRELAND,72.42,,,68.08,76.86,64.91,79.44,,1.0230414746543766,-1.069800569800571,-1.1299999999999955,-0.8637199999999978,-0.5319569264068074,-1.1954830735931883,0.0214488,0.0214488,,,0.01117818,0.01117818,0.01117818,0.01117818,0.01267922,0.01267922,0.01267922,0.01267922,,-0.0068354,25.0,-0.77,,,,,,,,,,0.1025,10.0
2025-12-05,EPHE,ISHARES:MSCI PHILIPPINES,24.73,,,23.3,26.44,21.7,27.42,-3.3953488372093066,1.1958041958041967,-1.1263940520446096,-1.3499999999999979,-1.297999999999999,-0.8983501532591305,-1.6976498467408674,-0.04135947,-0.04135947,,,-0.00538738,-0.00538738,-0.00538738,-0.00538738,-0.00525796,-0.00525796,-0.00525796,-0.00525796,,0.00320063,75.0,1.15,,,,,,,,,,0.1025,10.0
2025-12-05,GLATF,GLOBAL ATOMIC ,0.3827,,,0.3,0.45,0.23,0.47,5.299212598425203,-1.2288261515601777,-1.7491408934707904,0.06269999999999998,0.0647,0.0771753757458443,0.052224624254155694,0.103403,0.103403,,,-0.02618792,-0.026187919999999996,-0.026187919999999996,-0.026187919999999996,-0.23618548,-0.23618548000000003,-0.23618548000000003,-0.23618548000000003,,0.00136903,75.0,1.13,,,,,,,,,,0.1025,9.0
2025-12-05,MU,"MICRON TECHNOLOGY, INC.",237.22,,,207.28,289.67,173.68,337.74,-1.5929549902152622,1.75183700734803,1.5819955933270384,-60.66999999999999,-62.29399999999998,-56.73629993612464,-67.85170006387533,-0.03425003,-0.03425003,,,0.13326001,0.13326001,0.13326001,0.13326001,0.11085386,0.11085385999999998,0.11085385999999998,0.11085385999999998,,0.01005046,75.0,1.15,,,,,,0.1781602999041123,1.4620889465198104,0.33909395837219236,2.5850839346674284,0.104,9.0
2025-12-05,COR,"CENCORA, INC.",339.66,,,326.69,405.03,317.49,421.72,1.3577382606279513,5.040092521202761,3.7013982859720316,-131.21999999999997,-126.202,-115.75004468053943,-136.65395531946055,-0.00434505,-0.00434505,,,0.01820983,0.01820983,0.01820983,0.01820983,0.06943079,0.06943079,0.06943079,0.06943079,,-0.032084,25.0,0.53,,,,,,-0.3321443605108423,-0.10110514567741606,-0.4982573719296941,0.29604708057486195,0.07625,8.0
2025-12-05,LDOS,"LEIDOS HOLDINGS, INC.",186.82,,,178.08,206.64,171.09,238.54,6.627108784176849,2.267734553775748,3.2879847425301993,-45.860000000000014,-44.046000000000014,-41.801344124370075,-46.29065587562995,0.35492304,0.35492304,,,0.02728695,0.027286949999999997,0.027286949999999997,0.027286949999999997,0.09833773,0.09833773,0.09833773,0.09833773,,0.00408447,75.0,1.09,,,,,,-0.30283696939357463,0.05515181436728104,-0.30809552129105533,0.41839915002561745,0.07625,8.0
2025-12-05,MCK,MCKESSON ,808.62,,,797.28,962.56,739.45,1031.1,1.0136869118905043,13.574955908289198,3.216423304900969,-201.38,-187.048,-165.90087088042446,-208.19512911957554,-0.03995441,-0.03995441,,,0.0368219,0.0368219,0.0368219,0.0368219,0.07156072,0.07156072000000001,0.07156072000000001,0.07156072000000001,,-0.03129629,25.0,0.41,,,,,,-0.2825553089315592,2.2581107530638977,-2.2061163162529516,6.722337822380747,0.07625,8.0
2025-12-05,CVS,CVS HEALTH ,75.63,,,72.6,86.9,63.7,93.51,-1.3044009779951091,3.7194719471947213,1.4987426655490377,-12.290000000000006,-11.100000000000003,-9.47428477278461,-12.725715227215396,-0.0729596,-0.0729596,,,0.03087954,0.03087954,0.03087954,0.03087954,-0.02508147,-0.025081469999999998,-0.025081469999999998,-0.025081469999999998,,-0.0082215,25.0,0.28,,,,,,-0.2619300128053198,-0.03626091597630954,-0.5122609260943194,0.43973909414170037,0.06125,6.0
2025-12-05,DE,DEERE & COMPANY,475.11,,,437.92,514.28,416.5,546.82,-2.9115432873274782,1.053240118311373,1.2235113461866578,-123.04999999999995,-122.71599999999998,-115.79295298297056,-129.63904701702938,-0.15660395,-0.15660395,,,-0.01168393,-0.01168393,-0.01168393,-0.01168393,0.00876553,0.00876553,0.00876553,0.00876553,,-0.00010887,75.0,0.65,,,,,,-0.20372653152053843,-0.14463849115793936,-0.24334339936968186,-0.045933582946196885,0.06125,6.0
2025-12-05,GL,GLOBE LIFE INC.,131.37,,,124.56,141.0,85.23,166.24,-1.074626865671642,1.4140969162995582,-1.3232004588471464,0.7199999999999989,0.6879999999999938,1.3940240789094909,-0.018024078909503194,-0.04313649,-0.04313649,,,-0.00778487,-0.007784870000000001,-0.007784870000000001,-0.007784870000000001,-0.20850847,-0.20850846999999997,-0.20850846999999997,-0.20850846999999997,,-0.00064743,75.0,1.13,,,,,,1.2275395821180828,1.3771781217891246,1.2470440115204802,1.507312232057769,0.0515,6.0
2025-12-05,GNRC,GENERAC HOLDINGS INC.,162.33,,,130.56,173.68,122.64,200.42,2.6387096774193477,-2.7991189427312797,-1.0420057757941728,-2.9899999999999807,-7.465999999999991,-1.7259364115020341,-13.206063588497948,0.08723069,0.08723069,,,-0.021431,-0.021431,-0.021431,-0.021431,0.03257729,0.03257729,0.03257729,0.03257729,,0.02032072,75.0,1.13,,,,,,0.22456083421529915,1.1260643926538574,0.3128243428836588,1.939304442424056,0.0515,6.0
2025-12-05,HII,"HUNTINGTON INGALLS INDUSTRIES, INC.",304.58,,,289.72,338.9,253.41,383.0,4.564085297418631,2.309555854643344,1.5325385968340832,-66.61000000000001,-62.482000000000006,-58.144377379254855,-66.81962262074516,0.32083776,0.32083776,,,0.02654896,0.02654896,0.02654896,0.02654896,0.00724934,0.00724934,0.00724934,0.00724934,,0.00062364,75.0,1.09,,,,,,-0.2713352169326595,1.4018253954357178,-0.773958348801745,3.5776091396731804,0.06125,6.0
2025-12-05,MA,MASTERCARD INC..,545.52,,,515.37,569.5,483.78,629.92,4.7164461247637055,-1.2572977481234342,1.3670229996760603,-32.639999999999986,-31.87199999999998,-27.475590101002826,-36.268409898997135,0.08848632,0.08848632,,,-0.01630354,-0.01630354,-0.01630354,-0.01630354,0.01801911,0.01801911,0.01801911,0.01801911,,-0.0003429,25.0,0.28,,,,,,-0.23780900475777578,0.011295948157037347,-0.4778502715558008,0.5004421678698755,0.06125,6.0
2025-12-05,THD,ISHARES:MSCI THAI,60.16,,,55.7,62.96,52.99,65.8,1.4585741811175357,-1.5928571428571383,-1.2712765957446797,-4.180000000000007,-4.286000000000004,-4.119626925255323,-4.452373074744685,0.03375984,0.03375984,,,-0.00240687,-0.00240687,-0.00240687,-0.00240687,-0.0176301,-0.0176301,-0.0176301,-0.0176301,,0.00083506,75.0,1.12,,,,,,2.202410347521568,5.390533324820338,2.5479546379477176,8.23311201169296,0.0515,6.0
2025-12-05,UNP,UNION PACIFIC ,235.31,,,214.44,249.9,202.99,254.08,3.1292517006802707,-1.4304318026045235,-1.72189664358018,3.9399999999999977,2.915999999999997,5.35071353551089,0.4812864644891035,0.02061061,0.02061061,,,0.00886656,0.00886656,0.00886656,0.00886656,-0.01563631,-0.01563631,-0.01563631,-0.01563631,,0.00516776,75.0,1.06,,,,,,0.21355938475074598,1.2336825250531815,0.23569448142073102,2.231670568685632,0.0515,6.0
2025-12-05,LYB,LYONDELLBASELL INDUSTRIES NV,43.35,,,40.39,51.82,34.82,52.82,1.5037037037037035,2.861486486486485,1.110199296600234,-7.609999999999999,-5.312,-3.003089001282205,-7.620910998717795,-0.07108969,-0.07108969,,,-0.02240973,-0.02240973,-0.02240973,-0.02240973,-0.11959339,-0.11959339000000001,-0.11959339000000001,-0.11959339000000001,,0.00814748,75.0,0.72,,,,,,-0.2514790201278958,-0.2569777017177632,-0.2931378415728362,-0.22081756186269016,0.06125,5.0
2025-12-05,ALB,ALBEMARLE ,125.19,,,109.63,151.82,83.42,157.97,-1.2268984446477573,1.7114395886889455,-1.2742525930445392,-11.990000000000009,-11.722000000000008,-7.963826241377346,-15.480173758622671,-0.03509791,-0.03509791,,,0.08926352,0.08926352,0.08926352,0.08926352,-0.02735638,-0.027356380000000003,-0.027356380000000003,-0.027356380000000003,,0.00494527,75.0,0.93,,,,,,-0.2040911713070488,1.1285009428464636,-0.7617444380611051,3.0187463237540326,0.00875,1.0
2025-12-05,DHI,"D.R. HORTON, INC.",158.62,,,135.22,175.54,125.61,189.88,2.47914438502674,-1.3829787234042568,-1.0559820857325661,-16.19999999999999,-14.783999999999992,-11.754176572801637,-17.813823427198347,0.04827692,0.04827692,,,-0.0245532,-0.0245532,-0.0245532,-0.0245532,0.00910169,0.00910169,0.00910169,0.00910169,,-0.01151471,25.0,0.05,,,,,,-0.27781189006890017,-0.2676925204715096,-0.38609963365932004,-0.14928540728369916,0.00875,1.0
2025-12-05,SBUX,STARBUCKS ,85.12,,,78.59,90.37,68.65,99.48,1.4916879795396418,-1.243809523809524,-1.1469359331476323,-15.769999999999996,-15.422,-14.497408198176082,-16.34659180182392,0.02289521,0.02289521,,,-0.02951301,-0.02951301,-0.02951301,-0.02951301,-0.04936364,-0.04936363999999999,-0.04936363999999999,-0.04936363999999999,,0.00524656,25.0,0.09,,,,,,-0.1222136449767598,-0.13010146620181748,-0.2863033774262146,0.026100445022579633,0.00875,1.0
2025-12-05,TSN,"TYSON FOODS, INC.",56.92,,,52.41,62.2,49.16,64.4,1.3239074550128536,1.170731707317072,-1.037433155080214,-16.03,-15.854000000000003,-15.054950564733325,-16.65304943526668,0.00788466,0.00788466,,,0.01670001,0.01670001,0.01670001,0.01670001,0.01582054,0.015820539999999998,0.015820539999999998,0.015820539999999998,,0.00081704,75.0,1.15,,,,,,-0.1315343064937633,1.5158288300302838,-0.20800140889053487,3.2396590689511022,0.00875,1.0
2025-12-05,UPS,"UNITED PARCEL SERVICE, INC.",94.87,,,91.02,105.11,80.54,106.85,2.24821428571428,2.6597402597402526,-1.1961602671118539,-3.0999999999999943,-2.2419999999999987,-0.8177914478560411,-3.6662085521439565,0.03958627,0.03958627,,,0.04358227,0.04358227,0.04358227,0.04358227,-0.05284069,-0.05284069,-0.05284069,-0.05284069,,0.00972494,25.0,0.15,,,,,,-0.4934059683745944,-0.37591517234885635,-0.6439993240174986,-0.10783102068021405,0.00875,1.0
2025-12-05,AIG,"AMERICAN INTERNATIONAL GROUP, INC.",77.03,,,70.9,81.89,68.17,90.57,-1.8212765957446801,-1.2613168724279828,1.5282167042889383,-11.219999999999999,-11.262,-11.01803278908837,-11.505967210911631,-0.05296809,-0.05296809,,,-0.00360716,-0.0036071599999999994,-0.0036071599999999994,-0.0036071599999999994,0.02367196,0.023671959999999995,0.023671959999999995,0.023671959999999995,,0.00297713,75.0,1.1,,,,,,2.9584242944654227,5.38758802207827,2.957649823484527,7.817526220672013,0.004,0.0
2025-12-05,AMAT,"APPLIED MATERIALS, INC.",268.0,,,226.93,300.3,192.92,323.23,-2.763650546021843,-1.2715170278637764,-1.3594061198623935,-51.95999999999998,-54.72999999999998,-48.67200115549696,-60.78799884450301,-0.08288354,-0.08288354,,,0.09424786,0.09424786,0.09424786,0.09424786,0.04761271,0.04761271,0.04761271,0.04761271,,0.01796041,75.0,0.24,,,,,,0.18879455152594415,0.16106733157461442,0.13344166688395706,0.18869299626527178,0.0015,0.0
2025-12-05,CB,CHUBB LTD,295.0,,,278.92,314.88,263.58,327.71,1.029614325068869,1.2363184079601999,1.04105665181413,-38.06,-38.446000000000005,-37.97389831603774,-38.91810168396227,-0.00288045,-0.00288045,,,0.00457399,0.00457399,0.00457399,0.00457399,0.02190344,0.02190344,0.02190344,0.02190344,,-0.00166252,25.0,0.38,,,,,,5.189580010716053,20.677015716001122,-7.166867843590339,48.52089927559258,0.004,0.0
2025-12-05,COIN,"COINBASE GLOBAL, INC.",269.73,,,216.39,311.88,191.08,423.51,3.3414422241529116,-1.2654804270462647,1.9552447552447547,-35.00999999999999,-35.980000000000004,-28.81538207578379,-43.14461792421622,0.07701319,0.07701319,,,-0.02967413,-0.02967413,-0.02967413,-0.02967413,0.06576874,0.06576874,0.06576874,0.06576874,,0.00447652,25.0,0.42,,,,,,0.15682527526322843,0.2390920206847437,0.11625659806375109,0.3619274433057363,0.004,0.0
2025-12-05,CSCO,"CISCO SYSTEMS, INC.",77.97,,,72.63,82.92,64.74,92.54,-7.533762057877815,-1.0787878787878789,1.1012849584278157,-34.94,-35.63199999999999,-34.82066159957758,-36.4433384004224,-0.29589153,-0.29589153,,,0.02732694,0.02732694,0.02732694,0.02732694,0.0352782,0.0352782,0.0352782,0.0352782,,0.00079794,25.0,0.48,,,,,,1.309051129240138,12.791297604907067,-7.245477581777633,32.828072791591765,0.004,0.0
2025-12-05,ES,EVERSOURCE ENERGY,66.74,,,60.16,73.48,58.2,78.94,1.0489795918367366,1.024316109422494,1.4285714285714302,-7.900000000000006,-8.114,-7.699476176800417,-8.528523823199585,-0.0004017,-0.0004017,,,0.00757846,0.00757846,0.00757846,0.00757846,0.00204185,0.00204185,0.00204185,0.00204185,,0.00050595,25.0,0.44,,,,,,0.7925678950790931,3.913568043550892,-2.097858013703655,9.924994100805439,0.004,0.0
2025-12-05,EWP,ISHARES:MSCI SPAIN,52.29,,,49.21,54.72,47.87,58.64,-1.1612903225806415,-1.2674897119341557,1.436651583710407,-4.520000000000003,-4.654000000000002,-4.2811997854077894,-5.026800214592214,-0.00642681,-0.00642681,,,0.01756914,0.01756914,0.01756914,0.01756914,0.05304051,0.05304050999999999,0.05304050999999999,0.05304050999999999,,0.00694861,75.0,0.92,,,,,,0.8144382290386698,5.705356642214215,-1.5620211398820683,12.972734424310499,0.004,0.0
2025-12-05,FAST,FASTENAL COMPANY,41.5,,,36.48,43.19,35.72,48.58,-1.2415254237288138,-2.970414201183438,1.224913494809688,-4.450000000000003,-4.932000000000004,-4.249599824150085,-5.614400175849923,-0.00065535,-0.00065535,,,-0.03797705,-0.03797705,-0.03797705,-0.03797705,0.04602326,0.04602326,0.04602326,0.04602326,,0.01240458,75.0,1.05,,,,,,1.1384579092719425,2.1019061336639493,0.8792961820404908,3.324516085287408,0.004,0.0
2025-12-05,FRO,FRONTLINE PLC,23.38,,,21.71,27.03,19.44,29.63,1.2592592592592604,2.185628742514974,1.5862944162436556,-3.6400000000000006,-3.7459999999999996,-3.4725406794420786,-4.019459320557921,0.00956024,0.00956024,,,0.02656583,0.026565830000000002,0.026565830000000002,0.026565830000000002,0.00573345,0.00573345,0.00573345,0.00573345,,-0.01076459,25.0,0.32,,,,,,0.7058293177003407,1.2340641259457068,-0.42329246045882574,2.8914207123502393,0.004,0.0
2025-12-05,FXE,INVESCO:EURO,107.42,,,103.82,109.87,100.18,115.66,1.142857142857142,-1.4693877551020427,1.1381215469613262,-14.849999999999994,-14.908999999999997,-14.701081746833037,-15.116918253166958,0.00160047,0.00160047,,,-0.0038065,-0.0038065,-0.0038065,-0.0038065,0.01189906,0.011899060000000001,0.011899060000000001,0.011899060000000001,,8.159e-05,25.0,0.31,,,,,,1.674058126830983,1.4905417065833546,0.6976696148195686,2.2834137983471408,0.004,0.0
2025-12-05,INDA,ISHARES:MSCI INDIA,53.97,,,52.22,56.72,49.07,60.23,1.0955165692007816,1.5714285714285714,1.2775510204081633,-5.859999999999999,-5.959999999999999,-5.626308525730726,-6.293691474269272,0.00645215,0.00645215,,,0.01058551,0.01058551,0.01058551,0.01058551,0.01047392,0.01047392,0.01047392,0.01047392,,-0.00178826,25.0,0.5,,,,,,0.30804797372193016,8.43753883532193,-5.597051712520292,22.47212938316415,0.004,0.0
2025-12-05,KLAC,KLA ,1214.46,,,1067.78,1353.74,981.42,1538.98,-2.0178872326636466,-1.0531303848363016,1.3925506350841053,-277.0999999999999,-295.294,-271.4240465019305,-319.1639534980695,-0.05373612,-0.05373612,,,0.05984089,0.05984089,0.05984089,0.05984089,0.09019958,0.09019958,0.09019958,0.09019958,,0.01219915,25.0,0.34,,,,,,0.8710391921767822,1.370563283199104,0.27397822058826304,2.467148345809945,0.004,0.0
2025-12-05,LRCX,LAM RESEARCH ,158.7,,,142.19,183.97,123.74,208.76,3.588709677419372,1.5305875227135084,1.431922196796339,-17.450000000000017,-18.44600000000001,-16.556375698716813,-20.335624301283204,0.08874149,0.08874149,,,0.10044027,0.10044027,0.10044027,0.10044027,0.08676852,0.08676852,0.08676852,0.08676852,,0.015549,25.0,0.25,,,,,,0.7910156960311607,1.2059493034574056,0.25693417700595145,2.1549644299088597,0.004,0.0
2025-12-05,PWR,"QUANTA SERVICES, INC.",460.64,,,417.37,496.48,379.2,569.37,3.5188519977490156,-1.2073102678571412,1.3350933202357567,-91.58000000000004,-94.53000000000003,-89.49893649413968,-99.56106350586037,0.24060978,0.24060978,,,0.02527721,0.02527721,0.02527721,0.02527721,0.08031703,0.08031703,0.08031703,0.08031703,,0.00569902,75.0,0.83,,,,,,0.771167629956518,4.182768093190276,-1.1713911700179942,9.536927356398547,0.004,0.0
2025-12-05,QCOM,QUALCOMM INC.,174.81,,,154.41,195.3,141.74,215.27,-1.1843750000000017,1.0044117647058826,1.2234653764741463,-7.789999999999992,-10.006,-6.9055597086865195,-13.106440291313481,0.01690345,0.01690345,,,0.06450762,0.06450762,0.06450762,0.06450762,0.04233003,0.04233003,0.04233003,0.04233003,,0.00320271,25.0,0.35,,,,,,0.4075513234084547,0.8231553724247324,-0.02469747384916776,1.6710082186986326,0.004,0.0
2025-12-05,SBAC,SBA COMMUNICATIONS ,189.58,,,177.42,203.43,164.77,219.8,-1.0253227408143009,1.138980263157892,1.2180572349858927,-12.98999999999998,-14.077999999999992,-12.745007126800736,-15.410992873199248,0.0015553,0.0015553,,,-0.01620375,-0.01620375,-0.01620375,-0.01620375,-0.03313768,-0.03313768,-0.03313768,-0.03313768,,0.00471458,25.0,0.07,,,,,,0.4332090999433691,0.5441433644863751,0.2527104525733464,0.8355762763994039,0.004,0.0
2025-12-05,SLV,ISHARES:SILVER TRUST,52.95,,,45.88,60.15,44.38,62.78,1.3251942286348493,1.0183875530410178,1.1470245040840137,-18.28,-18.544000000000004,-17.974061406816492,-19.113938593183516,0.03118366,0.03118366,,,0.0848774,0.0848774,0.0848774,0.0848774,0.12439533,0.12439533000000001,0.12439533000000001,0.12439533000000001,,0.00034348,75.0,0.74,,,,,,0.24626689775892507,0.9070198742472367,-0.1273119451262209,1.9413516936206943,0.004,0.0
2025-12-05,SMH,VANECK:SEMICONDUCTOR,364.42,,,319.45,395.91,291.17,452.3,1.6834482758620668,-1.4280724039377586,1.199726962457338,-37.47999999999996,-41.34399999999997,-36.61287645479423,-46.07512354520571,0.04050939,0.04050939,,,0.03791811,0.03791811,0.03791811,0.03791811,0.07358003,0.07358003,0.07358003,0.07358003,,0.0064012,25.0,0.33,,,,,,0.8105014771362036,2.255721762022528,-0.4585561200339514,4.9699996440790075,0.004,0.0
2025-12-05,STIP,ISHARES:0-5 TIPS BD ETF,102.72,,,95.92,109.73,98.36,107.84,1.3255813953488345,1.0308823529411777,1.1743119266055058,-4.349999999999994,-4.359999999999994,-4.321270166537921,-4.398729833462067,0.01043064,0.01043064,,,-0.0056002,-0.0056002,-0.0056002,-0.0056002,0.0031647,0.0031647,0.0031647,0.0031647,,0.00054651,25.0,0.58,,,,,,15.675833312015552,15.510996420925741,15.291059470831184,15.730933371020297,0.004,0.0
2025-12-05,TTWO,"TAKE-TWO INTERACTIVE SOFTWARE, INC.",247.88,,,221.49,264.42,217.42,289.61,1.4101929737753582,-1.5955259975816176,1.369993434011819,-34.04000000000002,-34.618000000000016,-33.014450811481,-36.221549188519035,0.03264224,0.03264224,,,-0.0137454,-0.0137454,-0.0137454,-0.0137454,0.05251277,0.05251276999999999,0.05251276999999999,0.05251276999999999,,-0.00055395,25.0,0.38,,,,,,0.6051504862245902,2.899483219408165,-1.2847087387719092,7.083675177588239,0.004,0.0
2025-12-05,URA,GLBL X URANIUM ETF,47.92,,,38.93,54.45,34.73,65.3,1.7813901345291476,-1.3767228177641655,1.3176648976497338,-10.229999999999997,-11.509999999999998,-9.506852476725689,-13.513147523274307,0.12805042,0.12805042,,,0.04298199,0.04298199,0.04298199,0.04298199,0.03517084,0.03517084,0.03517084,0.03517084,,0.00620617,75.0,1.05,,,,,,0.36137933822686397,4.186060012971018,-1.1578109356947905,9.529930961636827,0.004,0.0
2025-12-05,WELL,WELLTOWER INC.,204.31,,,191.6,225.03,178.44,245.9,2.4188637207575185,1.6302124311565684,1.6076536528797833,-53.44999999999999,-54.31999999999999,-53.38173031595387,-55.25826968404612,0.14609248,0.14609248,,,0.03299727,0.03299727,0.03299727,0.03299727,0.10171499,0.10171499000000002,0.10171499000000002,0.10171499000000002,,0.00142775,25.0,0.35,,,,,,0.854611702546086,2.2405487579504837,-0.6080894772096546,5.089186993110622,0.004,0.0
2025-12-05,WSM,"WILLIAMS-SONOMA, INC.",179.36,,,162.26,192.88,150.62,234.73,-3.864734299516921,-1.2647928994082873,1.926583159359776,-18.869999999999976,-19.25799999999999,-17.092700944442072,-21.423299055557905,-0.03069917,-0.03069917,,,-0.02579822,-0.02579822,-0.02579822,-0.02579822,0.05787935,0.05787935,0.05787935,0.05787935,,0.00208565,75.0,0.29,,,,,,0.34881971468473694,0.409963628474578,0.2064202884985425,0.6135069684506136,0.004,0.0
2025-12-05,ZBH,"ZIMMER BIOMET HOLDINGS, INC.",94.28,,,82.6,106.38,78.98,111.15,5.738609112709828,1.035958904109588,1.1026143790849678,-1.8799999999999955,-2.271999999999997,-1.5425344422112788,-3.0014655577887153,0.18834512,0.18834512,,,-0.02996224,-0.02996224,-0.02996224,-0.02996224,-0.01810729,-0.01810729,-0.01810729,-0.01810729,,0.00455154,75.0,1.06,,,,,,0.5664001532592955,2.018896194259408,0.42921634158460287,3.608576046934213,0.004,0.0
2025-12-05,DOC,"HEALTHDOC PROPERTIES, INC.",17.02,,,16.48,19.31,15.57,20.04,17.785714285714228,4.240740740740746,2.082758620689656,-1.0899999999999999,-0.5659999999999996,-0.03333687944442698,-1.0986631205555724,0.07083306,0.07083306,,,-0.00110067,-0.00110067,-0.00110067,-0.00110067,-0.00410379,-0.00410379,-0.00410379,-0.00410379,,-0.00677772,25.0,-0.96,,,,,,-0.09832151296788316,-0.22894120452150848,-0.34617752464879414,-0.11170488439422285,-0.0175,-2.0
2025-12-05,ICL,ICL GROUP LTD,5.18,,,4.68,6.23,4.58,7.18,-1.6470588235294088,2.1000000000000014,3.3333333333333353,-0.7300000000000004,-0.5500000000000002,-0.3328594924939153,-0.7671405075060851,-0.07455865,-0.07455865,,,-0.011065,-0.011065,-0.011065,-0.011065,0.02595906,0.025959060000000003,0.025959060000000003,0.025959060000000003,,0.00424164,25.0,-0.8,,,,,,-0.09379316068854038,-0.17483744895140765,-0.346194115156638,-0.003480782746177302,-0.0175,-2.0
2025-12-05,ABBV,ABBVIE INC.,226.08,,,213.47,251.82,193.32,276.84,1.0016106764841233,2.041237113402058,1.5494505494505475,-69.93999999999997,-69.11799999999997,-66.63258856524716,-71.60341143475277,-0.04747408,-0.04747408,,,0.02266858,0.02266858,0.02266858,0.02266858,0.04595513,0.045955130000000004,0.045955130000000004,0.045955130000000004,,-0.00450818,25.0,-0.82,,,,,,-0.08091152221813891,-0.1537798179204216,-0.23460002052187728,-0.07295961531896596,-0.0325,-3.0
2025-12-05,AIZ,"ASSURANT, INC.",222.87,,,213.05,242.52,196.28,255.64,1.576514000434122,2.001018329938902,1.2324182023317027,-62.370000000000005,-61.986000000000004,-60.37992403666576,-63.592075963334246,0.05472323,0.05472323,,,0.01324355,0.013243549999999998,0.013243549999999998,0.013243549999999998,0.0193668,0.0193668,0.0193668,0.0193668,,-0.00339206,25.0,-1.07,,,,,,-0.017334618630786558,-0.1751492417701098,-0.31846462265248865,-0.031833860887730936,-0.0325,-3.0
2025-12-05,FTI,TECHNIPFMC PLC,46.02,,,42.08,51.1,39.25,53.76,1.1532258064516108,1.2893401015228407,1.143279172821269,-4.25,-4.238000000000002,-3.668728535758205,-4.8072714642418,-0.00481463,-0.00481463,,,0.04348327,0.04348327,0.04348327,0.04348327,0.05299152,0.05299152000000001,0.05299152000000001,0.05299152000000001,,-0.00650561,25.0,-0.78,,,,,,-0.05798185945109657,-0.08077823959106449,-0.3038798847421306,0.14232340556000167,-0.0325,-3.0
2025-12-05,HD,"THE HOME DEPOT, INC.",354.61,,,312.85,372.85,300.11,421.26,-1.2952548330404232,-2.2894736842105248,1.2229357798165132,-21.569999999999993,-21.170000000000005,-18.447023687212837,-23.892976312787173,-0.01643256,-0.01643256,,,-0.05720607,-0.05720607,-0.05720607,-0.05720607,-0.00440681,-0.00440681,-0.00440681,-0.00440681,,-0.00573042,25.0,-0.15,,,,,,-0.06602111653086673,-0.06327877572079114,-0.10501486520308267,-0.021542686238499614,-0.0325,-3.0
2025-12-05,MSFT,MICROSOFT ,483.16,,,447.4,512.01,414.24,599.12,,-1.239514731369154,1.6825304701102721,-26.049999999999955,-25.515999999999973,-20.69304654801643,-30.338953451983517,-0.01944917,-0.01944917,,,-0.01167947,-0.01167947,-0.01167947,-0.01167947,0.03618518,0.03618517999999999,0.03618517999999999,0.03618517999999999,,0.00190611,25.0,-0.92,,,,,,-0.15975483315177985,-0.24459860848127066,-0.3426193103802851,-0.14657790658225622,-0.0325,-3.0
2025-12-05,PHM,"PULTEGROUP, INC.",126.99,,,111.24,138.21,104.26,151.26,3.9411764705882635,-1.4037433155080197,1.0677518697756272,-7.5600000000000165,-6.762000000000009,-5.261060294348907,-8.262939705651112,0.0200844,0.0200844,,,-0.0260552,-0.0260552,-0.0260552,-0.0260552,0.02645392,0.026453919999999995,0.026453919999999995,0.026453919999999995,,-0.0082591,25.0,-1.15,,,,,,-0.04166248314903165,-0.11074337559893203,-0.22098783835458274,-0.00049891284328131,-0.0325,-3.0
2025-12-05,UHS,"UNIVERSAL HEALTH SERVICES, INC.",231.08,,,228.37,263.92,202.12,284.5,1.2850356294536784,12.118081180811775,1.8446132596685074,-23.299999999999983,-20.393999999999988,-15.747406624203048,-25.040593375796927,-0.02119948,-0.02119948,,,0.05917609,0.05917609,0.05917609,0.05917609,0.05170319,0.05170319,0.05170319,0.05170319,,-0.00188489,25.0,-0.97,,,,,,-0.09092855481406326,-0.2024013277942187,-0.3174770884565769,-0.0873255671318605,-0.0325,-3.0
2025-12-05,XOM,EXXON MOBIL ,116.54,,,110.74,123.95,102.87,133.57,1.491767881241565,1.2775862068965487,1.2457937088514985,-57.08999999999999,-56.931999999999995,-56.04086589112524,-57.82313410887475,-0.00086299,-0.00086299,,,0.00995055,0.00995055,0.00995055,0.00995055,0.0096473,0.0096473,0.0096473,0.0096473,,-0.0034329,25.0,-0.87,,,,,,-0.1221305164848766,-0.31043023034361095,-0.4930191566352885,-0.12784130405193336,-0.0325,-3.0
2025-12-05,XYZ,"BLOCK, INC.",61.11,,,51.68,72.99,48.26,84.14,,1.2598091198303283,1.7922178988326847,-3.6299999999999955,-2.9659999999999966,-1.348940941090894,-4.583059058909099,-0.09265016,-0.09265016,,,-0.07352498,-0.07352498,-0.07352498,-0.07352498,-0.03057246,-0.03057246,-0.03057246,-0.03057246,,0.00361732,25.0,-0.97,,,,,,-0.3264431124624567,-0.4190213015914064,-0.5139668611921119,-0.3240757419907009,-0.0325,-3.0
2025-12-05,AME,"AMETEK, INC.",199.8,,,185.65,214.08,173.26,224.85,-1.8844743276283644,1.0091872791519432,-1.0594810379241533,-34.53,-36.10200000000001,-34.35750293780701,-37.84649706219301,-0.07519672,-0.07519672,,,0.0208689,0.0208689,0.0208689,0.0208689,0.0055104,0.0055103999999999995,0.0055103999999999995,0.0055103999999999995,,0.00305619,25.0,0.43,,,,,,1.2788557051627345,6.242008104711314,-2.49555576288663,14.979571972309257,-0.0485,-4.0
2025-12-05,CMRE,COSTAMARE INC.,16.13,,,13.92,18.07,11.63,19.42,2.096774193548391,-1.1391752577319576,-1.367781155015196,-1.0,-1.1399999999999995,-0.8244845487143297,-1.4555154512856692,0.0523371,0.0523371,,,0.06012639,0.060126389999999995,0.060126389999999995,0.060126389999999995,0.03541065,0.035410649999999995,0.035410649999999995,0.035410649999999995,,0.00884034,75.0,1.12,,,,,,0.5696115161189546,8.47151504258151,-2.37575756828131,19.318787653444332,-0.0485,-4.0
2025-12-05,JNK,SPDR BBG HIGH YIELD BD,97.29,,,93.75,100.35,91.49,102.27,-1.1057692307692344,-1.1568627450980458,-1.1646586345381573,-7.849999999999994,-7.957999999999998,-7.813189779366227,-8.10281022063377,-0.0124092,-0.0124092,,,-0.00416061,-0.00416061,-0.00416061,-0.00416061,-0.00690148,-0.006901480000000001,-0.006901480000000001,-0.006901480000000001,,0.0010838,25.0,0.68,,,,,,7.445703809942222,995.1800565148692,-717.8056940253307,2708.1658070550693,-0.0485,-4.0
2025-12-05,SNPS,"SYNOPSYS, INC.",466.76,,,313.25,494.84,330.98,534.85,-4.464313123561004,-5.466880341880344,-1.9941254222352756,-22.55000000000001,-32.39399999999999,-19.761204189095753,-45.02679581090423,-0.06893935,-0.06893935,,,-0.16402248,-0.16402248,-0.16402248,-0.16402248,-0.04929092,-0.04929092000000001,-0.04929092000000001,-0.04929092000000001,,0.03268427,25.0,0.35,,,,,,0.4910703343219298,1.0221144923395393,-0.04820527754658843,2.092434262225667,-0.0485,-4.0
2025-12-05,SWKS,"SKYWORKS SOLUTIONS, INC.",69.32,,,57.21,77.1,51.01,84.64,10.440000000000026,-1.556555269922878,-1.1951697127937329,5.579999999999991,4.613999999999997,6.095495865670909,3.1325041343290856,0.08472821,0.08472821,,,0.0139553,0.0139553,0.0139553,0.0139553,-0.07179168,-0.07179168000000001,-0.07179168000000001,-0.07179168000000001,,0.01125095,25.0,0.09,,,,,,0.3066060125420187,0.33995907880351434,0.10760990672378246,0.5723082508832462,-0.0485,-4.0
2025-12-05,ALGN,"ALIGN TECHNOLOGY, INC.",157.21,,,132.82,170.6,113.39,175.27,2.4773869346733446,-1.8215085884988826,-2.426356589147287,15.800000000000011,11.930000000000007,16.391361899689386,7.468638100310629,0.06169688,0.06169688,,,0.02411155,0.02411155,0.02411155,0.02411155,-0.07506466,-0.07506466,-0.07506466,-0.07506466,,0.01999125,75.0,0.84,,,,,,0.8066906074847111,6.609379775543172,-2.9612992297521608,16.180058780838504,-0.0485,-5.0
2025-12-05,ANET,"ARISTA NETWORKS, INC.",128.59,,,108.29,144.71,100.99,192.44,-2.7250000000000014,-1.2593052109181135,2.3134057971014483,-19.94999999999999,-20.485999999999986,-19.916675839262005,-21.055324160737968,-0.01756462,-0.01756462,,,-0.01292394,-0.01292394,-0.01292394,-0.01292394,0.11116719,0.11116718999999999,0.11116718999999999,0.11116718999999999,,-0.00701025,25.0,-1.03,,,,,,3.775023397723767,3.1197028886263536,2.398100017032916,3.8413057602197913,-0.056,-5.0
2025-12-05,BIIB,BIOGEN INC.,181.3,,,168.49,206.15,133.15,211.15,1.1424090338770376,1.939890710382513,-1.6130653266331663,-24.28,-25.18200000000001,-23.574075872436772,-26.789924127563246,0.00102576,0.00102576,,,0.07460619,0.07460619,0.07460619,0.07460619,-0.05638815,-0.05638814999999999,-0.05638814999999999,-0.05638814999999999,,0.00225816,75.0,0.53,,,,,,1.6802263932929171,2.0637648197820813,1.4938832640086774,2.633646375555485,-0.0485,-5.0
2025-12-05,CMCSA,COMCAST ,27.31,,,24.1,28.26,22.38,31.05,,-3.3789473684210396,-1.3181818181818175,2.039999999999999,1.8379999999999996,2.16946643872344,1.5065335612765591,0.12773695,0.12773695,,,-0.07221757,-0.07221757,-0.07221757,-0.07221757,-0.0686572,-0.06865719999999999,-0.06865719999999999,-0.06865719999999999,,0.00801303,25.0,0.39,,,,,,0.6101625813318163,4.581312343234923,-2.6049337176329592,11.767558404102804,-0.0485,-5.0
2025-12-05,CMI,CUMMINS INC.,510.65,,,473.2,551.66,417.93,602.86,-1.3859623941438195,1.095060080106809,-1.0055308534866059,-155.83000000000004,-161.11,-154.73320221427716,-167.48679778572287,-0.063251,-0.063251,,,0.05751083,0.05751083,0.05751083,0.05751083,0.0751765,0.0751765,0.0751765,0.0751765,,0.00830398,75.0,1.0,,,,,,1.6901542226670587,5.451377245625479,0.23940041183746796,10.663354079413491,-0.0485,-5.0
2025-12-05,DAL,"DELTA AIR LINES, INC.",67.1,,,57.01,71.21,50.71,80.01,-1.459574468085098,-2.4549878345498777,-1.2695584817970549,-4.480000000000004,-5.356,-3.8661241662474066,-6.845875833752594,0.0027623,0.0027623,,,0.0070962,0.0070961999999999996,0.0070961999999999996,0.0070961999999999996,0.03306531,0.03306531000000001,0.03306531000000001,0.03306531000000001,,-0.00324042,25.0,0.32,,,,,,0.18832438732619483,0.4104637074594751,0.08570062542603762,0.7352267894929125,-0.0485,-5.0
2025-12-05,DOV,DOVER ,191.09,,,170.34,204.94,159.34,213.9,,-1.498194945848376,-1.3919333625602803,4.800000000000011,2.584000000000003,5.219987481002148,-0.05198748100214168,0.0232201,0.0232201,,,0.01010669,0.01010669,0.01010669,0.01010669,0.00017232,0.00017232,0.00017232,0.00017232,,0.0073726,25.0,0.56,,,,,,0.8345208975858767,7.696137272897481,-4.281861463348077,19.67413600914304,-0.0485,-5.0
2025-12-05,ENZL,ISHARES:MSCI NEW ZLND,45.995,,,42.94,48.54,41.94,48.44,-2.325301204819273,-1.200392927308447,-1.6584867075664618,-0.3850000000000051,-0.48720000000000424,-0.2257651515195454,-0.748634848480463,-0.01115292,-0.01115292,,,0.01283653,0.012836530000000002,0.012836530000000002,0.012836530000000002,-0.01170434,-0.01170434,-0.01170434,-0.01170434,,0.00052076,25.0,0.46,,,,,,3.4814653655965637,69.62460810168024,-46.207386531170954,185.45660273453143,-0.0485,-5.0
2025-12-05,EWU,ISHARES:MSCI UK,43.22,,,40.76,44.86,39.48,46.91,1.202672605790645,-1.5,-1.013550135501356,-5.5,-5.511999999999999,-5.274787015532452,-5.749212984467546,0.00536082,0.00536082,,,-0.00369553,-0.00369553,-0.00369553,-0.00369553,0.0075378,0.0075378,0.0075378,0.0075378,,-0.00024936,75.0,1.1,,,,,,1.0592140401278658,1.4053484763714048,0.9772908578795925,1.8334060948632172,-0.0485,-5.0
2025-12-05,EXPE,"EXPEDIA GROUP, INC.",263.43,,,232.72,292.97,205.45,319.55,11.955719557195653,-1.03960731211916,-1.0331432644333574,-10.009999999999991,-12.063999999999998,-9.535595364661734,-14.592404635338262,0.11998011,0.11998011,,,0.03477574,0.03477574,0.03477574,0.03477574,0.04128214,0.04128214,0.04128214,0.04128214,,0.00253481,25.0,0.65,,,,,,0.08957625151170534,0.14726090284361906,0.09294004416774271,0.20158176151949542,-0.0485,-5.0
2025-12-05,GPN,GLOBAL PAYMENTS INC.,78.85,,,67.34,85.46,60.85,88.36,,-1.7413010590015117,-1.8927444794952664,7.199999999999989,7.04599999999999,8.524455274940696,5.5675447250592836,0.04658913,0.04658913,,,-0.00588964,-0.00588964,-0.00588964,-0.00588964,-0.09299551,-0.09299551,-0.09299551,-0.09299551,,0.01495912,75.0,0.79,,,,,,0.19211321524845548,0.4994025475691966,0.063083762970916,0.9357213321674772,-0.0485,-5.0
2025-12-05,GWW,"W.W. GRAINGER, INC.",975.54,,,894.9,995.89,830.35,1109.71,1.218617021276603,-3.9626535626535575,-1.082134605351419,-19.540000000000077,-30.754000000000065,-18.690694897334396,-42.817305102665735,0.02416996,0.02416996,,,-0.01555955,-0.01555955,-0.01555955,-0.01555955,0.02078468,0.02078468,0.02078468,0.02078468,,0.00284638,25.0,0.2,,,,,,0.36048641336081255,0.5682211523784354,-0.05550216381591966,1.1919444685727905,-0.0485,-5.0
2025-12-05,HYG,ISHARES:IBOXX $HY CORP,80.75,,,77.15,84.31,75.89,85.31,-1.612980769230769,-1.0112359550561776,-1.06578947368421,-6.920000000000002,-7.014000000000001,-6.897038467862294,-7.130961532137708,-0.03431049,-0.03431049,,,-0.00033003,-0.00033003,-0.00033003,-0.00033003,-0.00229541,-0.00229541,-0.00229541,-0.00229541,,0.0011287,75.0,0.93,,,,,,2.963858166246843,3.181631801579433,2.741092834766453,3.622170768392413,-0.0485,-5.0
2025-12-05,IEX,IDEX ,177.54,,,164.29,187.96,147.98,194.62,2.462566844919801,-1.2715930902111305,-1.730679156908664,1.7800000000000011,1.1440000000000055,3.0811448061515807,-0.7931448061515698,0.03425389,0.03425389,,,0.01866995,0.01866995,0.01866995,0.01866995,-0.02641774,-0.02641774,-0.02641774,-0.02641774,,0.00486769,75.0,0.58,,,,,,0.26953851274034313,0.5320220620477562,0.22865009092905597,0.8353940331664563,-0.0485,-5.0
2025-12-05,INCY,INCYTE ,102.52,,,94.26,115.92,86.75,125.91,-1.2239583333333317,1.6222760290556926,1.4831959416613827,-14.100000000000009,-15.028000000000006,-14.257467716445317,-15.798532283554694,0.00409077,0.00409077,,,0.02839119,0.02839119,0.02839119,0.02839119,0.07835211,0.07835210999999999,0.07835210999999999,0.07835210999999999,,-0.00490094,75.0,1.15,,,,,,1.0049469261443087,3.726078191571567,1.3325049818974364,6.119651401245697,-0.057,-5.0
2025-12-05,ITW,ILLINOIS TOOL WORKS INC.,249.7,,,232.86,260.25,220.68,275.51,1.6341463414634672,-1.596208530805683,-1.124370399070127,0.75,0.0480000000000075,1.0944798134699023,-0.9984798134698872,0.00510969,0.00510969,,,-0.01104824,-0.01104824,-0.01104824,-0.01104824,-0.00054198,-0.00054198,-0.00054198,-0.00054198,,-0.00015998,25.0,0.24,,,,,,1.9773481047423687,2.6899924960863193,1.2684108530994267,4.111574139073212,-0.0485,-5.0
2025-12-05,KMX,"CARMAX, INC.",38.82,,,27.97,43.72,27.73,45.54,-1.6380368098159495,-2.2142857142857153,-1.6502976190476193,0.5200000000000031,0.5020000000000039,0.6784086165696033,0.32559138343040445,-0.03728375,-0.03728375,,,-0.15802223,-0.15802223,-0.15802223,-0.15802223,-0.09192345,-0.09192345,-0.09192345,-0.09192345,,0.00589606,25.0,0.44,,,,,,5.9943736808498835,7.9082860126243055,5.0000986401275735,10.816473385121038,-0.0485,-5.0
2025-12-05,NDSN,NORDSON ,238.93,,,226.45,249.11,199.33,267.08,,-1.2259332023575649,-1.4067495559502674,5.930000000000007,4.498000000000002,6.164049218960836,2.8319507810391684,-0.00601403,-0.00601403,,,0.0103223,0.0103223,0.0103223,0.0103223,-0.03016777,-0.03016777,-0.03016777,-0.03016777,,-0.00283061,25.0,0.36,,,,,,3.2993830005642666,5.306010449152745,1.3044312572606014,9.307589641044888,-0.0485,-5.0
2025-12-05,NSC,NORFOLK SOUTHERN ,294.19,,,273.11,309.42,257.06,330.58,,-1.384110308601442,-1.0203352569387196,-6.350000000000023,-7.550000000000023,-5.389768530920835,-9.710231469079211,-0.00739496,-0.00739496,,,0.00688794,0.00688794,0.00688794,0.00688794,0.01683495,0.01683495,0.01683495,0.01683495,,-0.00063989,75.0,1.1,,,,,,0.8396614717342696,4.245690497666263,0.18024969131653634,8.311131304015989,-0.0485,-5.0
2025-12-05,PPG,"PPG INDUSTRIES, INC.",101.03,,,91.49,105.3,84.71,107.89,1.4999999999999956,-2.2341920374707294,-2.3790087463556864,5.040000000000006,4.640000000000006,5.232241504793449,4.047758495206563,0.01202013,0.01202013,,,-0.02836316,-0.02836316,-0.02836316,-0.02836316,-0.06325902,-0.06325902,-0.06325902,-0.06325902,,0.00172455,25.0,0.11,,,,,,0.7500786222821061,0.7608614919302927,0.11314774418127538,1.40857523967931,-0.0485,-5.0
2025-12-05,ROST,"ROSS STORES, INC.",177.87,,,168.06,190.0,152.17,198.89,-1.6720368239355587,1.2364933741080522,-1.2226450999048544,-18.53,-18.794000000000004,-18.43913382804218,-19.148866171957827,-0.03250294,-0.03250294,,,0.02760238,0.02760238,0.02760238,0.02760238,0.01893473,0.01893473,0.01893473,0.01893473,,0.0010404,25.0,0.64,,,,,,1.7311257399230988,3.466420861094942,0.592118158652609,6.340723563537274,-0.0485,-5.0
2025-12-05,SWK,"STANLEY BLACK & DECKER, INC.",72.47,,,61.0,78.13,54.81,80.73,1.0539682539682544,-2.0265017667844534,-2.1380145278450344,3.469999999999999,2.8019999999999983,3.6681812743300304,1.935818725669966,0.01827307,0.01827307,,,-0.02845772,-0.02845772,-0.02845772,-0.02845772,-0.07567421,-0.07567421,-0.07567421,-0.07567421,,0.0084597,25.0,0.2,,,,,,1.1143616176461246,1.6476343663522048,0.9643314100172669,2.330937322687143,-0.0485,-5.0
2025-12-05,SYF,SYNCHRONY FINANCIAL,80.36,,,71.26,83.19,63.77,96.04,-3.402777777777787,-3.2155477031802118,-1.0580357142857135,-5.570000000000007,-6.5620000000000065,-5.553055006454766,-7.570944993545247,0.00082073,0.00082073,,,-0.00350565,-0.00350565,-0.00350565,-0.00350565,0.05894914,0.058949140000000004,0.058949140000000004,0.058949140000000004,,0.00719669,75.0,0.99,,,,,,1.442945247316631,1.959864027922076,1.3834191100885067,2.5363089457556454,-0.0485,-5.0
2025-12-05,XLI,SEL SECTOR:INDUST SPDR,154.58,,,142.77,160.17,134.84,173.75,-1.09643080776456,-2.1127012522361457,-1.0297339593114252,-19.69999999999999,-20.68,-19.205907058561092,-22.154092941438908,-0.01228362,-0.01228362,,,-0.01542238,-0.01542238,-0.01542238,-0.01542238,0.00937232,0.009372320000000002,0.009372320000000002,0.009372320000000002,,0.0020168,75.0,1.09,,,,,,0.6411260573524693,6.425813359284022,-1.593716974796652,14.445343693364695,-0.0485,-5.0
2025-12-05,AMD,"ADVANCED MICRO DEVICES, INC.",217.97,,,177.92,275.13,170.43,316.65,-1.1158301158301127,1.4272159800249682,2.0757257046697517,-28.419999999999987,-29.07999999999999,-27.306867179255875,-30.853132820744108,-0.00493795,-0.00493795,,,0.08193587,0.08193587,0.08193587,0.08193587,0.08260522,0.08260522,0.08260522,0.08260522,,0.01454221,75.0,-0.69,,,,,,1.0799652956439796,0.8176789339976143,0.44302981322473445,1.1923280547704942,-0.056,-6.0
2025-12-05,ATO,ATMOS ENERGY ,171.29,,,166.03,182.96,162.72,198.04,-1.5558912386706956,2.218631178707231,3.12135355892649,-16.680000000000007,-16.932,-16.32646717677735,-17.537532823222648,-0.01023675,-0.01023675,,,0.00498744,0.00498744,0.00498744,0.00498744,0.06354954,0.06354954,0.06354954,0.06354954,,-0.00234729,25.0,-0.82,,,,,,0.29674329363205,0.1189422994493005,-0.19013804823312208,0.4280226471317231,-0.056,-6.0
2025-12-05,AVGO,BROADCOM INC.,390.24,,,335.63,439.9,320.37,503.32,1.1417139907072784,-1.099677809101894,1.6184342350078715,-228.24,-234.574,-230.40753507155048,-238.74046492844954,-0.02410415,-0.02410415,,,0.02929866,0.029298659999999997,0.029298659999999997,0.029298659999999997,0.1437142,0.1437142,0.1437142,0.1437142,,-0.02218285,75.0,1.15,,,,,,1.070472317615741,2.777879173535647,1.299094916340269,4.256663430731026,-0.057,-6.0
2025-12-05,CHTR,"CHARTER COMMUNICATIONS, INC.",205.1,,,175.48,217.39,154.87,257.63,-1.072284908321579,-2.4100895036615153,1.0457893689030462,-8.189999999999998,-13.350999999999994,-10.166827423018653,-16.535172576981335,0.02570264,0.02570264,,,-0.05915379,-0.05915379,-0.05915379,-0.05915379,-0.06467561,-0.06467561,-0.06467561,-0.06467561,,0.00662284,75.0,1.15,,,,,,1.5028346774835462,3.184349134969162,1.6962924884023287,4.672405781535995,-0.057,-6.0
2025-12-05,EBAY,EBAY INC.,82.47,,,74.7,89.27,73.36,103.21,1.2829046898638434,-1.1426470588235293,2.27661909989023,-16.060000000000002,-16.082,-15.69622804663895,-16.46777195336105,0.01759115,0.01759115,,,-0.00437816,-0.00437816,-0.00437816,-0.00437816,0.09756073,0.09756073,0.09756073,0.09756073,,0.01203511,25.0,-0.78,,,,,,0.7677096122911937,1.1970122801412784,0.6733629194569467,1.7206616408256101,-0.056,-6.0
2025-12-05,EQIX,"EQUINIX, INC.",741.58,,,669.4,815.71,654.63,877.55,-1.058172559004995,1.0270157938487106,1.5637722829212173,-89.76999999999998,-99.14000000000001,-93.01657775422926,-105.26342224577077,-0.00049244,-0.00049244,,,-0.01637586,-0.01637586,-0.01637586,-0.01637586,-0.01523456,-0.01523456,-0.01523456,-0.01523456,,-2.68e-05,75.0,1.09,,,,,,0.022778877962575494,0.34134687790257406,0.032489776805198156,0.65020397899995,-0.057,-6.0
2025-12-05,FFIV,"F5, INC.",248.12,,,201.53,268.78,201.36,303.51,1.986559139784947,-2.2550822846079415,1.1845594525235243,-16.96999999999997,-23.255999999999972,-19.229906359757607,-27.282093640242337,0.10773177,0.10773177,,,-0.05633199,-0.05633199,-0.05633199,-0.05633199,0.06131572,0.06131572,0.06131572,0.06131572,,0.00817304,75.0,1.14,,,,,,1.3382183130613323,1.9489984754247462,1.4199280093660847,2.478068941483408,-0.057,-6.0
2025-12-05,GREK,GLBL X MSCI GREECE,66.45,,,62.47,69.55,60.2,75.14,1.6075085324232061,-1.283870967741939,1.3903999999999996,-7.349999999999994,-7.391999999999996,-7.246157619328258,-7.537842380671734,0.02477405,0.02477405,,,0.00508311,0.00508311,0.00508311,0.00508311,0.06124723,0.06124722999999999,0.06124722999999999,0.06124722999999999,,0.00148958,25.0,-0.83,,,,,,3.1786175486887265,2.551251037630943,1.702944190347627,3.399557884914259,-0.071,-6.0
2025-12-05,IRM,IRON MOUNTAIN INC.,84.31,,,74.06,95.86,69.28,116.27,-12.418803418803401,1.1268292682926826,2.1264138389886886,-18.209999999999994,-18.675999999999995,-17.676560156887863,-19.675439843112127,-0.16134062,-0.16134062,,,0.00215597,0.00215597,0.00215597,0.00215597,0.02051018,0.02051018,0.02051018,0.02051018,,0.00062229,75.0,0.05,,,,,,0.7198469743482137,0.9932647577756284,0.5975986371489903,1.3889308784022665,-0.056,-6.0
2025-12-05,ISRG,"INTUITIVE SURGICAL, INC.",575.34,,,511.73,679.37,491.06,677.12,-2.054178145087239,1.6354346800817474,1.2076411960132882,-41.50999999999999,-47.096000000000004,-43.84448804400168,-50.34751195599833,0.00121991,0.00121991,,,0.06736951,0.06736951,0.06736951,0.06736951,0.05213244,0.05213244,0.05213244,0.05213244,,0.01354107,75.0,1.14,,,,,,2.2158406873158416,5.01227837073243,2.5054749381212975,7.519081803343562,-0.057,-6.0
2025-12-05,NVDA,NVIDIA ,182.41,,,163.26,202.14,150.27,264.36,3.799999999999997,1.0302872062663178,2.5497822028624784,-32.05000000000001,-33.10800000000001,-31.495619771890027,-34.720380228109995,0.03265323,0.03265323,,,0.0410003,0.0410003,0.0410003,0.0410003,0.15371598,0.15371598,0.15371598,0.15371598,,0.00445125,25.0,-0.21,,,,,,0.7040073490869612,0.7118362754075577,0.5403224357530471,0.8833501150620683,-0.056,-6.0
2025-12-05,PYPL,"PAYPAL HOLDINGS, INC.",62.28,,,55.46,68.66,51.31,77.78,4.124223602484474,-1.0689655172413801,1.4129443938012765,-3.3900000000000006,-3.5240000000000022,-2.8590338354472493,-4.188966164552755,0.14446217,0.14446217,,,-0.00245635,-0.00245635,-0.00245635,-0.00245635,0.00424773,0.004247729999999999,0.004247729999999999,0.004247729999999999,,0.00379741,25.0,-0.93,,,,,,0.12611582686829825,0.020223956108492442,-0.1127749270828481,0.153222839299833,-0.071,-6.0
2025-12-05,ROL,"ROLLINS, INC.",61.4,,,57.07,65.33,54.2,68.71,-2.571428571428574,-1.1017811704834601,1.0152777777777777,-9.919999999999995,-10.431999999999993,-10.00783022267021,-10.856169777329777,-0.0711855,-0.0711855,,,0.00849874,0.00849874,0.00849874,0.00849874,0.0307907,0.0307907,0.0307907,0.0307907,,0.00211185,75.0,1.15,,,,,,0.03787050797736491,563.6330329191247,59.49703876912463,1067.7690270691248,-0.057,-6.0
2025-12-05,TMUS,"T-MOBILE US, INC.",209.63,,,193.11,215.83,180.99,252.93,68.02439024390304,-2.664516129032248,1.5118715083798895,-9.689999999999998,-10.738,-9.356218541157828,-12.119781458842171,0.12965454,0.12965454,,,-0.04000783,-0.04000783,-0.04000783,-0.04000783,0.04992681,0.049926809999999995,0.049926809999999995,0.049926809999999995,,-0.00250723,25.0,-0.86,,,,,,0.3716638651070183,0.1334370757762601,-0.11836150591067071,0.3852356574631909,-0.071,-6.0
2025-12-05,XLC,SEL SECTOR:COMM SVC SPDR,117.13,,,108.35,121.09,103.84,131.31,2.0933028048082423,-2.217171717171713,1.06696764484575,-22.75,-24.253999999999998,-23.346542011991737,-25.16145798800826,0.13707777,0.13707777,,,-0.00762624,-0.007626240000000001,-0.007626240000000001,-0.007626240000000001,0.04288389,0.04288389,0.04288389,0.04288389,,7.99e-05,75.0,1.14,,,,,,0.7927311841407654,1.612450674287728,0.8769207327501074,2.3479806158253487,-0.057,-6.0
2025-12-05,AES,THE AES ,13.92,,,13.02,15.32,11.54,16.35,1.9047619047619069,1.5555555555555554,1.021008403361345,-0.15000000000000036,-0.16799999999999998,-0.057229967951616306,-0.2787700320483837,0.01876896,0.01876896,,,0.02946423,0.02946423,0.02946423,0.02946423,-0.0257965,-0.0257965,-0.0257965,-0.0257965,,0.01305564,25.0,-0.04,,,,,,0.18479889400612048,1.5909624911245637,0.17998228533407468,3.0019426969150524,-0.071,-7.0
2025-12-05,AFL,AFLAC INC.,109.28,,,105.03,118.66,97.92,128.79,-1.5902777777777781,2.207058823529411,1.717429577464788,-23.629999999999995,-23.721999999999998,-23.45168536850551,-23.992314631494484,-0.06800117,-0.06800117,,,0.02450349,0.02450349,0.02450349,0.02450349,0.0395288,0.0395288,0.0395288,0.0395288,,0.00014646,25.0,-0.95,,,,,,1.1590839244033582,0.9659362308367241,0.5995765960164443,1.3322958656570039,-0.071,-7.0
2025-12-05,AXP,AMERICAN EXPRESS COMPANY,370.35,,,333.73,397.61,316.29,433.93,-2.034113712374585,-1.3433602347762295,1.1761006289308173,-48.19999999999999,-52.42200000000001,-47.16923691758329,-57.67476308241673,-0.02862537,-0.02862537,,,0.01043274,0.01043274,0.01043274,0.01043274,0.05415018,0.05415018,0.05415018,0.05415018,,0.00231505,75.0,-0.53,,,,,,0.5570517047967374,0.4138254214344592,0.1598397935241711,0.6678110493447473,-0.071,-7.0
2025-12-05,BAC,BANK OF AMERICA ,53.95,,,49.72,57.23,46.85,62.43,-3.504347826086962,-1.289634146341467,1.1943661971830979,-6.039999999999999,-6.264000000000001,-5.791104662742379,-6.736895337257623,-0.05500161,-0.05500161,,,0.00284655,0.00284655,0.00284655,0.00284655,0.03002861,0.03002861,0.03002861,0.03002861,,0.00241681,75.0,-0.69,,,,,,0.40197753405574943,0.3447304364905412,0.16308309006093807,0.5263777829201444,-0.071,-7.0
2025-12-05,CBRE,"CBRE GROUP, INC.",160.86,,,148.69,175.35,136.91,194.57,1.2245475113122155,1.1906327033689368,1.4075156576200398,-32.809999999999974,-33.01399999999998,-31.707122040892862,-34.3208779591071,0.00818563,0.00818563,,,0.01696343,0.01696343,0.01696343,0.01696343,0.0675634,0.0675634,0.0675634,0.0675634,,0.00567641,25.0,-1.09,,,,,,0.3754744436041648,0.21274021354032904,0.04935035321609524,0.3761300738645629,-0.071,-7.0
2025-12-05,CFG,"CITIZENS FINANCIAL GROUP, INC.",55.46,,,50.07,58.5,47.46,63.51,-1.9744897959183665,-1.7730263157894743,1.0062499999999996,-18.499999999999993,-18.70799999999999,-18.111577331081378,-19.304422668918605,-0.13003406,-0.13003406,,,-6.021e-05,-6.021000000000001e-05,-6.021000000000001e-05,-6.021000000000001e-05,0.05709085,0.057090850000000005,0.057090850000000005,0.057090850000000005,,0.00437744,75.0,0.05,,,,,,0.27263692051318533,0.3529165424310717,0.18035226528768997,0.5254808195744534,-0.071,-7.0
2025-12-05,CHD,"CHURCH & DWIGHT CO., INC.",84.52,,,77.93,86.36,74.58,96.1,-1.6296296296296167,-3.581521739130422,1.1649899396378272,-0.9500000000000028,-1.3699999999999988,-0.9286951167276775,-1.81130488327232,0.00655085,0.00655085,,,-0.04510991,-0.04510991,-0.04510991,-0.04510991,0.00820416,0.00820416,0.00820416,0.00820416,,-0.00213582,75.0,-0.64,,,,,,0.7218579536062595,0.5329094541274063,0.2572749054008681,0.8085440028539446,-0.071,-7.0
2025-12-05,EIX,EDISON INTERNATIONAL,58.09,,,54.14,61.98,45.11,71.24,-6.04651162790698,-1.015424164524424,1.0130970724191053,-14.200000000000003,-14.648000000000007,-14.196258923718469,-15.099741076281544,-0.20267687,-0.20267687,,,-0.01641749,-0.01641749,-0.01641749,-0.01641749,-0.02033132,-0.02033132,-0.02033132,-0.02033132,,-0.00066569,75.0,-0.69,,,,,,0.6174155586267596,0.5357774387098725,0.3828354702720992,0.6887194071476458,-0.071,-7.0
2025-12-05,ETN,EATON  PUBLIC LIMITED COMPANY,337.66,,,304.17,365.15,279.97,439.45,,-1.218261185885779,1.7644305772230884,-31.46999999999997,-32.13399999999999,-29.45624347634069,-34.8117565236593,-0.05521448,-0.05521448,,,-0.00941478,-0.00941478,-0.00941478,-0.00941478,0.03515184,0.03515184,0.03515184,0.03515184,,0.00018293,25.0,-1.01,,,,,,0.39526877811383065,0.17130699974642927,-0.04052857180610203,0.38314257129896057,-0.071,-7.0
2025-12-05,HYD,VANECK:HIGH YIELD MUNI,50.885,,,48.74,53.66,48.26,53.55,1.3892537313432842,1.2937062937062955,1.0152380952380948,-9.745000000000005,-9.753000000000004,-9.707778323781625,-9.798221676218382,0.02634971,0.02634971,,,0.00398356,0.00398356,0.00398356,0.00398356,-0.00435306,-0.00435306,-0.00435306,-0.00435306,,-0.00647133,25.0,-0.94,,,,,,2.991133922293034,1.3736805481765775,-0.046949487960350256,2.7943105843135054,-0.071,-7.0
2025-12-05,IBM,INTERNATIONAL BUSINESS MACHINES ,307.94,,,288.17,338.34,267.85,381.43,-2.3843498273877994,1.5376833586241783,1.8331254676976816,-47.93000000000001,-50.67,-47.760300702821674,-53.57969929717833,-0.02750686,-0.02750686,,,0.05236948,0.05236948,0.05236948,0.05236948,0.0893271,0.0893271,0.0893271,0.0893271,,0.00243872,25.0,-0.18,,,,,,0.29037966099954815,0.2873518866650851,0.08433689593555588,0.4903668773946143,-0.071,-7.0
2025-12-05,JPM,JPMORGAN CHASE & CO.,315.04,,,285.05,331.8,279.05,367.44,-1.7337019120018446,-1.7893794749403356,1.4559599888858006,-120.19999999999999,-123.226,-119.60217881235842,-126.84982118764158,-0.12875916,-0.12875916,,,-0.00484807,-0.00484807,-0.00484807,-0.00484807,0.06534193,0.06534193,0.06534193,0.06534193,,-9.16e-05,75.0,-0.58,,,,,,0.6340297849795158,0.5229140660598218,0.3209274002873488,0.7249007318322949,-0.071,-7.0
2025-12-05,K,KELLANOVA,83.14,,,77.87,91.05,74.54,97.6,-6.531468531468567,1.500948766603416,1.6813953488372098,-15.319999999999993,-15.333999999999994,-15.301906386928227,-15.366093613071762,-0.10254662,-0.10254662,,,0.02029197,0.02029197,0.02029197,0.02029197,0.04955554,0.04955554,0.04955554,0.04955554,,0.00121764,75.0,-0.44,,,,,,20.775941182147587,18.105687240389926,13.69163306535217,22.51974141542768,-0.071,-7.0
2025-12-05,MP,MP MATERIALS CORP,62.09,,,49.0,73.6,42.35,93.69,-2.0151006711409427,-1.1372719374457005,1.6008105369807493,-20.39,-22.172000000000004,-20.361373036763236,-23.982626963236772,-0.06798675,-0.06798675,,,0.00966522,0.00966522,0.00966522,0.00966522,0.12444279,0.12444279000000001,0.12444279000000001,0.12444279000000001,,0.01421623,25.0,-0.98,,,,,,0.18352231864461754,-0.061031310663846594,-0.31257542160969054,0.19051280028199735,-0.071,-7.0
2025-12-05,MPWR,"MONOLITHIC POWER SYSTEMS, INC.",963.275,,,829.82,1053.17,740.25,1245.26,1.424274039297515,-1.4845653262139138,1.2643649815043159,-63.504999999999995,-75.86699999999999,-62.475205124032115,-89.25879487596787,0.0370658,0.0370658,,,0.04352195,0.04352195,0.04352195,0.04352195,0.05927597,0.059275970000000004,0.059275970000000004,0.059275970000000004,,0.00911043,25.0,-0.86,,,,,,1.094925028266855,0.9650083316591042,0.7980947094048246,1.1319219539133836,-0.071,-7.0
2025-12-05,NTRS,NORTHERN TRUST ,133.21,,,121.33,139.66,115.01,152.97,1.0993690851735007,-1.8418604651162838,1.085714285714285,-25.92999999999998,-27.141999999999985,-25.871263992797857,-28.412736007202113,0.00961423,0.00961423,,,-0.00682843,-0.006828429999999999,-0.006828429999999999,-0.006828429999999999,0.04168406,0.04168406,0.04168406,0.04168406,,0.00398032,25.0,-0.8,,,,,,0.8370259080922919,0.5531891105101739,0.2938007293921469,0.8125774916282009,-0.071,-7.0
2025-12-05,PAYC,"PAYCOM SOFTWARE, INC.",165.72,,,138.53,172.63,134.1,207.04,1.3578091365701987,-3.9348769898697555,1.3067678684376973,-50.099999999999994,-51.78399999999999,-49.73194493251277,-53.836055067487216,0.01723986,0.01723986,,,-0.10241676,-0.10241676,-0.10241676,-0.10241676,-0.01316339,-0.013163389999999999,-0.013163389999999999,-0.013163389999999999,,0.0090584,75.0,-0.31,,,,,,1.3695430559758348,1.204524361793159,0.7731930284096393,1.6358556951766785,-0.071,-7.0
2025-12-05,PAYX,"PAYCHEX, INC.",112.06,,,99.6,117.67,98.92,125.91,1.1028315946348708,-2.221033868092693,1.0540334855403344,-5.679999999999993,-6.032999999999992,-4.894834809880387,-7.171165190119598,0.00413639,0.00413639,,,-0.05786186,-0.05786186,-0.05786186,-0.05786186,-0.01038704,-0.01038704,-0.01038704,-0.01038704,,0.00580466,25.0,-0.48,,,,,,0.2778995730013625,0.24173385772740233,0.19022254240493522,0.2932451730498694,-0.071,-7.0
2025-12-05,SPGI,S&P GLOBAL INC.,498.52,,,457.13,524.8,436.33,567.14,-1.4969177164299083,-1.5749619482496207,1.103392828429008,-62.889999999999986,-65.03599999999997,-61.67584672968625,-68.3961532703137,-0.03942034,-0.03942034,,,-0.02292731,-0.02292731,-0.02292731,-0.02292731,0.00721763,0.00721763,0.00721763,0.00721763,,0.00522381,25.0,-0.92,,,,,,0.09138025611236245,-0.12628871492642238,-0.32644178402743684,0.07386435417459208,-0.071,-7.0
2025-12-05,TSCO,TRACTOR SUPPLY COMPANY,54.08,,,49.96,56.55,47.67,64.15,-3.388888888888891,-1.6680161943319836,1.5709828393135745,-4.010000000000005,-4.208000000000004,-3.75797777832645,-4.658022221673558,-0.01982986,-0.01982986,,,-0.02656714,-0.02656714,-0.02656714,-0.02656714,0.04174172,0.04174172,0.04174172,0.04174172,,-0.00210587,25.0,-0.73,,,,,,0.301760367026058,0.14130660297989764,-0.2611735019748699,0.5437867079346651,-0.071,-7.0
2025-12-05,TSLA,"TESLA, INC.",455.0,,,380.85,503.56,330.99,607.41,-1.0374971244536455,-1.5269769357495877,1.2290137892105473,-122.48000000000002,-134.35000000000002,-121.64605179481595,-147.0539482051841,0.00500876,0.00500876,,,0.04396301,0.04396301,0.04396301,0.04396301,0.0685237,0.0685237,0.0685237,0.0685237,,0.00983932,25.0,-0.73,,,,,,0.45647522658269857,0.27106711203339945,0.03057466211251078,0.5115595619542881,-0.071,-7.0
2025-12-05,TTD,"THE TRADE DESK, INC.",40.05,,,33.61,43.27,27.55,58.27,-1.0962962962962928,-1.9999999999999956,1.457600000000001,2.4199999999999946,1.8779999999999972,2.45369088928,1.302309110719995,0.01422328,0.01422328,,,-0.06603617,-0.06603617,-0.06603617,-0.06603617,-0.08120175,-0.08120175,-0.08120175,-0.08120175,,0.00288314,25.0,-1.05,,,,,,0.2201145083925109,0.06387432179741763,-0.10348220046852562,0.23123084406336086,-0.071,-7.0
2025-12-05,UBER,"UBER TECHNOLOGIES, INC.",91.32,,,78.04,95.36,74.8,111.0,1.3532970356926812,-3.287128712871279,1.191283292978209,-19.620000000000005,-21.514000000000003,-19.322692171327816,-23.70530782867219,0.0540834,0.0540834,,,-0.01699285,-0.01699285,-0.01699285,-0.01699285,0.02957288,0.02957288,0.02957288,0.02957288,,0.00760378,25.0,-1.14,,,,,,0.3428583199165405,0.28930960708465064,0.20602923009212293,0.37258998407717836,-0.071,-7.0
2025-12-05,WTW,WILLIS TOWERS WATSON,320.7,,,299.96,336.97,291.41,364.81,-1.012694958287995,-1.2747387830362606,1.5059747354045774,-40.5,-42.45799999999999,-40.01780123760377,-44.89819876239621,0.00814805,0.00814805,,,-0.00840081,-0.00840081,-0.00840081,-0.00840081,0.04460305,0.04460305,0.04460305,0.04460305,,0.00099338,25.0,-1.12,,,,,,0.04239209517473719,-0.02647406019704457,-0.09144072015462874,0.038492599760539606,-0.071,-7.0
2025-12-05,XLF,SEL SECTOR:FINL S SPDR,53.68,,,49.37,55.93,47.0,60.49,-1.2436472346786254,-1.9155555555555566,1.0194610778443118,-10.200000000000003,-10.556000000000003,-10.133708631392974,-10.978291368607032,-0.039738,-0.039738,,,-0.01158802,-0.01158802,-0.01158802,-0.01158802,0.0168982,0.0168982,0.0168982,0.0168982,,-0.00377139,25.0,-0.83,,,,,,0.45459233256743303,0.23237807757740644,-0.027609155586592687,0.49236531074140555,-0.071,-7.0
2025-12-05,FITB,FIFTH THIRD BANCORP,45.42,,,39.56,48.04,37.61,50.85,-5.636094674556221,-2.2366412213740476,-1.4383057090239415,-31.549999999999997,-32.30799999999999,-31.449588676682318,-33.16641132331767,-0.44064175,-0.44064175,,,-0.00491317,-0.00491317,-0.00491317,-0.00491317,0.01503345,0.015033450000000002,0.015033450000000002,0.015033450000000002,,0.01926806,75.0,-0.68,,,,,,0.18620047209280832,-0.13136911828824094,-0.43470982544148523,0.17197158886500336,-0.0735,-8.0
2025-12-05,SOLV,SOLVENTUM ,85.43,,,77.4,97.5,66.49,102.33,1.2530266343825651,1.5031133250311322,-1.1207100591715988,-12.899999999999991,-12.911999999999995,-12.751469629041724,-13.072530370958267,0.00717358,0.00717358,,,0.03329674,0.03329674,0.03329674,0.03329674,0.03343675,0.03343675000000001,0.03343675000000001,0.03343675000000001,,0.00660708,75.0,-0.41,,,,,,4.857605579617518,4.250369841922237,3.7238499193577623,4.776889764486711,-0.0735,-8.0
2025-12-05,INTC,INTEL ,41.41,,,34.55,51.21,28.48,51.8,6.434782608695691,1.4285714285714293,-1.2444658325312796,-0.8800000000000026,-0.46000000000000085,1.248230078180336,-2.1682300781803376,0.07384573,0.07384573,,,0.11876239,0.11876239,0.11876239,0.11876239,-0.03854766,-0.03854765999999999,-0.03854765999999999,-0.03854765999999999,,0.01731863,25.0,-0.12,,,,,,-0.5213062661580539,-0.5342081456034167,-0.657516054037016,-0.4109002371698174,-0.085,-9.0
2025-12-05,BALL,BALL ,49.03,,,46.07,51.15,40.3,56.25,1.7931415929203534,-1.3962264150943418,-1.209141274238228,-8.979999999999997,-9.189999999999998,-8.935638053160458,-9.444361946839537,0.09102127,0.09102127,,,-0.02446742,-0.02446742,-0.02446742,-0.02446742,-0.0265344,-0.026534400000000003,-0.026534400000000003,-0.026534400000000003,,0.00862388,25.0,-0.83,,,,,,0.8139954851984958,0.5521408320263597,0.29363424141721417,0.8106474226355052,-0.1235,-11.0
2025-12-05,EOG,"EOG RESOURCES, INC.",112.17,,,99.01,116.1,94.17,123.65,1.5297029702970344,-3.3486005089058577,-1.5679442508710797,2.489999999999995,1.241999999999993,2.6887100607931025,-0.20471006079311627,0.02714503,0.02714503,,,-0.02802066,-0.028020659999999996,-0.028020659999999996,-0.028020659999999996,-0.02253335,-0.022533350000000004,-0.022533350000000004,-0.022533350000000004,,0.00179414,25.0,-0.81,,,,,,0.07723174029030799,-0.09275509211189785,-0.28109271528178753,0.09558253105799182,-0.1235,-11.0
2025-12-05,FIS,FIDELITY NATIONAL INFORMATION SERVICES,66.66,,,59.84,69.81,55.86,74.92,3.0058548009367687,-2.165079365079359,-1.307506053268764,-8.02000000000001,-8.504000000000008,-7.940546363930457,-9.06745363606956,0.20357404,0.20357404,,,-0.03001237,-0.03001237,-0.03001237,-0.03001237,-0.00854172,-0.008541720000000001,-0.008541720000000001,-0.008541720000000001,,0.00914754,75.0,-0.28,,,,,,0.1921284613211276,0.23694019224128635,-0.17255373913688873,0.6464341236194614,-0.1235,-11.0
2025-12-05,GPC,GENUINE PARTS COMPANY,130.24,,,120.57,135.68,111.96,143.85,-1.9497907949790951,-1.7775735294117683,-1.3431300514327726,-1.1399999999999864,-1.5919999999999959,-1.015875013560413,-2.1681249864395786,-0.0085699,-0.0085699,,,-0.02163401,-0.02163401,-0.02163401,-0.02163401,-0.01809103,-0.018091030000000004,-0.018091030000000004,-0.018091030000000004,,-0.00248634,25.0,-1.09,,,,,,0.9042393855173685,0.9978267069438935,0.8681210764680413,1.1275323374197457,-0.1235,-11.0
2025-12-05,IWM,ISHARES:RUSS 2000 ETF,250.77,,,226.1,264.94,215.57,279.63,-2.3729826658696975,-1.7410021171489087,-1.219681219681221,-47.16,-49.32800000000001,-46.29553070914149,-52.36046929085853,-0.0935014,-0.0935014,,,-0.00583132,-0.00583132,-0.00583132,-0.00583132,0.0142369,0.014236899999999999,0.014236899999999999,0.014236899999999999,,-0.00229829,75.0,-0.51,,,,,,0.2527925816101171,0.1658063732160925,-0.04164131866127713,0.37325406509346215,-0.1235,-11.0
2025-12-05,LW,"LAMB WESTON HOLDINGS, INC.",59.7,,,53.01,65.63,45.36,71.3,2.9999999999999525,-1.12816188870152,-1.236206896551725,4.530000000000001,4.5299999999999985,5.052063214563141,4.007936785436856,0.00817048,0.00817048,,,0.00157513,0.0015751300000000003,0.0015751300000000003,0.0015751300000000003,-0.08572451,-0.08572451000000002,-0.08572451000000002,-0.08572451000000002,,0.0029045,25.0,-1.04,,,,,,0.7305087808035495,0.4399872329804268,0.16209281383392532,0.7178816521269282,-0.1235,-11.0
2025-12-05,NKE,"NIKE, INC.",65.86,,,57.43,68.71,52.17,73.62,,-2.957894736842111,-1.7641752577319574,1.0699999999999932,0.7139999999999957,1.076325820222621,0.35167417977737053,-0.05964088,-0.05964088,,,-0.04437283,-0.04437283,-0.04437283,-0.04437283,-0.06920941,-0.06920941000000001,-0.06920941000000001,-0.06920941000000001,,0.01072837,25.0,-0.85,,,,,,2.7101118565734708,1.8961793970533158,1.1228249922950553,2.6695338018115766,-0.1235,-11.0
2025-12-05,PFF,ISHARES:PREF AND INC SEC,30.87,,,29.06,32.37,28.65,32.66,1.6214953271028036,-1.206666666666671,-1.2402234636871552,-4.429999999999996,-4.496999999999998,-4.403619059760568,-4.590380940239428,0.05763147,0.05763147,,,-0.00549514,-0.00549514,-0.00549514,-0.00549514,-0.01131155,-0.011311550000000002,-0.011311550000000002,-0.011311550000000002,,0.00398022,25.0,-0.03,,,,,,0.5311414133012393,0.654385783112897,-0.006325084935534742,1.3150966511613287,-0.1235,-11.0
2025-12-05,SDY,SPDR S&P DIVIDEND,140.08,,,133.6,145.56,127.52,152.17,1.0245989304812793,-1.182481751824823,-1.038875103391236,-10.539999999999992,-10.720000000000004,-10.311037899066426,-11.128962100933583,-0.00174893,-0.00174893,,,-0.00021302,-0.00021302000000000002,-0.00021302000000000002,-0.00021302000000000002,0.00467504,0.004675039999999999,0.004675039999999999,0.004675039999999999,,-0.00254016,25.0,-0.86,,,,,,0.4264673363659337,0.34938207796367465,-0.0028383729066887575,0.7016025288340381,-0.1235,-11.0
2025-12-05,TFC,TRUIST FINANCIAL ,47.53,,,43.43,49.32,40.1,53.61,-9.920000000000002,-2.290502793296091,-1.2220394736842108,-5.479999999999997,-5.901999999999998,-5.366771077014701,-6.4372289229852955,-0.084482,-0.084482,,,-0.0092116,-0.0092116,-0.0092116,-0.0092116,0.01418159,0.014181589999999999,0.014181589999999999,0.014181589999999999,,0.00321619,25.0,-0.82,,,,,,0.10211886823801963,-0.010780333090393243,-0.14981870762879543,0.12825804144800892,-0.1235,-11.0
2025-12-05,VNM,VANECK:VIETNAM,18.65,,,16.73,20.01,15.8,21.02,1.5425531914893684,-1.4117647058823486,-1.202531645569619,-1.4400000000000013,-1.4980000000000004,-1.3742260124258736,-1.6217739875741273,0.02729143,0.02729143,,,0.0029201,0.0029201,0.0029201,0.0029201,0.026387,0.026386999999999997,0.026386999999999997,0.026386999999999997,,0.00265509,25.0,-0.86,,,,,,2.2566866012131293,2.0545698295235155,1.7789680518735014,2.3301716071735297,-0.1235,-11.0
2025-12-05,ADBE,ADOBE INC.,346.26,,,303.91,354.75,273.14,369.89,1.1605523495465793,-4.988221436984679,-3.094371561574271,9.430000000000007,-7.3439999999999825,2.3753945284673064,-17.06339452846727,0.10755527,0.10755527,,,0.01228755,0.01228755,0.01228755,0.01228755,-0.07075757,-0.07075757,-0.07075757,-0.07075757,,0.02277384,75.0,1.14,,,,,,0.08781187436161075,1.8896228953485708,0.2126480620662603,3.566597728630881,-0.1095,-12.0
2025-12-05,CCI,CROWN CASTLE INC.,89.28,,,82.71,93.98,77.48,101.01,-1.7429467084639518,-1.3978723404255327,-1.005967604433077,-1.6099999999999994,-2.2900000000000005,-1.8875698818428224,-2.6924301181571786,-0.01176851,-0.01176851,,,-0.0213451,-0.0213451,-0.0213451,-0.0213451,-0.02897363,-0.02897363,-0.02897363,-0.02897363,,0.00469587,75.0,1.1,,,,,,2.856629323736717,4.759786945218791,2.876884902481208,6.642688987956374,-0.1095,-12.0
2025-12-05,MGM,MGM RESORTS INTERNATIONAL,36.07,,,30.64,38.44,27.89,40.56,1.6284829721362233,-2.2911392405063316,-1.8218262806236072,-4.670000000000002,-5.184000000000002,-4.887301499835273,-5.480698500164731,0.08814315,0.08814315,,,-0.03145189,-0.03145189,-0.03145189,-0.03145189,-0.04599943,-0.04599943,-0.04599943,-0.04599943,,0.00725082,75.0,1.15,,,,,,0.9612854771873118,2.379273667440049,1.1511717299676596,3.6073756049124386,-0.1095,-12.0
2025-12-05,STZ,"CONSTELLATION BRANDS, INC.",142.37,,,123.76,147.58,110.83,153.04,1.635147190008918,-3.571976967370436,-2.95595126522962,7.219999999999999,3.6920000000000015,5.666580968205659,1.7174190317943434,0.09554376,0.09554376,,,-0.02197952,-0.02197952,-0.02197952,-0.02197952,-0.07759597,-0.07759597,-0.07759597,-0.07759597,,0.02702029,75.0,1.15,,,,,,0.5275588261040562,14.247322516853393,2.2938266928010993,26.200818340905684,-0.1095,-12.0
2025-12-05,TRMB,TRIMBLE INC.,83.52,,,74.64,87.54,69.03,97.05,5.566308243727601,-2.20895522388059,-1.070953436807095,-7.439999999999998,-8.548999999999996,-7.872645802851787,-9.225354197148205,0.26875764,0.26875764,,,-0.00067317,-0.00067317,-0.00067317,-0.00067317,0.0378622,0.037862200000000006,0.037862200000000006,0.037862200000000006,,0.01026981,75.0,1.15,,,,,,0.9748108023067696,2.437454210160506,1.1707660152925923,3.7041424050284197,-0.1095,-12.0
2025-12-05,APD,"AIR PRODUCTS AND CHEMICALS, INC.",260.69,,,233.88,276.7,215.85,294.31,1.7578347578347517,-1.674578388507184,-1.3337299226650803,0.8199999999999932,0.18799999999999956,2.083961497499366,-1.707961497499367,0.02151148,0.02151148,,,-0.03700549,-0.03700549,-0.03700549,-0.03700549,-0.02786681,-0.027866809999999995,-0.027866809999999995,-0.027866809999999995,,0.00444079,25.0,-0.85,,,,,,0.2504854252475106,0.0036415614358178416,-0.2770193478784215,0.28430247075005716,-0.1235,-13.0
2025-12-05,BDX,"BECTON, DICKINSON AND COMPANY",193.96,,,175.45,207.86,150.42,221.04,1.2069758528171703,-1.3316546762589936,-1.607828655834566,-19.389999999999986,-20.633999999999997,-19.116261550859303,-22.15173844914069,0.01791279,0.01791279,,,-0.02125553,-0.02125553,-0.02125553,-0.02125553,-0.03726741,-0.03726741,-0.03726741,-0.03726741,,0.00657648,25.0,-0.85,,,,,,0.48692924544159233,0.16059244294508088,-0.18669294623049018,0.507877832120652,-0.1235,-13.0
2025-12-05,BX,BLACKSTONE INC,152.15,,,130.24,159.47,122.03,176.96,-2.6974063400576416,-2.993169398907106,-1.2140266021765418,-9.039999999999992,-11.559999999999997,-8.725806993163658,-14.394193006836336,-0.01174282,-0.01174282,,,-0.03015495,-0.030154950000000003,-0.030154950000000003,-0.030154950000000003,0.02343755,0.02343755,0.02343755,0.02343755,,0.00950005,25.0,-1.01,,,,,,0.11320607743996924,-0.035016280972093715,-0.17530937599059318,0.10527681404640574,-0.1235,-13.0
2025-12-05,CIVI,"CIVITAS RESOURCES, INC.",30.39,,,25.37,32.48,21.38,34.47,1.2962962962962927,-2.40191387559809,-2.208333333333335,2.830000000000002,2.4860000000000015,3.010242310387098,1.961757689612905,0.02330219,0.02330219,,,-0.02450556,-0.02450556,-0.02450556,-0.02450556,-0.11955064,-0.11955064,-0.11955064,-0.11955064,,0.00095238,25.0,-0.84,,,,,,0.23176912691470175,0.1293605638773128,-0.015417625043981836,0.27413875279860744,-0.1235,-13.0
2025-12-05,DIA,SPDR DOW JONES INDUS AVG,480.03,,,446.91,504.46,427.43,527.13,-1.0102118724947509,-1.3557101923864077,-1.1167728237791918,-132.01,-134.62199999999999,-131.66521627439542,-137.57878372560455,-0.04338056,-0.04338056,,,0.00624479,0.00624479,0.00624479,0.00624479,0.0021396,0.0021396,0.0021396,0.0021396,,-0.00067441,25.0,-0.01,,,,,,0.9228441788380966,1.0251151790890134,0.6281297441859539,1.4221006139920729,-0.1235,-13.0
2025-12-05,EFNL,ISHARES:MSCI FINLAND,46.201,,,42.63,48.93,42.15,50.4,,-1.3085379259802121,1.0365341890891129,-0.49900000000000233,-0.6833400000000026,-0.3202629861310455,-1.0464170138689597,0.01495858,0.01495858,,,0.01096619,0.01096619,0.01096619,0.01096619,0.02543293,0.025432929999999996,0.025432929999999996,0.025432929999999996,,0.00351771,75.0,0.94,,,,,,,,,,-0.146,-13.0
2025-12-05,EL,THE ESTEE LAUDER COMPANIES INC.,105.13,,,83.86,112.41,72.9,115.14,6.409090909090943,-2.9217032967032956,-3.2197802197802172,12.019999999999996,7.955999999999998,12.06276636783735,3.8492336321626457,0.15538318,0.15538318,,,0.02775561,0.027755609999999997,0.027755609999999997,0.027755609999999997,-0.06792798,-0.06792798,-0.06792798,-0.06792798,,0.02736926,25.0,-0.87,,,,,,0.35329351331791603,0.2527640007254071,0.1615609894193355,0.3439670120314787,-0.1235,-13.0
2025-12-05,EMN,EASTMAN CHEMICAL COMPANY,61.53,,,53.69,66.31,47.7,70.99,2.053846153846154,-1.6401673640167367,-1.4619450317124743,2.0700000000000003,1.8799999999999997,2.3913707070218253,1.368629292978174,0.05077163,0.05077163,,,-0.03074415,-0.030744150000000005,-0.030744150000000005,-0.030744150000000005,-0.06667573,-0.06667573,-0.06667573,-0.06667573,,0.00559867,75.0,-0.08,,,,,,0.5656539904681066,0.596338378179236,0.38840265055566214,0.8042741058028098,-0.1235,-13.0
2025-12-05,EWL,ISHARES:MSCI SWITZERLAND,58.03,,,54.75,60.44,52.43,62.82,1.9708029197080195,-1.3609958506224091,-1.1691022964509399,-1.6899999999999977,-1.8459999999999994,-1.584026718919658,-2.107973281080341,0.02333048,0.02333048,,,0.0021545,0.0021545,0.0021545,0.0021545,0.00651269,0.006512690000000001,0.006512690000000001,0.006512690000000001,,-6.105e-05,25.0,-0.55,,,,,,0.8887845762059068,0.8344814780142298,0.7269101278282419,0.9420528282002176,-0.1235,-13.0
2025-12-05,EWQ,ISHARES:MSCI FRANCE,44.62,,,42.28,46.35,40.81,48.26,-1.2698412698412667,-1.352601156069359,-1.0467032967032952,-3.470000000000006,-3.4880000000000053,-3.3143048647773963,-3.6616951352226144,-0.02071653,-0.02071653,,,0.0007562,0.0007562,0.0007562,0.0007562,-0.00061145,-0.00061145,-0.00061145,-0.00061145,,0.00069374,75.0,-0.54,,,,,,1.885942066122436,1.8421665188494452,1.645125027758122,2.039208009940768,-0.1235,-13.0
2025-12-05,EWW,ISHARES:MSCI MEXICO,68.68,,,64.67,73.13,59.47,77.13,16.363636363635365,1.109725685785532,-1.0899408284023693,0.13000000000000966,0.0700000000000017,0.23837458240482637,-0.09837458240482297,0.04627043,0.04627043,,,0.02282056,0.02282056,0.02282056,0.02282056,-0.00674155,-0.00674155,-0.00674155,-0.00674155,,-0.00086998,25.0,-1.08,,,,,,1.976388274968056,2.128025451662248,1.5469667395786695,2.7090841637458265,-0.1235,-13.0
2025-12-05,FANG,"DIAMONDBACK ENERGY, INC.",158.6,,,142.42,170.38,125.74,176.47,8.028089887640439,-1.3735144312393892,-1.8388360380526017,4.219999999999999,3.345999999999998,4.917235182905472,1.7747648170945234,0.07432483,0.07432483,,,0.03149231,0.03149231,0.03149231,0.03149231,-0.03894986,-0.03894986,-0.03894986,-0.03894986,,0.0060436,75.0,-0.25,,,,,,3.4487497200507384,3.293792837530456,2.4326386576647963,4.154947017396116,-0.1235,-13.0
2025-12-05,FDX,FEDEX ,274.29,,,260.82,294.06,231.95,305.89,-1.250241545893721,1.4677060133630246,-1.3398734177215215,-55.889999999999986,-57.68000000000001,-55.74018042076074,-59.61981957923928,-0.05076667,-0.05076667,,,0.04129798,0.04129798,0.04129798,0.04129798,-0.00591357,-0.00591357,-0.00591357,-0.00591357,,0.00416991,25.0,-0.04,,,,,,1.3036194688426064,1.315673705659727,0.8534817830111502,1.7778656283083039,-0.1235,-13.0
2025-12-05,FXY,INVESCO:JAPANESE YEN,59.245,,,56.79,60.15,55.07,62.96,,-2.7127071823204365,-1.1238223418573334,0.8649999999999949,0.8309999999999974,0.9449298029490041,0.7170701970509907,-0.00461427,-0.00461427,,,-0.01825604,-0.01825604,-0.01825604,-0.01825604,-0.01055822,-0.01055822,-0.01055822,-0.01055822,,0.00090304,25.0,-0.83,,,,,,0.2716561771385655,0.19627103887855857,-0.009260967745707255,0.4018030455028244,-0.1235,-13.0
2025-12-05,HOLX,"HOLOGIC, INC.",74.97,,,68.84,82.36,65.31,83.29,-3.4813186813186827,1.205546492659055,-1.161057692307691,-17.700000000000003,-17.770000000000003,-17.68544232737356,-17.854557672626445,-0.17699254,-0.17699254,,,0.01516559,0.015165590000000001,0.015165590000000001,0.015165590000000001,-0.02391895,-0.023918949999999998,-0.023918949999999998,-0.023918949999999998,,0.00323261,25.0,-0.55,,,,,,3.6621313873965677,2.9769370562781496,2.357805556838457,3.5960685557178422,-0.1235,-13.0
2025-12-05,HOOD,"ROBINHOOD MARKETS, INC.",131.95,,,102.49,153.57,98.39,203.81,1.4941747572815574,-1.3626271970397774,2.1412395709177603,-46.45000000000002,-48.028000000000006,-42.35819665244023,-53.697803347559784,0.04448885,0.04448885,,,0.03466426,0.03466426,0.03466426,0.03466426,0.23577583,0.23577583,0.23577583,0.23577583,,0.02035882,75.0,1.1,,,,,,-0.12521081339410556,0.3417840456632793,-0.0985654656998664,0.782133557026425,-0.12475,-13.0
2025-12-05,HPQ,HP INC.,25.91,,,21.62,27.06,19.5,30.67,-16.16666666666699,-3.7304347826086994,-1.3466386554621845,1.1099999999999994,0.5079999999999991,1.1393636036389794,-0.12336360363898113,0.00576025,0.00576025,,,-0.03575603,-0.03575603,-0.03575603,-0.03575603,-0.04011256,-0.04011256,-0.04011256,-0.04011256,,0.00129856,75.0,-0.51,,,,,,0.23424863644912564,0.11394488356495847,-0.07014331511982455,0.29803308224974145,-0.1235,-13.0
2025-12-05,HSIC,"HENRY SCHEIN, INC.",73.62,,,66.86,83.7,60.83,82.68,1.3119122257053282,1.491124260355028,-1.4116997792494486,-12.819999999999993,-13.515999999999996,-12.763251702094248,-14.268748297905745,0.03709735,0.03709735,,,0.02956456,0.02956456,0.02956456,0.02956456,-0.00724568,-0.00724568,-0.00724568,-0.00724568,,0.00230214,25.0,-0.87,,,,,,0.13640061866254016,-0.07370950521350321,-0.30922531423872984,0.16180630381172345,-0.1235,-13.0
2025-12-05,ICE,"INTERCONTINENTAL EXCHANGE, INC.",157.82,,,140.04,166.44,132.05,179.97,49.08653846153885,-2.062645011600927,-1.1634311512415338,-0.6599999999999966,-1.2639999999999874,0.11503226938314781,-2.6430322693831227,0.27928782,0.27928782,,,-0.04612485,-0.04612485,-0.04612485,-0.04612485,0.0032379,0.0032379000000000006,0.0032379000000000006,0.0032379000000000006,,0.00436528,25.0,-0.92,,,,,,0.010229516806508299,-0.0578661432327305,-0.1173331760816257,0.0016008896161646968,-0.1235,-13.0
2025-12-05,IR,INGERSOLL RAND INC.,79.86,,,73.03,84.89,66.14,91.76,-1.5263157894736834,-1.3578528827037768,-1.1529411764705877,-3.049999999999997,-3.3159999999999967,-2.933077031245186,-3.6989229687548075,-0.0096562,-0.0096562,,,-0.00967112,-0.00967112,-0.00967112,-0.00967112,-0.00260054,-0.00260054,-0.00260054,-0.00260054,,0.00186487,75.0,-0.43,,,,,,3.4568993609516836,3.79529102508333,2.6054145618510973,4.985167488315563,-0.1235,-13.0
2025-12-05,IWD,ISHARES:RUSS 1000 VL ETF,210.47,,,196.67,219.55,190.84,225.99,-1.1123595505617976,-1.5198237885462547,-1.2648195876288648,-21.19999999999999,-22.06599999999998,-21.04488296459219,-23.087117035407772,-0.0110499,-0.0110499,,,-0.00285285,-0.00285285,-0.00285285,-0.00285285,0.00374162,0.0037416200000000006,0.0037416200000000006,0.0037416200000000006,,-0.00641411,25.0,-0.94,,,,,,0.6524830815416958,0.5016214231778668,0.2961477245127707,0.707095121842963,-0.1235,-13.0
2025-12-05,JBHT,"J. B. HUNT TRANSPORT SERVICES, INC.",188.41,,,154.58,207.56,144.15,202.92,7.60211267605633,-1.7665796344647506,-3.050310130944178,7.0,4.454999999999996,8.030800609653728,0.8791993903462627,0.11134337,0.11134337,,,0.03516253,0.03516253,0.03516253,0.03516253,-0.03501063,-0.035010629999999994,-0.035010629999999994,-0.035010629999999994,,0.01681564,25.0,-0.54,,,,,,0.2888227096464444,0.21519271373363313,0.08970907169514547,0.3406763557721208,-0.1235,-13.0
2025-12-05,MTB,M&T BANK ,195.11,,,176.38,202.48,169.45,220.15,1.2055620706986085,-2.541383989145194,-1.0247603833865828,-93.88,-95.48800000000001,-92.81766855989748,-98.15833144010254,-0.03804674,-0.03804674,,,-0.01919067,-0.01919067,-0.01919067,-0.01919067,0.04084924,0.04084924,0.04084924,0.04084924,,0.00421185,25.0,-0.95,,,,,,0.2371355782746849,0.13536559038160098,0.04489400773873173,0.22583717302447023,-0.1235,-13.0
2025-12-05,OXY,OCCIDENTAL PETROLEUM ,42.43,,,38.65,45.23,34.68,47.1,1.5599999999999992,-1.3500000000000019,-1.6595289079229116,0.7999999999999972,0.7439999999999983,0.9954557615168125,0.4925442384831842,0.02521918,0.02521918,,,-0.00338701,-0.00338701,-0.00338701,-0.00338701,-0.07317854,-0.07317854,-0.07317854,-0.07317854,,-0.00174259,25.0,-0.74,,,,,,0.984539046728309,0.6738902533459705,0.29504434904284543,1.0527361576490957,-0.1235,-13.0
2025-12-05,PNC,"THE PNC FINANCIAL SERVICES GROUP, INC.",197.86,,,175.44,206.85,166.89,221.71,-7.909433962264165,-2.4938820912124653,-1.2985324947589114,-93.53999999999996,-95.68399999999997,-92.49136315876669,-98.87663684123325,-0.32378797,-0.32378797,,,-0.0180788,-0.0180788,-0.0180788,-0.0180788,0.02395246,0.02395246,0.02395246,0.02395246,,0.00532978,25.0,-0.84,,,,,,0.0011756031669298839,-0.1633126656880992,-0.35115149797416345,0.024526166597965027,-0.1235,-13.0
2025-12-05,PSX,PHILLIPS 66,139.36,,,128.22,147.66,117.25,159.62,1.0739673390970175,-1.3421686746987997,-1.0913129318854897,-7.909999999999997,-8.078000000000014,-7.147048873463287,-9.00895112653674,0.00330662,0.00330662,,,0.01169811,0.01169811,0.01169811,0.01169811,-0.01863787,-0.01863787,-0.01863787,-0.01863787,,0.00179457,25.0,-0.86,,,,,,0.1859161396825011,0.017228635967522814,-0.16081198370612526,0.19526925564117087,-0.1235,-13.0
2025-12-05,RIG,TRANSOCEAN LTD,4.44,,,3.81,5.14,3.13,5.19,-1.0588235294117687,1.1111111111111094,-1.7466666666666673,0.2600000000000007,0.2160000000000002,0.2782896460095902,0.15371035399041016,0.00853533,0.00853533,,,0.07733707,0.07733707,0.07733707,0.07733707,-0.08785247,-0.08785247,-0.08785247,-0.08785247,,0.0060143,25.0,-0.91,,,,,,0.6970025759490983,0.3411312422825274,-0.01969192290153804,0.7019544074665929,-0.1235,-13.0
2025-12-05,ROK,"ROCKWELL AUTOMATION, INC.",404.29,,,370.58,432.7,326.84,456.68,-2.512176845260398,-1.186554030271034,-1.4783355602214177,-65.38999999999999,-71.73800000000001,-64.83260573174854,-78.64339426825148,-0.08555689,-0.08555689,,,0.04240116,0.04240116,0.04240116,0.04240116,0.00043922,0.00043922,0.00043922,0.00043922,,0.0058944,75.0,-0.65,,,,,,0.3734192281184532,0.22662224433663844,0.0003107139185751784,0.4529337747547017,-0.1235,-13.0
2025-12-05,TER,"TERADYNE, INC.",200.77,,,158.28,228.86,138.16,257.11,2.0234664470975683,-1.5126379494482023,-1.1112886048988286,-34.109999999999985,-42.06999999999999,-33.638864252071365,-50.50113574792862,0.15037558,0.15037558,,,0.10809605,0.10809605,0.10809605,0.10809605,0.08834466,0.08834466,0.08834466,0.08834466,,0.01318903,75.0,-0.65,,,,,,0.4434604303678351,0.4582797766059004,0.38958508014424836,0.5269744730675524,-0.1235,-13.0
2025-12-05,TXT,TEXTRON INC.,83.47,,,78.99,87.41,71.69,93.05,1.2217868338557991,-1.1370558375634534,-1.2296450939457206,-12.730000000000004,-13.252,-12.53752816710524,-13.966471832894761,0.01847519,0.01847519,,,0.01236819,0.01236819,0.01236819,0.01236819,-0.01077787,-0.01077787,-0.01077787,-0.01077787,,0.004372,25.0,-0.03,,,,,,0.4176804406100625,0.25396033237211646,-0.052507126955427474,0.5604277916996604,-0.1235,-13.0
2025-12-05,USB,U.S. BANCORP,51.26,,,45.95,53.08,42.68,56.38,-3.6707317073170693,-2.9175824175824143,-1.6757812499999982,-2.6300000000000026,-3.360000000000002,-2.4413869149636525,-4.278613085036352,-0.0206801,-0.0206801,,,0.00387818,0.0038781800000000006,0.0038781800000000006,0.0038781800000000006,0.01347677,0.01347677,0.01347677,0.01347677,,0.01499985,75.0,-0.28,,,,,,0.3175518201940093,0.31921247997854546,0.25604977366170134,0.3823751862953896,-0.1235,-13.0
2025-12-05,WAB,WESTINGHOUSE AIR BRAKE TECHNOLOGIES ,214.95,,,195.23,224.45,184.68,243.86,-8.053691275167736,-2.0757894736842104,-1.0470425458318906,-31.340000000000003,-34.396,-31.26401500642165,-37.52798499357835,-0.0724764,-0.0724764,,,0.01464688,0.014646879999999998,0.014646879999999998,0.014646879999999998,0.04985265,0.04985265,0.04985265,0.04985265,,0.00670725,25.0,-0.89,,,,,,0.15329653893893758,-0.023521252701879696,-0.20733802393073994,0.16029551852698057,-0.1235,-13.0
2025-12-05,WMT,WALMART INC.,115.11,,,102.62,120.9,98.31,129.78,-1.2012578616352219,-2.157167530224522,-1.1451942740286296,-11.870000000000005,-13.320000000000004,-11.726513257036636,-14.913486742963372,0.01437775,0.01437775,,,0.02094833,0.02094833,0.02094833,0.02094833,0.07189202,0.07189202,0.07189202,0.07189202,,0.00159717,25.0,-0.69,,,,,,0.8940696372413852,0.8340623386205127,0.7472676891591217,0.9208569880819037,-0.1235,-13.0
2025-12-05,XOP,SPDR S&P OIL&GAS EXP,136.69,,,121.01,146.91,111.8,150.08,1.1522491349480997,-1.5342465753424652,-1.8588498879760995,-0.9900000000000091,-2.1240000000000068,-0.5828867660032404,-3.665113233996773,0.01796996,0.01796996,,,0.00085793,0.00085793,0.00085793,0.00085793,-0.04541109,-0.045411089999999994,-0.045411089999999994,-0.045411089999999994,,0.00025815,25.0,-0.86,,,,,,0.09853435218414286,-0.17675203293068872,-0.43660871829617987,0.08310465243480239,-0.1235,-13.0
2025-12-05,EIS,ISHARES:MSCI ISRAEL,107.54,,,99.06,112.52,96.99,121.11,8.267441860465121,-1.702811244979924,1.2862559241706142,-7.1699999999999875,-8.277999999999992,-6.7238539322187165,-9.832146067781267,0.06811629,0.06811629,,,0.02713788,0.027137879999999996,0.027137879999999996,0.027137879999999996,0.06859991,0.06859991,0.06859991,0.06859991,,0.00505221,75.0,0.76,,,,,,,,,,-0.146,-15.0
2025-12-05,EPU,ISHARES:MSCI PERU,67.03,,,58.85,72.87,57.14,77.64,1.2303571428571427,-1.4006849315068484,1.0728008088978764,-17.450000000000003,-18.620000000000005,-17.418168064994113,-19.821831935005896,0.03380522,0.03380522,,,0.03831868,0.03831868,0.03831868,0.03831868,0.07817225,0.07817225,0.07817225,0.07817225,,-0.00030665,75.0,-0.54,,,,,,,,,,-0.146,-15.0
2025-12-05,EWO,ISHARES:MSCI AUSTRIA,33.55,,,30.89,35.03,30.07,37.07,1.5,-1.7972972972972903,1.011494252873565,-2.0700000000000003,-2.1779999999999973,-1.9502501372118957,-2.405749862788099,0.01070978,0.01070978,,,0.00737989,0.00737989,0.00737989,0.00737989,0.04836483,0.04836483,0.04836483,0.04836483,,-0.01132296,75.0,-0.03,,,,,,,,,,-0.146,-15.0
2025-12-05,QAT,ISHARES:MSCI QATAR,18.9304,,,18.02,19.46,17.53,20.55,1.0361541517679782,-1.7190332326283906,1.1565267066552447,-3.499600000000001,-3.5728400000000002,-3.465600884002152,-3.6800791159978483,-0.01517243,-0.01517243,,,-0.00777624,-0.007776240000000001,-0.007776240000000001,-0.007776240000000001,0.00149938,0.00149938,0.00149938,0.00149938,,0.00243141,25.0,0.62,,,,,,,,,,-0.146,-15.0
2025-12-05,RTX,RTX ,171.1,,,157.69,188.08,160.46,200.59,1.3705650459921166,1.2662192393736034,2.7716165413533878,-28.480000000000018,-30.04400000000001,-28.493796787514633,-31.59420321248539,0.04219162,0.04219162,,,0.01284298,0.01284298,0.01284298,0.01284298,0.08113512,0.08113512,0.08113512,0.08113512,,-0.00254214,25.0,0.4,,,,,,0.4365057985660459,0.8389183023533328,0.04779540505554414,1.6300411996511213,-0.142,-15.0
2025-12-05,CAT,CATERPILLAR INC.,603.17,,,552.34,652.8,499.05,715.66,-1.3935110081112367,-1.024178924037879,1.0803880138301964,-91.54000000000008,-105.84200000000006,-91.7792044031068,-119.90479559689331,0.01503632,0.01503632,,,0.09287788,0.09287788,0.09287788,0.09287788,0.08724301,0.08724301,0.08724301,0.08724301,,0.00591219,75.0,1.08,,,,,,1.3677589186194927,1.559076285871966,1.3420322707601626,1.7761203009837694,-0.157,-16.0
2025-12-05,CTAS,CINTAS ,186.75,,,172.35,192.16,161.7,218.38,2.586987778576565,-2.661737523105363,1.262674650698602,-34.84,-36.568,-35.458261292015095,-37.6777387079849,0.18544599,0.18544599,,,-0.02755455,-0.02755455,-0.02755455,-0.02755455,0.03050849,0.03050849,0.03050849,0.03050849,,0.00436056,75.0,1.06,,,,,,0.7617156740525433,1.4777136354133653,0.6987723769065638,2.256654893920167,-0.157,-16.0
2025-12-05,EWK,ISHARES:MSCI BELGIUM,24.36,,,22.78,26.08,22.49,26.25,1.2714285714285736,1.0886075949367093,1.0106951871657752,-1.0199999999999996,-1.152599999999999,-1.0679607655989247,-1.2372392344010732,0.01427159,0.01427159,,,0.01580879,0.01580879,0.01580879,0.01580879,0.0194597,0.0194597,0.0194597,0.0194597,,0.00271641,75.0,1.07,,,,,,2.974914210620578,3.605296576342289,2.937489145507851,4.273104007176728,-0.157,-16.0
2025-12-05,EWY,ISHARES:MSCI S KOREA,94.3,,,84.48,103.11,79.38,115.18,1.1391162029459916,-1.1146424517593634,1.3994638069705099,-8.549999999999997,-10.477999999999994,-9.10647894657063,-11.849521053429358,0.03782071,0.03782071,,,0.04730266,0.04730266,0.04730266,0.04730266,0.05341607,0.05341607,0.05341607,0.05341607,,0.00234578,25.0,0.68,,,,,,0.5213328777191892,2.16584245783238,-0.33783867853788774,4.669523594202648,-0.157,-16.0
2025-12-05,FICO,FAIR ISAAC ,1798.53,,,1689.8,2059.2,1460.35,2264.18,1.1324896874781514,2.3974064195714138,1.3769294458572352,-1369.99,-1392.4919999999997,-1378.6004298943565,-1406.383570105643,-0.11478654,-0.11478654,,,0.091726,0.091726,0.091726,0.091726,0.07972802,0.07972802,0.07972802,0.07972802,,-0.00449155,75.0,0.32,,,,,,1.151186169338934,1.351891786476136,1.1240330492870787,1.5797505236651932,-0.157,-16.0
2025-12-05,FOXA,FOX ,68.4,,,60.5,74.6,61.24,78.25,1.8106945298094645,-1.2741935483871,1.3756983240223448,-69.93,-71.27400000000002,-70.2986128973582,-72.24938710264183,0.01342768,0.01342768,,,0.04249397,0.04249397,0.04249397,0.04249397,0.09632118,0.09632118,0.09632118,0.09632118,,0.00334116,25.0,0.31,,,,,,0.788647633061339,1.4323506301630289,-0.507762204308613,3.372463464634671,-0.157,-16.0
2025-12-05,GOOGL,ALPHABET INC.,321.27,,,299.82,362.73,258.54,409.97,-10.558823529411718,1.9328671328671356,1.413996492906107,-89.42000000000002,-92.846,-90.20778469415403,-95.48421530584598,-0.12538872,-0.12538872,,,0.06776057,0.06776057,0.06776057,0.06776057,0.10649633,0.10649633000000001,0.10649633000000001,0.10649633000000001,,-0.01681484,25.0,0.38,,,,,,1.1362321585999373,1.4628953296255656,0.8511407217078782,2.0746499375432528,-0.157,-16.0
2025-12-05,HUBB,HUBBELL INC.,440.53,,,385.18,478.84,365.64,537.78,1.2056962025316476,-1.4447924823805784,1.298571237815463,-46.81,-54.75799999999998,-48.66702552952321,-60.848974470476755,0.05100144,0.05100144,,,0.00241315,0.00241315,0.00241315,0.00241315,0.03769548,0.03769548,0.03769548,0.03769548,,0.00433931,25.0,0.29,,,,,,0.8281091282175483,1.6667970195159914,0.02163526292049478,3.3119587761114877,-0.157,-16.0
2025-12-05,JBL,JABIL INC.,220.06,,,188.01,234.24,174.07,268.84,1.6420632658877172,-2.260225669957687,1.0606653620352242,-44.21999999999997,-49.30599999999997,-45.00066261484652,-53.61133738515342,0.10377858,0.10377858,,,0.01151722,0.01151722,0.01151722,0.01151722,0.05432194,0.054321940000000006,0.054321940000000006,0.054321940000000006,,0.00756326,25.0,0.56,,,,,,3.38267448591448,35.56868046457653,-20.13088009020761,91.26824101936067,-0.157,-16.0
2025-12-05,MCHI,ISHARES:MSCI CHINA,62.66,,,57.77,66.13,56.16,73.89,1.0508905852417327,-1.4092219020172896,1.7276923076923083,-7.219999999999999,-7.5959999999999965,-7.228467688495281,-7.963532311504712,0.01744464,0.01744464,,,-0.00839465,-0.00839465,-0.00839465,-0.00839465,0.0627318,0.0627318,0.0627318,0.0627318,,-0.00010572,75.0,0.99,,,,,,0.9152722316127713,7.058682477102523,-2.646335136521931,16.763700090726978,-0.157,-16.0
2025-12-05,NOW,"SERVICENOW, INC.",854.36,,,751.27,882.58,676.5,1033.6,2.476795931341382,-3.6530829199149517,1.007758911503429,20.800000000000068,0.9560000000000628,13.927068961346306,-12.015068961346179,0.0955382,0.0955382,,,-0.02002552,-0.02002552,-0.02002552,-0.02002552,-0.01638134,-0.016381339999999998,-0.016381339999999998,-0.016381339999999998,,0.00333147,75.0,0.97,,,,,,2.231174170197597,3.3258381508264474,2.1438710924865942,4.507805209166301,-0.157,-16.0
2025-12-05,NWSA,NEWS CORP.,26.04,,,23.01,27.7,22.24,30.04,1.3904761904761904,-1.8253012048192756,1.0526315789473681,-0.2699999999999996,-0.6799999999999997,-0.4360737816469903,-0.9239262183530091,0.0508656,0.0508656,,,-0.02552248,-0.025522480000000004,-0.025522480000000004,-0.025522480000000004,0.00637982,0.0063798200000000005,0.0063798200000000005,0.0063798200000000005,,0.00855767,75.0,0.82,,,,,,2.6943731466323295,2.341048613967614,1.4922909511027465,3.1898062768324813,-0.157,-16.0
2025-12-05,OEF,ISHARES:S&P 100,345.17,,,306.21,388.37,309.89,385.91,-2.371581054036023,1.1088295687884997,1.154761904761904,-48.97999999999996,-50.10999999999998,-49.116772936333255,-51.1032270636667,-0.0609507,-0.0609507,,,0.01981297,0.01981297,0.01981297,0.01981297,0.02924593,0.02924593,0.02924593,0.02924593,,0.00120537,25.0,0.3,,,,,,7.699181906722815,12.989318192999372,2.861490744947174,23.11714564105157,-0.157,-16.0
2025-12-05,RMD,RESMED INC.,256.55,,,228.41,265.97,216.13,298.02,3.2228260869565135,-2.9872611464968117,1.0259772389905977,-12.289999999999964,-17.093999999999976,-14.120764388750839,-20.067235611249114,0.10346168,0.10346168,,,-0.03177875,-0.03177875,-0.03177875,-0.03177875,0.04088881,0.04088881,0.04088881,0.04088881,,-0.00543059,75.0,1.15,,,,,,0.6975380136566263,2.0382300744440776,0.6048575831723537,3.471602565715801,-0.157,-16.0
2025-12-05,STX,SEAGATE TECHNOLOGY HOLDINGS,278.79,,,233.25,327.38,206.99,374.38,-1.3091151474754215,1.0669740887132182,1.3313370473537598,-116.52999999999997,-127.30799999999999,-119.98037964957243,-134.63562035042756,-0.0408282,-0.0408282,,,0.10510932,0.10510931999999999,0.10510931999999999,0.10510931999999999,0.11347063,0.11347063,0.11347063,0.11347063,,-0.01026815,75.0,0.85,,,,,,0.04730726338369973,0.7145474839903372,-0.2542268290905443,1.6833217970712187,-0.157,-16.0
2025-12-05,TKO,"TKO GROUP HOLDINGS, INC.",202.22,,,174.0,211.4,176.4,233.34,1.488941084360932,-3.0740740740740717,1.205267234701782,-86.92999999999998,-91.82799999999997,-87.92906168297058,-95.72693831702937,0.07991088,0.07991088,,,0.00176204,0.00176204,0.00176204,0.00176204,0.11818437,0.11818437,0.11818437,0.11818437,,-0.00533095,25.0,0.39,,,,,,0.3666952229319591,4.20457501478595,-2.6481243998953063,11.057274429467206,-0.157,-16.0
2025-12-05,V,VISA INC.,331.24,,,312.96,342.55,292.31,381.61,5.862068965517221,-1.6162687886825842,1.2938607757513485,-14.829999999999984,-16.477999999999987,-14.931723828030705,-18.02427617196927,0.13209207,0.13209207,,,-0.01614281,-0.01614281,-0.01614281,-0.01614281,0.02381719,0.02381719,0.02381719,0.02381719,,-0.00016242,75.0,1.09,,,,,,0.361855974536883,2.7342252398867735,-0.11045478762053174,5.578905267394079,-0.157,-16.0
2025-12-05,VTR,"VENTAS, INC.",80.61,,,75.97,86.24,69.88,94.66,1.295384615384615,1.213362068965516,1.3094128611369984,-16.849999999999994,-17.153999999999993,-16.896648100842437,-17.411351899157548,0.02680446,0.02680446,,,0.02425934,0.02425934,0.02425934,0.02425934,0.07104692,0.07104692,0.07104692,0.07104692,,0.00272355,25.0,0.28,,,,,,1.833493505285674,2.3362168269685206,1.0456252114256515,3.62680844251139,-0.157,-16.0
2025-12-05,WDC,WESTERN DIGITAL ,168.89,,,139.2,200.58,121.06,236.89,-17.90131578947355,1.0673627484001358,1.4217018607568477,-41.620000000000005,-48.70799999999999,-43.8147423938648,-53.601257606135185,-0.0623259,-0.0623259,,,0.13070082,0.13070082,0.13070082,0.13070082,0.14900287,0.14900287,0.14900287,0.14900287,,-0.01075639,25.0,0.69,,,,,,0.06639247829417627,3.097766202819956,-2.0561252181146705,8.251657623754582,-0.157,-16.0
2025-12-05,FXA,INVESCO:AU DOLLAR,65.7236,,,62.92,67.29,61.12,67.95,,-1.7898365679264556,-2.0677326625943278,0.1436000000000064,-0.31473999999999763,0.06593337443010422,-0.6954133744300994,-0.01168594,-0.01168594,,,0.00701779,0.00701779,0.00701779,0.00701779,-0.01077113,-0.010771130000000002,-0.010771130000000002,-0.010771130000000002,,0.00011505,25.0,0.12,,,,,,2.0591502649098143,5.376336035080594,-1.0186537470165495,11.771325817177736,-0.2095,-18.0
2025-12-05,MCO,MOODY'S ,496.5,,,460.59,518.85,432.72,547.85,1.6039065001601025,-1.6067114093959727,-1.2420642648490738,-20.309999999999945,-26.195999999999948,-22.422449947330712,-29.969550052669184,0.05497519,0.05497519,,,0.00159321,0.00159321,0.00159321,0.00159321,-0.00104418,-0.0010441800000000002,-0.0010441800000000002,-0.0010441800000000002,,0.00520475,75.0,1.0,,,,,,0.5240741823834965,0.9817703152054135,0.4341786302081141,1.5293620002027128,-0.2095,-18.0
2025-12-05,DJI,DOW JONES INDUSTRIAL AVERAGE INDEX,47954.98828125,,,45524.35,49524.78,44395.85,50661.87,,-1.5483826626283146,-1.3148480986799667,-3608.001718749998,-3872.466562499998,-3580.7799148878685,-4164.153210112127,-0.07070686,-0.07070686,,,0.00728174,0.00728174,0.00728174,0.00728174,0.00187377,0.00187377,0.00187377,0.00187377,,-0.00060668,25.0,-0.09,,,,,,,,,,-0.1985,-20.0
2025-12-05,HLX,"HELIX ENERGY SOLUTIONS GROUP, INC.",7.33,,,6.13,8.05,5.56,8.0,4.473684210526304,-1.6666666666666654,-2.6417910447761206,0.3600000000000003,0.2160000000000002,0.49995422166257736,-0.06795422166257697,0.10762037,0.10762037,,,0.06436922,0.06436922,0.06436922,0.06436922,-0.05362993,-0.05362993,-0.05362993,-0.05362993,,0.01472734,75.0,1.14,,,,,,-0.46916754084920675,0.941288155462716,-0.3444141388506611,2.226990449776093,-0.19225,-20.0
2025-12-05,NORW,GLBL X MSCI NORWAY ETF,29.275,,,26.94,30.61,26.01,32.46,2.836734693877582,-1.749063670411982,-1.025117739403452,-0.3450000000000024,-0.5298200000000015,-0.2887325428397429,-0.7709074571602601,0.02122519,0.02122519,,,-0.00444211,-0.00444211,-0.00444211,-0.00444211,0.00949965,0.00949965,0.00949965,0.00949965,,-0.00371266,25.0,-0.83,,,,,,,,,,-0.1985,-20.0
2025-12-05,PANW,"PALO ALTO NETWORKS, INC.",198.84,,,167.31,214.24,165.61,237.8,1.112791172864732,-2.0474025974025967,1.1724345470959983,-20.180000000000007,-25.868000000000013,-21.421746520945984,-30.31425347905404,0.05658837,0.05658837,,,0.00064838,0.00064838,0.00064838,0.00064838,0.0249198,0.024919799999999995,0.024919799999999995,0.024919799999999995,,-0.00296147,25.0,-0.99,,,,,,3.0150072309897293,2.5039807008545085,2.013004332926294,2.994957068782723,-0.232,-20.0
2025-12-05,RUT,RUSSELL 2000 INDEX,2521.48413085937,,,2324.7,2609.84,2255.92,2703.02,-3.693886523244448,-2.227176675113251,-1.4628741532817735,-389.5258691406302,-411.2316796875022,-380.577695241083,-441.8856641339214,-0.09391279,-0.09391279,,,-0.00518276,-0.00518276,-0.00518276,-0.00518276,0.01420784,0.01420784,0.01420784,0.01420784,,-0.00133222,75.0,-0.57,,,,,,,,,,-0.1985,-20.0
2025-12-05,ABNB,"AIRBNB, INC.",124.32,,,107.9,126.5,98.03,139.87,3.4704968944099384,-7.53211009174309,-1.6906752411575545,6.689999999999998,2.8840000000000003,5.214274661922922,0.5537253380770784,0.18042485,0.18042485,,,-0.02345877,-0.02345877,-0.02345877,-0.02345877,-0.04017139,-0.04017139,-0.04017139,-0.04017139,,0.01204121,75.0,0.9,,,,,,0.36533340544998083,0.551001335452152,0.28681820947015635,0.8151844614341477,-0.2095,-21.0
2025-12-05,ADI,"ANALOG DEVICES, INC.",281.29,,,225.91,303.29,215.83,314.51,1.3028657616892898,-2.5172727272727284,-1.9704996989765222,-31.430000000000007,-37.46600000000002,-31.74219619483688,-43.189803805163166,0.05553657,0.05553657,,,0.01602223,0.01602223,0.01602223,0.01602223,0.01861128,0.018611280000000004,0.018611280000000004,0.018611280000000004,,-0.00270228,25.0,0.33,,,,,,0.42761606742343483,1.4153276857734252,-0.5963779948663404,3.4270333664131907,-0.2095,-21.0
2025-12-05,ADP,"AUTOMATIC DATA PROCESSING, INC.",261.63,,,229.28,278.51,230.79,288.42,-3.424528301886781,-1.9164691943127965,-1.1511758118701,-1.9700000000000273,-4.746000000000021,-2.4137950347364625,-7.078204965263579,0.00997496,0.00997496,,,-0.0260939,-0.026093899999999996,-0.026093899999999996,-0.026093899999999996,0.01343992,0.01343992,0.01343992,0.01343992,,0.00704766,25.0,0.17,,,,,,0.9517500006848247,1.1848856266247072,0.5416245233653576,1.8281467298840568,-0.2095,-21.0
2025-12-05,AMT,AMERICAN TOWER ,178.86,,,166.43,185.2,153.06,203.18,2.1534090909090886,-1.9605678233438575,-1.0608552631578956,-6.489999999999981,-8.159999999999986,-6.6393586879214235,-9.68064131207855,0.09412026,0.09412026,,,-0.03175946,-0.03175946,-0.03175946,-0.03175946,-0.02680117,-0.026801169999999996,-0.026801169999999996,-0.026801169999999996,,0.0052144,25.0,0.35,,,,,,1.00582171628256,1.7532589249423662,0.21245482758613665,3.294063022298596,-0.2095,-21.0
2025-12-05,BF.B,BROWN-FORMAN ,30.4,,,27.04,32.84,23.49,33.05,-1.0288713910761145,-1.377049180327866,-2.607547169811322,-0.8500000000000014,-1.2900000000000005,-0.9981952707717032,-1.5818047292282977,0.00360048,0.00360048,,,0.01495945,0.01495945,0.01495945,0.01495945,-0.08688934,-0.08688934,-0.08688934,-0.08688934,,0.03085647,75.0,0.82,,,,,,0.42757885706340315,16.36616006153656,-10.659710660761995,43.39203078383512,-0.2095,-21.0
2025-12-05,COF,CAPITAL ONE FINANCIAL ,230.68,,,196.11,244.26,190.61,262.1,-1.222376650451704,-2.5456553755522853,-1.2753023551877776,-23.079999999999984,-27.359999999999985,-23.114384614687744,-31.605615385312227,0.0143821,0.0143821,,,-0.00413885,-0.00413885,-0.00413885,-0.00413885,0.04925863,0.04925863,0.04925863,0.04925863,,0.01521994,75.0,1.08,,,,,,2.0390749411764566,6.043979908705293,1.447969450031068,10.639990367379518,-0.2095,-21.0
2025-12-05,DD,"DUPONT DE NEMOURS, INC.",40.51,,,24.15,53.45,25.77,52.13,1.0932835820895523,-1.2642967542503858,-1.2685025817555933,2.259999999999998,1.633999999999999,2.014565368892124,1.2534346311078741,0.02943862,0.02943862,,,-0.1858438,-0.1858438,-0.1858438,-0.1858438,-0.0975873,-0.0975873,-0.0975873,-0.0975873,,0.00302387,75.0,1.01,,,,,,0.48532807276319945,1.0454130286152987,0.32673493919394225,1.7640911180366552,-0.2095,-21.0
2025-12-05,EW,EDWARDS LIFESCIENCES ,86.19,,,78.87,95.91,71.16,100.14,1.0077319587628888,1.3278688524590174,-1.0774193548387094,-5.689999999999998,-6.693999999999997,-5.820942155410076,-7.567057844589918,0.01539503,0.01539503,,,0.03058489,0.030584889999999997,0.030584889999999997,0.030584889999999997,-0.00751115,-0.00751115,-0.00751115,-0.00751115,,-0.00081908,25.0,0.38,,,,,,0.007905242273393398,3.303999249002191,-2.4725229651723537,9.080521463176735,-0.2095,-21.0
2025-12-05,EWA,ISHARES:MSCI AUSTRALIA,26.34,,,24.41,27.19,23.05,28.64,-1.0199999999999996,-2.2705882352941136,-1.430434782608695,-0.05000000000000071,-0.30600000000000094,-0.05148084551452842,-0.5605191544854735,0.01219493,0.01219493,,,-0.00518555,-0.00518555,-0.00518555,-0.00518555,-0.02318967,-0.02318967,-0.02318967,-0.02318967,,0.0032468,75.0,1.09,,,,,,2.8714637490524058,152.0219116157393,-96.6226009570712,400.6664241885498,-0.2095,-21.0
2025-12-05,EWD,ISHARES:MSCI SWEDEN,48.37,,,44.34,51.06,43.59,52.47,1.3669064748201483,-1.4981412639405156,-1.1658536585365835,-2.6400000000000006,-3.1259999999999977,-2.7872080284304226,-3.4647919715695727,0.03255779,0.03255779,,,0.00274416,0.00274416,0.00274416,0.00274416,0.01007475,0.01007475,0.01007475,0.01007475,,0.001256,25.0,0.28,,,,,,5.227770959453399,5.928752979308983,4.055964758138582,7.801541200479384,-0.2095,-21.0
2025-12-05,EWJ,ISHARES:MSCI JAPAN,83.7,,,77.44,88.03,74.43,91.47,2.575056011949216,-1.4457274826789857,-1.193050193050193,-14.36,-15.074000000000002,-14.45607605646002,-15.691923943539983,0.18550429,0.18550429,,,-0.00194903,-0.0019490300000000003,-0.0019490300000000003,-0.0019490300000000003,-0.00116178,-0.00116178,-0.00116178,-0.00116178,,0.00370042,25.0,0.38,,,,,,3.0539045024801776,6.417743575664592,-0.40497352023863,13.240460671567813,-0.2095,-21.0
2025-12-05,EWT,ISHARES:MSCI TAIWAN,65.35,,,60.03,68.56,55.21,74.81,1.0912981455064217,-1.657320872274137,-1.071881606765326,-6.510000000000005,-7.166000000000002,-6.715800044424706,-7.616199955575298,0.01439717,0.01439717,,,0.00675366,0.00675366,0.00675366,0.00675366,-0.00138909,-0.00138909,-0.00138909,-0.00138909,,0.00572345,75.0,0.79,,,,,,1.506890690522511,13.285855621507684,0.7302581678207947,25.841453075194572,-0.2095,-21.0
2025-12-05,FDS,FACTSET RESEARCH SYSTEMS INC.,290.63,,,231.82,309.75,219.08,319.02,1.2846567967698523,-3.075836820083681,-2.520253610426207,-25.600000000000023,-35.40800000000003,-29.869437912237537,-40.94656208776252,0.07736257,0.07736257,,,-0.08065756,-0.08065756,-0.08065756,-0.08065756,-0.07149696,-0.07149696,-0.07149696,-0.07149696,,0.01060327,75.0,1.15,,,,,,0.41328634454996505,16.45482858968054,-3.3425485963030788,36.252205775664166,-0.2095,-21.0
2025-12-05,FTV,FORTIVE ,53.75,,,50.89,58.69,44.48,60.98,2.4038461538461395,1.7272727272727268,-1.2821576763485487,0.7100000000000009,0.25800000000000267,0.6247015134956514,-0.10870151349564605,0.02859704,0.02859704,,,0.05544963,0.05544963000000001,0.05544963000000001,0.05544963000000001,-0.00780859,-0.00780859,-0.00780859,-0.00780859,,0.0093096,25.0,0.44,,,,,,3.996245312959563,8.023484188066886,-0.4454414005846328,16.492409776718404,-0.2095,-21.0
2025-12-05,FXC,INVESCO:CANADIAN DOLLAR,70.67,,,67.61,72.65,66.34,73.44,1.2923898531375153,-1.5454545454545434,-1.5631768953068608,-6.8999999999999915,-7.47505999999999,-7.139936861437461,-7.810183138562519,0.03218393,0.03218393,,,0.00409958,0.00409958,0.00409958,0.00409958,-0.00306762,-0.00306762,-0.00306762,-0.00306762,,0.00061066,75.0,1.12,,,,,,2.957281435863524,41.00767529850872,-16.010419281091558,98.025769878109,-0.2095,-21.0
2025-12-05,HAL,HALLIBURTON COMPANY,28.45,,,23.12,31.4,21.89,31.58,-1.029220779220778,-1.806779661016949,-2.0958466453674123,0.35999999999999943,-0.6460000000000008,0.08041585885771974,-1.3724158588577213,0.06102559,0.06102559,,,0.03301589,0.03301589,0.03301589,0.03301589,-0.05444052,-0.05444052,-0.05444052,-0.05444052,,0.00795858,75.0,0.21,,,,,,3.0583953301960864,3.5678591737639294,3.0360661513203295,4.099652196207529,-0.2095,-21.0
2025-12-05,KEYS,"KEYSIGHT TECHNOLOGIES, INC.",210.49,,,171.52,232.19,162.53,234.32,-11.85253456221205,-1.795852534562213,-2.012589173310954,-20.769999999999982,-26.23799999999999,-20.80876708917363,-31.667232910826346,-0.06978896,-0.06978896,,,0.04209222,0.04209222,0.04209222,0.04209222,0.01409114,0.01409114,0.01409114,0.01409114,,-0.00100445,75.0,0.89,,,,,,0.9702530799834965,1.6702518202520995,0.457136647313493,2.883366993190706,-0.2095,-21.0
2025-12-05,LULU,LULULEMON ATHLETICA INC.,190.01,,,158.91,208.68,134.7,213.58,1.6229802513464988,-1.665773968934117,-2.346627068307168,9.590000000000003,3.724000000000012,7.046443377997591,0.4015566220024338,0.11596518,0.11596518,,,0.01516461,0.01516461,0.01516461,0.01516461,-0.11005727,-0.11005727,-0.11005727,-0.11005727,,0.04434648,75.0,1.12,,,,,,1.4990661899186448,40.95743237687103,-21.439819772627146,103.35468452636921,-0.2095,-21.0
2025-12-05,MTCH,"MATCH GROUP, INC.",34.52,,,29.74,35.83,28.1,38.66,-2.563492063492071,-3.648854961832078,-1.5507246376811623,-2.029999999999994,-2.653999999999995,-2.2934032723387467,-3.0145967276612433,-0.02378917,-0.02378917,,,-0.04199842,-0.04199842,-0.04199842,-0.04199842,-0.00255274,-0.00255274,-0.00255274,-0.00255274,,0.0106973,75.0,0.98,,,,,,0.8586944250527366,20.74444256049824,-12.268016139971774,53.75690126096825,-0.2095,-21.0
2025-12-05,MTUM,ISHARES:MSCI USA MOM FCT,252.79,,,225.56,267.49,216.87,287.65,1.1535756154747951,-1.8523809523809496,-1.0304073436603558,-8.320000000000022,-10.980000000000013,-8.90405443231285,-13.055945567687175,0.0239127,0.0239127,,,-0.01105542,-0.01105542,-0.01105542,-0.01105542,0.01811794,0.01811794,0.01811794,0.01811794,,0.00041815,25.0,0.34,,,,,,6.993516023589119,11.890963577382166,2.169894324217923,21.61203283054641,-0.2095,-21.0
2025-12-05,PCAR,PACCAR INC,110.33,,,97.37,114.63,89.23,123.61,-2.96887159533074,-3.0139534883720938,-1.5888554216867463,-15.489999999999995,-18.37399999999999,-15.867562288825026,-20.880437711174956,-0.05431859,-0.05431859,,,0.00157245,0.00157245,0.00157245,0.00157245,0.0314803,0.03148030000000001,0.03148030000000001,0.03148030000000001,,0.01262926,25.0,0.29,,,,,,0.5975242327509094,0.8519944216034064,-0.023417497227372186,1.727406340434185,-0.2095,-21.0
2025-12-05,QUAL,ISHARES:MSCI USA QF,199.76,,,183.6,211.22,175.69,221.59,1.1350892098555654,-1.4101221640488644,-1.1026110856619322,-27.640000000000015,-28.54800000000001,-27.733340561952428,-29.36265943804759,0.00789457,0.00789457,,,0.00076925,0.00076925,0.00076925,0.00076925,0.01190916,0.01190916,0.01190916,0.01190916,,0.00073948,25.0,0.36,,,,,,5.271678771730766,14.85945231855275,-3.0632013515523173,32.78210598865782,-0.2095,-21.0
2025-12-05,ROP,"ROPER TECHNOLOGIES, INC.",447.56,,,401.87,471.7,390.9,491.6,1.4762969332186875,-1.8927091963545992,-1.2865576748410537,-253.02000000000004,-255.38800000000006,-253.81092359094438,-256.9650764090557,-0.02653235,-0.02653235,,,-0.04150015,-0.04150015,-0.04150015,-0.04150015,-0.03297001,-0.03297001,-0.03297001,-0.03297001,,0.00265787,75.0,0.83,,,,,,2.6126238856945636,4.1147706014052385,2.101546918653967,6.12799428415651,-0.2095,-21.0
2025-12-05,SNA,SNAP-ON INC.,347.21,,,321.77,360.6,301.58,390.12,1.565804274465692,-1.8999253174010393,-1.0633884875320432,-41.97000000000003,-45.83400000000002,-42.122688910910355,-49.54531108908968,0.06196833,0.06196833,,,0.0021279,0.0021279,0.0021279,0.0021279,0.02733842,0.02733842,0.02733842,0.02733842,,0.00779691,75.0,0.43,,,,,,2.173174396726035,2.182819646203153,2.0315650558524196,2.3340742365538865,-0.2095,-21.0
2025-12-05,STLA,STELLANTIS NV,12.05,,,9.57,12.82,8.07,12.89,1.3191489361702093,-3.220779220779223,-4.738095238095239,1.58,0.9199999999999996,1.5082601465338272,0.3317398534661721,0.0979943,0.0979943,,,0.04613317,0.04613317,0.04613317,0.04613317,-0.09250661,-0.09250661,-0.09250661,-0.09250661,,0.04155598,75.0,0.26,,,,,,1.0766643039285766,1.2112136497562374,0.6555511793090979,1.766876120203377,-0.2095,-21.0
2025-12-05,TDY,TELEDYNE TECHNOLOGIES INC.,522.3,,,454.58,550.22,440.55,591.9,-2.121278339251569,-2.425501432664749,-1.1745689655172402,-65.71000000000004,-81.502,-68.28389423555706,-94.72010576444293,-0.03008935,-0.03008935,,,-0.00741813,-0.00741813,-0.00741813,-0.00741813,0.02066073,0.02066073,0.02066073,0.02066073,,0.00741531,25.0,0.29,,,,,,0.28102785497397886,0.40288254916793,0.09778277661107199,0.707982321724788,-0.2095,-21.0
2025-12-05,VTRS,VIATRIS INC.,10.93,,,9.87,11.6,8.8,13.05,5.249999999999995,-1.582089552238807,-1.0047169811320746,-0.13000000000000078,-0.2720000000000006,-0.1752012396773602,-0.3687987603226409,0.13364626,0.13364626,,,0.00198889,0.00198889,0.00198889,0.00198889,0.00246481,0.00246481,0.00246481,0.00246481,,0.00431529,75.0,0.84,,,,,,0.5599892251353977,1.6970704423396772,-0.05948678882468417,3.4536276735040383,-0.2095,-21.0
2025-12-05,VZ,VERIZON COMMUNICATIONS INC.,41.69,,,37.25,43.75,37.03,45.72,-1.5294117647058818,-2.155339805825239,-1.1563275434243165,-2.8900000000000006,-3.5859999999999985,-3.1190631734377767,-4.05293682656222,0.00103598,0.00103598,,,-0.03084712,-0.03084712,-0.03084712,-0.03084712,0.02033074,0.02033074,0.02033074,0.02033074,,0.00592492,25.0,0.4,,,,,,0.02150457743747669,1.0486235476137675,-0.31901024824675317,2.416257343474288,-0.2095,-21.0
2025-12-05,WDAY,"WORKDAY, INC.",219.96,,,198.23,239.35,183.68,255.28,-1.616755793226383,-1.120680763280043,-1.0271800679501701,-1.8700000000000045,-6.26400000000001,-3.429572368184369,-9.098427631815651,0.0108318,0.0108318,,,-0.00943108,-0.00943108,-0.00943108,-0.00943108,-0.03045066,-0.03045066,-0.03045066,-0.03045066,,0.00255667,75.0,0.59,,,,,,1.6431913001246352,1.7991968209536706,1.5556715301026245,2.042722111804717,-0.2095,-21.0
2025-12-05,GEV,GE VERNOVA INC.,631.32,,,525.4,661.66,513.12,906.23,1.2018803865238954,-3.491100856954527,2.325803722504229,-259.5,-282.64400000000006,-260.0935736182218,-305.1944263817783,0.07509326,0.07509326,,,-0.00572665,-0.00572665,-0.00572665,-0.00572665,0.28332492,0.28332492000000004,0.28332492000000004,0.28332492000000004,,0.00802428,50.0,-0.71,,,,,,0.2575397744765169,0.17341311610426757,0.029029629645888594,0.3177966025626465,-0.217,-22.0
2025-12-05,PLTR,PALANTIR TECHNOLOGIES INC.,181.76,,,149.22,193.63,143.97,271.79,2.1472222222222306,-2.7413647851727028,2.3823762900238172,-41.76000000000002,-48.73200000000001,-43.028012798050845,-54.43598720194918,0.09166425,0.09166425,,,0.02965526,0.02965526,0.02965526,0.02965526,0.2568464,0.2568464,0.2568464,0.2568464,,0.008285,25.0,-0.63,,,,,,2.413839856054946,2.25211337133435,1.8901036633834036,2.6141230792852963,-0.217,-22.0
2025-12-05,SMCI,"SUPER MICRO COMPUTER, INC.",34.69,,,26.56,38.97,21.89,64.6,-1.9302325581395343,-1.8995327102803732,2.33671875,-1.8900000000000006,-2.7939999999999996,-2.101735599644183,-3.4862644003558163,0.00812299,0.00812299,,,-0.05528822,-0.05528822,-0.05528822,-0.05528822,0.01274889,0.01274889,0.01274889,0.01274889,,0.01105053,25.0,-0.88,,,,,,1.306868035224141,0.7542562921709729,0.2750886724084365,1.2334239119335093,-0.217,-22.0
2025-12-05,APP,APPLOVIN CORP,691.94,,,481.77,776.99,479.9,1078.79,,-2.4711346266901844,1.824419920769665,-214.78999999999996,-243.82600000000002,-216.79334326781776,-270.8586567321823,0.14569947,0.14569947,,,0.04546991,0.04546991,0.04546991,0.04546991,0.34458309,0.34458309,0.34458309,0.34458309,,0.01759748,75.0,-0.57,,,,,,1.1217742335995018,1.0107655670856046,0.6348334506765263,1.386697683494683,-0.232,-24.0
2025-12-05,BK,THE BANK OF NEW YORK MELLON ,114.02,,,104.2,119.33,102.43,131.59,-15.846153846153822,-1.8493408662900168,1.5159620362381383,-67.44000000000001,-68.47,-67.44372031102627,-69.49627968897373,-0.36081787,-0.36081787,,,0.00695515,0.00695515,0.00695515,0.00695515,0.08355626,0.08355626,0.08355626,0.08355626,,-0.00207072,75.0,-0.04,,,,,,2.804329655241804,2.7112086290036683,2.0696180495709435,3.352799208436393,-0.232,-24.0
2025-12-05,BTU,PEABODY ENERGY ,29.02,,,23.19,36.34,20.71,39.53,1.5658914728682163,1.2555746140651811,1.2647412755716008,-4.620000000000001,-5.182,-3.951605754239723,-6.412394245760278,0.06018061,0.06018061,,,0.10697836,0.10697836000000001,0.10697836000000001,0.10697836000000001,0.01799774,0.01799774,0.01799774,0.01799774,,-0.00037812,75.0,0.91,,,,,,-0.08695201453287094,0.12224731405708111,-0.13211460408516384,0.37660923219932607,-0.23975,-24.0
2025-12-05,CCJ,CAMECO ,91.27,,,77.94,105.14,68.5,127.78,2.119960668633235,1.0405101275318835,1.6034255599472995,-17.14,-18.295999999999996,-15.659130644116015,-20.932869355883977,0.1115684,0.1115684,,,0.06989459,0.06989459,0.06989459,0.06989459,0.07156539,0.07156539,0.07156539,0.07156539,,0.00200074,75.0,0.87,,,,,,-0.11480691083991801,2.0888198581688804,-1.409967632408875,5.587607348746635,-0.23975,-24.0
2025-12-05,CTVA,"CORTEVA, INC.",66.0,,,60.17,71.01,56.8,77.0,1.2385620915032691,-1.1636726546906173,1.195652173913043,-5.209999999999994,-5.263999999999993,-4.7612276857264195,-5.766772314273567,0.00538082,0.00538082,,,-0.03336882,-0.03336882,-0.03336882,-0.03336882,0.02548265,0.02548265,0.02548265,0.02548265,,0.00256656,25.0,0.23,,,,,,-0.20815637856414793,0.47215515648601397,-0.5958245100270179,1.540134822999046,-0.23975,-24.0
2025-12-05,DBA,INVESCO DB MS AGRI,26.52,,,24.65,27.2,24.06,29.84,-3.1525423728813555,-2.7500000000000027,1.349593495934959,-2.8099999999999987,-2.9179999999999984,-2.8315708382546703,-3.0044291617453265,-0.04342315,-0.04342315,,,-0.02372347,-0.02372347,-0.02372347,-0.02372347,0.03512227,0.035122270000000004,0.035122270000000004,0.035122270000000004,,-0.01276662,25.0,-0.87,,,,,,14.587700229775407,8.083310644598354,2.3648624530501587,13.80175883614655,-0.232,-24.0
2025-12-05,DLR,"DIGITAL REALTY TRUST, INC.",164.73,,,147.39,170.78,138.37,192.0,-1.537799631223108,-2.866115702479334,1.0345220030349023,-19.640000000000015,-24.704000000000008,-21.23147498209157,-28.176525017908446,-0.00782291,-0.00782291,,,-0.00894135,-0.00894135,-0.00894135,-0.00894135,0.01063562,0.01063562,0.01063562,0.01063562,,0.00755168,75.0,-0.45,,,,,,0.901685279757596,0.8174696112149856,0.4958651019482184,1.139074120481753,-0.232,-24.0
2025-12-05,DRI,"DARDEN RESTAURANTS, INC.",177.72,,,155.82,193.0,154.96,201.73,-7.630136986301319,-1.4332460732984296,1.054920913884007,-11.189999999999998,-12.934000000000003,-11.286371401073653,-14.581628598926352,-0.04350792,-0.04350792,,,-0.03898994,-0.03898994,-0.03898994,-0.03898994,0.00936593,0.00936593,0.00936593,0.00936593,,-6.349e-05,25.0,-0.21,,,,,,1.2695669089939696,1.2711837559564971,0.8655710923319611,1.6767964195810332,-0.232,-24.0
2025-12-05,EA,ELECTRONIC ARTS INC.,203.92,,,188.11,221.44,179.95,232.0,1.4731246308328425,1.1081593927893763,1.1714643304130168,-44.85000000000002,-45.48400000000001,-45.015726575599274,-45.952273424400744,0.04366075,0.04366075,,,0.01846685,0.01846685,0.01846685,0.01846685,0.02364989,0.023649890000000003,0.023649890000000003,0.023649890000000003,,0.00314638,25.0,-0.79,,,,,,3.3051892922581096,2.64607542955549,1.9553103212758476,3.3368405378351325,-0.232,-24.0
2025-12-05,EME,"EMCOR GROUP, INC.",623.62,,,540.06,700.75,506.93,851.75,1.5187428384350945,-1.0833657461428765,1.95500899820036,-140.12,-146.714,-134.426649593993,-159.001350406007,0.05934974,0.05934974,,,0.02260446,0.02260446,0.02260446,0.02260446,0.12334114,0.12334114,0.12334114,0.12334114,,0.00167857,75.0,0.75,,,,,,-0.1425359215353923,0.44734569243609407,-0.4807645138759022,1.3754558987480903,-0.23975,-24.0
2025-12-05,EMR,EMERSON ELECTRIC CO.,137.39,,,121.37,142.93,111.95,163.0,-2.11331133113311,-2.891696750902513,1.006682389937108,-20.0,-22.849999999999994,-20.266155964459156,-25.433844035540833,-0.0413063,-0.0413063,,,-0.00903285,-0.00903285,-0.00903285,-0.00903285,0.0305304,0.030530400000000003,0.030530400000000003,0.030530400000000003,,0.00803955,25.0,-0.81,,,,,,0.3359595975435494,0.15932288810615378,-0.09870328306488949,0.417349059277197,-0.232,-24.0
2025-12-05,GLW,CORNING INC.,85.97,,,77.8,93.96,73.84,109.47,-1.308474576271185,-1.0225281602002512,1.9373454245671895,-18.409999999999997,-20.063999999999997,-18.742947389389805,-21.385052610610188,0.00562349,0.00562349,,,0.05225934,0.05225934,0.05225934,0.05225934,0.13334797,0.13334797,0.13334797,0.13334797,,-0.0017111,25.0,-0.01,,,,,,1.3580638058843344,1.367359390438666,0.8168704287302948,1.9178483521470373,-0.232,-24.0
2025-12-05,GM,GENERAL MOTORS COMPANY,76.05,,,66.2,84.84,64.91,88.19,1.3175635718509762,-1.1205915813424332,1.089766606822262,-27.08,-28.601999999999997,-27.36033982104603,-29.843660178953964,0.04143261,0.04143261,,,0.0451497,0.0451497,0.0451497,0.0451497,0.08904516,0.08904516,0.08904516,0.08904516,,0.00841109,25.0,-1.15,,,,,,5.387108914865526,4.930608206328071,4.4971302088365555,5.364086203819587,-0.232,-24.0
2025-12-05,GRMN,GARMIN LTD,203.59,,,167.93,220.94,168.6,249.97,1.1022810890360548,-2.055331412103747,1.3255215775935978,-20.47,-24.22,-21.25745886104513,-27.182541138954868,0.03242222,0.03242222,,,-0.0401577,-0.0401577,-0.0401577,-0.0401577,0.05720182,0.05720182000000001,0.05720182000000001,0.05720182000000001,,0.00687061,25.0,-1.05,,,,,,1.8366107370682285,1.4810964137050735,1.1673042949626076,1.7948885324475394,-0.232,-24.0
2025-12-05,GS,"THE GOLDMAN SACHS GROUP, INC.",854.56,,,744.27,911.54,715.89,993.24,-1.0899413697035214,-1.9355914355914343,1.0000721136511148,-396.22,-419.774,-401.8317947286294,-437.7162052713706,-0.06298935,-0.06298935,,,0.0157675,0.0157675,0.0157675,0.0157675,0.06997759,0.06997759000000002,0.06997759000000002,0.06997759000000002,,0.00404413,25.0,-1.01,,,,,,0.38036118108663586,0.29188413827352483,0.19300443984615112,0.39076383670089854,-0.232,-24.0
2025-12-05,IWF,ISHARES:RUSS 1000 GR ETF,478.8,,,440.79,512.17,423.0,548.46,-1.0697865353037785,-1.13904704824693,1.2483870967741937,-27.71999999999997,-29.623999999999977,-28.182497311830428,-31.065502688169527,0.00433273,0.00433273,,,0.01149539,0.01149539,0.01149539,0.01149539,0.03549075,0.03549075000000001,0.03549075000000001,0.03549075000000001,,0.00180244,25.0,-0.83,,,,,,4.175715107567726,3.3454990042816637,2.323362596223042,4.367635412340285,-0.232,-24.0
2025-12-05,LMT,LOCKHEED MARTIN ,452.2,,,412.32,489.4,392.44,540.36,-3.2147928994082764,-1.0720430107526884,1.4752342704149939,-52.329999999999984,-58.85799999999997,-53.66393896839858,-64.05206103160135,-0.06011844,-0.06011844,,,-0.00435319,-0.00435319,-0.00435319,-0.00435319,0.01270461,0.01270461,0.01270461,0.01270461,,-0.00805333,25.0,-1.06,,,,,,2.6580836144117237,2.4175867832572253,2.18412314569458,2.6510504208198706,-0.232,-24.0
2025-12-05,MLM,"MARTIN MARIETTA MATERIALS, INC.",624.37,,,582.54,652.15,530.52,725.6,1.8434450572761987,-1.505759539236864,1.0786361214704314,-46.72000000000003,-54.638000000000034,-48.690242439372675,-60.58575756062739,0.08455969,0.08455969,,,0.0064547,0.006454699999999999,0.006454699999999999,0.006454699999999999,0.0264031,0.026403100000000002,0.026403100000000002,0.026403100000000002,,-0.00182115,25.0,-0.81,,,,,,0.2464564383438934,0.029519334876543495,-0.20780347407688374,0.26684214382997073,-0.232,-24.0
2025-12-05,NCLH,NORWEGIAN CRUISE LINE HOLDINGS LTD.,18.92,,,15.35,20.16,14.37,25.37,-2.261467889908258,-2.8790322580645213,1.4175824175824165,-5.829999999999998,-6.04,-5.837145372248992,-6.242854627751008,-0.17285479,-0.17285479,,,-0.08342559,-0.08342559,-0.08342559,-0.08342559,-0.01362996,-0.013629959999999998,-0.013629959999999998,-0.013629959999999998,,-0.00023517,25.0,-0.89,,,,,,0.9375142696483765,0.5295117736289675,0.16499427529488608,0.8940292719630489,-0.232,-24.0
2025-12-05,NDAQ,"NASDAQ, INC.",90.22,,,81.92,96.23,80.36,101.63,-1.1447154471544716,-1.3810316139767038,1.1572008113590262,-18.480000000000004,-19.360000000000003,-18.43715114997092,-20.282848850029087,-0.01927473,-0.01927473,,,-0.01209989,-0.01209989,-0.01209989,-0.01209989,0.03925544,0.03925544,0.03925544,0.03925544,,0.00264575,25.0,0.32,,,,,,-0.22321025790654614,0.32126902273685026,-0.7775830668511128,1.4201211123248132,-0.23975,-24.0
2025-12-05,ORCL,ORACLE ,217.58,,,164.57,249.96,166.69,307.65,-3.307073954983927,-1.637121680049414,1.7698958538023175,-27.48999999999998,-36.733999999999995,-29.17081085784573,-44.29718914215426,0.00985387,0.00985387,,,0.00201187,0.00201187,0.00201187,0.00201187,0.10068139,0.10068139,0.10068139,0.10068139,,0.00628718,25.0,-0.93,,,,,,1.4524066169413916,1.091705482257842,0.6709928685308224,1.5124180959848617,-0.232,-24.0
2025-12-05,QQQ,INVESCO QQQ TRUST 1,625.48,,,571.28,671.28,539.54,721.12,1.0704714640198492,-1.18340611353712,1.1128694437979978,-34.82999999999993,-38.087999999999944,-34.990142675977395,-41.18585732402249,0.01045164,0.01045164,,,0.01740274,0.01740274,0.01740274,0.01740274,0.03074463,0.03074463,0.03074463,0.03074463,,0.00331728,25.0,-0.77,,,,,,2.109878087930591,1.9611186833980099,1.7019360397894774,2.2203013270065424,-0.232,-24.0
2025-12-05,RJF,"RAYMOND JAMES FINANCIAL, INC.",163.13,,,144.99,169.62,139.53,190.6,1.033736074062451,-2.7950693374422126,1.1639830508474578,-105.09000000000003,-109.02200000000002,-105.44416965187003,-112.59983034813001,-0.11148393,-0.11148393,,,-0.0024425,-0.0024425,-0.0024425,-0.0024425,0.04657158,0.04657158,0.04657158,0.04657158,,0.00097677,25.0,-0.95,,,,,,0.2694238084825731,0.10421448010101127,-0.043118014131489454,0.251546974333512,-0.232,-24.0
2025-12-05,RSG,"REPUBLIC SERVICES, INC.",216.53,,,199.14,233.13,189.35,248.06,-2.437943262411347,-1.0475903614457844,1.160044150110375,-139.28,-141.058,-139.6021085205277,-142.51389147947228,-0.31880186,-0.31880186,,,-0.00812087,-0.00812087,-0.00812087,-0.00812087,0.03268083,0.03268083,0.03268083,0.03268083,,0.00212751,25.0,-0.83,,,,,,0.27045009732302705,0.06104585607076892,-0.1541082675993809,0.27619997974091876,-0.232,-24.0
2025-12-05,SPY,SPDR S&P 500 ETF,685.69,,,633.36,735.38,603.76,768.34,-1.4076641993816186,-1.0531294022942264,1.0087879897473442,-200.18999999999994,-202.726,-200.5205794051927,-204.9314205948073,-0.09603377,-0.09603377,,,0.01299024,0.01299024,0.01299024,0.01299024,0.01546211,0.01546211,0.01546211,0.01546211,,0.00042064,25.0,-0.63,,,,,,6.612019249377491,6.291645791751026,5.543859731570485,7.039431851931566,-0.232,-24.0
2025-12-05,TEL,TE CONNECTIVITY LTD,234.36,,,206.58,251.29,197.61,281.58,13.56692913385815,-1.6408741878322526,1.2848979591836727,-6.0,-9.586000000000007,-6.174720181515454,-12.99727981848456,0.0968361,0.0968361,,,0.01822821,0.01822821,0.01822821,0.01822821,0.05116887,0.05116887,0.05116887,0.05116887,,0.00165978,75.0,-0.51,,,,,,2.124970763887597,1.8167113643316277,1.264625022357551,2.3687977063057044,-0.232,-24.0
2025-12-05,TYL,"TYLER TECHNOLOGIES, INC.",469.33,,,420.25,481.72,402.03,550.47,-10.891111111111108,-3.9612590799031326,1.2056463595839528,-55.849999999999966,-60.203999999999965,-56.89749429155184,-63.51050570844809,-0.08503203,-0.08503203,,,-0.0629334,-0.0629334,-0.0629334,-0.0629334,0.01786334,0.017863340000000002,0.017863340000000002,0.017863340000000002,,0.00045791,25.0,0.05,,,,,,1.2932936272253142,1.324960440919641,0.9080826744774895,1.7418382073617924,-0.232,-24.0
2025-12-05,UAL,"UNITED AIRLINES HOLDINGS, INC.",104.95,,,89.7,113.75,79.46,137.39,6.542713567839164,-1.732954545454546,1.2726559435072566,-12.299999999999997,-12.517999999999997,-9.907182120484078,-15.128817879515916,0.09044132,0.09044132,,,-0.00585197,-0.00585197,-0.00585197,-0.00585197,0.08427499,0.08427499,0.08427499,0.08427499,,0.00201347,25.0,0.38,,,,,,-0.19337193098227534,1.3005786891055513,-1.4095838914632746,4.010741269674377,-0.23975,-24.0
2025-12-05,VMC,VULCAN MATERIALS COMPANY,294.87,,,273.88,310.23,253.12,340.08,-1.3342618384401264,-1.3665364583333328,1.0828742514970056,-6.71999999999997,-9.029999999999983,-7.130815964683759,-10.929184035316208,0.01328849,0.01328849,,,-0.00184228,-0.00184228,-0.00184228,-0.00184228,0.0236893,0.0236893,0.0236893,0.0236893,,9.853e-05,25.0,-0.85,,,,,,0.963165284179204,0.5600117655459801,0.12042110093580155,0.9996024301561586,-0.232,-24.0
2025-12-05,WFC,WELLS FARGO & COMPANY,89.83,,,80.03,94.13,74.71,105.61,-3.5884773662551335,-2.2790697674418614,1.0436507936507935,-12.260000000000005,-13.868000000000006,-11.666212090141297,-16.069787909858714,-0.04641611,-0.04641611,,,0.01228674,0.01228674,0.01228674,0.01228674,0.05480951,0.05480951,0.05480951,0.05480951,,0.00877146,75.0,0.25,,,,,,-0.12024181707306081,-0.08385242596626241,-0.14768286244039103,-0.020021989492133796,-0.23975,-24.0
2025-12-05,XLK,SEL SECTOR:TECH SPDR,146.6,,,130.12,157.62,120.42,175.51,1.8461538461538545,-1.495462794918328,1.1042780748663104,-3.490000000000009,-5.099000000000001,-3.844112554848053,-6.353887445151949,0.03501963,0.03501963,,,0.01609624,0.01609624,0.01609624,0.01609624,0.02629905,0.02629905,0.02629905,0.02629905,,0.00436409,25.0,-0.87,,,,,,2.7627573570350106,2.184118921539446,1.5553608473342102,2.8128769957446815,-0.232,-24.0
2025-12-05,HPE,HEWLETT PACKARD ENTERPRISE COMPANY,23.33,,,18.74,24.93,17.07,28.82,1.0423387096774204,-2.8687499999999972,-1.1402550091074672,-3.6700000000000017,-4.529999999999999,-3.907103539904104,-5.152896460095895,0.05815593,0.05815593,,,-0.00463436,-0.00463436,-0.00463436,-0.00463436,0.00422934,0.004229339999999999,0.004229339999999999,0.004229339999999999,,0.00268215,25.0,-0.36,,,,,,0.7220631041820575,1.2578970007597465,0.6967506553728343,1.8190433461466586,-0.2845,-25.0
2025-12-05,LII,LENNOX INTERNATIONAL INC.,511.63,,,436.54,530.92,418.43,577.85,-2.5870686235620735,-3.8926905132192906,-1.4074297795228021,-60.5,-73.506,-63.249310475596914,-83.76268952440309,-0.03251017,-0.03251017,,,-0.030199,-0.030198999999999997,-0.030198999999999997,-0.030198999999999997,0.03114286,0.031142859999999998,0.031142859999999998,0.031142859999999998,,0.01017547,25.0,-0.84,,,,,,0.514198954237276,0.2223622965929737,-0.10716609148737646,0.5518906846733239,-0.2845,-25.0
2025-12-05,LKQ,LKQ ,29.45,,,27.1,31.32,24.58,34.26,-5.869565217391284,-1.2566844919786078,-1.012474012474013,0.5899999999999999,0.4020000000000003,0.6495277762191544,0.1544722237808462,-0.0235398,-0.0235398,,,-0.01358484,-0.01358484,-0.01358484,-0.01358484,-0.05140122,-0.051401220000000004,-0.051401220000000004,-0.051401220000000004,,-0.00343833,75.0,1.15,,,,,,-0.05030534899761718,0.06366866157548712,-0.4849371225907275,0.6122744457417018,-0.29225,-25.0
2025-12-05,MUB,ISHARES:NATL MUNI BOND,106.91,,,103.47,112.15,101.48,112.19,,1.523255813953492,-1.0284090909090893,1.8199999999999932,1.773999999999998,1.809777087639993,1.738222912360003,-0.00659164,-0.00659164,,,0.01150894,0.01150894,0.01150894,0.01150894,-0.00660998,-0.0066099800000000005,-0.0066099800000000005,-0.0066099800000000005,,-0.00177912,50.0,-0.71,,,,,,6.850218315412876,4.521078558722783,2.3414182399881125,6.700738877457454,-0.2845,-25.0
2025-12-05,NXPI,NXP SEMICONDUCTORS NV,227.95,,,176.51,234.67,164.42,247.42,,-7.654761904761906,-3.262968669748331,19.829999999999984,11.181999999999993,23.41053507170829,-1.0465350717083037,0.2348507,0.2348507,,,0.02228188,0.02228188,0.02228188,0.02228188,-0.02123668,-0.021236680000000004,-0.021236680000000004,-0.021236680000000004,,0.08108422,25.0,0.44,,,,,,-0.45818936541023103,-0.15959493392380109,-0.6770700415126859,0.35788017366508373,-0.29225,-25.0
2025-12-05,PRU,"PRUDENTIAL FINANCIAL, INC.",111.68,,,102.04,115.28,93.14,121.83,-39.552631578947846,-2.677777777777782,-1.8266009852216771,-10.549999999999997,-12.716000000000005,-11.160387580404425,-14.271612419595584,-0.10113431,-0.10113431,,,-0.00121901,-0.00121901,-0.00121901,-0.00121901,-0.01425508,-0.014255080000000002,-0.014255080000000002,-0.014255080000000002,,0.00907504,25.0,-0.77,,,,,,0.2221965856651662,0.050266080750388444,-0.151621171092159,0.2521533325929359,-0.2845,-25.0
2025-12-05,USO,UNITED STATES OIL FUND,71.92,,,64.18,75.57,62.64,79.55,-1.9735099337748303,-2.120547945205483,-1.2162516382699877,-0.7000000000000028,-1.5740000000000038,-0.9131066651871913,-2.234893334812816,0.00359364,0.00359364,,,-0.02131833,-0.02131833,-0.02131833,-0.02131833,-0.00748598,-0.007485980000000001,-0.007485980000000001,-0.007485980000000001,,-0.00191826,25.0,-1.06,,,,,,0.7751141556025785,0.570431345637792,0.3830530748731068,0.7578096164024771,-0.2845,-25.0
2025-12-05,AMP,"AMERIPRISE FINANCIAL, INC.",477.06,,,417.05,492.43,384.95,544.27,-6.208641975308627,-3.904359141184123,-1.3704805832465412,-34.52999999999997,-44.99399999999996,-34.857137566288046,-55.13086243371187,-0.05506986,-0.05506986,,,-0.02030575,-0.02030575,-0.02030575,-0.02030575,-0.00203124,-0.00203124,-0.00203124,-0.00203124,,0.02642048,25.0,-0.84,,,,,,0.16573059008226676,-0.06956251053846012,-0.3101599142625524,0.1710348931856322,-0.2845,-29.0
2025-12-05,AOS,A. O. SMITH ,68.03,,,60.76,70.48,58.51,75.06,-1.1414634146341458,-2.967346938775508,-1.354196301564723,-6.109999999999999,-7.2340000000000035,-6.3394162979351805,-8.128583702064827,0.00759384,0.00759384,,,-0.02160565,-0.02160565,-0.02160565,-0.02160565,0.00701094,0.00701094,0.00701094,0.00701094,,0.0107181,25.0,-0.94,,,,,,0.04893274144470405,-0.030465322899945746,-0.09927115603297539,0.038340510233083894,-0.2845,-29.0
2025-12-05,APO,"APOLLO GLOBAL MANAGEMENT, INC.",138.13,,,120.4,146.95,109.48,160.51,-3.6987447698744553,-2.0102040816326534,-1.280160857908847,-3.8400000000000034,-7.4,-4.49554652300988,-10.30445347699012,0.00334236,0.00334236,,,0.01539524,0.01539524,0.01539524,0.01539524,0.01363098,0.01363098,0.01363098,0.01363098,,0.0104232,25.0,-0.88,,,,,,2.1689444690062776,1.7119455546756714,1.178604088785647,2.245287020565696,-0.2845,-29.0
2025-12-05,BEN,"FRANKLIN RESOURCES, INC.",23.4,,,20.49,24.19,18.64,26.35,-4.727272727272713,-3.683544303797456,-1.6135593220338962,-3.0,-3.4979999999999984,-3.085786463104375,-3.910213536895622,-0.12013768,-0.12013768,,,-0.02434393,-0.02434393,-0.02434393,-0.02434393,-0.03672743,-0.03672743,-0.03672743,-0.03672743,,0.00389506,25.0,-0.86,,,,,,0.2684912372941015,-0.021175065877833243,-0.34817965265142864,0.30582952089576215,-0.2845,-29.0
2025-12-05,BLK,"BLACKROCK, INC.",1072.16,,,949.53,1133.47,914.71,1231.86,-5.089846153846156,-2.000163105529281,1.0142902508732916,-91.59999999999991,-102.52600000000002,-82.29413701114011,-122.75786298885994,-0.04709279,-0.04709279,,,-0.01245753,-0.01245753,-0.01245753,-0.01245753,0.0198476,0.019847599999999996,0.019847599999999996,0.019847599999999996,,0.00586014,25.0,-0.94,,,,,,-0.2899408704177,-0.3627079663746991,-0.46091677439540113,-0.26449915835399707,-0.3335,-29.0
2025-12-05,BR,"BROADRIDGE FINANCIAL SOLUTIONS, INC.",232.02,,,211.0,241.74,205.75,253.98,1.7306818181818164,-2.1625514403292194,-1.1962659380692184,-19.67999999999998,-22.19599999999998,-19.88024310429612,-24.51175689570384,0.06563774,0.06563774,,,-0.02428711,-0.02428711,-0.02428711,-0.02428711,0.02371084,0.02371084,0.02371084,0.02371084,,0.01142241,25.0,-1.15,,,,,,1.7595178592417424,1.517436555652596,1.2802766918749398,1.7545964194302521,-0.2845,-29.0
2025-12-05,C,CITIGROUP INC.,108.88,,,96.72,113.11,90.05,126.2,-20.673267326732564,-2.874704491725765,-1.087182448036951,-28.569999999999993,-31.597999999999992,-28.821947046614554,-34.37405295338543,-0.15348202,-0.15348202,,,0.01838146,0.01838146,0.01838146,0.01838146,0.07028255,0.07028255,0.07028255,0.07028255,,0.00794796,25.0,-0.87,,,,,,0.19210375779672773,0.06696827238084631,-0.15339840965989748,0.28733495442159007,-0.2845,-29.0
2025-12-05,CDW,CDW ,146.25,,,129.51,151.42,119.49,172.27,2.158620689655175,-3.237911025145077,-1.0284396617986162,1.1599999999999966,-0.7580000000000041,0.453598118189355,-1.9695981181893631,0.09120346,0.09120346,,,-0.04771827,-0.04771827,-0.04771827,-0.04771827,-0.03756076,-0.03756076,-0.03756076,-0.03756076,,0.00152622,75.0,-0.36,,,,,,1.8513419091115657,1.7096849539664785,1.3482845361459666,2.07108537178699,-0.2845,-29.0
2025-12-05,COMT,ISHARES:GSCI COMM DYN RS,27.22,,,25.69,27.78,24.84,29.29,1.0683760683760684,-2.7321428571428417,-1.1497584541062795,-2.240000000000002,-2.4366800000000013,-2.3073995026309086,-2.565960497369094,0.01197052,0.01197052,,,-0.00824635,-0.00824635,-0.00824635,-0.00824635,0.00304724,0.00304724,0.00304724,0.00304724,,-0.00696536,25.0,-0.74,,,,,,6.631140877240526,6.299427877698993,5.935018047356961,6.663837708041025,-0.2845,-29.0
2025-12-05,CTSH,COGNIZANT TECHNOLOGY SOLUTIONS ,80.72,,,72.62,85.36,64.41,90.16,-1.6873563218390835,-1.7456896551724124,-1.7277542372881363,-3.780000000000001,-5.444,-3.975895780266266,-6.912104219733734,-0.00054441,-0.00054441,,,0.02918099,0.02918099,0.02918099,0.02918099,-0.00729248,-0.00729248,-0.00729248,-0.00729248,,0.00618481,25.0,-0.78,,,,,,0.8581609034122253,0.45844770476394087,0.10680409851404332,0.8100913110138384,-0.2845,-29.0
2025-12-05,DBC,INVESCO DB CM IDX,23.33,,,21.83,24.02,21.13,25.03,1.0828729281767968,-2.1739130434782568,-1.294117647058821,-1.5700000000000003,-1.7419999999999987,-1.6281140921799357,-1.8558859078200616,0.01318035,0.01318035,,,-0.00590424,-0.00590424,-0.00590424,-0.00590424,-0.00206209,-0.0020620899999999995,-0.0020620899999999995,-0.0020620899999999995,,-0.00382927,75.0,-0.64,,,,,,3.3722412833891076,2.8902873824892787,2.307225045351187,3.4733497196273704,-0.2845,-29.0
2025-12-05,DECK,DECKERS OUTDOOR ,99.7,,,75.88,101.29,66.62,114.74,1.001897533206832,-14.98113207547167,-2.199468085106384,7.060000000000002,2.3019999999999983,5.578807897939702,-0.9748078979397055,0.09762838,0.09762838,,,-0.04662348,-0.04662348,-0.04662348,-0.04662348,-0.02741321,-0.027413209999999997,-0.027413209999999997,-0.027413209999999997,,0.02158604,75.0,-0.61,,,,,,0.3237220821352895,0.15290706792558353,-0.10278437210686178,0.4085985079580289,-0.2845,-29.0
2025-12-05,DXCM,"DEXCOM, INC.",65.49,,,54.3,69.66,44.35,76.01,2.7777777777777874,-2.6834532374100704,-2.0095057034220507,6.599999999999994,5.821999999999998,6.597125796242128,5.046874203757868,0.06190145,0.06190145,,,-0.05611805,-0.05611805000000001,-0.05611805000000001,-0.05611805000000001,-0.12143262,-0.12143262,-0.12143262,-0.12143262,,0.0157491,75.0,-0.64,,,,,,2.959965576031076,3.489679993987139,2.9325047746262753,4.046855213348002,-0.2845,-29.0
2025-12-05,EFX,EQUIFAX INC.,211.51,,,191.81,227.02,180.08,237.13,1.3111767602166418,-1.270148291424885,-1.226775956284152,-14.300000000000011,-15.780000000000006,-14.469561142212278,-17.090438857787735,0.02250039,0.02250039,,,-0.02823386,-0.02823386,-0.02823386,-0.02823386,-0.03066553,-0.03066553,-0.03066553,-0.03066553,,0.00413738,25.0,-1.14,,,,,,3.8604242228877634,3.295246744303874,2.7924321215524652,3.798061367055283,-0.2845,-29.0
2025-12-05,EPAM,"EPAM SYSTEMS, INC.",203.6,,,168.2,216.8,137.54,229.47,-5.690322580645168,-2.681818181818179,-2.55353691534596,5.430000000000007,-0.4679999999999893,5.226788845953828,-6.1627888459538065,-0.01398318,-0.01398318,,,0.02014896,0.02014896,0.02014896,0.02014896,-0.05614489,-0.05614489,-0.05614489,-0.05614489,,0.01517017,25.0,-1.1,,,,,,0.8426546293944117,0.66194964945193,0.4550169400316105,0.8688823588722496,-0.2845,-29.0
2025-12-05,EWC,ISHARES:MSCI CANADA,53.29,,,49.4,55.79,47.79,57.72,1.1583710407239824,-1.5560000000000003,-1.2415349887133185,-2.4299999999999997,-3.089999999999999,-2.5662156932476874,-3.6137843067523105,0.02845486,0.02845486,,,0.01537094,0.01537094,0.01537094,0.01537094,0.02600615,0.026006150000000002,0.026006150000000002,0.026006150000000002,,-0.00390105,25.0,-0.54,,,,,,1.2541450877809655,1.043914437807527,0.709355411735056,1.3784734638799978,-0.2845,-29.0
2025-12-05,EWG,ISHARES:MSCI GERMANY,41.41,,,38.18,42.77,37.37,45.44,1.8172757475083088,-2.3749999999999862,-1.0024813895781632,-3.770000000000003,-4.197999999999999,-3.8697165858591096,-4.526283414140888,0.06361216,0.06361216,,,-0.00925983,-0.00925983,-0.00925983,-0.00925983,0.02667143,0.02667143,0.02667143,0.02667143,,-0.00016371,25.0,-0.83,,,,,,1.6574106370123296,1.2290969186889198,0.7633228236306392,1.6948710137472003,-0.2845,-29.0
2025-12-05,EXPD,EXPEDITORS INTERNATIONAL OF WASHINGTON,151.47,,,133.26,170.24,117.59,171.67,-2.156962025316453,1.0307523338824822,-1.677227722772278,-14.099999999999994,-16.971999999999998,-14.668530877133355,-19.27546912286664,-0.02606986,-0.02606986,,,0.049568,0.049568,0.049568,0.049568,0.01212489,0.01212489,0.01212489,0.01212489,,0.0048585,25.0,-1.05,,,,,,1.1585835038980528,0.83925254674977,0.5477884989599491,1.130716594539591,-0.2845,-29.0
2025-12-05,FCX,FREEPORT-MCMORAN INC.,45.2,,,36.39,47.8,34.68,51.17,-1.2261904761904778,-3.388461538461547,-1.7621440536013409,0.5100000000000051,-0.6139999999999972,0.3847392051982378,-1.612739205198232,0.02992414,0.02992414,,,-0.05430517,-0.05430517,-0.05430517,-0.05430517,-0.01791477,-0.01791477,-0.01791477,-0.01791477,,0.00274516,25.0,-0.92,,,,,,0.34042328081173556,0.0655178409746043,-0.20778071818696692,0.3388164001361755,-0.2845,-29.0
2025-12-05,FTNT,"FORTINET, INC.",86.92,,,75.05,90.56,68.13,102.17,-1.8200000000000016,-3.260989010989012,-1.232131147540984,-5.200000000000003,-8.196000000000003,-6.116125003756236,-10.275874996243772,0.02152042,0.02152042,,,0.01536712,0.015367120000000001,0.015367120000000001,0.015367120000000001,0.02370637,0.02370637,0.02370637,0.02370637,,0.01532908,25.0,-0.06,,,,,,0.33848177341430596,0.353011491563787,0.11983937912677223,0.5861836040008018,-0.2845,-29.0
2025-12-05,GNK,GENCO SHIPPING & TRADING LIMITED,19.32,,,17.19,21.43,14.83,22.54,,-1.0094786729857819,-1.3944099378881993,0.240000000000002,-0.03399999999999821,0.1563417978269635,-0.22434179782695995,0.01537345,0.01537345,,,0.01096482,0.01096482,0.01096482,0.01096482,0.00420519,0.00420519,0.00420519,0.00420519,,-0.00171173,75.0,-0.65,,,,,,0.9157781095530093,1.1216667977841273,0.7147516365607555,1.5285819590074992,-0.2845,-29.0
2025-12-05,INTU,INTUIT INC.,673.63,,,589.44,699.56,539.94,783.38,-2.3858714944976973,-3.2468183571153144,-1.2181321184510245,-21.200000000000045,-44.502000000000045,-26.623038341111677,-62.38096165888841,0.01099373,0.01099373,,,-0.01610918,-0.01610918,-0.01610918,-0.01610918,0.00102274,0.00102274,0.00102274,0.00102274,,-0.00106779,25.0,-1.15,,,,,,1.0820948581853487,0.8809792476746763,0.7045252182780258,1.0574332770713266,-0.2845,-29.0
2025-12-05,KDP,KEURIG DR PEPPER INC.,28.69,,,25.43,30.43,23.48,31.66,,-1.873563218390807,-1.7542087542087552,0.75,0.43999999999999845,0.6875883680627974,0.19241163193719948,0.00311528,0.00311528,,,0.00062954,0.00062954,0.00062954,0.00062954,-0.02225608,-0.02225608,-0.02225608,-0.02225608,,-0.001229,25.0,-1.08,,,,,,2.608046026482107,2.2937481361307537,1.7815667450450658,2.8059295272164415,-0.2845,-29.0
2025-12-05,KKR,KKR & CO. INC.,129.42,,,107.54,136.67,99.17,154.46,-2.4644970414200964,-3.017931034482756,-1.2080670926517556,-6.420000000000016,-10.000000000000004,-6.7120599153877585,-13.287940084612249,0.01362517,0.01362517,,,-0.01565247,-0.01565247,-0.01565247,-0.01565247,0.03625872,0.03625872,0.03625872,0.03625872,,0.01618567,25.0,-0.78,,,,,,0.6895064569457614,0.4255573206754821,0.10841230181693806,0.7427023395340261,-0.2845,-29.0
2025-12-05,LOW,"LOWE'S COMPANIES, INC.",248.47,,,213.49,261.89,201.19,286.41,-3.499072356215217,-2.606557377049182,-1.2461781760674742,-72.47999999999999,-74.72200000000001,-72.79103650992569,-76.65296349007433,-0.17577638,-0.17577638,,,-0.03435892,-0.03435892,-0.03435892,-0.03435892,0.017148,0.017148,0.017148,0.017148,,-0.00092026,25.0,-0.79,,,,,,0.055408502518850655,-0.12338342873888763,-0.32256309423844776,0.07579623676067246,-0.2845,-29.0
2025-12-05,MDY,SPDR S&P MIDCAP 400 ETF,607.38,,,562.28,630.95,532.95,664.44,1.382902298850575,-1.91344929995757,-1.3044164037854866,-88.50999999999999,-91.70199999999997,-88.52841054955117,-94.87558945044877,0.03508508,0.03508508,,,-0.01261211,-0.01261211,-0.01261211,-0.01261211,-0.00296121,-0.00296121,-0.00296121,-0.00296121,,-0.00919786,25.0,-0.86,,,,,,1.2668272946795525,0.9038062283055807,0.5189193684544132,1.288693088156748,-0.2845,-29.0
2025-12-05,MET,"METLIFE, INC.",78.66,,,70.85,81.38,66.21,89.03,-1.9834024896265534,-2.8713235294117667,-1.2005785920925744,-6.960000000000008,-8.264000000000005,-7.209021327229792,-9.318978672770218,-0.03462834,-0.03462834,,,-0.00995365,-0.00995365,-0.00995365,-0.00995365,-0.0093157,-0.009315699999999998,-0.009315699999999998,-0.009315699999999998,,-0.00087841,25.0,-0.85,,,,,,0.6877175008154706,0.39886419948404256,0.05837441479882244,0.7393539841692627,-0.2845,-29.0
2025-12-05,MOH,"MOLINA HEALTHCARE, INC.",151.86,,,124.98,165.25,101.22,180.65,,-2.007468259895447,-1.7589440778047942,21.610000000000014,18.248,21.18796088409353,15.30803911590647,0.00987599,0.00987599,,,-0.04099361,-0.04099361,-0.04099361,-0.04099361,-0.14101615,-0.14101615,-0.14101615,-0.14101615,,0.00233231,25.0,-0.84,,,,,,3.4012167443282983,2.5235889832006713,1.7366024305754195,3.3105755358259232,-0.2845,-29.0
2025-12-05,MS,MORGAN STANLEY,176.51,,,156.59,185.53,148.2,202.88,-4.848425196850381,-2.2084257206208386,-1.07356844899507,-33.16,-37.13399999999999,-33.55827909366516,-40.70972090633482,-0.07912632,-0.07912632,,,0.02296818,0.02296818,0.02296818,0.02296818,0.06464144,0.06464144,0.06464144,0.06464144,,0.00434722,25.0,-0.9,,,,,,0.5324481263649752,0.2072141823730279,-0.0799033753813021,0.4943317401273579,-0.2845,-29.0
2025-12-05,NTAP,"NETAPP, INC.",117.27,,,100.99,123.42,91.49,140.55,1.1656050955414052,-2.647154471544713,-1.1073883161512021,-1.0300000000000011,-3.096000000000001,-1.2130289433982273,-4.978971056601774,0.03352854,0.03352854,,,-0.01530348,-0.01530348,-0.01530348,-0.01530348,0.02673887,0.02673887,0.02673887,0.02673887,,-0.00180711,25.0,-0.85,,,,,,0.06558250779899022,-0.14816655253745456,-0.3732806921565226,0.07694758708161348,-0.2845,-29.0
2025-12-05,O,REALTY INCOME ,58.48,,,53.89,60.74,50.88,65.31,-1.023809523809519,-2.0309734513274273,-1.1127379209370407,-0.14000000000000057,-0.6779999999999973,-0.2195569828211994,-1.1364430171787951,0.01588212,0.01588212,,,-0.0080029,-0.0080029,-0.0080029,-0.0080029,0.00393817,0.00393817,0.00393817,0.00393817,,0.00556298,25.0,-0.92,,,,,,1.0158724077888985,0.6601610534735078,0.3347476140718818,0.9855744928751339,-0.2845,-29.0
2025-12-05,PFE,PFIZER INC.,26.03,,,23.9,28.73,21.79,28.75,-2.6909090909091056,1.267605633802815,-1.558823529411766,0.15000000000000213,-0.33599999999999924,0.014542436803307857,-0.6865424368033064,-0.00021848,-0.00021848,,,0.05175948,0.05175947999999999,0.05175947999999999,0.05175947999999999,-0.02719212,-0.027192119999999997,-0.027192119999999997,-0.027192119999999997,,0.00518651,25.0,-0.78,,,,,,0.21398303576779854,0.0431776647250417,-0.20540891303013287,0.29176424248021626,-0.2845,-29.0
2025-12-05,PFG,"PRINCIPAL FINANCIAL GROUP, INC.",87.52,,,80.99,90.79,74.2,95.85,-6.374316939890691,-1.996941896024459,-1.599039615846338,-26.42,-28.308,-26.99778246081042,-29.61821753918958,-0.22178096,-0.22178096,,,0.01407728,0.014077280000000001,0.014077280000000001,0.014077280000000001,0.00107986,0.00107986,0.00107986,0.00107986,,0.00361342,75.0,-0.63,,,,,,0.030902734354681494,-0.048161724159199316,-0.18320882468661046,0.08688537636821184,-0.2845,-29.0
2025-12-05,PH,PARKER-HANNIFIN ,880.0,,,811.1,953.95,716.14,1021.55,1.079734743822531,1.0732946298984045,-1.157612151183328,-157.66000000000008,-170.07600000000008,-160.07814623031533,-180.07385376968483,0.01884912,0.01884912,,,0.04563214,0.04563214,0.04563214,0.04563214,0.03918005,0.03918005,0.03918005,0.03918005,,0.00481485,25.0,-0.88,,,,,,2.2890713635574276,1.7037575719282874,1.037886653128234,2.3696284907283407,-0.2845,-29.0
2025-12-05,PKG,PACKAGING  OF AMERICA,198.48,,,183.84,212.73,172.67,233.14,,-1.0273684210526306,1.3428903525765206,-17.850000000000023,-18.560000000000013,-14.719251375057215,-22.40074862494281,-0.06949319,-0.06949319,,,-0.01764718,-0.01764718,-0.01764718,-0.01764718,0.02200506,0.022005059999999996,0.022005059999999996,0.022005059999999996,,0.00390585,25.0,-0.81,,,,,,-0.5650226153529516,-0.6378659355069027,-0.7165956394433326,-0.5591362315704729,-0.3335,-29.0
2025-12-05,POWA,INVESCO BLOOMBERG PRICING POWER,91.2488,,,83.8,97.76,84.72,97.32,-1.058361171153472,-1.1439980341565308,-1.0753722493082116,-4.921199999999999,-5.1415999999999995,-4.96039541948394,-5.322804580516059,-0.00083495,-0.00083495,,,-0.00587422,-0.00587422,-0.00587422,-0.00587422,0.00796729,0.00796729,0.00796729,0.00796729,,-0.00125043,25.0,-0.84,,,,,,2.7345910799183493,2.0877703238313265,1.3578957719049818,2.8176448757576713,-0.2845,-29.0
2025-12-05,RSP,INVESCO S&P500 EWGHT,192.0,,,176.71,202.52,169.45,210.46,-1.465863453815258,-1.453422053231937,-1.2215601300108343,-1.6899999999999977,-2.6299999999999955,-1.7561293001822196,-3.5038706998177713,0.00203279,0.00203279,,,-0.00708727,-0.00708727,-0.00708727,-0.00708727,-0.00206325,-0.0020632499999999995,-0.0020632499999999995,-0.0020632499999999995,,-0.00435407,25.0,-0.91,,,,,,0.8310102494922236,0.47365499017533835,0.1268878424165989,0.8204221379340778,-0.2845,-29.0
2025-12-05,SLB,SCHLUMBERGER N.V.,38.46,,,33.06,40.06,30.99,41.35,-1.6609442060085837,-3.374999999999996,-2.5847750865051906,0.240000000000002,-0.8019999999999996,0.11784781349960272,-1.7218478134996018,0.011389,0.011389,,,-0.00328926,-0.00328926,-0.00328926,-0.00328926,-0.05351962,-0.05351962,-0.05351962,-0.05351962,,0.01048085,25.0,-0.84,,,,,,0.14622785792651083,-0.0689379477729954,-0.2987803070640751,0.16090441151808427,-0.2845,-29.0
2025-12-05,SPHB,INVESCO S&P500 HI BE,117.45,,,102.57,124.93,97.74,129.79,-1.9419660481642322,-1.9893048128342248,-1.5972447325769874,-80.45,-82.438,-80.55654577520473,-84.31945422479528,-0.31739315,-0.31739315,,,0.01233758,0.01233758,0.01233758,0.01233758,0.00904285,0.00904285,0.00904285,0.00904285,,0.00748948,25.0,-0.34,,,,,,1.1518638648351835,1.2758950527893846,0.9171209008037641,1.634669204775005,-0.2845,-29.0
2025-12-05,STE,STERIS PUBLIC LIMITED COMPANY,263.28,,,248.92,283.8,222.44,295.34,-1.3855333210941791,1.4289693593314805,-1.273861509669369,-99.04000000000002,-101.14200000000001,-99.26700133333382,-103.0169986666662,-0.12934266,-0.12934266,,,0.01742046,0.01742046,0.01742046,0.01742046,0.00192427,0.0019242700000000003,0.0019242700000000003,0.0019242700000000003,,0.00223732,25.0,-0.34,,,,,,0.1188867580760189,0.1310333369735804,0.11391579000057878,0.14815088394658205,-0.2845,-29.0
2025-12-05,STT,STATE STREET ,123.61,,,109.98,128.59,105.5,138.96,-1.9126984126984103,-2.7369477911646554,-1.1798045602605856,-9.100000000000009,-12.006000000000006,-9.806243195259992,-14.20575680474002,0.00407747,0.00407747,,,0.0040226,0.0040226,0.0040226,0.0040226,0.03516037,0.03516037,0.03516037,0.03516037,,0.01326617,25.0,-0.8,,,,,,2.85735988300886,2.4624481701813346,2.101186193590719,2.8237101467719503,-0.2845,-29.0
2025-12-05,TECK,TECK RESOURCES LIMITED,45.07,,,38.81,51.0,34.52,52.43,4.021276595744692,-1.0556492411467113,-1.433423913043478,0.7299999999999969,-0.15400000000000347,0.716591752775087,-1.0245917527750938,0.05192634,0.05192634,,,0.07045944,0.07045944,0.07045944,0.07045944,-0.00544342,-0.00544342,-0.00544342,-0.00544342,,0.01280013,25.0,-0.81,,,,,,0.6996156644072771,0.43241793621709257,0.160200303158457,0.7046355692757281,-0.2845,-29.0
2025-12-05,TGT,TARGET ,92.19,,,81.57,96.4,74.11,102.23,,-2.5225653206650795,-1.8007968127490026,5.310000000000002,4.426000000000005,5.080392848371684,3.7716071516283254,-0.0032609,-0.0032609,,,-0.02134768,-0.02134768,-0.02134768,-0.02134768,-0.06169393,-0.06169393,-0.06169393,-0.06169393,,-0.0007206,25.0,-1.01,,,,,,1.2247877525979889,1.0542132041947447,0.9036052576430105,1.204821150746479,-0.2845,-29.0
2025-12-05,TROW,"T. ROWE PRICE GROUP, INC.",106.58,,,95.48,109.12,86.96,118.43,-2.9022988505747076,-4.370078740157467,-1.6556962025316448,-4.739999999999995,-7.023999999999992,-4.863333436182243,-9.184666563817741,-0.02822947,-0.02822947,,,-0.01251906,-0.012519060000000002,-0.012519060000000002,-0.012519060000000002,-0.01683329,-0.01683329,-0.01683329,-0.01683329,,-0.01533594,25.0,-0.96,,,,,,0.7990084441138747,0.6927504729391099,0.5339987070814669,0.8515022387967528,-0.2845,-29.0
2025-12-05,TS,TENARIS SA,40.88,,,36.92,44.89,34.71,47.75,-1.2289156626506088,1.0126262626262619,1.1134521880064823,-1.4199999999999946,-1.5519999999999967,-0.9422705518018628,-2.1617294481981304,0.00170317,0.00170317,,,0.0312948,0.0312948,0.0312948,0.0312948,0.01556463,0.015564629999999998,0.015564629999999998,0.015564629999999998,,0.00535292,25.0,-0.78,,,,,,-0.4535331490837696,-0.5645150888662466,-0.6808418550696318,-0.4481883226628614,-0.3335,-29.0
2025-12-05,UNG,UNITED STATES NAT GAS,16.37,,,13.46,18.0,11.52,18.95,1.248251748251748,-1.7852760736196331,-1.8798449612403119,-1.1999999999999993,-2.0359999999999996,-1.4990363140770129,-2.5729636859229865,0.09621586,0.09621586,,,0.06896748,0.06896748,0.06896748,0.06896748,-0.03006982,-0.03006982,-0.03006982,-0.03006982,,0.01693538,75.0,-0.4,,,,,,0.43366152547557957,0.5919209150266066,0.09317710123975087,1.0906647288134623,-0.2845,-29.0
2025-12-05,XLY,SEL SECTOR:C DSC SPDR,119.73,,,108.2,127.34,103.03,136.07,-1.4295676429567639,-1.5151116951379766,-1.022031823745411,-11.89,-12.657000000000005,-11.972460008472845,-13.341539991527165,-0.01830557,-0.01830557,,,0.00050316,0.00050316,0.00050316,0.00050316,0.01817996,0.01817996,0.01817996,0.01817996,,-0.00252974,25.0,-1.1,,,,,,1.3546711955398858,0.7661600780586291,0.2174724385900506,1.3148477175272075,-0.2845,-29.0
2025-12-05,ZBRA,ZEBRA TECHNOLOGIES ,264.81,,,218.95,282.28,198.48,314.68,-2.02223371251293,-2.6250715512306866,-1.3300581511931022,-22.5,-28.938000000000006,-23.033694791086763,-34.842305208913245,-0.04560347,-0.04560347,,,-0.03402607,-0.03402607,-0.03402607,-0.03402607,-0.03455545,-0.034555449999999995,-0.034555449999999995,-0.034555449999999995,,0.01463475,75.0,-0.59,,,,,,1.8315187021604205,1.5147370045843747,1.185656205847928,1.8438178033208212,-0.2845,-29.0
2025-12-05,ACN,ACCENTURE PUBLIC LIMITED COMPANY,266.59,,,235.28,287.45,214.1,297.05,1.2970467032967057,-1.500958772770851,-1.7232435981615206,-27.58000000000004,-28.724000000000025,-22.496301388153107,-34.95169861184694,0.0077478,0.0077478,,,0.02720749,0.02720749,0.02720749,0.02720749,-0.02628502,-0.026285019999999996,-0.026285019999999996,-0.026285019999999996,,0.03462251,25.0,0.26,,,,,,-0.08409971699403895,-0.015743621913267985,-0.17196257837592038,0.14047533454938443,-0.29225,-30.0
2025-12-05,CDNS,"CADENCE DESIGN SYSTEMS, INC.",337.53,,,280.22,350.24,261.89,394.75,-1.5509592326139074,-4.509047993705726,-1.3219154141908416,-82.31,-92.13999999999997,-79.08568079140085,-105.1943192085991,-0.07394001,-0.07394001,,,-0.00631222,-0.00631222,-0.00631222,-0.00631222,0.00604727,0.00604727,0.00604727,0.00604727,,0.0180924,25.0,0.45,,,,,,-0.18368647860305276,-0.15295118745516856,-0.26760528607383105,-0.038297088836506066,-0.29225,-30.0
2025-12-05,MCHP,MICROCHIP TECHNOLOGY INC.,65.81,,,45.68,68.03,40.35,74.33,1.506880733944953,-9.067567567567574,-2.9882629107981233,-0.14999999999999147,-5.103999999999994,0.35933048606800533,-10.567330486067993,0.1649841,0.1649841,,,0.00568304,0.00568304,0.00568304,0.00568304,-0.09466976,-0.09466976,-0.09466976,-0.09466976,,0.07953178,25.0,0.27,,,,,,-0.47439180227347566,-0.44330878559117964,-0.5078313132595136,-0.3787862579228457,-0.29225,-30.0
2025-12-05,TXN,TEXAS INSTRUMENTS INC.,182.54,,,152.01,188.97,140.14,200.43,5.062639821029083,-4.748055987558316,-2.37003912800447,3.5600000000000023,-1.243999999999994,4.884840020754341,-7.37284002075433,0.13059668,0.13059668,,,-0.00198136,-0.00198136,-0.00198136,-0.00198136,-0.00595088,-0.0059508799999999995,-0.0059508799999999995,-0.0059508799999999995,,0.04535014,25.0,0.41,,,,,,-0.30507186903798666,24.428589355387373,-18.516947737683473,67.37412644845821,-0.29225,-30.0
2025-12-05,FVX,5 YR TSY YLD NDX,3.71500015258789,,,3.49,3.78,3.28,3.96,1.7272651609520622,-3.4615489350513755,-1.7755119326918785,0.15500015258789013,0.11059998512267591,0.14381596844712438,0.07738400179822744,0.03462815,0.03462815,,,0.00191913,0.0019191300000000002,0.0019191300000000002,0.0019191300000000002,-0.03310476,-0.033104760000000004,-0.033104760000000004,-0.033104760000000004,,0.01237827,25.0,0.39,,,,,,,,,,-0.3595,-31.0
2025-12-05,NDX,NASDAQ 100 INDEX,25692.05078125,,,24032.8,26911.25,23133.72,28387.25,-1.0649610344593334,-1.3609349118113523,1.0534991168863346,-1603.44921875,-1739.699609375,-1610.1253409195651,-1869.2738778304347,0.00570165,0.00570165,,,0.01701313,0.01701313,0.01701313,0.01701313,0.03097389,0.03097389,0.03097389,0.03097389,,0.00347306,25.0,-1.1,,,,,,,,,,-0.307,-31.0
2025-12-05,NQ=F,NASDAQ 100 FUTURES,25735.0,,,24351.27,26909.8,23222.26,28285.05,-1.6857850975375734,-1.1778430371127004,1.0148483328955633,-1616.5800000000017,-1748.6300000000017,-1625.8796945014003,-1871.380305498603,-0.01146635,-0.01146635,,,0.01420915,0.01420915,0.01420915,0.01420915,0.02544525,0.02544525,0.02544525,0.02544525,,0.00442293,25.0,-0.31,,,,,,,,,,-0.307,-31.0
2025-12-05,TJX,"THE TJX COMPANIES, INC.",153.28,,,145.23,161.56,134.57,175.16,1.6706689536878212,1.0285714285714274,1.1694281133083906,-17.25999999999999,-19.581999999999987,-18.20900327749844,-20.954996722501534,0.07315867,0.07315867,,,0.02286821,0.02286821,0.02286821,0.02286821,0.06021603,0.06021603,0.06021603,0.06021603,,0.00058622,75.0,1.15,,,,,,-0.1404679342869145,0.49402042380577615,-0.06252001416552633,1.0505608617770785,-0.30075,-31.0
2025-12-05,CALM,"CAL-MAINE FOODS, INC.",84.71,,,72.76,88.57,73.87,107.34,2.2941970310391375,-3.0958549222797904,2.087638376383767,-13.830000000000013,-14.994000000000009,-13.490377707002201,-16.497622292997818,0.11340413,0.11340413,,,-0.09303856,-0.09303856,-0.09303856,-0.09303856,0.0817101,0.0817101,0.0817101,0.0817101,,-0.00320033,25.0,-1.14,,,,,,-0.09472221498097788,-0.23056108243008464,-0.35012121273100794,-0.11100095212916132,-0.3185,-33.0
2025-12-05,CTRA,COTERRA ENERGY INC.,27.39,,,24.38,30.6,22.01,31.25,1.1217257318952232,1.0664451827242523,-1.393782383419689,-7.799999999999997,-8.143999999999997,-7.7386236316705155,-8.549376368329478,-0.01240565,-0.01240565,,,0.046564,0.046564,0.046564,0.046564,0.00232087,0.0023208699999999996,0.0023208699999999996,0.0023208699999999996,,0.00329237,25.0,-0.85,,,,,,-0.32790737936483194,-0.3839568375487941,-0.5517015606881379,-0.21621211440945035,-0.386,-33.0
2025-12-05,ETR,ENTERGY ,94.22,,,89.93,101.39,89.48,111.31,1.1880281690140846,1.6713286713286748,3.6054852320675153,-27.189999999999998,-27.314,-26.66582564074163,-27.96217435925837,0.00747693,0.00747693,,,0.00974254,0.00974254,0.00974254,0.00974254,0.09633972,0.09633972,0.09633972,0.09633972,,0.00103307,25.0,-0.85,,,,,,-0.10297616414637689,-0.2509136074120203,-0.4083358173103141,-0.09349139751372648,-0.3185,-33.0
2025-12-05,GEOS,GEOSPACE TECHNOLOGIES ,14.76,,,8.34,18.36,8.89,31.85,-2.0324675324675305,-1.7833333333333334,2.9114139693356056,-3.9700000000000006,-4.784000000000001,-3.714336501510873,-5.853663498489128,-0.05343813,-0.05343813,,,-0.11817705,-0.11817705,-0.11817705,-0.11817705,0.08554455,0.08554455,0.08554455,0.08554455,,-0.00746708,75.0,-0.65,,,,,,-0.25251036598671583,-0.27078689933447786,-0.36493880168715,-0.17663499698180574,-0.3185,-33.0
2025-12-05,ON,ON SEMICONDUCTOR ,54.74,,,44.85,59.81,38.8,62.33,2.014792899408281,-1.95069033530572,-2.100131752305667,1.3200000000000003,0.29799999999999754,3.0270969202283724,-2.4310969202283776,0.08030859,0.08030859,,,0.03635809,0.03635809,0.03635809,0.03635809,-0.06137415,-0.06137415000000001,-0.06137415000000001,-0.06137415000000001,,0.0471424,25.0,-0.52,,,,,,-0.6001999944437244,-0.5876474678537695,-0.610349435688334,-0.5649455000192051,-0.386,-33.0
2025-12-05,RF,REGIONS FINANCIAL ,26.28,,,23.05,27.36,21.72,29.97,-5.122448979591856,-2.990740740740746,-1.2357723577235786,-2.919999999999998,-3.2739999999999996,-2.7601615039723075,-3.7878384960276916,-0.06059899,-0.06059899,,,-0.02642569,-0.02642569,-0.02642569,-0.02642569,0.02635441,0.026354409999999998,0.026354409999999998,0.026354409999999998,,0.00915844,75.0,-0.47,,,,,,-0.040862752310571016,-0.1477313500794519,-0.4693206920641201,0.17385799190521625,-0.386,-33.0
2025-12-05,SD,"SANDRIDGE ENERGY, INC.",15.22,,,13.27,16.76,11.27,16.83,-2.02173913043479,-1.2662337662337662,-2.4534161490683273,0.15000000000000036,-0.21200000000000047,0.18677311845208389,-0.6107731184520848,0.01156267,0.01156267,,,0.06792438,0.06792438,0.06792438,0.06792438,-0.02814747,-0.028147470000000004,-0.028147470000000004,-0.028147470000000004,,0.00580266,25.0,-0.9,,,,,,-0.27707152073976515,-0.2553655503700259,-0.4234090004165699,-0.0873221003234819,-0.386,-33.0
2025-12-05,CNR,"CORE NATURAL RESOURCES, INC.",83.27,,,68.59,95.76,64.0,102.67,-2.5742753623188346,-1.1753402722177728,1.0067462376751433,-10.91000000000001,-13.156000000000006,-9.957073617602308,-16.354926382397704,-0.07575328,-0.07575328,,,0.04191555,0.04191555,0.04191555,0.04191555,-0.01678419,-0.01678419,-0.01678419,-0.01678419,,0.00194718,75.0,-0.49,,,,,,-0.0241273545018873,-0.023281983662262012,-0.18367900175435734,0.13711503442983333,-0.3335,-34.0
2025-12-05,DASH,"DOORDASH, INC.",225.0,,,162.36,238.58,170.23,296.15,32.046332046332004,-4.612665684830628,1.2990688333029023,-8.120000000000005,-14.874000000000006,-7.221537651187051,-22.526462348812963,0.36030875,0.36030875,,,-0.06308997,-0.06308997,-0.06308997,-0.06308997,0.08174653,0.08174653,0.08174653,0.08174653,,0.01286456,25.0,-0.09,,,,,,-0.0030770692118660126,-0.013691499349054706,-0.19503049121992802,0.16764749252181863,-0.3335,-34.0
2025-12-05,DELL,DELL TECHNOLOGIES INC.,138.91,,,113.05,157.29,101.45,197.26,-1.0181086519114695,-1.4069640914037,1.5576615056059797,-8.72999999999999,-11.725999999999988,-8.632510061435454,-14.819489938564523,0.03799641,0.03799641,,,0.03197596,0.03197596,0.03197596,0.03197596,0.06380653,0.06380653000000001,0.06380653000000001,0.06380653000000001,,0.01290591,25.0,-1.07,,,,,,-0.01797938568889479,-0.13418106542162936,-0.23621986506220602,-0.0321422657810527,-0.3335,-34.0
2025-12-05,EQT,EQT ,60.68,,,53.03,66.98,50.3,72.19,-1.7835820895522394,-1.2142857142857133,1.1088631984585737,-7.809999999999995,-8.281999999999993,-7.3008934818277815,-9.263106518172204,-0.02808415,-0.02808415,,,0.01212559,0.01212559,0.01212559,0.01212559,0.04977819,0.04977819,0.04977819,0.04977819,,0.00296967,25.0,-0.88,,,,,,-0.3931642020401367,-0.49711189584841664,-0.6094127363360785,-0.3848110553607547,-0.3335,-34.0
2025-12-05,KMI,"KINDER MORGAN, INC.",27.77,,,25.31,29.16,24.2,32.39,1.6046511627906994,-1.7697841726618704,1.2941176470588236,-4.830000000000002,-5.216000000000001,-4.798651224992814,-5.633348775007188,0.07479798,0.07479798,,,0.00438569,0.00438569,0.00438569,0.00438569,0.07498554,0.07498554,0.07498554,0.07498554,,0.00240097,25.0,-1.1,,,,,,-0.3794389507553779,-0.4085079875686432,-0.4336846382342391,-0.3833313369030473,-0.3335,-34.0
2025-12-05,LYV,"LIVE NATION ENTERTAINMENT, INC.",139.33,,,115.63,144.79,112.27,171.05,-2.699228791773783,-4.34065934065936,1.1722099039172202,-34.579999999999984,-38.977999999999994,-34.01337816143061,-43.94262183856938,-0.11123538,-0.11123538,,,-0.03486338,-0.03486338,-0.03486338,-0.03486338,0.03005917,0.03005917,0.03005917,0.03005917,,0.00873894,25.0,-0.79,,,,,,-0.41506815424433263,-0.5181790475819357,-0.6361454837321876,-0.40021261143168374,-0.3335,-34.0
2025-12-05,SCHW,THE CHARLES SCHWAB ,93.82,,,87.24,98.47,81.58,110.62,-1.7207547169811266,-1.4150537634408582,1.3725490196078447,-12.680000000000007,-12.980000000000004,-11.820000000000002,-14.140000000000006,-0.04450349,-0.04450349,,,0.00469751,0.00469751,0.00469751,0.00469751,0.02733399,0.02733399,0.02733399,0.02733399,,0.01201593,75.0,-0.28,,,,,,-0.08387718249243514,-0.10438809217267908,-0.2568867038568846,0.04811051951152645,-0.3335,-34.0
2025-12-05,TDW,TIDEWATER INC.,57.63,,,47.81,63.24,41.76,71.12,1.3497536945812794,-1.7504456327985742,-1.1764269829503338,-1.5899999999999963,-1.9419999999999988,0.5038883866603578,-4.3878883866603555,0.02414356,0.02414356,,,0.01908822,0.01908822,0.01908822,0.01908822,-0.03936609,-0.03936609,-0.03936609,-0.03936609,,0.01046388,75.0,-0.67,,,,,,-0.4349494112823259,-0.537348991281951,-0.6265553178996502,-0.4481426646642518,-0.336,-34.0
2025-12-05,TPL,TEXAS PACIFIC LAND ,925.08,,,788.1,993.03,743.64,1247.66,-3.565723793677213,-2.0158940397351017,1.7778880070546734,-164.85000000000002,-194.33800000000005,-160.69728255818558,-227.97871744181452,-0.03065637,-0.03065637,,,0.01124376,0.01124376,0.01124376,0.01124376,0.10136528,0.10136528,0.10136528,0.10136528,,-0.00837121,25.0,-0.99,,,,,,-0.045309003572578055,-0.1419727587152215,-0.2362398466663445,-0.047705670764098485,-0.3335,-34.0
2025-12-05,WMB,"THE WILLIAMS COMPANIES, INC.",62.81,,,55.0,67.92,53.24,74.39,1.28629579375848,-1.5283757338551864,1.2100313479623823,-12.549999999999997,-13.425999999999998,-12.092759586571123,-14.759240413428873,0.04183244,0.04183244,,,0.00637472,0.00637472,0.00637472,0.00637472,0.08347919,0.08347919,0.08347919,0.08347919,,0.00657977,25.0,-1.05,,,,,,-0.42353087198570705,-0.4265992149121121,-0.4807628340973872,-0.37243559572683704,-0.3335,-34.0
2025-12-05,CPAY,"FLEETCOR TECHNOLOGIES, INC.",310.64,,,261.91,325.82,236.65,349.42,1.251894563426689,-3.210144927536228,-1.907942238267146,-43.960000000000036,-54.772000000000034,-48.46126945591879,-61.08273054408128,0.07512125,0.07512125,,,-0.03267374,-0.03267374,-0.03267374,-0.03267374,-0.01134831,-0.01134831,-0.01134831,-0.01134831,,0.02264033,75.0,1.15,,,,,,-0.3593118531642454,0.04879671874902658,-0.31238652780638343,0.4099799653044366,-0.35325,-36.0
2025-12-05,LUV,SOUTHWEST AIRLINES CO.,37.85,,,31.66,40.21,28.53,41.59,1.8232758620689655,-2.6228813559322046,-2.4919786096256673,-1.240000000000002,-3.182000000000002,-2.0247964742535585,-4.339203525746446,0.18470668,0.18470668,,,0.03157122,0.03157122,0.03157122,0.03157122,0.01541129,0.01541129,0.01541129,0.01541129,,0.02581955,75.0,1.15,,,,,,-0.08130412127899167,1.177013417882751,0.0858155880029654,2.2682112477625367,-0.35325,-36.0
2025-12-05,OMC,OMNICOM GROUP INC.,73.44,,,66.73,78.41,64.08,81.37,-1.0712328767123283,-1.3501006036217293,-1.1803278688524579,-3.760000000000005,-5.382000000000002,-4.109416014559357,-6.654583985440648,0.03131014,0.03131014,,,-0.01009039,-0.01009039,-0.01009039,-0.01009039,-0.01356936,-0.01356936,-0.01356936,-0.01356936,,-0.00300852,75.0,1.09,,,,,,-0.39659463189220545,0.014479328724296988,-0.3925294754641889,0.42148813291278286,-0.35325,-36.0
2025-12-05,ULTA,"ULTA BEAUTY, INC.",601.5,,,483.55,648.33,450.6,673.14,1.1400862068965514,-2.518684603886395,-2.1063651591289783,-101.66999999999996,-148.03799999999995,-121.49761624241273,-174.57838375758718,0.11583954,0.11583954,,,0.04207413,0.04207413,0.04207413,0.04207413,0.0240426,0.0240426,0.0240426,0.0240426,,0.05652402,75.0,1.15,,,,,,-0.7562853240853147,2.0191382052274243,-0.5139933439471984,4.552269754402047,-0.35325,-36.0
2025-12-05,WBD,"WARNER BROS. DISCOVERY, INC.",26.08,,,21.01,32.88,19.11,31.93,-1.6015325670498064,1.3412228796844199,-1.191452991452991,-3.5400000000000027,-4.902000000000001,-4.086052697780061,-5.717947302219941,0.03244664,0.03244664,,,0.17280761,0.17280761,0.17280761,0.17280761,0.06429818,0.06429818,0.06429818,0.06429818,,0.01085554,75.0,1.14,,,,,,-0.1477883144360289,0.4691923121944215,-0.10908586315898927,1.0474704875478322,-0.35325,-36.0
2025-12-05,DBB,INVESCO DB MS BMTL,22.43,,,20.87,23.42,19.97,24.38,-1.0714285714285698,-1.5757575757575712,-1.2615384615384624,-0.9400000000000013,-1.2140000000000009,-1.0035718649989993,-1.4244281350010024,0.01495765,0.01495765,,,0.01915733,0.01915733,0.01915733,0.01915733,0.01919013,0.01919013,0.01919013,0.01919013,,0.00231009,25.0,-0.83,,,,,,,,,,-0.3595,-37.0
2025-12-05,EDEN,ISHARES:MSCI DENMARK,112.0878,,,103.35,115.82,98.93,121.39,-1.0392165362579564,-2.3411928621188647,-1.414482595515039,-36.21220000000001,-36.890580000000014,-36.22882542540306,-37.55233457459697,-0.06945087,-0.06945087,,,-0.01093903,-0.01093903,-0.01093903,-0.01093903,-0.01020982,-0.01020982,-0.01020982,-0.01020982,,-0.00630041,75.0,0.65,,,,,,,,,,-0.3595,-37.0
2025-12-05,ES=F,E-MINI S&P 500 FUTURES,6879.5,,,6555.36,7174.59,6324.51,7350.41,6.082170675340241,-1.0984445423430145,-1.1785479178611624,-158.51000000000022,-182.8600000000002,-160.62011465856915,-205.09988534143127,0.08583662,0.08583662,,,0.00914749,0.00914749,0.00914749,0.00914749,0.0103201,0.0103201,0.0103201,0.0103201,,0.00267603,25.0,-0.31,,,,,,,,,,-0.3595,-37.0
2025-12-05,SPX,S&P 500 INDEX,6870.39990234375,,,6518.12,7163.13,6316.18,7375.11,-2.0410547440057965,-1.203429046634722,-1.0980955303201014,-2168.61009765625,-2195.1619531250003,-2172.2500814678447,-2218.073824782156,-0.15094169,-0.15094169,,,0.01149486,0.01149486,0.01149486,0.01149486,0.01503221,0.015032210000000002,0.015032210000000002,0.015032210000000002,,0.00068439,25.0,0.28,,,,,,,,,,-0.3595,-37.0
2025-12-05,TNX,10 Y TSY YLD NDX,4.13899993896484,,,3.9,4.23,3.77,4.38,2.469392076630597,-2.6263711941082817,-1.5311196909240885,0.08899993896484037,0.04720001220702823,0.0772282883718631,0.01717173604219335,0.03724363,0.03724363,,,0.00224346,0.00224346,0.00224346,0.00224346,-0.01177159,-0.01177159,-0.01177159,-0.01177159,,0.00851819,25.0,0.4,,,,,,,,,,-0.3595,-37.0
2025-12-05,TYX,30 Y TSY YLD NDX,4.79199981689453,,,4.52,4.89,4.45,5.04,2.29269027938537,-2.775503149844122,-1.3790305015584778,-0.028000183105469922,-0.0665999603271521,-0.04074848220947881,-0.09245143844482538,0.0360983,0.0360983,,,-0.0036385,-0.0036385000000000002,-0.0036385000000000002,-0.0036385000000000002,0.00379588,0.00379588,0.00379588,0.00379588,,0.00389412,25.0,0.41,,,,,,,,,,-0.3595,-37.0
2025-12-05,APA,APA ,27.1,,,22.97,28.82,18.88,30.41,-1.0515463917525818,-2.4011627906976774,-2.483383685800606,2.360000000000003,1.558000000000002,2.4230838109686275,0.6929161890313768,0.04855132,0.04855132,,,0.03745149,0.03745149,0.03745149,0.03745149,-0.07789617,-0.07789617,-0.07789617,-0.07789617,,0.01298511,25.0,-1.14,,,,,,-0.195060020326846,-0.21390147776288215,-0.30362949825669244,-0.12417345726907188,-0.386,-39.0
2025-12-05,BA,THE BOEING COMPANY,201.89,,,166.4,208.35,152.04,230.6,,-5.493808049535594,-1.7363288052943218,16.339999999999975,14.077999999999985,21.57974446378972,6.576255536210252,0.10601179,0.10601179,,,-0.0368833,-0.0368833,-0.0368833,-0.0368833,-0.0635947,-0.0635947,-0.0635947,-0.0635947,,0.00898765,25.0,-0.89,,,,,,-0.6657519059883994,-0.7215639495655818,-0.7782532182955793,-0.6648746808355843,-0.386,-39.0
2025-12-05,BMY,BRISTOL-MYERS SQUIBB COMPANY,52.15,,,45.68,54.89,40.6,58.74,-1.5737704918032756,-2.3613138686131365,-1.7526555386949911,-1.6400000000000006,-3.291999999999999,-1.5714274208857086,-5.012572579114289,0.02142403,0.02142403,,,0.02598349,0.025983490000000005,0.025983490000000005,0.025983490000000005,-0.00445643,-0.00445643,-0.00445643,-0.00445643,,0.0167081,25.0,-0.83,,,,,,-0.40081674944324064,-0.5326357916485535,-0.6992886535322549,-0.365982929764852,-0.386,-39.0
2025-12-05,CRL,CHARLES RIVER LABORATORIES,184.31,,,157.41,202.14,133.87,210.34,-1.7482142857142862,-1.5086932136848026,-1.9377641183250094,9.650000000000006,6.113999999999999,11.024624196576234,1.2033758034237652,0.01242498,0.01242498,,,0.02156085,0.02156085,0.02156085,0.02156085,-0.07127419,-0.07127419,-0.07127419,-0.07127419,,0.00788137,25.0,-0.91,,,,,,-0.1892347585376326,-0.2878889567893446,-0.4210462786037062,-0.15473163497498305,-0.386,-39.0
2025-12-05,CSX,CSX ,36.3,,,33.02,38.1,30.49,40.59,-2.3711340206185394,-1.8222222222222146,-1.354312354312352,-1.2000000000000028,-1.85,-1.1615597338911683,-2.538440266108832,-0.00217605,-0.00217605,,,0.02167546,0.02167546,0.02167546,0.02167546,0.00420794,0.00420794,0.00420794,0.00420794,,-0.00659754,25.0,-0.82,,,,,,-0.024713639943326537,0.10640632248675796,-0.0742352143077826,0.2870478592812985,-0.386,-39.0
2025-12-05,DG,DOLLAR GENERAL ,132.37,,,97.64,140.0,86.99,142.8,1.1995442708333333,-4.551769331585849,-4.350910834132309,-3.0600000000000023,-18.046000000000003,-7.298531460850887,-28.793468539149117,0.22045994,0.22045994,,,0.06597648,0.06597648,0.06597648,0.06597648,-0.00224523,-0.0022452300000000004,-0.0022452300000000004,-0.0022452300000000004,,0.07349343,25.0,0.38,,,,,,-0.7095931826418811,0.9639051660225125,-1.9779311390448475,3.905741471089873,-0.45325,-39.0
2025-12-05,EXE,EXPAND ENERGY ,122.86,,,109.6,137.32,99.79,142.71,-1.418918918918919,1.09049773755656,-1.1622166246851378,-28.429999999999993,-29.861999999999988,-27.717315874073748,-32.00668412592623,-0.05967182,-0.05967182,,,0.0508423,0.05084229999999999,0.05084229999999999,0.05084229999999999,0.03478654,0.03478654,0.03478654,0.03478654,,0.00271414,25.0,-0.86,,,,,,-0.4230769960681938,-0.5433695957999937,-0.667712774887356,-0.4190264167126313,-0.386,-39.0
2025-12-05,FISV,"FISERV, INC.",66.28,,,39.16,81.96,43.29,84.55,,-1.729591836734695,-1.258347016967707,8.670000000000002,7.434000000000002,9.36975050045196,5.498249499548044,0.07724286,0.07724286,,,-0.19783296,-0.19783296,-0.19783296,-0.19783296,-0.10284517,-0.10284517,-0.10284517,-0.10284517,,0.0112618,25.0,-1.11,,,,,,-0.21285354859728756,-0.287680691797737,-0.3527080625740273,-0.22265332102144664,-0.386,-39.0
2025-12-05,FXB,INVESCO:GBP STERLING,128.1,,,122.2,132.33,120.27,134.19,,-1.3947990543735145,-1.2857142857142847,2.3499999999999943,1.8999799999999993,2.569485247925659,1.23047475207434,0.01023876,0.01023876,,,0.00053885,0.00053885,0.00053885,0.00053885,0.00193735,0.0019373500000000002,0.0019373500000000002,0.0019373500000000002,,0.00316653,25.0,-1.03,,,,,,-0.5953345182768721,-0.3391932780958549,-0.6570743125256595,-0.02131224366605039,-0.386,-39.0
2025-12-05,GEN,GEN DIGITAL INC.,27.09,,,24.43,27.74,22.67,30.14,-9.380000000000003,-4.092307692307702,-1.4491803278688515,-4.739999999999998,-5.055999999999998,-4.588742041266282,-5.523257958733715,-0.14902424,-0.14902424,,,-0.04059076,-0.04059076,-0.04059076,-0.04059076,-0.00610086,-0.00610086,-0.00610086,-0.00610086,,0.00206369,25.0,-1.0,,,,,,-0.1998843772816319,-0.3294099491046962,-0.5621566981776852,-0.09666320003170711,-0.386,-39.0
2025-12-05,HBAN,HUNTINGTON BANCSHARES INC.,16.9,,,14.66,18.0,14.02,18.88,-3.5322580645161223,-2.036363636363632,-1.4545454545454537,-5.990000000000002,-6.062000000000001,-5.79795454936697,-6.326045450633032,-0.22217264,-0.22217264,,,-0.01529665,-0.01529665,-0.01529665,-0.01529665,0.01034286,0.01034286,0.01034286,0.01034286,,0.01141779,75.0,-0.16,,,,,,-0.022492911686156525,0.04664082023203379,-0.03328969569938948,0.12657133616345706,-0.386,-39.0
2025-12-05,HUM,HUMANA INC.,257.85,,,200.62,280.06,185.41,304.14,-1.7608951707891698,-2.5767672219720876,-1.5649168286887034,10.250000000000028,2.796000000000015,10.587978567732357,-4.995978567732326,-0.00945169,-0.00945169,,,-0.04882706,-0.04882706,-0.04882706,-0.04882706,-0.11377853,-0.11377853,-0.11377853,-0.11377853,,0.0071865,25.0,-1.1,,,,,,-0.19482522983870643,-0.3040182924464895,-0.4205855166110575,-0.18745106828192148,-0.386,-39.0
2025-12-05,IP,INTERNATIONAL PAPER COMPANY,39.06,,,32.88,43.07,31.7,45.82,-4.595744680851083,-1.5411471321695767,-1.0887573964497048,-1.8099999999999952,-1.9799999999999969,-1.3954061238774367,-2.564593876122557,-0.02979475,-0.02979475,,,-0.04878375,-0.04878375,-0.04878375,-0.04878375,0.00351022,0.00351022,0.00351022,0.00351022,,0.00305717,25.0,-0.85,,,,,,-0.29085164931583485,-0.2853462463400586,-0.477565868110546,-0.09312662456957124,-0.386,-39.0
2025-12-05,NOV,NOV INC.,16.17,,,14.09,17.57,12.73,17.97,-1.5714285714285796,-1.4857142857142887,-1.9111111111111148,0.2300000000000022,-0.029999999999999007,0.45851816752297087,-0.5185181675229689,0.00795988,0.00795988,,,0.04310806,0.04310806,0.04310806,0.04310806,-0.04072265,-0.04072265,-0.04072265,-0.04072265,,0.00435733,25.0,-0.84,,,,,,-0.4499731812463015,-0.48647904962888994,-0.6857675418236358,-0.2871905574341441,-0.386,-39.0
2025-12-05,ODFL,"OLD DOMINION FREIGHT LINE, INC.",155.15,,,124.69,161.87,115.92,166.61,-2.4163658243080635,-4.532738095238098,-3.423211169284466,-5.1200000000000045,-12.123000000000014,-5.013005625881282,-19.232994374118746,0.00205873,0.00205873,,,0.0283186,0.0283186,0.0283186,0.0283186,-0.0176446,-0.0176446,-0.0176446,-0.0176446,,0.06463939,25.0,-0.83,,,,,,-0.16577623093486704,-0.3086848258866331,-0.5250769898566099,-0.09229266191665625,-0.386,-39.0
2025-12-05,SBLK,STAR BULK CARRIERS CORP.,20.45,,,17.81,22.03,16.3,23.0,3.214285714285696,-1.6708860759493656,-1.6274509803921557,0.46999999999999886,0.2539999999999999,0.5650144691167913,-0.05701446911679153,0.02908069,0.02908069,,,-0.00351534,-0.00351534,-0.00351534,-0.00351534,-0.01576484,-0.01576484,-0.01576484,-0.01576484,,0.00944014,25.0,-0.82,,,,,,-0.02866672414631377,-0.013935672551011025,-0.2827382906051339,0.25486694550311184,-0.386,-39.0
2025-12-05,SW,SMURFIT WESTROCK PUBLIC LIMITED COMPANY,36.04,,,29.86,38.66,29.19,41.27,-1.5706521739130408,-2.3587786259542005,-1.3097514340344154,-1.3699999999999974,-1.6679999999999964,-0.8916817662839522,-2.4443182337160403,-0.0174701,-0.0174701,,,-0.06823315,-0.06823315,-0.06823315,-0.06823315,-0.02997466,-0.029974659999999997,-0.029974659999999997,-0.029974659999999997,,0.00648479,25.0,-0.82,,,,,,-0.4878221917960561,-0.5421258431676079,-0.5898021107883574,-0.4944495755468584,-0.386,-39.0
2025-12-05,UNH,UNITEDHEALTH GROUP INC.,330.91,,,301.71,367.62,242.15,408.04,1.1822842998585563,1.257191780821915,-1.1507843899909247,-37.66999999999996,-38.207999999999984,-31.453074389750828,-44.96292561024914,-0.00679748,-0.00679748,,,0.02361531,0.02361531,0.02361531,0.02361531,-0.08305301,-0.08305301,-0.08305301,-0.08305301,,0.00161797,25.0,-0.89,,,,,,-0.18942335219667916,-0.27301020116924823,-0.3470015706184659,-0.19901883172003054,-0.386,-39.0
2025-12-05,VAL,VALARIS LIMITED,59.93,,,51.5,65.41,44.22,69.95,-1.076124567474048,-1.5383211678832125,-1.5678642714570854,1.1899999999999977,0.14999999999999858,1.6941016805897202,-1.394101680589723,0.02169685,0.02169685,,,0.03547263,0.03547263,0.03547263,0.03547263,-0.04537891,-0.04537891,-0.04537891,-0.04537891,,0.00507917,25.0,-0.97,,,,,,-0.33691384355395304,-0.42312818640015964,-0.5228116402615439,-0.3234447325387754,-0.386,-39.0
2025-12-05,VRTX,VERTEX PHARMACEUTICALS INC.,455.48,,,407.93,481.64,360.69,514.81,1.4404407385348406,-1.8176605504587182,-1.597674026630712,-19.379999999999995,-27.916000000000007,-11.41460824051499,-44.41739175948503,0.05091561,0.05091561,,,0.0317597,0.0317597,0.0317597,0.0317597,-0.00834758,-0.00834758,-0.00834758,-0.00834758,,0.00950114,25.0,-0.52,,,,,,-0.5702764089268233,-0.5857284691907947,-0.6104316852415406,-0.5610252531400488,-0.386,-39.0
2025-12-05,WST,"WEST PHARMACEUTICAL SERVICES, INC.",280.23,,,254.83,310.46,215.51,339.39,-1.099866844207723,1.1901574803149588,-1.0939824205544297,2.069999999999993,0.5359999999999673,5.43957828529328,-4.3675782852933445,0.01013069,0.01013069,,,0.03923501,0.03923501,0.03923501,0.03923501,-0.02376159,-0.02376159,-0.02376159,-0.02376159,,0.0040797,25.0,-0.98,,,,,,-0.3658278757418266,-0.43224500514084757,-0.5097955891698946,-0.35469442111180044,-0.386,-39.0
2025-12-05,XES,SPDR S&P OIL&GAS E&S,86.67,,,73.76,93.77,68.31,94.69,-1.2250000000000034,-1.8183098591549305,-2.289276807980051,3.0600000000000023,1.3138000000000005,3.7984271752518537,-1.1708271752518526,0.03051067,0.03051067,,,0.03705881,0.03705881,0.03705881,0.03705881,-0.03277344,-0.032773439999999994,-0.032773439999999994,-0.032773439999999994,,0.01138087,75.0,-0.65,,,,,,-0.1868956675043023,-0.20378267551373055,-0.33182896270117623,-0.07573638832628488,-0.386,-39.0
2025-12-05,XLE,SEL SECTOR:ENERGY SPDR,45.92,,,42.05,48.74,40.06,50.59,1.3284313725490207,-1.3723404255319163,-1.2548179871520337,-1.4899999999999949,-1.6749999999999972,-1.2703087596697917,-2.0796912403302024,0.01803053,0.01803053,,,0.00336832,0.00336832,0.00336832,0.00336832,-0.00744278,-0.00744278,-0.00744278,-0.00744278,,0.00104162,25.0,-0.82,,,,,,-0.0771091655495979,-0.21064228088651427,-0.37040504554288917,-0.050879516230139366,-0.386,-39.0
2025-12-05,RL,RALPH LAUREN ,368.42,,,333.8,398.64,298.84,450.85,1.1014354066985648,-1.1455989410986114,1.1846795056050583,-80.88999999999999,-88.248,-82.56189676491888,-93.93410323508112,0.04313393,0.04313393,,,0.0373829,0.0373829,0.0373829,0.0373829,0.09647085,0.09647085,0.09647085,0.09647085,,-0.01512825,75.0,0.67,,,,,,-0.18500576791780066,-0.0855221298698156,-0.24200861763665038,0.0709643578970192,-0.40075,-41.0
2025-12-05,ROKU,"ROKU, INC.",100.09,,,86.91,109.2,77.35,124.26,-1.4947807933194164,-1.4467618002195397,1.0628847845206681,-5.920000000000002,-9.532000000000002,-6.694057083026513,-12.369942916973491,0.02651672,0.02651672,,,0.03730566,0.03730566,0.03730566,0.03730566,-0.00739879,-0.00739879,-0.00739879,-0.00739879,,-0.00101571,75.0,0.11,,,,,,-0.3809432816728029,-0.37615598442790005,-0.4700342525623946,-0.2822777162934055,-0.40075,-41.0
2025-12-05,SNDK,SANDISK CORPORATION,228.47,,,189.99,327.52,133.47,645.4,-5.386330935251797,2.574064449064449,4.388736842105263,-266.16999999999996,-284.304,-271.8825636901363,-296.72543630986365,-0.12138476,-0.12138476,,,0.30467042,0.30467042,0.30467042,0.30467042,0.59198685,0.59198685,0.59198685,0.59198685,,-0.04812489,25.0,0.46,,,,,,-0.16359796367966262,0.4231666130859753,-0.6574136911430817,1.5037469173150322,-0.40825,-42.0
2025-12-05,CPER,UNITED STATES COPPER IDX,33.35,,,30.31,35.46,29.06,37.97,-1.1428571428571521,-1.4407582938388643,1.0769230769230755,-2.299999999999997,-2.9199999999999973,-2.412999013807662,-3.4270009861923327,0.02477159,0.02477159,,,0.03656164,0.03656164,0.03656164,0.03656164,0.06845439,0.06845438999999999,0.06845438999999999,0.06845438999999999,,0.00407957,25.0,-0.94,,,,,,-0.5173075274418999,-0.31821631268693973,-0.4962482029287931,-0.14018442244508636,-0.4945,-43.0
2025-12-05,AVY,AVERY DENNISON ,179.33,,,158.36,195.33,153.41,192.35,1.0324001258257305,-1.310625,-1.9907834101382529,-24.829999999999984,-29.23399999999999,-26.36605125568812,-32.10194874431186,0.0223065,0.0223065,,,0.03793505,0.03793505,0.03793505,0.03793505,-0.01607603,-0.01607603,-0.01607603,-0.01607603,,0.00983378,75.0,0.35,,,,,,-0.1349100636537921,-0.1074075191242027,-0.1718339574849167,-0.04298108076348871,-0.45325,-46.0
2025-12-05,COO,"THE COOPER COMPANIES, INC.",81.4,,,72.43,92.77,63.42,92.68,1.775268210050818,1.2675585284280928,-1.593971631205674,-13.659999999999997,-17.528,-15.264160341366905,-19.791839658633094,0.15057794,0.15057794,,,0.06037028,0.06037028,0.06037028,0.06037028,-0.0208508,-0.0208508,-0.0208508,-0.0208508,,0.03499218,75.0,1.15,,,,,,-0.4214015549278738,0.6707134229333445,-0.46177769259310364,1.8032045384597926,-0.45325,-46.0
2025-12-05,CRM,"SALESFORCE, INC.",260.57,,,216.12,264.38,195.73,294.2,-1.7922098319459707,-11.666666666666657,-1.9280404400832594,-130.91000000000003,-148.622,-137.2315755127388,-160.01242448726123,-0.21204639,-0.21204639,,,0.01459569,0.01459569,0.01459569,0.01459569,-0.02358998,-0.02358998,-0.02358998,-0.02358998,,0.02682043,75.0,0.93,,,,,,-0.04672178841761332,1.34302432665301,-0.6483758803211863,3.3344245336272063,-0.45325,-46.0
2025-12-05,DLTR,"DOLLAR TREE, INC.",122.44,,,96.0,133.78,83.38,136.59,-2.767459708365311,-2.3315696649029976,-2.76042402826855,-19.409999999999997,-27.827999999999996,-22.399218368731336,-33.25678163126865,-0.11079102,-0.11079102,,,0.04341212,0.04341212,0.04341212,0.04341212,-0.06478292,-0.06478291999999998,-0.06478291999999998,-0.06478291999999998,,0.06235866,75.0,-0.03,,,,,,-0.18446514703556216,-0.16849115123756175,-0.33348758831047587,-0.003494714164647611,-0.45325,-46.0
2025-12-05,GEHC,GE HEALTHCARE TECHNOLOGIES INC.,85.46,,,73.57,90.7,63.78,96.77,-3.925438596491221,-2.269083969465645,-1.9168877099911572,-1.8700000000000045,-5.1240000000000006,-2.6068627371555606,-7.64113726284444,-0.00639494,-0.00639494,,,0.02444047,0.02444047,0.02444047,0.02444047,-0.01105084,-0.01105084,-0.01105084,-0.01105084,,0.01308401,25.0,0.14,,,,,,-0.38207374432604335,-0.2803103962552688,-0.3991123312232625,-0.16150846128727514,-0.45325,-46.0
2025-12-05,HRL,HORMEL FOODS ,24.34,,,21.16,25.44,19.43,26.35,1.9313984168865441,-2.890909090909087,-2.4427860696517394,-1.9899999999999984,-2.697999999999998,-2.1246153123774563,-3.27138468762254,0.14003575,0.14003575,,,-0.02388052,-0.02388052,-0.02388052,-0.02388052,-0.04447245,-0.04447245,-0.04447245,-0.04447245,,-0.003419,25.0,0.2,,,,,,-0.3637316833179779,0.5340064947828315,-0.8212855785985985,1.8892985681642616,-0.45325,-46.0
2025-12-05,IVZ,INVESCO LTD.,26.24,,,22.23,28.04,20.32,29.9,3.8091168091168117,-2.2277777777777756,-1.6174863387978136,-2.0400000000000027,-3.3320000000000016,-2.520599975351247,-4.143400024648756,0.36707728,0.36707728,,,0.03364192,0.03364192,0.03364192,0.03364192,0.03026675,0.03026675,0.03026675,0.03026675,,0.01888428,25.0,0.68,,,,,,-0.24092087399516604,0.09800573145617945,-0.21036429675312612,0.40637575966548506,-0.45325,-46.0
2025-12-05,META,"META PLATFORMS, INC.",673.42,,,557.1,719.92,537.12,809.13,1.8787397302743767,-2.5015053763440847,-1.004347505710706,-431.98000000000013,-452.8960000000001,-438.3184991853886,-467.47350081461155,0.11250824,0.11250824,,,-0.01931329,-0.01931329,-0.01931329,-0.01931329,0.06584172,0.06584172,0.06584172,0.06584172,,0.00981465,25.0,0.01,,,,,,-0.09258687044830749,-0.04781391705385648,-0.2254558374552899,0.12982800334757694,-0.45325,-46.0
2025-12-05,MRNA,"MODERNA, INC.",27.7,,,22.41,28.94,17.06,31.86,-2.666666666666666,-4.266129032258057,-2.557692307692308,0.7699999999999996,-1.6120000000000005,-0.14178913077069177,-3.0822108692293093,-0.02797201,-0.02797201,,,0.01577179,0.01577179,0.01577179,0.01577179,-0.15296908,-0.15296908,-0.15296908,-0.15296908,,0.02179619,75.0,0.85,,,,,,-0.08668140590478401,0.10406851758604259,-0.23299191036140543,0.4411289455334906,-0.45325,-46.0
2025-12-05,TPR,"TAPESTRY, INC.",116.3,,,97.93,122.33,91.65,143.82,-1.2705061082024427,-3.0464344941956862,1.1164300202839759,-27.39,-30.762,-27.97490114994104,-33.54909885005896,0.02170978,0.02170978,,,-0.01205788,-0.01205788,-0.01205788,-0.01205788,0.13917366,0.13917366,0.13917366,0.13917366,,0.00648566,25.0,-1.0,,,,,,-0.1635962969506256,-0.26299042092438846,-0.3583571584814714,-0.1676236833673055,-0.4945,-50.0
2025-12-05,TRGP,TARGA RESOURCES CORP.,180.74,,,155.76,201.27,146.52,215.59,1.0765013705457263,-1.2167559668777408,1.0184102863822324,-61.81,-65.558,-61.95631706003985,-69.15968293996016,0.00414876,0.00414876,,,0.03004621,0.03004621,0.03004621,0.03004621,0.08396718,0.08396718000000002,0.08396718000000002,0.08396718000000002,,0.00696009,25.0,-0.98,,,,,,-0.40986960303895303,-0.4920572452119334,-0.5752766648786514,-0.4088378255452154,-0.4945,-50.0
2025-12-05,BKNG,BOOKING HOLDINGS INC.,5197.04,,,4492.75,5305.79,4213.85,5961.18,2.4343006696944047,-6.476229885057471,-1.2866621299761813,20.5600000000004,-116.81399999999958,-0.6866895601208967,-232.94131043987827,0.08109464,0.08109464,,,-0.03186759,-0.03186759,-0.03186759,-0.03186759,0.01806047,0.01806047,0.01806047,0.01806047,,0.00956772,25.0,-0.81,,,,,,-0.5128950877499203,-0.57383494663728,-0.6510371684365153,-0.4966327248380446,-0.547,-56.0
2025-12-05,COP,CONOCOPHILLIPS,93.69,,,81.48,98.89,77.66,100.4,-1.3974763406940032,-2.3480769230769205,-2.3889716840536486,3.6400000000000006,1.584000000000006,3.44467998323194,-0.276679983231928,0.03019659,0.03019659,,,0.00257801,0.00257801,0.00257801,0.00257801,-0.04268952,-0.04268952,-0.04268952,-0.04268952,,0.01205913,25.0,-0.85,,,,,,-0.08460218823814847,-0.24153953588848495,-0.4078841257299124,-0.07519494604705748,-0.547,-56.0
2025-12-05,JKHY,"JACK HENRY & ASSOCIATES, INC.",181.71,,,158.76,191.54,144.92,194.11,-1.938683948155534,-2.3346897253306262,-2.966935483870968,-34.16,-38.858000000000004,-34.96575514644826,-42.75024485355175,-0.07751166,-0.07751166,,,-0.00168261,-0.00168261,-0.00168261,-0.00168261,-0.00996465,-0.00996465,-0.00996465,-0.00996465,,0.00809988,25.0,-1.04,,,,,,-0.12005547938708516,-0.2833533798808082,-0.43519054840889115,-0.1315162113527253,-0.547,-56.0
2025-12-05,KEY,KEYCORP,19.26,,,16.86,20.49,15.84,21.73,-1.7977941176470604,-1.9512195121951286,-1.384615384615386,-5.93,-6.386000000000001,-5.994553962850562,-6.77744603714944,-0.11469684,-0.11469684,,,0.00127912,0.00127912,0.00127912,0.00127912,0.02132789,0.02132789,0.02132789,0.02132789,,0.02572644,25.0,-0.9,,,,,,-0.3042183089313605,-0.3603850403767701,-0.424655382931127,-0.29611469782241323,-0.547,-56.0
2025-12-05,MCD,MCDONALD'S ,311.23,,,288.4,324.08,273.68,344.46,-1.1834269662921357,-1.7766536964980624,-1.1300030093289213,-43.15999999999997,-48.03599999999998,-43.85612799239018,-52.21587200760978,-0.00935865,-0.00935865,,,-0.01243118,-0.01243118,-0.01243118,-0.01243118,0.01220164,0.01220164,0.01220164,0.01220164,,-0.00181428,25.0,-0.85,,,,,,-0.2992402166457615,-0.42149924542856515,-0.5643166269331101,-0.2786818639240202,-0.547,-56.0
2025-12-05,OKE,"ONEOK, INC.",76.34,,,67.35,78.73,59.76,87.26,-1.8216723549488059,-3.7615062761506306,-1.5183150183150185,-27.75999999999999,-29.263999999999992,-27.815335097408642,-30.712664902591342,-0.14776134,-0.14776134,,,-0.00289984,-0.00289984,-0.00289984,-0.00289984,0.01962214,0.01962214,0.01962214,0.01962214,,0.02149806,25.0,-0.83,,,,,,-0.09866284057768826,-0.22740229936916923,-0.42794124170731784,-0.026863357031020607,-0.547,-56.0
