Date,Ticker,Ticker_name,Category,Close,lt_pt_sm,change_pct,Ivol,rvol,prem_disc,model_score,Spread_Quad,rating,day_rr_ratio,week_rr_ratio,month_rr_ratio,day_pr_low,day_pr_high,week_pr_low,week_pr_high,month_pr_low,month_pr_high,day_dn,day_up,week_dn,week_up,month_dn,month_up
2025-12-29,A,"AGILENT TECHNOLOGIES, INC.",Health Care,137.93,155.54,0.1277,0.2718,0.17838184,0.5236977037572881,18.0,1,Neutral,-1.7762237762237898,1.2168284789644002,3.2297535211267565,132.85,140.79,128.66,149.21,126.57,174.62,-0.0368302762270718,0.020735155513666337,-0.06720800406003047,0.08178061335460018,-0.08236061770463288,0.2660044950337128
2025-12-29,AAPL,APPLE INC.,Information Technology,273.76,295.22,0.0784,0.1712,0.12218609,0.40114148836418284,36.0,1,Buy,-2.0404761904761943,1.2317767653758538,1.4995067412035523,265.19,277.96,256.2,295.39,243.35,319.36,-0.03130479251899476,0.015341905318527083,-0.06414377556984219,0.07901081239041496,-0.11108270017533606,0.16656925774400944
2025-12-29,ABBV,ABBVIE INC.,Health Care,230.84,244.37,0.0586,0.2548,0.17257178,0.47648705947171677,-4.0,1,Neutral,-1.4028925619834685,-1.265830346475507,1.1424722128662845,224.05,235.68,209.65,247.58,201.15,264.76,-0.029414312944030407,0.020966903482931842,-0.09179518281060473,0.07251776121989262,-0.12861722405129095,0.14694160457459704
2025-12-29,ABNB,"AIRBNB, INC.",Consumer Discretionary,136.62,126.02,-0.0776,0.2499,0.18438241,0.3553353598100817,-53.0,1,Sell,11.048387096774103,1.3333333333333324,-4.00652173913044,136.0,143.47,126.0,150.78,99.76,145.82,-0.004538134972917662,0.05013907187820221,-0.07773386034255603,0.10364514712340789,-0.2697994437124872,0.06734006734006726
2025-12-29,ABT,ABBOTT LABORATORIES,Health Care,124.57,133.63,0.0727,0.2351,0.16955562,0.38656565910348495,57.0,1,Buy,1.3008356545961086,-1.0114777618364417,1.7012987012987029,120.98,129.24,117.52,131.54,114.56,141.6,-0.028819137834149355,0.037488962029381234,-0.05659468571887294,0.05595247651922608,-0.08035642610580385,0.13671028337480928
2025-12-29,ACGL,ARCH CAPITAL GROUP LTD.,Financials,96.39,98.4,0.0209,0.1812,0.13201241,0.3725982276969264,-27.0,1,Sell,1.9583333333333341,1.3797468354430362,-1.638859556494192,94.47,100.15,90.07,105.11,80.87,105.86,-0.01991907874260812,0.039008195870940954,-0.06556696752775193,0.09046581595601211,-0.16101255316941587,0.09824670608984332
2025-12-29,ACN,ACCENTURE PUBLIC LIMITED COMPANY,Information Technology,271.34,264.83,-0.024,0.2691,0.22295746,0.2069566992734848,-40.0,1,Sell,1.0181818181818276,1.9628330995792445,-2.426861702127658,264.74,278.06,257.08,299.33,216.59,293.9,-0.024323726689761793,0.02476597626593957,-0.052553991302424996,0.10315471364339945,-0.20177636913097952,0.08314292032136805
2025-12-29,ADBE,ADOBE INC.,Information Technology,353.16,325.24,-0.0791,0.2397,0.24984888,-0.04062007402234502,-80.0,3,Sell,2.7107023411371123,1.3080268880980608,-3.36531049250536,347.18,369.37,327.87,386.24,274.58,376.51,-0.01693283497564846,0.045899875410578606,-0.07161060142711528,0.09366859213954015,-0.2225053799977348,0.06611734058217222
2025-12-29,ADI,"ANALOG DEVICES, INC.",Information Technology,275.63,287.32,0.0424,0.229,0.21422648,0.06896215631232905,6.0,1,Neutral,1.2482435597189712,1.4195688225538974,-1.6806106870229005,271.36,280.96,245.48,318.43,220.59,308.38,-0.015491782461996118,0.019337517686753847,-0.10938577077966838,0.15528062982984436,-0.1996879875195008,0.1188187062366215
2025-12-29,ADM,ARCHER-DANIELS-MIDLAND COMPANY.,Consumer Staples,58.22,57.97,-0.0043,0.2279,0.19358962,0.17723253963719743,64.0,1,Buy,-2.6842105263157956,-1.3153153153153145,1.0148936170212774,56.18,58.98,53.84,61.55,48.82,67.76,-0.03503950532463074,0.013053933356234948,-0.07523187907935414,0.057196839574029434,-0.16145654414290622,0.1638612160769497
2025-12-29,ADP,"AUTOMATIC DATA PROCESSING, INC.",Industrials,259.61,270.06,0.0403,0.2351,0.14864889,0.5815792502722354,-35.0,1,Sell,-1.493577981651382,-1.0906911705952873,1.0679999999999996,251.47,265.06,232.31,284.64,234.61,286.31,-0.03135472439428377,0.020993028003543746,-0.10515773660490735,0.09641385154655047,-0.09629829359423747,0.10284657755864557
2025-12-29,ADSK,"AUTODESK, INC.",Information Technology,301.23,319.46,0.0605,0.2207,0.14631534,0.5083859286387882,12.0,1,Neutral,-1.6002604166666679,-1.2267097469036101,1.3573981415296625,288.94,308.91,278.45,319.8,259.26,358.2,-0.0407993891710654,0.025495468578826896,-0.07562327789396817,0.06164724629021001,-0.13932875211632312,0.18912458918434405
2025-12-29,AEE,AMEREN ,Utilities,100.26,109.4,0.0912,0.1908,0.15933244,0.19749625374468627,30.0,1,Buy,-2.27559055118111,-1.0444993819530302,2.4729064039408835,97.37,101.53,91.81,108.35,94.17,115.32,-0.028825054857370858,0.012667065629363705,-0.08428086973867943,0.08069020546578876,-0.06074207061639736,0.15020945541591857
2025-12-29,AEP,"AMERICAN ELECTRIC POWER COMPANY, INC.",Utilities,115.77,127.0,0.097,0.1615,0.15280801,0.056881769483157374,28.0,1,Buy,-2.2333333333333294,1.180192572214581,4.230088495575223,112.42,117.27,108.5,124.35,111.25,134.89,-0.028936684806081026,0.01295672454003638,-0.06279692493737576,0.07411246436900742,-0.03904292994730929,0.16515504880366239
2025-12-29,AES,THE AES ,Utilities,14.13,13.93,-0.0142,0.427,0.18522376,1.3053197926659088,-27.0,1,Sell,-2.2083333333333526,-1.4347826086956534,-1.2871287128712892,13.6,14.37,13.14,14.82,11.53,16.15,-0.03750884642604391,0.01698513800424628,-0.07006369426751591,0.04883227176220806,-0.1840056617126682,0.14295824486907271
2025-12-29,AFL,AFLAC INC.,Financials,109.96,118.21,0.075,0.1315,0.12894863,0.019785941114690342,4.0,1,Neutral,1.3852459016393495,1.448736998514118,1.6325167037861945,107.52,113.34,103.23,119.71,100.98,124.62,-0.02218988723172055,0.030738450345580315,-0.06120407420880314,0.08866860676609667,-0.08166606038559465,0.13332120771189526
2025-12-29,AIG,"AMERICAN INTERNATIONAL GROUP, INC.",Financials,86.48,85.88,-0.0069,0.2055,0.25659555,-0.1991287456076304,-60.0,4,Sell,2.871794871794867,1.296987087517933,-2.523219814241488,84.14,93.2,79.51,95.52,70.18,92.94,-0.027058279370952842,0.07770582793709524,-0.08059666975023128,0.10453283996299723,-0.18848288621646614,0.07469935245143389
2025-12-29,AIZ,"ASSURANT, INC.",Financials,241.44,242.65,0.005,0.1507,0.15174442,-0.006882757204515255,-77.0,3,Sell,2.5826972010178086,1.4359351988217985,-2.1283851554663995,237.51,251.59,227.86,260.94,199.0,261.38,-0.01627733598409542,0.04203943008614974,-0.05624585818422789,0.08076540755467199,-0.17577866136514242,0.08258780649436703
2025-12-29,AJG,ARTHUR J. GALLAGHER & CO.,Financials,263.14,262.27,-0.0033,0.2623,0.20559075,0.275835610308343,-40.0,1,Sell,1.1560418648905846,-2.18188153310104,-1.4624004718372143,252.63,275.29,231.83,277.49,213.55,297.05,-0.03994071596868587,0.04617313977350479,-0.11898609105419156,0.054533708292163974,-0.188454814927415,0.1288667629398801
2025-12-29,AKAM,"AKAMAI TECHNOLOGIES, INC.",Information Technology,88.24,89.03,0.009,0.2471,0.21386137,0.1554213834878173,-10.0,1,Neutral,2.2614379084967355,1.5943775100401623,-1.834552102376597,86.71,91.7,80.77,100.15,68.17,99.18,-0.0173390752493201,0.03921124206708981,-0.08465548504079778,0.13497280145058954,-0.2274478694469627,0.12398005439709903
2025-12-29,ALB,ALBEMARLE ,Materials,144.58,139.49,-0.0352,0.4687,0.41319757,0.1343241926616363,-17.0,1,Neutral,24.927272727272175,6.252155172413771,-2.480416666666667,144.03,158.29,139.94,173.59,85.05,168.58,-0.0038041222852400747,0.09482639369207346,-0.032092958915479364,0.20065015908147732,-0.4117443629824319,0.16599806335592748
2025-12-29,ALGN,"ALIGN TECHNOLOGY, INC.",Health Care,157.84,149.96,-0.0499,0.3933,0.23384738,0.6818661812674573,-24.0,1,Neutral,1.1520467836257313,2.1664841182913483,-2.0863723608445297,152.71,163.75,148.71,177.62,114.36,178.68,-0.03250126710593004,0.037442980233147516,-0.05784338570704506,0.12531677648251405,-0.27546882919412063,0.1320324379118094
2025-12-29,ALL,THE ALLSTATE ,Financials,208.66,224.29,0.0749,0.1865,0.19351025,-0.036226763181795296,-13.0,4,Neutral,1.2373158756137512,-1.0456960680127532,1.1116259477674812,202.55,216.22,188.98,227.48,184.92,235.05,-0.029282085689638526,0.03623118949487214,-0.09431611233585746,0.09019457490654648,-0.11377360299051087,0.12647368925524782
2025-12-29,ALLE,ALLEGION PUBLIC LIMITED COMPANY,Industrials,161.35,174.0,0.0784,0.1932,0.193542,-0.00176705831292423,8.0,3,Neutral,-1.2259036144578317,-1.0845511482254668,1.7728911319394374,157.28,164.67,150.96,170.93,147.48,185.94,-0.025224666873256862,0.020576386736907315,-0.06439417415556237,0.0593740316083049,-0.08596219398822436,0.15240161140378072
2025-12-29,AMAT,"APPLIED MATERIALS, INC.",Information Technology,263.05,288.28,0.0959,0.3503,0.30521916,0.14769990193276206,-22.0,1,Neutral,-2.6659836065573836,1.3939393939393925,-1.294093178036606,250.04,267.93,242.92,291.11,200.83,311.13,-0.04945827789393653,0.018551606158524914,-0.07652537540391569,0.10667173541151875,-0.2365329785211937,0.18277893936513956
2025-12-29,AMCR,AMCOR PLC,Materials,8.45,8.46,0.0012,0.2127,0.16172949,0.3151590350034492,23.0,1,Neutral,-6.39999999999988,-1.9117647058823521,-1.316831683168314,8.13,8.5,7.8,8.79,7.12,9.46,-0.03786982248520687,0.00591715976331364,-0.07692307692307687,0.04023668639053257,-0.1573964497041419,0.11952662721893503
2025-12-29,AMD,"ADVANCED MICRO DEVICES, INC.",Information Technology,215.61,250.21,0.1605,0.43,0.36711387,0.17129870358752708,-16.0,1,Neutral,-1.602564102564106,1.7195083517176164,1.9767149150409047,203.11,223.41,183.88,270.17,167.94,309.84,-0.05797504753953897,0.03617642966467227,-0.14716386067436582,0.25304948750057976,-0.22109364129678588,0.43703909837206045
2025-12-29,AME,"AMETEK, INC.",Industrials,208.69,209.38,0.0033,0.187,0.16185648,0.15534453733332154,-40.0,1,Sell,1.765350877192984,1.3689680772086117,-1.934234787953287,204.13,216.74,195.22,227.13,177.22,224.96,-0.021850591786860885,0.038573961378120636,-0.06454549810724042,0.08836072643634107,-0.15079783410800707,0.07796252815180416
2025-12-29,AMGN,AMGEN INC.,Health Care,329.63,354.64,0.0759,0.2113,0.2337045,-0.09586678904342882,8.0,3,Neutral,1.3127413127413095,1.7678004535147391,1.145695364238411,314.09,350.03,307.58,368.61,275.27,391.91,-0.04714376725419411,0.061887570912841694,-0.06689318326608629,0.11825379971483185,-0.16491217425598403,0.1889391135515579
2025-12-29,AMP,"AMERIPRISE FINANCIAL, INC.",Financials,497.78,491.98,-0.0117,0.1843,0.18525551,-0.0051577953066012094,-70.0,3,Sell,3.0622568093385314,1.2021355848025852,-2.2548044313814137,490.07,521.39,457.51,546.19,398.05,542.01,-0.015488770139418961,0.04743059182771514,-0.08089919241431953,0.09725179798304495,-0.2003495520109284,0.08885451404234801
2025-12-29,AMT,AMERICAN TOWER ,Real Estate,175.83,179.14,0.0188,0.1962,0.19489133,0.006714870281812946,3.0,2,Neutral,-1.3787575150300702,-1.8177014531043636,1.198646689221844,168.95,180.82,162.07,183.4,155.14,200.63,-0.039128703861684766,0.028379684922936743,-0.07825740772336931,0.0430529488710687,-0.11767047716544399,0.14104532787351398
2025-12-29,AMZN,"AMAZON.COM, INC.",Consumer Discretionary,232.07,250.62,0.0799,0.2308,0.18100114,0.27513009034086755,40.0,1,Buy,-1.1142857142857119,1.3939237899073127,1.5658140985651898,225.83,237.67,212.65,259.14,200.01,282.27,-0.02688843883311065,0.024130650234842843,-0.08368164777868736,0.11664583961735686,-0.13814797259447587,0.21631404317662772
2025-12-29,ANET,"ARISTA NETWORKS, INC.",Information Technology,134.15,150.01,0.1182,0.3916,0.37441614,0.04589508347583515,12.0,1,Neutral,-1.7817371937639275,-1.3625468164794021,1.7873601053324544,126.15,138.64,115.96,147.5,103.77,188.45,-0.05963473723443902,0.03346999627282887,-0.13559448378680594,0.09951546775997011,-0.22646291464778234,0.4047707789787549
2025-12-29,AON,AON PLC,Financials,356.73,361.25,0.0127,0.1544,0.16058652,-0.03852452870888545,-27.0,3,Sell,1.0667593880389377,-1.5139726027397258,-1.5191703331238229,349.54,364.4,329.1,374.98,308.39,388.55,-0.02015529952625239,0.021500854988366402,-0.07745353628794882,0.05115913996580046,-0.13550864799708473,0.08919911417598736
2025-12-29,AOS,A. O. SMITH ,Industrials,68.08,70.16,0.0306,0.2055,0.14687095,0.39918751802177344,-36.0,1,Sell,-1.228346456692919,-1.4103260869565184,-1.3958333333333346,66.52,69.35,62.89,71.76,59.37,74.32,-0.02291421856639253,0.018654524089306568,-0.07623384253819032,0.05405405405405417,-0.12793772032902473,0.0916568742655699
2025-12-29,APA,APA ,Energy,24.38,24.73,0.0144,0.3643,0.37782916,-0.03580761209643002,-23.0,3,Neutral,-3.4090909090908994,1.152838427947599,-1.0601202404809613,22.88,24.82,22.09,27.02,19.09,29.37,-0.061525840853158376,0.018047579983593076,-0.09392945036915501,0.10828547990155868,-0.21698113207547165,0.2046759639048401
2025-12-29,APD,"AIR PRODUCTS AND CHEMICALS, INC.",Materials,247.85,260.5,0.051,0.2586,0.40119644,-0.35542797937090365,8.0,4,Neutral,-2.3853211009174293,-2.6835820895522433,1.0136219897835077,227.05,256.57,220.88,257.9,206.74,289.52,-0.08392172685091781,0.035182570102884725,-0.1088158160177527,0.04054871898325585,-0.1658664514827516,0.16812588259027628
2025-12-29,APH,AMPHENOL ,Information Technology,136.9,157.47,0.1503,0.339,0.34642939,-0.021445611182122848,52.0,3,Buy,-1.1388455538221554,1.0310924369747878,1.7492012779552712,129.6,143.31,125.0,149.17,118.12,169.75,-0.05332359386413443,0.046822498173849425,-0.08692476260043835,0.08962746530314081,-0.1371804236669102,0.23995617238860478
2025-12-29,APO,"APOLLO GLOBAL MANAGEMENT, INC.",Financials,147.27,147.24,-0.0002,0.2623,0.23903834,0.09731351046028847,-43.0,1,Sell,4.930481283422448,1.9297520661156988,-1.8290726817042622,145.4,156.49,137.59,165.95,110.78,167.22,-0.012697766008012534,0.06260609764378344,-0.06572961227677054,0.12684185509608192,-0.2477761933862973,0.13546547158280697
2025-12-29,APP,APPLOVIN CORP,Information Technology,698.82,986.98,0.4124,0.472,0.4878395,-0.03246867053610869,-31.0,3,Sell,3.836709637814592,1.2651028988714308,1.8587889531629025,682.53,761.32,608.44,813.16,484.46,1097.27,-0.023310723791534427,0.08943647863541404,-0.12933230302509946,0.1636186714747716,-0.30674565696459755,0.570175438596491
2025-12-29,APTV,APTIV PLC,Consumer Discretionary,76.79,78.63,0.024,0.3089,0.19952669,0.548163807057592,31.0,1,Buy,-1.2010869565217506,-1.7210884353741518,1.0816640986132502,74.58,78.63,69.2,81.2,63.81,90.83,-0.028779789035030756,0.023961453314233383,-0.09884099492121379,0.057429352780309806,-0.16903242609714808,0.18283630681078256
2025-12-29,ARE,"ALEXANDRIA REAL ESTATE EQUITIES, INC.",Real Estate,49.17,48.52,-0.0132,0.5817,0.45431254,0.28039609032143376,12.0,1,Neutral,-1.3478260869565266,-2.0169811320754736,1.1140202702702697,46.69,51.01,38.48,54.47,37.33,62.36,-0.05043725849094982,0.03742119178360781,-0.21740898922106988,0.10778930242017482,-0.24079723408582476,0.26825299979662387
2025-12-29,ARES,ARES MANAGEMENT CORP,Financials,169.05,175.74,0.0396,0.2447,0.32390346,-0.24452798373935236,-36.0,4,Sell,1.407673860911268,1.4448010269576363,-1.3148538716480873,160.71,180.79,153.47,191.56,125.41,202.24,-0.049334516415261764,0.06944690919846197,-0.09216208222419409,0.13315587104406967,-0.25814847678201724,0.19633244602188693
2025-12-29,ASC,ARDMORE SHIPPING ,MR Discretion,10.87,11.99,0.103,0.864,0.17466721,3.946549498328851,31.0,1,Buy,-22.666666666665797,-1.5172413793103414,3.263565891472871,10.19,10.9,9.55,11.74,9.58,15.08,-0.062557497700092,0.002759889604415866,-0.12143514259429611,0.080036798528059,-0.11867525298988035,0.3873045078196873
2025-12-29,ATO,ATMOS ENERGY ,Utilities,168.78,187.33,0.1099,0.1303,0.16996836,-0.23338673150696998,0.0,4,Neutral,-1.700348432055745,-1.0225108225108217,5.457399103139005,163.9,171.65,156.97,180.33,164.32,193.12,-0.028913378362365183,0.017004384405735262,-0.06997274558596989,0.06843227870600788,-0.026424931863964995,0.14421139945491168
2025-12-29,AVB,"AVALONBAY COMMUNITIES, INC.",Real Estate,183.9,182.2,-0.0092,0.2726,0.15360174,0.7747194790892344,-7.0,2,Neutral,-1.352441613588109,-1.7845484221980423,-1.9374523264683474,177.53,188.61,167.5,193.09,158.5,197.01,-0.03463839042958128,0.025611745513866246,-0.08917890157694397,0.04997281131049491,-0.13811854268624257,0.07128874388254469
2025-12-29,AVGO,BROADCOM INC.,Information Technology,349.39,460.9,0.3192,0.3821,0.54397176,-0.29757382993558346,6.0,3,Neutral,-1.6637931034482725,1.0780266800906138,3.135790679908327,312.72,371.43,309.66,392.22,297.03,513.58,-0.1049543490082715,0.06308137038839123,-0.11371247030538933,0.12258507684822129,-0.14986118663957182,0.46993331234437186
2025-12-29,AVY,AVERY DENNISON ,Materials,182.65,180.2,-0.0134,0.1865,0.19563743,-0.04670593965582148,-70.0,3,Sell,1.1158798283261786,2.094170403587442,-2.5946717411988613,177.99,187.85,171.5,206.0,155.38,193.16,-0.025513276758828307,0.028469750889679624,-0.061045715849986304,0.1278401313988502,-0.14930194360799354,0.057541746509717884
2025-12-29,AWK,"AMERICAN WATER WORKS COMPANY, INC.",Utilities,130.95,136.03,0.0388,0.1838,0.15674489,0.17260600967597717,26.0,1,Buy,1.2508833922261626,-1.3789571694599605,1.1211689237348563,128.12,134.49,116.14,141.69,116.92,146.68,-0.021611302023673007,0.02703321878579623,-0.11309660175639547,0.08201603665521207,-0.10714012982054211,0.12012218403970998
2025-12-29,AXON,"AXON ENTERPRISE, INC.",Industrials,580.55,653.9,0.1263,0.3623,0.31941097,0.13427538196324318,-29.0,1,Sell,3.0406905055487248,-1.017456634626008,2.1225715846141857,564.33,629.87,488.46,671.06,452.38,852.6,-0.027939023339936142,0.08495392300404792,-0.15862544139178358,0.15590388424769608,-0.2207734045301868,0.4686073550943073
2025-12-29,AXP,AMERICAN EXPRESS COMPANY,Financials,375.32,409.6,0.0913,0.2089,0.20808305,0.003926076631421971,34.0,1,Buy,6.021604938271585,1.7381178707224314,1.075951944614132,372.08,394.83,354.28,411.89,326.21,428.16,-0.00863263348609189,0.05198230843013962,-0.05605882979857191,0.09743685388468504,-0.1308483427475221,0.14078652882873288
2025-12-29,AZO,"AUTOZONE, INC.",Consumer Discretionary,3415.81,4042.16,0.1834,0.2421,0.30153628,-0.19711153828653716,0.0,4,Neutral,-1.418905980723812,-1.4401034414163514,4.644543510894783,3193.51,3572.48,3053.84,3667.16,3195.98,4436.82,-0.06507973218650909,0.04586613424048758,-0.10596900881489302,0.07358430357660395,-0.06435662405110354,0.29890714061964796
2025-12-29,BA,THE BOEING COMPANY,Industrials,217.25,196.08,-0.0974,0.2458,0.39898988,-0.38394427447633517,-77.0,3,Sell,3.3386454183267036,-1.1235018238665975,-3.0978987583572115,214.74,225.63,195.69,236.44,152.38,238.19,-0.01155350978135783,0.03857307249712316,-0.09924050632911396,0.08833141542002299,-0.29859608745684696,0.09638665132336022
2025-12-29,BAC,BANK OF AMERICA ,Financials,55.35,57.97,0.0473,0.2369,0.14306106,0.655936283430306,-10.0,1,Neutral,4.647058823529425,1.5750915750915717,-1.1059701492537326,54.84,57.72,52.62,59.65,47.94,62.05,-0.009214092140921393,0.04281842818428183,-0.04932249322493232,0.07768744354110213,-0.13387533875338764,0.12104787714543797
2025-12-29,BALL,BALL ,Materials,53.16,50.96,-0.0414,0.2332,0.22798968,0.0228533151149648,-9.0,1,Neutral,-1.201970443349752,-1.3315789473684183,-4.03401360544217,50.72,55.19,48.1,56.96,41.3,56.1,-0.04589917231000751,0.03818660647103078,-0.09518434913468765,0.07148231753197898,-0.22310007524454478,0.05530474040632072
2025-12-29,BAX,BAXTER INTERNATIONAL INC.,Health Care,19.25,17.81,-0.0748,0.362,0.2395622,0.5110898130005483,-30.0,1,Sell,-1.101449275362319,-1.4244186046511633,-2.392670157068063,18.49,19.94,16.8,20.97,14.68,21.16,-0.03948051948051956,0.03584415584415601,-0.1272727272727272,0.08935064935064929,-0.2374025974025974,0.09922077922077932
2025-12-29,BBY,"BEST BUY CO., INC.",Consumer Discretionary,67.84,75.78,0.117,0.2966,0.21113095,0.4048153527467193,-18.0,1,Neutral,2.0300751879699295,1.3525305410122155,3.700182815356485,66.51,70.54,62.11,75.59,62.37,88.08,-0.019604952830188704,0.03979952830188682,-0.08446344339622647,0.11423938679245293,-0.08063089622641517,0.2983490566037734
2025-12-29,BDX,"BECTON, DICKINSON AND COMPANY",Health Care,195.16,195.43,0.0014,0.2282,0.22981525,-0.007028471783313006,-79.0,3,Sell,1.4092526690391476,1.0435582822085896,-1.7244897959183667,189.54,203.08,178.86,212.17,154.6,218.68,-0.028796884607501516,0.040582086493133884,-0.08352121336339402,0.08715925394548063,-0.20782947325271572,0.12051649928263997
2025-12-29,BEN,"FRANKLIN RESOURCES, INC.",Financials,24.38,23.26,-0.0459,0.3024,0.16736494,0.8068300326221252,-50.0,1,Sell,1.4074074074074125,1.0628571428571425,-2.994047619047618,23.84,25.14,22.63,26.24,19.35,26.06,-0.022149302707136997,0.031173092698933536,-0.07178014766201801,0.07629204265791634,-0.2063166529942575,0.0689089417555373
2025-12-29,BF.B,BROWN-FORMAN ,Consumer Staples,26.11,28.07,0.0751,0.0,0.33895249,,21.0,,Neutral,-1.1304347826086956,1.7068965517241381,1.83554376657825,24.55,27.49,23.79,30.07,22.34,33.03,-0.05974722328609727,0.05285331290693218,-0.08885484488701645,0.15166602834163156,-0.14438912294140172,0.26503255457679065
2025-12-29,BG,BUNGE LIMITED,Consumer Staples,89.36,94.24,0.0546,0.225,0.13967979,0.610827164044276,-21.0,1,Neutral,-3.1636363636363836,1.4334600760456275,1.9276248725790002,85.88,90.46,81.47,100.67,79.55,108.27,-0.03894359892569388,0.012309758281110028,-0.08829453894359895,0.12656669650850505,-0.10978066248880936,0.21161593554162939
2025-12-29,BIIB,BIOGEN INC.,Health Care,176.83,176.45,-0.0021,0.2894,0.23035498,0.25632187331048795,7.0,1,Neutral,-1.8866666666666687,1.7183333333333313,-1.5530361260568815,168.34,181.33,164.83,197.45,136.42,202.85,-0.048012215121868485,0.02544817055929416,-0.06786178815811794,0.11660917265169912,-0.22852457162246242,0.14714697732285242
2025-12-29,BK,THE BANK OF NEW YORK MELLON ,Financials,117.47,128.62,0.0949,0.2394,0.1547447,0.547064293639782,26.0,1,Buy,1.77060931899642,1.256559766763849,1.0760587726879858,114.68,122.41,110.61,126.09,105.9,129.92,-0.023750744871030793,0.042053290201753635,-0.05839788882267816,0.07338043755852564,-0.09849323231463347,0.1059845066825571
2025-12-29,BKNG,BOOKING HOLDINGS INC.,Consumer Discretionary,5441.33,5459.89,0.0034,0.2185,0.2517062,-0.13192444206777576,-70.0,3,Sell,2.1691381904147944,1.0398457341736436,-1.998528525334183,5348.27,5643.19,4909.78,5994.06,4314.04,6005.39,-0.017102436352876893,0.03709754784216357,-0.09768751389825647,0.10157994460913056,-0.20717177601799563,0.10366215612727037
2025-12-29,BKR,BAKER HUGHES COMPANY,Energy,45.38,52.15,0.1492,0.2438,0.26096103,-0.06576089157833254,6.0,3,Neutral,-2.273504273504287,-1.177325581395351,3.124069478908187,42.72,46.55,41.33,48.82,41.35,57.97,-0.05861613045394454,0.02578228294402818,-0.0892463640370208,0.07580431908329666,-0.08880564125165269,0.2774349933891582
2025-12-29,BLDR,"BUILDERS FIRSTSOURCE, INC.",Industrials,103.45,109.71,0.0605,0.3892,0.29491661,0.31969508262013435,26.0,1,Buy,-3.1369047619047734,-1.5819354838709685,1.2879152623976886,98.18,105.13,91.19,111.2,82.68,130.2,-0.05094248429192838,0.016239729337844233,-0.11851135814403102,0.07491541807636537,-0.20077332044465923,0.2585790236829384
2025-12-29,BLK,"BLACKROCK, INC.",Financials,1088.4,1128.32,0.0367,0.2644,0.20265397,0.30468699922335607,-57.0,1,Sell,1.4094608341810628,-1.2698538127222478,-1.2255080125557591,1068.74,1116.11,991.98,1164.33,940.04,1209.46,-0.018063212054391875,0.025459389930172494,-0.0885887541345094,0.06976295479603078,-0.13631018008085272,0.11122748989342157
2025-12-29,BMY,BRISTOL-MYERS SQUIBB COMPANY,Health Care,54.11,53.21,-0.0166,0.2709,0.2886303,-0.061429101518447715,-63.0,3,Sell,6.205128205128201,2.6266666666666683,-2.3981308411214943,53.72,56.53,51.86,60.02,41.28,59.46,-0.007207540195897311,0.04472371095915739,-0.041581962668638006,0.1092219552762892,-0.23710959157272216,0.0988726667898725
2025-12-29,BR,"BROADRIDGE FINANCIAL SOLUTIONS, INC.",Industrials,227.38,240.51,0.0577,0.172,0.14075926,0.22194447455890276,3.0,2,Neutral,1.23673469387755,-1.05878084179971,1.2162610619469043,222.48,233.44,212.79,241.16,209.3,249.37,-0.02154982848095699,0.026651420529510084,-0.06416571378309444,0.060603395197466714,-0.07951446917055138,0.09671035271351935
2025-12-29,BRK.B,"BERKSHIRE HATHAWAY INC.,",Financials,501.05,543.48,0.0847,0.1406,0.14296582,-0.016548151159486824,-7.0,4,Neutral,-1.34356351236147,-1.1373123398022702,1.6152952115295185,485.29,512.78,469.99,528.36,458.03,570.54,-0.031453946711904934,0.02341083724179205,-0.06198982137511222,0.05450553836942418,-0.08585969464125343,0.1386887536174033
2025-12-29,BRO,"BROWN & BROWN, INC.",Financials,80.86,84.87,0.0496,0.2133,0.19349438,0.1023575981896736,-21.0,1,Neutral,-1.1040892193308556,-1.6332622601279319,1.0261603375527428,77.89,83.55,73.2,85.55,69.01,93.02,-0.03673015087806086,0.033267375711105496,-0.09473163492456094,0.058001484046500185,-0.1465495918872124,0.1503833786791986
2025-12-29,BSX,BOSTON SCIENTIFIC ,Health Care,95.76,107.56,0.1232,0.2464,0.19500245,0.2635738679180699,77.0,1,Buy,-1.1390728476821246,1.1094527363184075,2.5395858708891565,92.32,98.78,89.73,102.45,87.55,116.61,-0.035923141186299246,0.03153717627401842,-0.06296992481203012,0.06986215538847107,-0.08573517126148711,0.21773182957393478
2025-12-29,BTC=F,BITCOIN FUTURES,Futures,87545.0,103361.48,0.1807,0.0,0.42013473,,-11.0,,,-1.1858624275523038,-2.6368454300082904,2.545362286858044,84283.57,90295.26,77902.61,91201.79,73316.22,123762.4,-0.03725432634645032,0.031415386372722454,-0.11014209834942024,0.04177040379233521,-0.16253104117882233,0.41370038266034603
2025-12-29,BTI,BRITISH AMERICAN TOBACCO P.L.C.,MR Discretion,57.02,64.02,0.1228,0.3747,0.17292101,1.1668853310537566,65.0,1,Buy,-1.000000000000006,1.611940298507463,1.7819148936170193,55.82,58.22,54.34,61.34,51.38,67.07,-0.021045247281655577,0.021045247281655577,-0.04700105226236406,0.07576289021395999,-0.09891266222378114,0.17625394598386523
2025-12-29,BTU,PEABODY ENERGY ,MR Discretion,30.44,31.28,0.0276,0.5154,0.45191549,0.14047872092191405,-8.0,1,Neutral,1.9572649572649508,1.1018957345971563,-1.0095744680851064,29.27,32.73,26.22,35.09,20.95,39.84,-0.038436268068331225,0.07522996057818654,-0.1386333771353483,0.15275952693823913,-0.31176084099868595,0.30880420499342986
2025-12-29,BX,BLACKSTONE INC,Financials,155.13,158.6,0.0224,0.2588,0.21889359,0.18230963273067968,-36.0,1,Sell,2.8461538461538405,-1.422222222222219,-1.4945652173913038,152.79,161.79,138.49,166.83,124.88,175.37,-0.015084122993618276,0.04293173467414424,-0.10726487462128531,0.07542061496809138,-0.19499774382775736,0.13047121768839043
2025-12-29,BXP,"BOSTON PROPERTIES, INC.",Real Estate,69.01,72.63,0.0525,0.3204,0.16174536,0.9808914456649638,-17.0,1,Neutral,-1.1428571428571481,-1.2797619047619084,1.4290697674418582,66.85,70.9,64.71,72.37,60.41,81.3,-0.0312998116215043,0.027387335168816085,-0.06230981017243897,0.04868859585567309,-0.12461962034487761,0.17809013186494704
2025-12-29,C,CITIGROUP INC.,Financials,118.13,123.76,0.0477,0.2836,0.20452716,0.3866129075473399,-17.0,2,Neutral,42.523809523810826,1.9690594059405941,-1.737183646982479,117.92,127.06,110.05,134.04,91.36,133.54,-0.0017777025311097594,0.07559468382290713,-0.06839922119698638,0.13468212985693717,-0.22661474646575808,0.1304495047828662
2025-12-29,CAG,"CONAGRA BRANDS, INC.",Consumer Staples,17.46,17.06,-0.0229,0.3253,0.19612954,0.6585976798803483,-20.0,1,Neutral,-2.6571428571428726,-1.5617977528089884,-1.777777777777781,16.53,17.81,16.07,18.35,14.9,18.9,-0.053264604810996596,0.02004581901489111,-0.07961053837342502,0.05097365406643761,-0.14662084765177552,0.08247422680412364
2025-12-29,CAH,"CARDINAL HEALTH, INC.",Health Care,207.38,230.22,0.1101,0.2475,0.16479327,0.5018817212620394,31.0,1,Buy,1.9936908517350216,2.485047846889953,1.4253088730812422,204.21,213.7,190.66,248.93,180.67,245.45,-0.015285948500337487,0.03047545568521559,-0.08062493972417784,0.2003568328672003,-0.1287973767962195,0.1835760439772398
2025-12-29,CALM,"CAL-MAINE FOODS, INC.",MR Discretion,82.08,96.16,0.1715,0.3551,0.2451024,0.4487822232666838,4.0,2,Neutral,1.0165562913907322,-1.0863970588235292,3.4012820512820525,79.06,85.15,76.17,87.52,74.28,108.61,-0.036793372319688045,0.037402534113060604,-0.07200292397660812,0.06627680311890827,-0.0950292397660818,0.3232212475633529
2025-12-29,CANE,TEUCRIUM:SUGAR,Commodities,9.89,9.42,-0.0475,0.2059,0.17276227,0.19181115182151753,-28.0,2,Sell,1.1599999999999966,-1.183098591549297,-3.080000000000002,9.64,10.18,9.05,10.6,8.35,10.39,-0.025278058645096024,0.029322548028311246,-0.08493427704752277,0.07178968655207263,-0.1557128412537918,0.05055611729019205
2025-12-29,CARR,CARRIER GLOBAL ,Industrials,53.61,56.15,0.0474,0.2652,0.19608192,0.3524959363922997,-21.0,1,Neutral,-2.2372881355932077,-1.3781512605042021,1.298804780876494,52.29,54.2,48.69,57.18,46.08,63.39,-0.02462227196418576,0.011005409438537672,-0.09177392277560159,0.06659205372132071,-0.140458869613878,0.18242865137101294
2025-12-29,CAT,CATERPILLAR INC.,Industrials,578.61,664.36,0.1482,0.2963,0.31277543,-0.05267494956365337,-16.0,4,Neutral,1.3164136622390867,2.390066225165558,1.9310293237582268,557.53,606.36,548.41,650.79,511.77,707.68,-0.03643213909196186,0.04795976564525328,-0.05219405126078025,0.12474723907295071,-0.1155182247109452,0.22306907934532738
2025-12-29,CB,CHUBB LTD,Financials,314.45,320.38,0.0189,0.1229,0.15361761,-0.19996151482893132,-60.0,4,Sell,1.70468750000001,1.126395939086295,-2.33802816901408,308.05,325.36,294.75,336.64,266.31,335.04,-0.02035299729686746,0.03469550007950395,-0.06264906980442042,0.070567657815233,-0.15309270154237553,0.06547940849101619
2025-12-29,CBOE,"CBOE GLOBAL MARKETS, INC.",Financials,256.11,274.56,0.072,0.1874,0.16661883,0.12472281794320605,20.0,2,Neutral,-1.3647686832740231,-1.1617324561403517,1.3741349480968847,248.44,261.73,234.92,274.35,232.99,287.88,-0.029948069189020377,0.021943696068095653,-0.08273788606458177,0.07121939791495846,-0.0902737105150131,0.12404826051306062
2025-12-29,CBRE,"CBRE GROUP, INC.",Real Estate,164.17,178.09,0.0848,0.229,0.19239904,0.1902346290293342,-5.0,1,Neutral,1.2249443207127002,1.6360078277886498,1.0458221024258765,159.68,169.67,153.95,180.89,141.91,187.45,-0.027349698483279394,0.03350185783029791,-0.06225254309557171,0.10184564780410543,-0.1355911555095327,0.1418042273253335
2025-12-29,CCI,CROWN CASTLE INC.,Real Estate,88.66,90.22,0.0176,0.1919,0.18806529,0.02039031232185362,-15.0,1,Neutral,-1.5854430379746824,-1.7292576419213983,1.061782877316858,83.65,91.82,80.74,93.24,77.33,100.69,-0.05650800812091128,0.0356417775772615,-0.08933002481389585,0.05165801939995496,-0.12779156327543428,0.13568689375140996
2025-12-29,CCJ,CAMECO ,MR Discretion,92.84,102.56,0.1047,0.4905,0.38041671,0.28937553768339996,2.0,1,Neutral,1.711286089238843,1.9298469387755088,1.3865293865293862,89.03,99.36,85.0,107.97,69.53,125.16,-0.04103834554071528,0.0702283498492029,-0.08444635932787592,0.16296854803963812,-0.2510771219302025,0.34812580784144753
2025-12-29,CCL,CARNIVAL CORP,Consumer Discretionary,30.72,30.78,0.002,0.3267,0.45737632,-0.2857085386493118,-88.0,3,Sell,5.459459459459469,1.5188679245283014,-1.4852459016393438,29.98,34.76,27.54,35.55,21.66,36.82,-0.02408854166666663,0.13151041666666674,-0.103515625,0.1572265625,-0.294921875,0.19856770833333348
2025-12-29,CDNS,"CADENCE DESIGN SYSTEMS, INC.",Information Technology,317.71,339.88,0.0698,0.3081,0.28851918,0.06786661462159982,10.0,2,Neutral,-1.967115097159936,-1.0248019290389243,1.3710268948655264,304.55,324.4,287.96,346.74,268.63,385.0,-0.0414214220515563,0.021056938717698426,-0.09363885304208242,0.09137263542224061,-0.15448050108589595,0.21179692172106646
2025-12-29,CDW,CDW ,Information Technology,138.61,142.76,0.0299,0.2487,0.17225428,0.4437957651908562,-17.0,1,Neutral,1.156648451730416,-1.2959001782531214,1.7408637873754136,133.12,144.96,124.07,149.83,120.55,170.05,-0.03960753192410371,0.04581199047687745,-0.10489863646201592,0.08094654065363249,-0.13029362960825353,0.22682346151071342
2025-12-29,CEG,CONSTELLATION ENERGY,Utilities,358.33,428.37,0.1955,0.4259,0.47796556,-0.10893161423597131,8.0,4,Neutral,1.3388888888888928,1.1540277367955158,1.9497711798191768,345.73,375.2,324.44,397.44,268.74,533.01,-0.03516311779644454,0.04707950771635083,-0.09457762397789748,0.10914520135071037,-0.2500209304272597,0.4874836044986466
2025-12-29,CF,"CF INDUSTRIES HOLDINGS, INC.",Materials,77.65,82.7,0.065,0.3568,0.21965557,0.6243612670509562,26.0,1,Buy,-1.2406417112299568,-1.613888888888892,1.7707865168539305,75.33,79.52,71.84,81.25,68.75,93.41,-0.02987765614938842,0.024082421120412034,-0.07482292337411467,0.046361880231809316,-0.11461687057308445,0.20296200901480987
2025-12-29,CFG,"CITIZENS FINANCIAL GROUP, INC.",Financials,59.14,62.26,0.0528,0.1903,0.18749381,0.014966840771969858,-45.0,1,Sell,7.675000000000028,1.7356687898089178,-1.7682737169517901,58.74,62.21,56.0,64.59,47.77,65.57,-0.006763611768684452,0.05191072032465338,-0.05309435238417315,0.09215421034832616,-0.1922556645248562,0.10872505918160291
2025-12-29,CHD,"CHURCH & DWIGHT CO., INC.",Consumer Staples,85.34,87.52,0.0255,0.2561,0.1950342,0.31310303526253347,-14.0,1,Neutral,1.3396226415094328,-1.2339449541284429,1.0226781857451397,83.22,88.18,79.96,89.7,76.08,94.81,-0.024841809233653644,0.033278650105460494,-0.06304194984766831,0.05108975861260845,-0.10850714787907201,0.11096789313334887
2025-12-29,CHRW,"C.H. ROBINSON WORLDWIDE, INC.",Industrials,163.94,178.73,0.0902,0.2059,0.22210024,-0.07294111883895305,29.0,3,Buy,2.10495626822157,2.6720368239355587,1.035150645624104,160.51,171.16,155.25,187.16,136.06,192.8,-0.02092228864218626,0.044040502622910704,-0.05300719775527629,0.1416371843357327,-0.17006221788459186,0.17604001463950225
2025-12-29,CHTR,"CHARTER COMMUNICATIONS, INC.",Communication Services,209.04,199.57,-0.0453,0.586,0.23130745,1.5334246692011,-61.0,1,Sell,-1.0125523012552267,-2.1624203821656045,-1.041343669250645,201.78,216.21,181.88,221.6,156.65,259.35,-0.03473019517795628,0.03429965556831238,-0.12992728664370456,0.06008419441255253,-0.2506218905472636,0.24067164179104483
2025-12-29,CI,THE CIGNA GROUP,Health Care,276.01,274.34,-0.0061,0.2641,0.17962006,0.4703257531480616,-27.0,1,Sell,-1.0305882352941165,-1.5562184488297368,-2.094610778443113,267.25,284.51,242.1,297.8,223.54,301.06,-0.03173798050795262,0.030795985652693814,-0.12285786746856997,0.07894641498496435,-0.19010180790551068,0.09075758124705624
2025-12-29,CINF,CINCINNATI FINANCIAL ,Financials,164.99,180.83,0.096,0.1485,0.11528068,0.2881603404837654,8.0,1,Neutral,2.259259259259261,1.0794473229706378,1.5003558718861187,162.83,169.87,153.41,177.49,150.94,186.07,-0.013091702527425864,0.029577550154554766,-0.07018607188314452,0.07576216740408515,-0.08515667616219169,0.12776531911024902
2025-12-29,CIVI,"CIVITAS RESOURCES, INC.",MR Discretion,27.18,26.85,-0.0121,0.408,0.44837547,-0.0900483472032938,-34.0,4,Sell,-4.1521739130434705,-1.2951541850220272,1.027375201288245,25.27,27.64,24.24,29.45,20.97,33.56,-0.07027225901398082,0.016924208977189048,-0.10816777041942605,0.08351729212656367,-0.22847682119205304,0.23473142016188375
2025-12-29,CL,COLGATE-PALMOLIVE COMPANY,Consumer Staples,79.69,82.03,0.0294,0.2325,0.18758906,0.23941129615980805,-10.0,1,Neutral,1.3431952662721889,-1.228144989339018,-1.214673913043478,78.0,81.96,73.93,84.38,70.75,87.05,-0.021207177814029365,0.02848538085079677,-0.07228008533065622,0.05885305559041276,-0.11218471577362277,0.09235788681139412
2025-12-29,CLX,THE CLOROX COMPANY,Consumer Staples,99.29,103.14,0.0388,0.2358,0.21159132,0.11441244376187076,36.0,1,Buy,-16.06060606060618,-3.196374622356511,1.5618066561014252,93.99,99.62,88.71,102.6,86.67,119.0,-0.05337899083492814,0.0033235975425520703,-0.10655655151576204,0.033336690502568045,-0.12710242723335685,0.1985094168597039
2025-12-29,CMBT,CMB.TECH NV,MR Discretion,9.73,9.93,0.0206,0.4104,0.4178488,-0.017826543955612784,10.0,4,Neutral,-5.0,1.255555555555554,1.3508771929824561,8.88,9.9,8.83,10.86,7.45,12.81,-0.0873586844809866,0.01747173689619741,-0.09249743062692706,0.11613566289825261,-0.23432682425488183,0.3165467625899281
2025-12-29,CMCSA,COMCAST ,Communication Services,29.87,27.49,-0.0797,0.4071,0.29913923,0.3609047532816074,-46.0,2,Sell,1.259842519685038,-1.2535714285714288,-5.227642276422762,28.6,31.47,26.36,32.67,23.44,31.1,-0.04251757616337459,0.053565450284566385,-0.11750920656176767,0.09373953799799128,-0.21526615333110144,0.04117843990626047
2025-12-29,CME,CME GROUP INC.,Financials,278.42,292.28,0.0498,0.1524,0.173429,-0.12125423083797982,-32.0,3,Sell,-2.340326340326365,-1.395712630359213,1.0857763300760035,268.38,282.71,254.33,295.68,250.79,308.42,-0.036060627828460645,0.015408375835069155,-0.08652395661231238,0.06199267294016231,-0.09923856044824375,0.1077508799655198
2025-12-29,CMG,"CHIPOTLE MEXICAN GRILL, INC.",Consumer Discretionary,37.14,35.66,-0.0398,0.2125,0.23618093,-0.10026605450321502,-102.0,3,Strong Sell,14.444444444444475,1.1454849498327762,-2.399071925754059,36.96,39.74,31.16,43.99,26.8,41.45,-0.004846526655896577,0.07000538502961762,-0.1610123855681206,0.18443726440495434,-0.27840603123317176,0.11604738826063543
2025-12-29,CMI,CUMMINS INC.,Industrials,514.64,562.6,0.0932,0.2339,0.26980314,-0.13307161658681954,-5.0,3,Neutral,2.10253456221198,2.457177322074789,-1.0171240161667732,505.96,532.89,489.77,575.75,419.01,608.66,-0.0168661588683352,0.03546168195243271,-0.04832504274832894,0.1187431991294885,-0.1858192134307477,0.18269081299549206
2025-12-29,CMRE,COSTAMARE INC.,MR Discretion,15.9,16.71,0.0509,0.3038,0.23213293,0.3087328885221068,20.0,1,Neutral,-2.793103448275855,1.4866666666666657,-1.3059936908517353,15.09,16.19,14.4,18.13,11.76,19.07,-0.05094339622641508,0.01823899371069193,-0.09433962264150941,0.14025157232704388,-0.2603773584905661,0.19937106918239
2025-12-29,CMS,CMS ENERGY ,Utilities,70.13,76.2,0.0866,0.0,0.15460183,,27.0,,Buy,-1.9042553191489322,1.021505376344088,3.735507246376825,68.34,71.07,65.48,74.88,67.37,80.44,-0.025524026807357658,0.013403678882076164,-0.06630543276771694,0.06773135605304437,-0.03935548267503197,0.14701269071723955
2025-12-29,CNC,CENTENE ,Health Care,40.81,35.97,-0.1186,0.4041,0.30234588,0.33654872360093013,-48.0,1,Sell,-1.6031746031746081,-1.0065146579804571,-1.6083916083916088,38.79,42.07,37.72,43.88,24.71,50.82,-0.04949767213918166,0.030874785591766596,-0.07571673609409468,0.0752266601323206,-0.39451114922813035,0.24528301886792447
2025-12-29,CNP,"CENTERPOINT ENERGY, INC.",Utilities,38.42,41.45,0.0789,0.1543,0.14977598,0.03020524385819412,48.0,2,Buy,-2.3478260869565135,-1.351351351351352,2.0775193798449623,37.34,38.88,35.42,40.64,35.84,43.78,-0.02811035918792293,0.011972930765226542,-0.07808433107756374,0.057782404997397174,-0.06715252472670474,0.1395106715252472
2025-12-29,CNR,"CORE NATURAL RESOURCES, INC.",MR Discretion,89.55,87.21,-0.0261,0.4353,0.41157837,0.05763575476524685,-82.0,1,Sell,1.715909090909091,1.2584704743465636,-1.5533919597989951,86.91,94.08,79.22,102.55,64.82,105.47,-0.029480737018425462,0.05058626465661642,-0.11535455053042987,0.14517029592406483,-0.2761585706309325,0.1777777777777778
2025-12-29,COF,CAPITAL ONE FINANCIAL ,Financials,245.75,254.47,0.0355,0.213,0.14912513,0.4283306911450806,-43.0,1,Sell,47.592592592590876,1.606009070294785,-2.436389822371581,245.48,258.6,228.11,274.08,195.0,266.58,-0.001098677517802682,0.05228891149542236,-0.07178026449643937,0.1152797558494405,-0.2065106815869786,0.08476093591047795
2025-12-29,COIN,"COINBASE GLOBAL, INC.",Financials,233.77,296.49,0.2683,0.4538,0.42057921,0.07898818869339741,-41.0,1,Sell,-1.0915789473684214,-1.187456445993031,3.791122173822858,223.4,243.27,199.69,262.47,185.56,416.54,-0.044359840869230505,0.04063823416178303,-0.14578431791932245,0.12277024425717586,-0.20622834409890067,0.7818368481841127
2025-12-29,COMT,ISHARES:GSCI COMM DYN RS,Commodities,24.95,27.02,0.083,0.1129,0.32034757,-0.6475702937281529,0.0,4,Neutral,-1.1756756756756743,-1.3926701570680629,3.2400000000000007,23.21,26.43,22.29,26.86,23.7,29.0,-0.06973947895791577,0.05931863727454911,-0.10661322645290583,0.07655310621242495,-0.05010020040080165,0.16232464929859725
2025-12-29,COO,"THE COOPER COMPANIES, INC.",Health Care,82.2,80.6,-0.0195,0.3243,0.30336185,0.06902037945773332,-61.0,1,Sell,4.779220779220794,2.9886039886039826,-1.8267716535433078,81.43,85.88,78.69,92.69,63.64,92.36,-0.009367396593673916,0.044768856447688465,-0.04270072992700735,0.12761557177615557,-0.2257907542579075,0.12360097323600971
2025-12-29,COP,CONOCOPHILLIPS,Energy,92.63,90.97,-0.0179,0.2547,0.32209376,-0.20923646580424293,-58.0,4,Sell,-1.2416356877323391,1.083333333333333,-1.8314917127071788,89.29,95.32,84.35,101.6,79.37,99.87,-0.03605743279714979,0.02904026773183621,-0.08938788729353342,0.09683687790132778,-0.1431501673323976,0.07816042318903182
2025-12-29,COR,"CENCORA, INC.",Health Care,340.25,390.52,0.1477,0.2321,0.22733883,0.02094305667008145,28.0,1,Buy,1.2829912023460424,1.4854639585822378,4.205717488789242,333.43,349.0,315.14,377.55,322.41,415.28,-0.020044085231447406,0.02571638501102136,-0.07379867744305657,0.10962527553269652,-0.05243203526818507,0.2205143277002204
2025-12-29,CORN,TEUCRIUM:CORN,Commodities,17.82,17.8,-0.0011,0.267,0.1087245,1.4557482444159322,-10.0,1,Neutral,2.6666666666666496,1.6829268292682953,-1.2031249999999982,17.61,18.38,17.41,18.51,16.28,19.1,-0.011784511784511786,0.03142536475869795,-0.023007856341189736,0.03872053872053871,-0.08641975308641969,0.07182940516273861
2025-12-29,COST,COSTCO WHOLESALE ,Consumer Staples,867.84,945.06,0.089,0.1763,0.18200123,-0.031325227856976556,-12.0,4,Neutral,-1.644341801385684,-1.4612939841089687,2.62390041493776,832.24,889.49,803.47,911.89,807.59,1025.93,-0.04102138643067854,0.024946994837758085,-0.07417265855457222,0.050758204277286056,-0.06942523967551617,0.18216491519174038
2025-12-29,CPAY,"FLEETCOR TECHNOLOGIES, INC.",Financials,308.97,308.91,-0.0002,0.2788,0.26277073,0.061000972216349814,-46.0,1,Sell,2.0772303595206214,1.277913610431945,-1.9622057001239184,301.46,324.57,284.43,340.33,245.63,341.25,-0.024306566980613176,0.05049033886785104,-0.0794251869113507,0.10149852736511611,-0.20500372204421147,0.10447616273424587
2025-12-29,CPB,CAMPBELL SOUP COMPANY,Consumer Staples,28.15,29.08,0.033,0.0983,0.2645328,-0.6284014685513479,47.0,3,Buy,-2.281249999999994,-1.3249999999999973,2.2442396313364097,26.69,28.79,26.03,29.75,25.98,33.02,-0.051865008880994545,0.022735346358792263,-0.07531083481349898,0.056838365896980436,-0.0770870337477797,0.17300177619893442
2025-12-29,CPER,UNITED STATES COPPER IDX,Commodities,34.18,36.64,0.072,0.363,0.29939322,0.21245230603418475,-34.0,2,Sell,3.6181818181818404,2.4150943396226494,1.0690335305719925,33.63,36.17,32.59,38.02,29.11,39.6,-0.016091281451140915,0.058221181977764935,-0.0465184318314803,0.11234640140433005,-0.14833235810415446,0.15857226448215345
2025-12-29,CPRT,"COPART, INC.",Industrials,39.49,40.82,0.0337,0.2386,0.11194703,1.1313651643996274,-14.0,1,Neutral,-1.6250000000000049,-2.7251908396946667,1.4921700223713639,38.32,40.21,35.92,40.8,35.02,46.16,-0.029627753861737216,0.018232463914915176,-0.09040263357812106,0.03317295517852603,-0.11319321347176492,0.1689035198784501
2025-12-29,CPT,CAMDEN PROPERTY TRUST,Real Estate,109.99,110.31,0.0029,0.1981,0.14163236,0.3986916549297066,-6.0,1,Neutral,-1.5067114093959695,-1.4644714038128204,-2.653846153846148,105.5,112.97,101.54,115.76,93.43,116.23,-0.04082189289935445,0.027093372124738613,-0.07682516592417488,0.0524593144831349,-0.15055914174015805,0.05673243022092933
2025-12-29,CRESY,CRESUD INC.,MR Discretion,12.39,12.6,0.0169,0.3595,0.35717643,0.006505384467838438,-19.0,1,Neutral,,1.4964539007092192,-1.2217391304347833,11.42,12.39,10.98,14.5,9.58,14.69,-0.0782889426957224,0.0,-0.1138014527845036,0.17029862792574657,-0.22679580306698954,0.18563357546408388
2025-12-29,CRH,CRH PUBLIC LIMITED COMPANY,Materials,127.35,136.5,0.0718,0.2438,0.31899824,-0.23573246046749352,-30.0,4,Sell,1.4677804295942742,1.3013333333333346,-1.4209547427154368,123.16,133.5,116.1,141.99,104.43,143.48,-0.03290145268943856,0.04829210836277986,-0.08833922261484095,0.11495877502944651,-0.1799764428739693,0.1266588142913232
2025-12-29,CRL,CHARLES RIVER LABORATORIES,Health Care,203.16,182.33,-0.1025,0.3866,0.30690186,0.2596860768455427,-64.0,1,Sell,9.627906976744352,1.6083499005964217,-4.341510652033567,202.3,211.44,188.07,227.43,135.91,218.65,-0.004233116755266719,0.040756054341405834,-0.0742764323685765,0.11946249261665698,-0.3310198858042922,0.07624532388265415
2025-12-29,CRM,"SALESFORCE, INC.",Information Technology,266.23,251.58,-0.055,0.2428,0.25754802,-0.05726318532753616,-80.0,3,Sell,1.4335981838819514,1.1698889345948154,-2.2495145631067985,257.42,278.86,241.92,294.67,196.72,297.13,-0.033091687638508116,0.04744018330015387,-0.09131202343838041,0.10682492581602365,-0.2610900349322015,0.11606505653006782
2025-12-29,CRWD,"CROWDSTRIKE HOLDINGS, INC.",Information Technology,475.91,562.32,0.1816,0.3231,0.26126265,0.2366865298197045,40.0,1,Buy,-1.623682076236826,1.2697990543735205,3.290593799264317,455.89,488.24,442.07,518.88,418.82,663.77,-0.04206677733184849,0.025908259965119473,-0.07110588136412355,0.09029018091655971,-0.11995965623752392,0.3947385009770754
2025-12-29,CSCO,"CISCO SYSTEMS, INC.",Information Technology,77.79,83.53,0.0738,0.2171,0.17219079,0.26081075532553144,42.0,1,Buy,1.2378640776699001,2.0679886685552393,1.2069767441860448,75.73,80.34,74.26,85.09,69.19,88.17,-0.026481552898830252,0.032780563054377154,-0.04537858336547118,0.09384239619488355,-0.1105540557912329,0.13343617431546462
2025-12-29,CSGP,"COSTAR GROUP, INC.",Real Estate,67.6,68.85,0.0185,0.3489,0.30199664,0.155310867034812,15.0,2,Neutral,-2.3299999999999983,-2.324050632911389,-1.1648351648351638,62.94,69.6,58.42,71.55,55.94,77.61,-0.06893491124260354,0.029585798816567976,-0.13579881656804726,0.05843195266272194,-0.17248520710059168,0.14807692307692322
2025-12-29,CSX,CSX ,Industrials,36.72,37.53,0.0221,0.2348,0.14626772,0.6052755864383477,-31.0,1,Sell,1.2205882352941158,1.103960396039608,-1.539944903581266,36.04,37.55,34.7,38.95,31.13,40.35,-0.01851851851851849,0.022603485838779802,-0.05501089324618724,0.06072984749455346,-0.15223311546840956,0.09885620915032689
2025-12-29,CTAS,CINTAS ,Industrials,191.04,198.13,0.0371,0.1659,0.16728556,-0.0082826037106849,-48.0,4,Sell,2.172413793103452,-1.038885288399222,1.0438963210702346,187.85,197.97,175.01,206.47,167.12,216.01,-0.01669807370184251,0.036275125628140836,-0.08390912897822445,0.08076842546063645,-0.12520938023450578,0.1307056113902847
2025-12-29,CTRA,COTERRA ENERGY INC.,Energy,26.2,27.51,0.05,0.254,0.27983582,-0.09232492109123136,17.0,3,Neutral,-17.999999999999897,1.3800904977375563,1.025575447570333,24.94,26.27,23.99,29.25,22.29,30.21,-0.04809160305343507,0.0026717557251909607,-0.08435114503816799,0.11641221374045796,-0.14923664122137403,0.15305343511450387
2025-12-29,CTSH,COGNIZANT TECHNOLOGY SOLUTIONS ,Information Technology,85.0,83.11,-0.0222,0.213,0.13945755,0.5273464936104211,-40.0,1,Sell,4.459770114942501,3.225080385852091,-3.2833638025594145,84.13,88.88,81.89,95.03,67.04,90.47,-0.01023529411764712,0.045647058823529374,-0.03658823529411759,0.1180000000000001,-0.21129411764705874,0.0643529411764705
2025-12-29,CTVA,"CORTEVA, INC.",Materials,67.65,69.86,0.0327,0.2168,0.16012616,0.3539324242834525,-9.0,1,Neutral,-1.4067796610169672,-1.1371951219512204,-1.33780160857909,65.99,68.83,63.92,70.93,57.67,75.11,-0.024538063562453916,0.017442719881744173,-0.05513673318551371,0.048484848484848575,-0.14752402069475246,0.1102734663710272
2025-12-29,CVNA,CARVANA CO.,Consumer Discretionary,433.55,530.73,0.2241,0.4648,0.55506804,-0.1626251801490859,-79.0,3,Sell,2.151741293532337,1.5610533378061051,1.1060446977651113,409.43,485.45,373.93,526.62,300.21,581.03,-0.055633721600738095,0.11970937608119003,-0.13751585745588746,0.2146695882827816,-0.3075539153500174,0.34016837734978655
2025-12-29,CVS,CVS HEALTH ,Health Care,80.02,80.19,0.0021,0.2842,0.24615012,0.15457997745440877,-27.0,1,Sell,-1.3743589743589686,1.1302605210420855,-1.2305319969159596,77.34,81.97,75.03,85.66,64.06,92.99,-0.03349162709322662,0.02436890777305667,-0.062359410147463046,0.07048237940514879,-0.19945013746563356,0.16208447888028
2025-12-29,CVX,CHEVRON ,Energy,150.99,156.2,0.0345,0.169,0.17533394,-0.03612500808457264,14.0,3,Neutral,-1.5907172995780603,-1.1095022624434423,1.3039617486338786,147.22,153.36,138.73,162.04,136.35,170.08,-0.024968540962977737,0.015696403735346642,-0.08119743029339699,0.07318365454665865,-0.09696006358036968,0.12643221405391092
2025-12-29,D,"DOMINION ENERGY, INC.",Utilities,59.25,63.77,0.0763,0.1841,0.23097409,-0.20294090129330078,36.0,4,Buy,-2.41843971631206,-1.1551020408163244,1.4835164835164822,55.84,60.66,53.59,64.15,53.79,67.35,-0.057552742616033714,0.023797468354430418,-0.09552742616033749,0.08270042194092841,-0.09215189873417728,0.1367088607594935
2025-12-29,DAL,"DELTA AIR LINES, INC.",Industrials,69.53,72.13,0.0374,0.3934,0.24994413,0.5739517467363608,-20.0,1,Neutral,5.319999999999993,2.3026315789473704,-1.4495268138801272,68.78,73.52,65.73,78.28,51.15,82.21,-0.010786710772328512,0.057385301308787495,-0.05465266791313095,0.12584495901049908,-0.26434632532719693,0.18236732345750029
2025-12-29,DASH,"DOORDASH, INC.",Consumer Discretionary,231.01,246.92,0.0689,0.3155,0.35797015,-0.11864159623365245,-86.0,3,Sell,3.35471698113211,-1.1527183872938294,1.154548528914441,228.36,239.9,193.27,263.75,171.87,299.29,-0.011471364875979329,0.03848318254621019,-0.16336955110168383,0.1417254664300247,-0.2560062334963854,0.29557162027617867
2025-12-29,DAY,"DAYFORCE, INC.",Industrials,69.22,67.97,-0.0181,0.0,0.01573164,,-34.0,,Sell,-1.188235294117661,1.2789317507418387,-1.1104100946372235,68.21,70.07,65.85,73.53,58.66,78.73,-0.014591158624674971,0.012279687951459062,-0.04868535105460858,0.062265241259751525,-0.15255706443224504,0.13738803813926626
2025-12-29,DBA,INVESCO DB MS AGRI,Commodities,25.65,27.51,0.0725,0.1171,0.12350367,-0.05185003814056699,21.0,4,Neutral,-1.5952380952380845,-1.6949152542372885,2.3774834437086123,24.98,26.07,23.65,26.83,24.14,29.24,-0.02612085769980499,0.01637426900584793,-0.07797270955165692,0.0460038986354776,-0.05886939571150085,0.13996101364522406
2025-12-29,DBB,INVESCO DB MS BMTL,Commodities,22.48,23.09,0.0271,0.2533,0.18711282,0.35372872900958896,-21.0,2,Neutral,1.5609756097560985,1.3206106870229024,-1.1298701298701304,22.07,23.12,21.17,24.21,19.87,24.79,-0.01823843416370108,0.028469750889679846,-0.05827402135231308,0.07695729537366547,-0.11610320284697506,0.10275800711743766
2025-12-29,DBC,INVESCO DB CM IDX,Commodities,22.49,23.32,0.0369,0.1546,0.13818759,0.1187690587845116,53.0,2,Buy,1.166666666666679,-1.0434782608695627,1.5592105263157905,22.25,22.77,21.29,23.64,20.97,24.86,-0.010671409515340069,0.012449977767896803,-0.05335704757670068,0.051133837261005066,-0.06758559359715433,0.10538016896398394
2025-12-29,DD,"DUPONT DE NEMOURS, INC.",Materials,40.89,41.41,0.0127,0.3125,0.13979092,1.235481388919967,-31.0,1,Sell,2.024390243902434,2.531496062992127,-1.5716814159292043,40.07,42.55,38.35,47.32,32.01,46.54,-0.020053802885791172,0.04059672291513805,-0.062117877231596896,0.15725116165321595,-0.2171680117388115,0.13817559305453653
2025-12-29,DDOG,"DATADOG, INC.",Information Technology,137.94,169.71,0.2303,0.3611,0.21756013,0.6597710251414173,33.0,1,Buy,-2.7158273381294995,1.3875236294896032,6.477947072975141,130.39,140.72,122.07,159.96,125.47,218.72,-0.05473394229375095,0.020153690010149328,-0.11505002174858636,0.15963462374945636,-0.09040162389444684,0.5856169348992315
2025-12-29,DE,DEERE & COMPANY,Industrials,470.24,501.95,0.0674,0.2344,0.18801767,0.24669133491548956,34.0,1,Buy,-1.6918138041733561,-1.028700419219608,1.442727272727273,449.16,482.7,438.34,501.25,426.24,533.72,-0.04482817284790741,0.026497107859816182,-0.06783769989792454,0.06594504933650902,-0.09356924123851651,0.13499489622320526
2025-12-29,DECK,DECKERS OUTDOOR ,Consumer Discretionary,103.71,96.01,-0.0742,0.5955,0.28364571,1.0994500498526842,-53.0,1,Sell,-1.325333333333333,-1.1301724137931026,-2.5317241379310342,98.74,107.46,90.6,115.31,67.0,118.21,-0.04792209044450868,0.0361585189470639,-0.12641018223893552,0.11185035194291792,-0.35396779481245777,0.13981293992864718
2025-12-29,DELL,DELL TECHNOLOGIES INC.,Information Technology,127.46,150.53,0.181,0.4008,0.40006935,0.0018263083637874988,-6.0,1,Neutral,-1.373913043478257,1.1207115628970779,2.534023668639054,121.14,132.06,111.72,145.1,100.42,195.98,-0.0495841832731837,0.03608975364820344,-0.1234897222658089,0.13839635964224062,-0.21214498666248227,0.5375804173858465
2025-12-29,DG,DOLLAR GENERAL ,Consumer Staples,137.52,126.19,-0.0824,0.2733,0.59621477,-0.5416081356052282,-51.0,4,Sell,2.292613636363628,2.1890243902439015,-5.67301231802913,134.0,145.59,126.04,162.65,86.86,146.45,-0.025596276905177517,0.058682373472949356,-0.08347876672484,0.18273705642815585,-0.3683827806864457,0.06493600930773691
2025-12-29,DGX,QUEST DIAGNOSTICS INC.,Health Care,175.52,195.63,0.1146,0.2395,0.17312738,0.3833744841514959,30.0,1,Buy,-1.6940298507462899,1.080669710806695,3.7229885057471175,170.98,178.2,162.38,189.72,166.82,207.91,-0.025865998176846094,0.015268915223336288,-0.07486326344576122,0.08090246125797629,-0.049567000911577175,0.18453737465815845
2025-12-29,DHI,"D.R. HORTON, INC.",Consumer Discretionary,145.96,163.35,0.1191,0.3201,0.31653769,0.011253983688324753,36.0,1,Buy,-2.9496644295302183,-1.4432900432900468,1.6894282188399832,137.17,148.94,129.29,157.51,121.65,187.03,-0.0602219786242808,0.02041655248013141,-0.11420937243080309,0.07913126884077815,-0.1665524801315429,0.28137845985201415
2025-12-29,DHR,DANAHER ,Health Care,230.63,233.18,0.0111,0.2253,0.20103477,0.12070165772816321,-27.0,1,Sell,1.0000000000000049,1.4561781609195423,-1.4848347668628328,224.74,236.52,216.71,250.9,197.83,252.72,-0.025538741707496815,0.025538741707496815,-0.06035641503707234,0.0878896934483806,-0.14221913888045778,0.0957811212765034
2025-12-29,DHT,"DHT HOLDINGS, INC.",MR Discretion,12.3,13.4,0.0894,0.357,0.15288739,1.3350519621009944,49.0,1,Buy,-5.000000000000051,-1.2340425531914903,2.844444444444442,11.6,12.44,11.14,13.24,11.4,14.86,-0.056910569105691144,0.011382113821138073,-0.09430894308943094,0.07642276422764227,-0.07317073170731714,0.2081300813008129
2025-12-29,DIA,SPDR DOW JONES INDUS AVG,Sector & Style ETFs,484.59,491.64,0.0145,0.108,0.0920404,0.17339776880587232,-10.0,1,Neutral,1.8366111951588688,1.2533864541832678,-1.4063593004769468,477.98,496.73,459.49,516.05,440.36,516.04,-0.013640397036670082,0.02505210590396012,-0.05179636393652354,0.0649208609339853,-0.09127303493675054,0.0649002249324171
2025-12-29,DIS,THE WALT DISNEY COMPANY,Communication Services,114.19,111.79,-0.021,0.2057,0.18552537,0.10874324088398257,-40.0,1,Sell,1.8333333333333273,1.1530286928799163,-1.3496304718590102,112.21,117.82,104.78,125.04,90.45,131.78,-0.01733952184954901,0.031789123390839835,-0.08240651545669497,0.0950170768018217,-0.2078991155092389,0.15404150976442765
2025-12-29,DJI,DOW JONES INDUSTRIAL AVERAGE INDEX,Indices,48461.9296875,48866.44,0.0083,0.0,0.09423108,,-34.0,,,2.871053657732001,1.4858731378647956,-1.5501459011446337,48154.99,49343.17,47246.57,50267.8,44395.85,51084.96,-0.006333624960443429,0.01818417710938358,-0.025078648236607104,0.03726368974873484,-0.08390255430849636,0.05412558537008838
2025-12-29,DLR,"DIGITAL REALTY TRUST, INC.",Real Estate,155.65,165.68,0.0644,0.2742,0.23764138,0.15383945338139338,-18.0,2,Neutral,-2.3833333333333444,-1.7006726457399144,1.6712839637719759,145.64,159.85,140.48,164.57,136.88,187.02,-0.06431095406360432,0.026983617089624046,-0.0974622550594283,0.05730806296177304,-0.12059106970767752,0.20154192097654988
2025-12-29,DLTR,"DOLLAR TREE, INC.",Consumer Staples,123.93,116.35,-0.0612,0.3056,0.39383067,-0.22403199324217182,-39.0,3,Sell,-1.2768729641693846,2.1331018518518525,-2.356643356643358,116.09,130.07,115.29,142.36,83.49,141.09,-0.06326151859920925,0.0495440974743806,-0.06971677559912859,0.14871298313564107,-0.3263132413459212,0.1384652626482692
2025-12-29,DOC,"HEALTHDOC PROPERTIES, INC.",Real Estate,16.06,17.61,0.0965,0.2733,0.20535263,0.33088142090023376,27.0,1,Buy,-5.214285714285683,-1.5529411764705838,3.722772277227732,15.33,16.2,14.74,16.91,15.05,19.82,-0.045454545454545414,0.008717310087173136,-0.08219178082191769,0.052926525529265245,-0.06288916562889157,0.23412204234122047
2025-12-29,DOV,DOVER ,Industrials,199.03,198.15,-0.0044,0.1836,0.19687565,-0.06743165038439236,-57.0,4,Sell,3.0375000000000103,1.925233644859811,-1.913244353182753,195.83,208.75,187.26,221.69,161.76,218.51,-0.01607797819424206,0.048836858765010316,-0.059136813545696665,0.11385218308797662,-0.18725820228106316,0.09787469225744849
2025-12-29,DOW,DOW INC.,Materials,23.35,21.67,-0.0719,0.4826,0.32372884,0.49075380494366816,-6.0,1,Neutral,-1.6024096385542224,1.114678899082569,-2.0534351145038197,22.02,24.18,21.17,25.78,17.97,25.97,-0.056959314775160697,0.03554603854389704,-0.09336188436830828,0.10406852248393994,-0.23040685224839408,0.11220556745182009
2025-12-29,DPZ,"DOMINO'S PIZZA, INC.",Consumer Discretionary,421.25,442.99,0.0516,0.2264,0.20405092,0.10952697493351171,-5.0,1,Neutral,2.304400977995111,1.321879077859938,1.0173748819641173,413.07,440.1,398.26,451.64,368.3,475.12,-0.01941839762611275,0.04474777448071232,-0.054575667655786364,0.07214243323442138,-0.12569732937685463,0.12788130563798217
2025-12-29,DRI,"DARDEN RESTAURANTS, INC.",Consumer Discretionary,186.91,192.44,0.0296,0.2504,0.23640317,0.05920745479005207,-36.0,1,Sell,5.944785276073635,1.487922705314011,-1.3181611288120167,185.28,196.6,176.56,202.31,157.95,208.88,-0.008720774704403134,0.05184313305869126,-0.055374244288695085,0.08239259536675414,-0.15494088063774014,0.11754320261088225
2025-12-29,DTE,DTE ENERGY COMPANY,Utilities,129.64,138.46,0.068,0.1592,0.14726781,0.08102374850281269,12.0,1,Neutral,-3.323529411764659,-1.7614379084967287,3.1418563922942364,126.25,130.66,118.86,135.76,123.93,147.58,-0.026149336624498476,0.007867941993211947,-0.0831533477321813,0.0472076519592719,-0.044045047824745276,0.1383832150570814
2025-12-29,DUK,DUKE ENERGY ,Utilities,117.52,127.29,0.0831,0.0902,0.16352331,-0.448396684240308,21.0,4,Neutral,-1.336996336996332,-1.1566579634464735,3.531317494600437,113.87,120.25,108.66,125.18,112.89,133.87,-0.031058543226684776,0.023230088495575174,-0.07539142273655552,0.06518039482641269,-0.03939754935330153,0.13912525527569786
2025-12-29,DVA,DAVITA INC.,Health Care,113.5,127.02,0.1191,0.2579,0.15342712,0.6809283782423865,-11.0,1,Neutral,1.1594202898550716,-1.3673805601317968,2.838372093023257,109.36,118.3,105.2,119.57,104.9,137.91,-0.03647577092511012,0.04229074889867834,-0.0731277533039647,0.05348017621145362,-0.07577092511013206,0.2150660792951542
2025-12-29,DVN,DEVON ENERGY ,Energy,36.18,35.28,-0.0249,0.3657,0.34260363,0.0674142594461129,15.0,2,Neutral,-1.6571428571428635,1.20183486238532,-1.7306733167082307,34.44,37.23,32.91,40.11,29.24,40.19,-0.04809286898839138,0.029021558872305064,-0.09038142620232181,0.10862354892205639,-0.1918186843559978,0.11083471531232725
2025-12-29,DXCM,"DEXCOM, INC.",Health Care,67.47,59.69,-0.1153,0.4474,0.19635179,1.2785633887014733,-46.0,1,Sell,1.4205128205128164,-1.0162721893491113,-2.5865724381625457,65.52,70.24,60.6,74.23,45.51,75.96,-0.028901734104046284,0.04105528382985035,-0.10182303245887059,0.10019267822736033,-0.3254779902178746,0.12583370386838588
2025-12-29,EA,ELECTRONIC ARTS INC.,Communication Services,204.27,211.24,0.0341,0.098,0.02768514,2.539805108444458,-21.0,1,Neutral,1.1106382978723235,1.36660617059891,1.1508504923903302,201.92,206.88,193.25,219.33,181.93,229.98,-0.011504381455916257,0.012777206638272753,-0.053948205806041094,0.07372595094727563,-0.10936505605326285,0.12586282860919362
2025-12-29,EBAY,EBAY INC.,Consumer Discretionary,87.74,94.88,0.0814,0.3131,0.21624255,0.4479111534709519,2.0,1,Neutral,-4.452173913043448,-1.4556213017751451,1.1768240343347656,82.62,88.89,77.9,94.5,76.09,101.45,-0.05835422840209703,0.013106906770002258,-0.11214953271028028,0.07704581718714398,-0.13277866423524043,0.15625712331889674
2025-12-29,EC,ECOPETROL SA,MR Discretion,9.84,9.91,0.0071,0.3703,0.21794112,0.6990827614357493,6.0,1,Neutral,-10.333333333333234,-1.0215053763440856,-1.0595238095238093,9.22,9.9,8.89,10.77,8.06,11.52,-0.06300813008130068,0.0060975609756097615,-0.09654471544715437,0.09451219512195119,-0.18089430894308933,0.1707317073170731
2025-12-29,ECH,ISHARES:MSCI CHILE,Foreign,40.15,41.05,0.0224,0.2599,0.15628453,0.6629924919632162,-17.0,1,Neutral,1.2929292929292915,1.8403361344537892,-2.150537634408603,39.16,41.43,38.96,42.34,34.15,42.94,-0.024657534246575352,0.03188044831880443,-0.02963885429638846,0.054545454545454675,-0.14943960149439606,0.06948941469489411
2025-12-29,ECL,ECOLAB INC.,Materials,265.52,282.28,0.0631,0.1639,0.17439734,-0.060192087792164894,-17.0,3,Neutral,-1.077760497667185,1.089831281349752,1.226610429447854,258.59,271.95,243.59,289.42,239.44,297.51,-0.026099728833986147,0.024216631515516784,-0.08259264838806857,0.09001205182283845,-0.09822235613136476,0.1204805664356734
2025-12-29,ED,"CONSOLIDATED EDISON, INC.",Utilities,99.54,103.47,0.0395,0.1384,0.17246065,-0.1974980959424657,-32.0,3,Sell,1.1122807017543783,-1.2112211221122142,1.1144230769230752,96.69,102.71,92.2,105.6,89.14,111.13,-0.028631705846895783,0.031846493871810155,-0.07373920032147885,0.06088004822182036,-0.10448061080972482,0.11643560377737572
2025-12-29,EDEN,ISHARES:MSCI DENMARK,Foreign,115.1061,115.08,-0.0002,0.0,0.17481008,,-44.0,,Sell,1.906553657805745,-1.1348923214852726,-1.8939662978162954,112.77,119.56,109.03,120.46,99.0,123.61,-0.020295188526064267,0.038693865920224946,-0.05278695047438842,0.04651273911634557,-0.1399239484267124,0.07387879530276842
2025-12-29,EDV,VANGUARD EXT DUR T;ETF,Bonds,65.99,67.44,0.022,0.0905,0.11245501,-0.19523372057856736,-17.0,3,Neutral,-1.9270833333333115,-1.2887139107611532,1.5492957746478901,64.14,66.95,61.08,69.8,61.73,72.59,-0.02803455068949834,0.014547658736172364,-0.07440521291104707,0.05773602060918326,-0.06455523564176391,0.10001515381118375
2025-12-29,EFNL,ISHARES:MSCI FINLAND,Foreign,47.64,48.97,0.0279,0.0,0.11313762,,3.0,,Neutral,1.7681159420289896,1.7849462365591404,-1.548022598870058,46.95,48.86,45.78,50.96,42.16,51.18,-0.01448362720403018,0.025608732157850422,-0.03904282115869018,0.06968933669185562,-0.11502938706968946,0.0743073047858942
2025-12-29,EFX,EQUIFAX INC.,Industrials,222.13,214.88,-0.0326,0.279,0.17033347,0.6379634607338185,-19.0,1,Neutral,1.432727272727272,-1.0683526999316473,-2.2456436200112426,216.63,230.01,206.5,236.76,182.18,239.92,-0.02476027551433846,0.035474722009634085,-0.07036420114347453,0.06586233286814025,-0.17984963759960382,0.08008823661819653
2025-12-29,EG,"EVEREST GROUP, LTD.",Financials,340.03,326.46,-0.0399,0.159,0.14125137,0.12565279897816217,-26.0,1,Sell,1.4147557328016045,-1.748379254457049,-5.702150537634399,330.0,354.22,296.88,364.71,287.0,349.33,-0.029497397288474447,0.0417316119165958,-0.12690056759697665,0.07258183101491045,-0.15595682733876415,0.027350527894597576
2025-12-29,EIDO,ISHARES:MSCI INDONESIA,Foreign,18.67,18.54,-0.007,0.3191,0.10734342,1.9727020063269833,-9.0,1,Neutral,-3.9166666666667704,1.1585365853658525,-1.1352657004830942,18.2,18.79,17.85,19.62,16.32,20.74,-0.02517407605784694,0.006427423674343791,-0.043920728441349755,0.050883770755222324,-0.12587038028923414,0.11087305838243156
2025-12-29,EIRL,ISHARES:MSCI IRELAND,Foreign,73.54,75.82,0.031,0.0,0.11180416,,-9.0,,Neutral,3.4285714285713924,1.7863247863247806,-1.3226299694189627,72.98,75.46,71.2,77.72,64.89,80.08,-0.007614903453902699,0.026108240413380335,-0.0318194180038075,0.05683981506663027,-0.11762306227903185,0.08893119390807702
2025-12-29,EIS,ISHARES:MSCI ISRAEL,Foreign,110.12,118.19,0.0733,0.0,0.17158756,,-21.0,,Neutral,2.7960526315789287,2.1933534743202374,-1.0047169811320757,108.6,114.37,106.81,117.38,97.34,122.84,-0.013803123864874811,0.038594260806392944,-0.03005811841627315,0.06592807845986193,-0.11605521249545947,0.11551035234289864
2025-12-29,EIX,EDISON INTERNATIONAL,Utilities,60.1,59.36,-0.0123,0.394,0.21103571,0.8669826068772912,-13.0,2,Neutral,1.4545454545454537,-1.1394736842105266,-1.2912371134020626,58.67,62.18,55.77,63.9,45.07,71.74,-0.02379367720465886,0.03460898502495846,-0.07204658901830285,0.06322795341098164,-0.25008319467554074,0.1936772046589017
2025-12-29,EL,THE ESTEE LAUDER COMPANIES INC.,Consumer Staples,106.7,98.22,-0.0795,0.2749,0.33353928,-0.17580921803273075,-61.0,3,Sell,3.0569948186528344,2.0445205479452038,-3.2743538767395615,104.77,112.6,97.94,124.61,73.76,116.76,-0.018088097469540876,0.05529522024367384,-0.08209934395501406,0.16785379568884728,-0.3087160262417994,0.09428303655107784
2025-12-29,ELV,"ELEVANCE HEALTH, INC.",Health Care,348.38,335.24,-0.0377,0.2901,0.28902716,0.003711900293384307,-20.0,1,Neutral,1.057234726688102,1.0005524861878463,-1.7689297593425932,332.83,364.82,312.18,384.6,257.97,399.49,-0.04463516849417304,0.047189850163614544,-0.103909524082898,0.10396693265973944,-0.2595154716114587,0.1467076181181468
2025-12-29,EME,"EMCOR GROUP, INC.",Industrials,623.26,739.07,0.1858,0.285,0.28429656,0.0024743176632175956,-16.0,1,Neutral,1.1417995444191353,1.3646591661151546,2.0089086859688194,605.7,643.31,577.93,685.12,511.01,848.76,-0.028174437634373994,0.03216956005519367,-0.07273048166094409,0.09925231845457749,-0.1801014023040144,0.3618072714436993
2025-12-29,EMR,EMERSON ELECTRIC CO.,Industrials,135.22,143.1,0.0583,0.2052,0.20789256,-0.01295169004605079,-32.0,3,Sell,1.399463806970513,1.091185410334347,1.2380473074987413,131.49,140.44,125.35,145.99,115.35,159.82,-0.027584676822955068,0.03860375684070405,-0.07299216092294047,0.0796479810678894,-0.1469457180890401,0.18192575062860517
2025-12-29,ENZL,ISHARES:MSCI NEW ZLND,Foreign,45.41,46.22,0.0178,0.4485,0.10694656,3.1936832750861743,-13.0,1,Neutral,1.4190476190476249,1.2031250000000044,-1.2792207792207761,44.36,46.9,42.85,48.49,41.47,48.49,-0.02312266020700282,0.032812155912794516,-0.05637524774278779,0.06782646994054176,-0.08676502972913447,0.06782646994054176
2025-12-29,EOG,"EOG RESOURCES, INC.",Energy,104.64,109.34,0.0449,0.2649,0.27129534,-0.02357334998824523,27.0,4,Buy,-4.167999999999995,-1.3810975609756095,1.4343525179856111,99.43,105.89,95.58,111.2,93.52,120.59,-0.04978975535168195,0.011945718654434279,-0.0865825688073395,0.06269113149847105,-0.1062691131498471,0.15242737003058116
2025-12-29,EPAM,"EPAM SYSTEMS, INC.",Information Technology,211.64,194.67,-0.0802,0.3468,0.22475128,0.5430390429812013,-34.0,1,Sell,-1.131081081081077,2.3024054982817908,-3.287858117326055,203.27,219.04,200.0,238.44,139.34,233.63,-0.039548289548289484,0.034965034965035,-0.054999054999054886,0.12663012663012663,-0.3416178416178416,0.10390285390285392
2025-12-29,EPHE,ISHARES:MSCI PHILIPPINES,Foreign,25.09,25.33,0.0096,0.0,0.15525269,,-18.0,,Neutral,-1.4117647058823548,-1.4257425742574248,-1.5140186915887839,24.61,25.43,23.65,26.1,21.85,27.23,-0.01913112793941807,0.013551215623754498,-0.05739338381825432,0.0402550817058589,-0.1291351135910721,0.08529294539657228
2025-12-29,EPOL,ISHARES:MSCI POLAND,Foreign,34.96,36.86,0.0543,0.5054,0.21103571,1.3948553541009718,-5.0,1,Neutral,2.209677419354844,1.664634146341461,1.0536723163841801,34.34,36.33,33.32,37.69,31.42,38.69,-0.017734553775743622,0.03918764302059485,-0.046910755148741434,0.07808924485125845,-0.10125858123569786,0.10669336384439343
2025-12-29,EPU,ISHARES:MSCI PERU,Foreign,71.95,76.07,0.0573,0.0,0.18231872,,-65.0,,Sell,,2.107246376811591,-1.5644820295983102,72.02,75.42,68.5,79.22,57.15,81.41,0.0009728978457261839,0.04822793606671305,-0.04794996525364836,0.10104239054899233,-0.20569840166782494,0.13148019457956894
2025-12-29,EQIX,"EQUINIX, INC.",Real Estate,765.0,761.97,-0.004,0.2253,0.19625654,0.14798722121565988,-41.0,1,Sell,-1.0918052988293288,1.0208048595292332,1.1011267872360566,747.28,781.23,699.15,832.22,659.39,881.29,-0.023163398692810477,0.02121568627450987,-0.086078431372549,0.08786928104575176,-0.1380522875816994,0.15201307189542468
2025-12-29,EQR,EQUITY RESIDENTIAL,Real Estate,63.28,63.23,-0.0008,0.3427,0.13212353,1.593784770963961,-19.0,1,Neutral,-2.0176991150442567,-1.6024464831804306,-2.4792332268370636,61.0,64.41,58.04,66.55,55.52,66.41,-0.03603034134007588,0.017857142857142794,-0.08280657395701652,0.05167509481668775,-0.12262958280657388,0.04946270543615672
2025-12-29,EQT,EQT ,Energy,54.54,63.47,0.1637,0.3267,0.32849119,-0.00545277941852873,-46.0,3,Sell,-8.200000000000031,-1.098468271334791,2.6513470681457987,51.26,54.94,49.52,59.11,48.23,71.27,-0.06013934726806014,0.00733406674000725,-0.09204253758709202,0.08379171250458373,-0.11569490282361572,0.3067473414008066
2025-12-29,ERIE,ERIE INDEMNITY COMPANY,Financials,287.43,304.95,0.061,0.2761,0.25867511,0.06736206664800504,-21.0,1,Neutral,-2.323333333333336,-1.5524296675191818,1.206608024029178,266.52,296.43,257.08,306.98,240.82,343.67,-0.07274814737501312,0.03131197161047905,-0.10559092648644897,0.06801656055387406,-0.16216122186271442,0.19566503148592695
2025-12-29,ES,EVERSOURCE ENERGY,Utilities,67.2,72.07,0.0725,0.1633,0.14626772,0.11644592532104836,44.0,1,Buy,-1.3618090452261382,-1.4363256784968714,1.2667493796526044,64.49,69.19,60.32,71.99,59.14,77.41,-0.04032738095238109,0.029613095238095077,-0.10238095238095246,0.07127976190476182,-0.11994047619047621,0.15193452380952377
2025-12-29,ES=F,E-MINI S&P 500 FUTURES,Futures,6953.75,7037.09,0.012,0.0,0.07745172,,-25.0,,,1.7679506575119233,1.2574383078730926,-1.4666216975829112,6867.82,7105.67,6741.0,7221.27,6301.47,7398.5,-0.01235736113607766,0.021847204745640836,-0.03059500269638682,0.038471328419917405,-0.09380262448319243,0.06395829588351609
2025-12-29,ESS,"ESSEX PROPERTY TRUST, INC.",Real Estate,262.99,266.2,0.0122,0.2317,0.16949212,0.3670252044755826,-19.0,2,Neutral,-1.845814977973582,-1.7572463768116005,-1.426118391323995,254.61,267.53,243.59,274.03,231.43,285.12,-0.03186432944218409,0.017263013802806038,-0.07376706338644057,0.041978782463211406,-0.12000456291113726,0.08414768622381086
2025-12-29,ETN,EATON  PUBLIC LIMITED COMPANY,Industrials,321.45,361.85,0.1257,0.284,0.30329835,-0.06362827229360135,10.0,3,Neutral,-1.2213188798554644,-1.3628019323671494,2.78023598820059,307.93,332.52,293.24,342.15,280.77,434.55,-0.04205941826100479,0.03443770415305636,-0.08775859387151963,0.06439570695286978,-0.1265515632291181,0.35184321045263656
2025-12-29,ETR,ENTERGY ,Utilities,93.13,106.5,0.1436,0.1728,0.1718098,0.005763349936965145,28.0,1,Buy,-2.6741573033707797,-1.1554621848739484,5.394039735099347,90.75,94.02,87.63,97.89,90.11,109.42,-0.025555674863094513,0.009556533877375761,-0.05905723182647915,0.05111134972618925,-0.032427789111993954,0.17491678299151725
2025-12-29,EVRG,"EVERGY, INC.",Utilities,73.05,80.22,0.0982,0.1288,0.13082182,-0.015454761292879149,-3.0,3,Neutral,-2.1126760563380045,-1.2105263157894706,5.624338624338628,71.55,73.76,68.22,77.04,71.16,83.68,-0.02053388090349073,0.009719370294319019,-0.0661190965092402,0.054620123203285464,-0.02587268993839842,0.14551676933607127
2025-12-29,EW,EDWARDS LIFESCIENCES ,Health Care,86.94,87.17,0.0026,0.2033,0.18082652,0.12428199138046803,-9.0,1,Neutral,-1.4404761904761856,1.989316239316243,-1.3339130434782611,84.52,88.62,82.26,96.25,71.6,98.44,-0.027835288704853967,0.019323671497584627,-0.053830227743271175,0.10708534621578103,-0.1764435242696113,0.13227513227513232
2025-12-29,EWA,ISHARES:MSCI AUSTRALIA,Foreign,26.48,26.44,-0.0015,0.1275,0.13847333,-0.07924507917878487,-88.0,3,Sell,1.5263157894736812,-1.2164179104477606,-1.6793478260869565,25.72,27.64,24.85,27.82,23.39,28.32,-0.028700906344410915,0.04380664652567967,-0.06155589123867067,0.05060422960725064,-0.1166918429003021,0.06948640483383683
2025-12-29,EWC,ISHARES:MSCI CANADA,Foreign,54.33,55.82,0.0274,0.0988,0.11969379,-0.17456035104243917,-32.0,3,Sell,2.606060606060618,1.372384937238494,-1.7201166180758014,53.67,56.05,51.94,57.61,48.43,57.76,-0.012147984538928736,0.03165838394993559,-0.043990428860666286,0.06037180195103997,-0.1085956193631511,0.06313270752806921
2025-12-29,EWD,ISHARES:MSCI SWEDEN,Foreign,49.32,50.26,0.0191,0.2327,0.13412372,0.7349652992028552,-31.0,1,Sell,1.4867256637168105,1.1428571428571428,-1.4986945169712806,48.19,51.0,46.31,52.76,43.58,53.15,-0.022911597729115996,0.03406326034063256,-0.061030008110300016,0.0697485806974858,-0.11638280616382812,0.07765612327656113
2025-12-29,EWG,ISHARES:MSCI GERMANY,Foreign,42.51,43.62,0.0261,0.1256,0.09470731,0.3261911884098492,-31.0,1,Sell,2.0909090909091055,-1.1266968325791828,-1.5154320987654302,42.07,43.43,40.02,44.72,37.6,45.75,-0.010350505763349727,0.021641966596095186,-0.05857445306986575,0.051987767584097844,-0.11550223476828969,0.07621736062103035
2025-12-29,EWH,ISHARES:MSCI HONG KONG,Foreign,21.46,23.35,0.0881,0.1465,0.18573174,-0.21122797858890474,31.0,4,Buy,1.8297872340425425,1.144067796610168,2.207650273224041,20.99,22.32,20.28,22.81,19.63,25.5,-0.021901211556384137,0.040074557315936676,-0.054986020503261845,0.06290773532152838,-0.08527493010251641,0.18825722273998124
2025-12-29,EWI,ISHARES:MSCI ITALY,Foreign,54.16,56.66,0.0462,0.1789,0.10373991,0.7245050627092311,-47.0,1,Sell,4.206896551724171,1.4702702702702781,1.0734341252699808,53.87,55.38,52.31,56.88,49.53,59.13,-0.005354505169867019,0.022525849335302883,-0.034158050221565595,0.050221565731167095,-0.08548744460856716,0.09176514032496308
2025-12-29,EWJ,ISHARES:MSCI JAPAN,Foreign,81.09,84.93,0.0474,0.1904,0.19322451,-0.014617762518843835,38.0,4,Buy,-1.2095238095238134,1.096322241681258,1.4408099688473517,77.28,84.24,75.38,87.35,74.67,90.34,-0.046984831668516525,0.03884572697003308,-0.07041558761869537,0.07719817486743108,-0.07917129115797261,0.11407078554692318
2025-12-29,EWK,ISHARES:MSCI BELGIUM,Foreign,24.22,25.14,0.038,0.2227,0.07521342,1.9609077741711518,-28.0,1,Sell,1.6800000000000068,1.4000000000000052,1.1396648044692759,23.97,24.64,23.12,25.76,22.43,26.26,-0.010322047894302244,0.017341040462427904,-0.045417010734929764,0.06358381502890187,-0.07390586292320389,0.08422791081750636
2025-12-29,EWL,ISHARES:MSCI SWITZERLAND,Foreign,60.35,60.63,0.0046,0.182,0.08789715,1.070601834075394,-36.0,1,Sell,2.246376811594183,1.3466666666666671,-2.3636363636363655,59.66,61.9,58.1,63.38,53.07,63.43,-0.011433305716652908,0.025683512841756295,-0.03728251864125931,0.05020712510356251,-0.12062966031483013,0.05103562551781282
2025-12-29,EWM,ISHARES:MSCI MALAYSIA,Foreign,27.53,28.17,0.0232,0.1177,0.11437583,0.029063570511357106,-14.0,2,Neutral,2.0952380952380842,1.2528735632183892,-1.3990147783251248,27.11,28.41,26.66,28.62,24.69,29.56,-0.015256084271703663,0.031965128950236066,-0.03160188884852888,0.03959317108608795,-0.1031601888848529,0.07373774064656735
2025-12-29,EWN,ISHARES:MSCI NETHERLANDS,Foreign,57.0,60.53,0.0619,0.2086,0.18546188,0.12475943843554282,51.0,1,Buy,-1.311557788944722,-1.2473118279569886,1.4189435336976326,54.39,58.99,53.52,59.79,51.51,64.79,-0.04578947368421049,0.03491228070175434,-0.06105263157894736,0.04894736842105263,-0.09631578947368424,0.13666666666666671
2025-12-29,EWO,ISHARES:MSCI AUSTRIA,Foreign,35.06,36.52,0.0416,0.0,0.1073593,,-41.0,,Sell,4.5,1.4101123595505598,-1.6478405315614633,34.84,36.05,33.28,37.57,30.1,38.07,-0.006274957216200749,0.028237307472903428,-0.05077010838562468,0.07159155733029077,-0.14147176269252715,0.08585282373074721
2025-12-29,EWP,ISHARES:MSCI SPAIN,Foreign,53.8,56.78,0.0554,0.107,0.11304237,-0.0534522586531051,-41.0,3,Sell,1.8769230769230902,1.6842105263157972,-1.0662878787878778,53.15,55.02,52.09,56.68,48.17,59.08,-0.012081784386617112,0.022676579925650753,-0.03178438661710026,0.05353159851301115,-0.10464684014869885,0.09814126394052036
2025-12-29,EWQ,ISHARES:MSCI FRANCE,Foreign,44.99,45.61,0.0138,0.2835,0.08246807,2.4376941281637845,-14.0,1,Neutral,1.4374999999999833,-1.0606060606060614,-1.2739273927392734,44.51,45.68,43.24,46.64,41.13,48.02,-0.010669037563903139,0.015336741498110706,-0.03889753278506336,0.03667481662591676,-0.08579684374305396,0.06734829962213817
2025-12-29,EWS,ISHARES:MSCI SINGAPORE,Foreign,27.7,29.13,0.0516,0.13,0.14876001,-0.12610922787649714,16.0,4,Neutral,-1.5135135135135107,-1.5511811023622044,1.5953488372093032,26.58,28.44,25.73,28.97,25.55,31.13,-0.04043321299638991,0.02671480144404348,-0.07111913357400723,0.04584837545126352,-0.07761732851985559,0.12382671480144403
2025-12-29,EWT,ISHARES:MSCI TAIWAN,Foreign,63.33,65.64,0.0365,2.006,0.24438805,7.2082573186373065,35.0,2,Buy,-1.726829268292685,-1.3971014492753613,1.1931942919868281,59.79,65.38,58.51,66.78,54.22,74.2,-0.05589767882520136,0.03237012474340761,-0.07610926890888992,0.05447655139744212,-0.14384967629875256,0.17164061266382458
2025-12-29,EWU,ISHARES:MSCI UK,Foreign,44.02,44.68,0.015,0.1329,0.13009159,0.021587944309082507,-10.0,1,Neutral,1.3521126760563276,-1.0598290598290632,-1.625498007968131,43.31,44.98,41.54,46.36,39.94,46.53,-0.016129032258064502,0.021808268968650513,-0.05633802816901412,0.05315765561108576,-0.09268514311676523,0.05701953657428427
2025-12-29,EWW,ISHARES:MSCI MEXICO,Foreign,70.51,71.19,0.0096,0.1407,0.19851072,-0.29122215666740825,-15.0,4,Neutral,1.7463414634146237,1.2004132231404925,-1.6644067796610207,68.46,74.09,65.67,76.32,60.69,76.41,-0.02907389022833662,0.05077294000850929,-0.06864274570982842,0.08239965962274831,-0.13927102538647007,0.08367607431569968
2025-12-29,EWY,ISHARES:MSCI S KOREA,Foreign,98.72,101.62,0.0294,0.321,0.26467567,0.21280509084949162,40.0,1,Buy,-5.496240601503768,-1.1898734177215189,-1.1376543209876537,91.41,100.05,89.32,106.62,80.29,114.92,-0.07404781199351707,0.01347244732576991,-0.09521880064829824,0.08002431118314424,-0.186689627228525,0.16410048622366302
2025-12-29,EWZ,ISHARES:MSCI BRAZIL,Foreign,31.42,33.46,0.0649,0.2209,0.3420639,-0.35421422722479623,53.0,4,Buy,-1.5094339622641593,1.1576923076923062,1.5771604938271593,29.82,32.48,28.82,34.43,28.18,36.53,-0.05092297899427123,0.03373647358370446,-0.0827498408656907,0.09579885423297263,-0.10311903246339915,0.1626352641629536
2025-12-29,EXC,EXELON ,Utilities,43.63,48.03,0.1008,0.1618,0.16888889,-0.04197369051333111,3.0,3,Neutral,-1.5571428571428716,1.0294117647058807,4.83950617283949,42.54,44.33,40.23,47.13,42.01,51.47,-0.024982809993124078,0.016044006417602397,-0.07792803117121261,0.08022003208801287,-0.03713041485216606,0.17969287187714866
2025-12-29,EXE,EXPAND ENERGY ,Energy,111.78,125.82,0.1256,0.2844,0.35419202,-0.19704571548506378,-0.0,4,Neutral,-12.93650793650804,1.0137457044673537,1.8234189104571075,103.63,112.41,100.14,123.58,95.81,140.9,-0.07291107532653429,0.005636070853462183,-0.10413311862587227,0.10556450169976728,-0.14286992306315982,0.2605117194489175
2025-12-29,EXPD,EXPEDITORS INTERNATIONAL OF WASHINGTON,Industrials,151.06,154.88,0.0253,0.1749,0.16826978,0.039402321676536234,-27.0,1,Sell,3.9237288135592956,2.0866845397676497,-1.7442563482466762,149.88,155.69,139.87,174.41,122.21,167.6,-0.0078114656427910045,0.030650072818747542,-0.0740765258837548,0.1545743413213292,-0.1909837150801007,0.10949291672183237
2025-12-29,EXPE,"EXPEDIA GROUP, INC.",Consumer Discretionary,286.82,296.81,0.0348,0.2727,0.27489885,-0.007998760271277883,-37.0,3,Sell,7.631840796019951,2.125514403292181,-1.7704244637151985,284.81,302.16,267.38,328.14,209.24,330.64,-0.007007879506310544,0.05348302070985289,-0.06777770029983965,0.14406247820932983,-0.27048322990028584,0.15277874625200472
2025-12-29,EXR,EXTRA SPACE STORAGE INC.,Real Estate,130.74,132.93,0.0168,0.1928,0.18600161,0.03655016749586193,-20.0,1,Neutral,-1.654605263157904,-1.1517311608961314,-1.142857142857144,125.71,133.78,119.43,140.56,114.74,144.74,-0.038473305797766644,0.02325225638672168,-0.08650757228086281,0.07511090714394975,-0.12238029677221973,0.10708275967569225
2025-12-29,F,FORD MOTOR COMPANY,Consumer Discretionary,13.28,14.29,0.0761,0.1924,0.18525551,0.03856560055892522,25.0,1,Neutral,1.888888888888891,1.67543859649123,1.2873563218390804,13.01,13.79,12.14,15.19,11.54,15.52,-0.02033132530120474,0.03840361445783125,-0.08584337349397586,0.1438253012048194,-0.13102409638554224,0.16867469879518082
2025-12-29,FANG,"DIAMONDBACK ENERGY, INC.",Energy,148.57,153.08,0.0304,0.8081,0.29634531,1.7268864150406165,18.0,2,Neutral,-11.261538461538352,1.1564147627416521,1.043603455368162,141.25,149.22,137.19,161.73,124.26,173.94,-0.04926970451638957,0.00437504206771222,-0.07659689035471495,0.08857777478629592,-0.1636265733324358,0.17076125731978187
2025-12-29,FAST,FASTENAL COMPANY,Industrials,41.29,44.7,0.0826,0.5022,0.17550856,1.861398897011063,-26.0,1,Sell,2.219178082191787,-1.146579804560259,1.4227642276422758,40.56,42.91,37.77,44.36,36.37,48.29,-0.01767982562363757,0.03923468152094922,-0.0852506660208282,0.07435214337612006,-0.11915718091547589,0.1695325744732381
2025-12-29,FCX,FREEPORT-MCMORAN INC.,Materials,51.48,48.33,-0.0612,0.3781,0.28372508,0.332628049659903,-43.0,1,Sell,17.600000000000023,2.67469879518073,-3.498947368421052,51.23,55.88,48.99,58.14,34.86,56.23,-0.004856254856254849,0.08547008547008561,-0.04836829836829826,0.12937062937062938,-0.32284382284382285,0.09226884226884224
2025-12-29,FDS,FACTSET RESEARCH SYSTEMS INC.,Financials,293.43,279.08,-0.0489,0.2731,0.37516224,-0.2720482743679108,-68.0,4,Sell,-1.8004291845493607,-1.0349761526232135,-2.482699554642001,276.65,302.75,267.39,318.59,220.96,322.62,-0.05718570016699054,0.03176226016426398,-0.0887434822615275,0.0857444705721977,-0.24697542855195442,0.09947858092219608
2025-12-29,FDX,FEDEX ,Industrials,292.89,290.99,-0.0065,0.214,0.16987311,0.2597638319566882,-40.0,1,Sell,2.435114503816788,2.545357524012808,-2.370472440944878,287.65,305.65,283.52,316.74,232.68,318.29,-0.01789067568028957,0.04356584383215534,-0.03199153265731158,0.08142988835398968,-0.20557205776912824,0.08672197753422806
2025-12-29,FE,FIRSTENERGY CORP.,Utilities,44.89,47.94,0.0679,0.1849,0.14614072,0.2652188931325916,30.0,1,Buy,-1.5675675675675684,1.024561403508772,2.5624999999999987,43.73,45.63,42.04,47.81,42.65,50.63,-0.025840944531075993,0.016484740476720994,-0.06348852751169531,0.0650478948540878,-0.049899754956560516,0.12786812207618636
2025-12-29,FFIV,"F5, INC.",Information Technology,259.43,276.04,0.064,0.2509,0.21038485,0.19257636659673927,-40.0,1,Sell,3.4061810154525394,-1.1552302531259522,-1.117706440541087,254.9,274.86,221.55,292.22,204.07,308.96,-0.017461357591643245,0.05947654473268327,-0.14601241182592606,0.12639247581235802,-0.21339089542458467,0.19091855221061538
2025-12-29,FICO,FAIR ISAAC ,Information Technology,1771.69,2002.54,0.1303,0.339,0.23880022,0.41959668211360945,2.0,1,Neutral,-4.245472837022148,1.1382099209202003,1.5528776296670663,1666.19,1796.54,1660.41,1898.35,1455.11,2263.3,-0.05954766353030161,0.014026155817326913,-0.06281008528580057,0.07149106220614199,-0.1786881452172785,0.277480823394612
2025-12-29,FIS,FIDELITY NATIONAL INFORMATION SERVICES,Financials,67.45,67.7,0.0037,0.1951,0.15253815,0.2790242965448315,-36.0,1,Sell,-1.0500000000000056,-1.3240093240093265,-1.5861561119293102,65.98,68.85,61.77,71.74,56.68,74.24,-0.02179392142327652,0.02075611564121549,-0.08421052631578951,0.06360266864343944,-0.1596738324684952,0.10066716085989613
2025-12-29,FISV,"FISERV, INC.",Financials,67.28,61.32,-0.0886,0.2941,0.25843699,0.13799499057778064,-43.0,1,Sell,1.9055118110236293,-1.1546341463414636,-1.351289398280802,66.01,69.7,43.61,87.78,43.7,84.73,-0.018876337693222278,0.0359690844233056,-0.3518133174791914,0.30469678953626644,-0.3504756242568371,0.2593638525564803
2025-12-29,FITB,FIFTH THIRD BANCORP,Financials,47.82,47.9,0.0017,0.2507,0.22221136,0.1282051466675691,-50.0,1,Sell,5.444444444444416,1.5880681818181794,-2.3262910798122087,47.37,50.27,44.3,53.41,37.91,52.08,-0.00941028858218329,0.05123379339188627,-0.07360936846507748,0.11689669594311991,-0.20723546633207868,0.08908406524466739
2025-12-29,FIX,"COMFORT SYSTEMS USA, INC.",Industrials,950.67,1252.18,0.3172,0.4544,0.49914215,-0.0896380920745723,-17.0,3,Neutral,1.0426318863149708,1.5172451549326635,2.3199976638243216,899.3,1004.23,859.34,1089.24,779.45,1347.9,-0.0540355749103264,0.05633921339686743,-0.09606908811680182,0.14576035848401658,-0.18010455783815615,0.41784215342863473
2025-12-29,FOXA,FOX ,Communication Services,73.82,79.05,0.0708,0.1722,0.15658615,0.09971411903287741,-58.0,1,Sell,3.7731958762886753,2.3779904306220168,-1.748493975903613,72.85,77.48,69.64,83.76,62.21,80.46,-0.013140070441614693,0.04958005960444334,-0.05662422107829845,0.13465185586561934,-0.15727445136819285,0.0899485234353834
2025-12-29,FRO,FRONTLINE PLC,MR Discretion,22.13,23.97,0.0831,0.4407,0.26972376,0.6338938772023643,19.0,1,Neutral,-10.705882352941071,-1.548387096774192,2.312500000000001,20.31,22.3,19.73,23.68,19.25,28.79,-0.08224130140081343,0.007681879801174851,-0.10845006778129229,0.07004066877541804,-0.13014008133755084,0.3009489380930863
2025-12-29,FRT,FEDERAL REALTY INVESTMENT TRUST,Real Estate,102.07,98.25,-0.0374,0.2492,0.13980679,0.7824599220109412,-2.0,1,Neutral,1.5933014354067128,-1.122834645669289,-3.8791946308724694,99.98,105.4,94.94,108.42,84.73,106.54,-0.020476143822866555,0.032624669344567536,-0.0698540217497795,0.06221220730870969,-0.16988341334378354,0.04379347506613129
2025-12-29,FSLR,"FIRST SOLAR, INC.",Information Technology,268.25,311.08,0.1597,0.4608,0.48099759,-0.04199104199253889,26.0,4,Buy,2.6192052980132465,2.028531983433042,1.7424630541871922,259.19,291.98,246.52,312.33,217.5,356.68,-0.03377446411929175,0.08846225535880725,-0.08100652376514439,0.1643243243243242,-0.18918918918918914,0.32965517241379305
2025-12-29,FTI,TECHNIPFMC PLC,MR Discretion,44.69,49.48,0.1072,0.2912,0.26805694,0.08633635823791752,54.0,2,Buy,-1.1021505376344074,1.7607973421926937,1.4772344013490735,42.64,46.55,41.68,49.99,38.76,53.45,-0.04587155963302747,0.04162004922801521,-0.067352875363616,0.1185947639292908,-0.13269187737748933,0.1960170060416202
2025-12-29,FTNT,"FORTINET, INC.",Information Technology,80.82,88.02,0.0891,0.259,0.27701016,-0.06501624344753276,-74.0,3,Sell,-1.2039999999999964,1.1213114754098377,1.5850234009360389,77.81,83.32,74.72,87.66,68.0,101.14,-0.037243256619648446,0.03093293739173464,-0.07547636723583262,0.08463251670378624,-0.15862410294481555,0.25142291512002
2025-12-29,FTV,FORTIVE ,Industrials,56.15,55.33,-0.0146,0.3983,0.14796629,1.6918293349113505,-53.0,1,Sell,-1.0155038759689892,2.0077220077220117,-2.7613636363636336,54.84,57.44,53.56,61.35,46.43,59.67,-0.023330365093499505,0.022974176313446115,-0.046126447016918926,0.09260908281389146,-0.1731077471059661,0.06268922528940335
2025-12-29,FVX,5 YR TSY YLD NDX,Yields,3.67700004577636,3.66,-0.0046,0.0,0.14795041,,-69.0,,,4.185176394129554,1.8571411585776303,-1.1921924935453256,3.65,3.79,3.6,3.82,3.28,4.01,-0.007342954974225324,0.030731561821284004,-0.020940996686907076,0.03889038684889301,-0.107968463648071,0.09056294535708398
2025-12-29,FXA,INVESCO:AU DOLLAR,Currencies,66.2999,65.81,-0.0074,0.1372,0.05529091,1.4814205445343545,-46.0,1,Sell,1.6023063577916212,1.1288182583296265,-2.487754214772218,65.32,67.87,64.28,68.58,61.15,68.37,-0.014779811130936849,0.023681785342059447,-0.03046610930031557,0.03439070043846226,-0.07767583359854235,0.031223274846568616
2025-12-29,FXB,INVESCO:GBP STERLING,Currencies,129.98,129.69,-0.0022,0.0775,0.05441781,0.42416609562200325,-36.0,1,Sell,1.4736842105263395,1.0223577235772385,-1.980972515856227,129.41,130.82,125.06,135.01,120.61,134.71,-0.004385290044622181,0.006462532697337986,-0.03785197722726563,0.03869826127096476,-0.07208801354054462,0.036390213879058386
2025-12-29,FXC,INVESCO:CANADIAN DOLLAR,Currencies,71.37,71.32,-0.0007,0.3701,0.04333741,7.539965817061979,-36.0,1,Sell,1.8571428571428314,1.0563798219584561,-1.9444444444444497,70.74,72.54,68.0,74.93,66.47,73.89,-0.008827238335435195,0.016393442622950838,-0.04721871934986699,0.04988090233991871,-0.06865629816449492,0.03530895334174011
2025-12-29,FXE,INVESCO:EURO,Currencies,108.65,110.39,0.016,0.0398,0.03297135,0.207108595796047,-1.0,1,Neutral,1.557692307692289,-1.0469613259668553,-1.1020942408376966,107.61,110.27,104.86,112.27,100.23,116.29,-0.009572020248504454,0.01491026231017023,-0.03488265071329966,0.033317993557294034,-0.07749654855039123,0.07031753336401292
2025-12-29,FXY,INVESCO:JAPANESE YEN,Currencies,58.49,59.42,0.0159,0.0491,0.07981703,-0.384843059181731,20.0,4,Neutral,1.47368421052631,-1.5333333333333319,1.2094972067039083,57.54,59.89,56.42,59.84,54.91,62.82,-0.016242092665412988,0.023935715506924193,-0.03539066507095234,0.02308086852453406,-0.06120704393913501,0.07402974867498724
2025-12-29,GD,GENERAL DYNAMICS ,Industrials,340.48,365.94,0.0748,0.1747,0.1813345,-0.03658708078164952,-34.0,4,Sell,3.294429708222767,1.6223653395784492,1.9915367483296165,336.71,352.9,323.4,368.19,318.03,385.19,-0.011072603383458723,0.03647791353383445,-0.05016447368421062,0.0813851033834585,-0.0659363251879701,0.13131461466165417
2025-12-29,GDDY,GODADDY INC.,Information Technology,126.51,134.82,0.0657,0.2654,0.14601372,0.8176374110597278,-21.0,1,Neutral,-1.3654618473895632,-1.3338414634146365,1.5737298636926884,123.11,129.0,117.76,133.07,110.37,151.91,-0.026875345822464647,0.019682238558216714,-0.06916449292546045,0.05185360841040221,-0.12757884752193505,0.20077464232076503
2025-12-29,GDX,VANECK:GOLD MINERS,Commodities,85.85,99.94,0.1641,0.4705,0.34465144,0.3651473500299318,-2.0,1,Neutral,,2.621805792163548,1.1936305732484092,86.2,94.22,79.98,101.24,70.15,104.59,0.004076878276062956,0.09749563191613286,-0.06837507280139765,0.17926616191030864,-0.18287711124053574,0.21828771112405376
2025-12-29,GDXJ,VANECK:JR GOLD MINERS,Commodities,113.82,132.61,0.1651,0.5221,0.38094057,0.3705549923443441,-2.0,1,Neutral,,2.835135135135141,1.1396160558464232,114.24,125.9,106.42,134.8,90.9,139.94,0.0036900369003689537,0.10613248989632762,-0.06501493586364426,0.18432612897557554,-0.20137058513442263,0.22948515199437725
2025-12-29,GE,GENERAL ELECTRIC COMPANY,Industrials,311.58,349.26,0.1209,0.24,0.29048762,-0.17380300062357223,-22.0,4,Neutral,5.759791122715429,1.1447424435930198,1.3887280017821353,307.75,333.64,288.09,338.47,266.69,373.92,-0.01229218820206679,0.07080043648501189,-0.07538994800693244,0.08630207330380646,-0.144072148404904,0.2000770267668015
2025-12-29,GEHC,GE HEALTHCARE TECHNOLOGIES INC.,Health Care,83.15,84.12,0.0117,0.2555,0.28504266,-0.10364294242833683,-67.0,3,Sell,2.135922330097074,1.816192560175051,-1.4372594303310247,82.12,85.35,78.58,91.45,64.48,96.14,-0.01238725195429946,0.026458208057726917,-0.054960914010823925,0.09981960312687899,-0.22453397474443781,0.15622369212266984
2025-12-29,GEN,GEN DIGITAL INC.,Information Technology,27.58,27.69,0.004,0.2055,0.17555618,0.17056545659628708,-40.0,1,Sell,1.4561403508772046,-1.0452261306532644,-1.788235294117646,27.01,28.41,25.5,29.57,23.02,30.13,-0.0206671501087744,0.030094271211022594,-0.07541696881798399,0.07215373459028296,-0.16533720087019577,0.09245830311820158
2025-12-29,GEOS,GEOSPACE TECHNOLOGIES ,MR Discretion,17.39,20.56,0.1823,0.837,0.96583681,-0.13339397366724925,-28.0,3,Sell,-1.0915492957746498,-1.1587301587301588,1.8386336866902238,15.84,18.81,11.55,22.43,8.9,33.0,-0.0891316848763658,0.08165612420931567,-0.33582518688901664,0.28982173663024713,-0.48821161587119033,0.8976423231742381
2025-12-29,GEV,GE VERNOVA INC.,Industrials,663.46,888.95,0.3399,0.4259,0.76232562,-0.4413148544056541,-15.0,4,Neutral,1.4762424904423794,1.5163016218023717,2.070981632241135,626.84,717.52,603.65,754.15,514.83,971.27,-0.05519549030838333,0.08148192807403598,-0.0901486148373678,0.13669249088113822,-0.22402254845808334,0.4639465830645404
2025-12-29,GGB,GERDAU SA,MR Discretion,3.66,3.7,0.0109,1.1627,0.32420507,2.58631035597315,49.0,2,Buy,4.399999999999972,2.333333333333331,-1.500000000000001,3.61,3.88,3.48,4.08,3.03,4.08,-0.013661202185792476,0.060109289617486183,-0.049180327868852514,0.11475409836065564,-0.1721311475409837,0.11475409836065564
2025-12-29,GILD,"GILEAD SCIENCES, INC.",Health Care,124.91,134.64,0.0779,0.1858,0.20686071,-0.10181106890718883,29.0,3,Buy,1.4241645244215915,1.3918128654970772,1.308435286542176,121.02,130.45,116.36,136.81,109.38,145.23,-0.03114242254423183,0.04435193339204213,-0.0684492834841085,0.09526859338723881,-0.1243295172524218,0.16267712753182284
2025-12-29,GIS,"GENERAL MILLS, INC.",Consumer Staples,46.92,47.2,0.006,0.269,0.19138307,0.40555797333588606,-20.0,2,Neutral,1.5652173913043423,1.0608974358974328,-1.0625000000000004,45.54,49.08,43.8,50.23,41.65,51.88,-0.02941176470588236,0.04603580562659837,-0.0664961636828646,0.07054560954816691,-0.1123188405797102,0.10571184995737437
2025-12-29,GL,GLOBE LIFE INC.,Financials,141.76,114.98,-0.1889,0.1965,0.17727063,0.10847465256935118,-28.0,2,Sell,4.937062937063013,-1.0292580982236126,-1.8562026982560043,140.33,148.82,131.91,151.33,85.35,172.15,-0.01008747178329561,0.04980248306997748,-0.06948363431151239,0.06750846501128693,-0.39792607223476295,0.21437641083521464
2025-12-29,GLATF,GLOBAL ATOMIC ,MR Discretion,0.522466,0.38,-0.2727,0.0,1.15804535,,-48.0,,Sell,8.62618321835394,1.1629571950771098,-10.621994624827463,0.51,0.63,0.43,0.63,0.23,0.55,-0.023859925813354277,0.20582009164232695,-0.17697993745047524,0.20582009164232695,-0.5597799665432774,0.05270008000520621
2025-12-29,GLD,SPDR GOLD,Commodities,398.6,459.92,0.1538,0.2463,0.20006642,0.23109115462754826,7.0,2,Neutral,30.691489361702164,4.489711934156362,2.0693944353518803,397.66,427.45,386.45,453.15,368.05,461.82,-0.0023582538886101068,0.07237832413447065,-0.030481685900652367,0.1368539889613647,-0.07664325137982941,0.15860511791269438
2025-12-29,GLW,CORNING INC.,Information Technology,89.0,105.69,0.1875,0.463,0.38041671,0.21708638929136437,-2.0,1,Neutral,2.1107491856677583,1.7960644007155635,1.7475455820476853,85.93,95.48,83.41,99.04,74.74,113.92,-0.03449438202247179,0.07280898876404507,-0.06280898876404495,0.1128089887640451,-0.16022471910112368,0.28
2025-12-29,GM,GENERAL MOTORS COMPANY,Consumer Discretionary,82.93,88.06,0.0619,0.3449,0.20028867,0.7220145303276515,-32.0,1,Sell,4.04494382022471,2.0665610142630726,-1.956031567080048,82.04,86.53,76.62,95.97,65.58,91.8,-0.010731942602194677,0.043410104907753544,-0.07608826721331241,0.1572410466658627,-0.20921258893042338,0.10695767514771481
2025-12-29,GNK,GENCO SHIPPING & TRADING LIMITED,MR Discretion,18.77,19.4,0.0336,0.3721,0.16392017,1.2700074066541047,-14.0,1,Neutral,-1.5490196078431309,-1.0869565217391308,-1.1981132075471694,17.98,19.28,17.02,20.38,14.96,21.95,-0.042088438998401645,0.027171017581246737,-0.09323388385721898,0.08577517314864136,-0.20298348428343094,0.16941928609483226
2025-12-29,GNRC,GENERAC HOLDINGS INC.,Industrials,138.48,168.09,0.2138,0.3731,0.45008992,-0.17105453061468245,24.0,3,Neutral,-1.834967320261435,-1.0097859327217107,3.0106653123412928,127.25,144.6,121.97,154.83,118.79,197.76,-0.08109474292316576,0.04419410745233976,-0.11922299248989021,0.11806759098786856,-0.14218659734257644,0.4280762564991334
2025-12-29,GOOGL,ALPHABET INC.,Communication Services,313.56,361.57,0.1531,0.2352,0.22514815,0.04464549231250614,52.0,1,Buy,-1.5209513023782595,1.7284440039643203,1.5398565165404539,300.13,322.39,293.38,348.44,263.38,390.83,-0.042830718203852536,0.028160479653016823,-0.0643576986860569,0.1112386784028574,-0.16003316749585406,0.2464281158311008
2025-12-29,GPC,GENUINE PARTS COMPANY,Consumer Discretionary,124.42,131.7,0.0585,0.206,0.2193857,-0.06101445992149901,28.0,4,Buy,-1.038854805725971,1.0010695187165766,1.474537037037036,119.34,129.31,115.07,133.78,111.46,143.53,-0.04082944864169746,0.03930236296415357,-0.07514868992123458,0.07522906285163167,-0.10416331779456689,0.15359266998874777
2025-12-29,GPN,GLOBAL PAYMENTS INC.,Financials,80.04,74.39,-0.0706,0.3244,0.22770394,0.4246569470866426,-61.0,1,Sell,1.4999999999999862,1.2935528120713284,-2.139049826187719,77.96,83.16,72.75,89.47,61.58,88.67,-0.025987006496751786,0.038980509745127234,-0.09107946026986513,0.11781609195402298,-0.2306346826586707,0.10782108945527225
2025-12-29,GREK,GLBL X MSCI GREECE,Foreign,68.0,72.63,0.0681,0.2368,0.15514157,0.5263478383002054,4.0,1,Neutral,2.4404761904761774,1.3758620689655128,1.062169312169312,67.16,70.05,65.1,71.99,60.44,76.03,-0.012352941176470678,0.030147058823529305,-0.04264705882352948,0.05867647058823522,-0.11117647058823532,0.11808823529411772
2025-12-29,GRMN,GARMIN LTD,Consumer Discretionary,205.6,220.23,0.0712,0.2094,0.21313114,-0.017506310903230737,-69.0,4,Sell,-1.1137071651090324,-1.32469304229195,1.2627222562844878,198.45,212.02,176.47,227.59,172.98,246.79,-0.034776264591439676,0.03122568093385225,-0.14168287937743185,0.106955252918288,-0.15865758754863812,0.20034046692607
2025-12-29,GS,"THE GOLDMAN SACHS GROUP, INC.",Financials,892.18,952.57,0.0677,0.299,0.22530689,0.3270788123700965,-20.0,1,Neutral,7.769985974754576,1.9275921992662697,-1.344561108777823,885.05,947.58,840.39,992.01,732.11,1011.23,-0.007991660875608098,0.062095092918469375,-0.058048824228294715,0.11189446075903975,-0.17941446793247995,0.13343719877154836
2025-12-29,GWW,"W.W. GRAINGER, INC.",Industrials,1026.31,1042.14,0.0154,0.1651,0.21875072,-0.24525962703117055,-54.0,4,Sell,1.6861772486772548,1.4285491419656833,-1.9498154130133811,996.07,1077.3,962.21,1117.88,857.3,1112.99,-0.029464781596203804,0.049682844364763,-0.06245676257660937,0.08922255458876971,-0.1646773392055032,0.08445791232668509
2025-12-29,HAL,HALLIBURTON COMPANY,Energy,28.15,27.33,-0.0291,0.3257,0.25669079,0.2688417843117783,-45.0,1,Sell,1.1165048543689367,1.2709030100334457,-1.6233062330623296,27.12,29.3,25.16,31.95,22.16,31.84,-0.03658969804618106,0.04085257548845478,-0.1062166962699822,0.13499111900532856,-0.21278863232682055,0.13108348134991132
2025-12-29,HAS,"HASBRO, INC.",Consumer Discretionary,82.83,89.08,0.0755,0.2357,0.20287621,0.16179220816477202,29.0,1,Buy,-1.8604651162790726,1.0526315789473715,1.1560592850915437,79.63,84.55,77.51,88.43,71.36,96.09,-0.03863334540625385,0.020765423155861384,-0.06422793673789684,0.06760835446094426,-0.13847639744054085,0.16008692502716415
2025-12-29,HBAN,HUNTINGTON BANCSHARES INC.,Financials,17.58,17.73,0.0085,0.1887,0.19627242,-0.03858117202610534,-67.0,3,Sell,4.500000000000027,1.4121621621621674,-2.1055900621117964,17.38,18.48,16.1,19.67,14.19,19.19,-0.011376564277588153,0.05119453924914685,-0.08418657565415233,0.11888509670079661,-0.19283276450511944,0.09158134243458504
2025-12-29,HCA,"HCA HEALTHCARE, INC.",Health Care,474.02,553.95,0.1686,0.2573,0.2305931,0.11581829638441032,30.0,1,Buy,-2.0128205128205012,1.4182150472129176,2.5472347751237376,456.75,482.6,441.19,520.58,427.55,592.39,-0.0364330618961225,0.018100502088519654,-0.06925868106830935,0.09822370364119681,-0.0980338382346736,0.24971520189021557
2025-12-29,HD,"THE HOME DEPOT, INC.",Consumer Discretionary,347.45,368.04,0.0593,0.1957,0.19371662,0.01023856393942868,12.0,1,Neutral,-1.2756756756756769,-2.4479087452471417,1.5262065386611325,335.65,356.7,315.26,360.6,308.91,406.27,-0.033961721110951304,0.026622535616635412,-0.09264642394589151,0.037847172255000894,-0.1109224348827168,0.16929054540221622
2025-12-29,HIG,THE HARTFORD FINANCIAL SERVICES GROUP,Financials,138.81,149.1,0.0741,0.1504,0.19778049,-0.23956099006529918,-28.0,4,Sell,2.3970037453183397,1.2176628010704724,-1.1296076099881098,136.14,145.21,127.6,152.46,119.81,155.63,-0.01923492543764871,0.04610618831496294,-0.08075787047042726,0.09833585476550688,-0.13687774656004614,0.12117282616526182
2025-12-29,HII,"HUNTINGTON INGALLS INDUSTRIES, INC.",Industrials,345.73,348.25,0.0073,0.2496,0.34036532,-0.2666702941416007,-40.0,4,Sell,17.592783505154657,1.9967889908256857,-1.5500710227272732,343.79,379.86,323.93,389.26,258.43,402.05,-0.00561131518815261,0.09871865328435492,-0.06305498510398289,0.12590750007231066,-0.25250918346686724,0.16290168628698698
2025-12-29,HLT,HILTON WORLDWIDE HOLDINGS INC.,Consumer Discretionary,292.36,305.15,0.0437,0.1968,0.20165387,-0.02407030422971801,-20.0,3,Neutral,2.158759124087581,1.4157624214734423,-1.419914575547252,286.88,304.19,274.85,317.15,239.17,329.82,-0.018744014229032713,0.04046381173895197,-0.059891914078533226,0.0847927213025037,-0.18193323300041053,0.12812970310576
2025-12-29,HLX,"HELIX ENERGY SOLUTIONS GROUP, INC.",MR Discretion,6.28,6.92,0.1019,0.3198,0.49601487,-0.3552612646471668,-2.0,4,Neutral,-3.0714285714285827,1.5468749999999976,1.7999999999999996,5.85,6.42,5.64,7.27,5.33,7.99,-0.06847133757961787,0.022292993630573132,-0.1019108280254778,0.15764331210191074,-0.1512738853503185,0.27229299363057313
2025-12-29,HOLX,"HOLOGIC, INC.",Health Care,74.51,74.54,0.0004,0.1685,0.0290186,4.806620581282351,-27.0,1,Sell,-1.3000000000000143,1.271393643031781,-1.116147308781873,72.95,75.71,70.42,79.71,66.63,81.57,-0.02093678700845525,0.01610522077573462,-0.054891960810629525,0.06978929002818401,-0.10575761642732529,0.09475238223057292
2025-12-29,HON,HONEYWELL INTERNATIONAL INC.,Industrials,197.09,196.5,-0.003,0.1674,0.14445802,0.1588141662193625,-19.0,1,Neutral,1.221258134490234,1.311111111111109,-1.1346233017702763,192.48,202.72,184.04,214.2,169.53,221.38,-0.023390329291186784,0.02856562991526701,-0.06621340504338125,0.0868131310568776,-0.13983459333299508,0.12324318839109027
2025-12-29,HOOD,"ROBINHOOD MARKETS, INC.",Financials,117.43,173.85,0.4805,0.5124,0.54640056,-0.06222643695679975,-41.0,3,Sell,-1.2954186413902062,1.0134751773049633,4.180454765360425,109.23,123.76,103.33,131.72,96.76,203.84,-0.06982883419909736,0.05390445371710806,-0.12007153197649667,0.12168951715915854,-0.1760197564506515,0.7358426296517073
2025-12-29,HPE,HEWLETT PACKARD ENTERPRISE COMPANY,Information Technology,24.33,24.65,0.0132,0.3234,0.27135884,0.19177985872875936,-24.0,1,Neutral,2.943396226415112,1.2431372549019628,-1.3067150635208706,23.8,25.89,21.78,27.5,17.13,29.84,-0.02178380600082197,0.06411837237977824,-0.10480887792848326,0.13029182079736956,-0.29593094944512943,0.2264693793670367
2025-12-29,HPQ,HP INC.,Information Technology,22.73,24.83,0.0924,0.2706,0.29496423,-0.08260062584537786,0.0,3,Neutral,-1.1333333333333353,-1.0042553191489367,2.1480362537764357,21.88,23.48,20.37,25.08,19.42,29.84,-0.03739551253849549,0.03299604047514304,-0.10382754069511657,0.10338759348878135,-0.1456225252969643,0.3128024637043554
2025-12-29,HRL,HORMEL FOODS ,Consumer Staples,24.17,23.3,-0.036,0.2789,0.20727345,0.3455654836642126,-22.0,2,Neutral,1.5116279069767293,-1.2359550561797785,-2.398936170212768,23.74,24.82,21.97,25.95,19.66,26.05,-0.0177906495655773,0.02689284236656997,-0.09102192800992981,0.07364501448076122,-0.18659495242035584,0.07778237484484896
2025-12-29,HSIC,"HENRY SCHEIN, INC.",Health Care,76.44,77.78,0.0175,0.323,0.18184249,0.7762625225820434,17.0,1,Neutral,2.059829059829054,1.7794117647058811,-2.136966126656846,75.27,78.85,70.32,87.33,61.93,83.23,-0.015306122448979664,0.03152799581371002,-0.08006279434850871,0.1424646781789638,-0.1898220826792255,0.08882783882783896
2025-12-29,HST,"HOST HOTELS & RESORTS, INC.",Real Estate,18.39,17.84,-0.0299,0.2929,0.21067059,0.39032220871456236,-2.0,1,Neutral,2.28205128205128,1.046153846153845,-2.4539473684210535,18.0,19.28,17.09,19.75,14.66,19.91,-0.021207177814029365,0.04839586731919532,-0.07069059271343126,0.07395323545405108,-0.20282762370853724,0.0826536160957041
2025-12-29,HSY,THE HERSHEY COMPANY,Consumer Staples,180.77,190.24,0.0524,0.2191,0.20381281,0.07500603126957506,26.0,1,Buy,2.221967963386721,1.074299634591959,-1.0436101630640893,176.4,190.48,164.35,198.41,153.25,207.14,-0.02417436521546723,0.05371466504397837,-0.09083365602699567,0.09758256347845329,-0.15223765005255296,0.14587597499585092
2025-12-29,HUBB,HUBBELL INC.,Industrials,451.39,479.94,0.0632,0.2277,0.24308634,-0.06329578206656938,-34.0,3,Sell,2.4163090128755442,1.5211640211640207,1.1276341948310147,439.74,479.54,413.59,508.89,375.94,536.47,-0.025809167238972863,0.06236292341434235,-0.08374133232902814,0.127384301823257,-0.16715035778373466,0.18848445911517775
2025-12-29,HUM,HUMANA INC.,Health Care,258.34,239.83,-0.0716,0.4184,0.38262326,0.09350382932809675,-62.0,1,Sell,1.06020066889633,1.1324750830564807,-1.4342288557213922,249.37,267.85,234.26,285.61,186.27,308.59,-0.034721684601687564,0.036811953239916484,-0.09321049779360524,0.10555856623054916,-0.2789734458465587,0.19451110939072547
2025-12-29,HWM,HOWMET AEROSPACE INC.,Industrials,209.49,243.65,0.1631,0.3001,0.27780389,0.08025845138453591,35.0,2,Buy,2.8987012987012806,1.1143599740090944,1.854008438818564,205.64,220.65,194.1,226.64,185.79,253.43,-0.018377965535347873,0.05327223256480029,-0.07346412716597461,0.0818654828392762,-0.11313189173707583,0.20974748198004667
2025-12-29,HYD,VANECK:HIGH YIELD MUNI,Bonds,51.095,51.67,0.0113,0.0474,0.02751052,0.7229772465224211,-43.0,1,Sell,1.6168224299065561,1.015113350125945,-1.077972709551658,50.56,51.96,49.11,53.11,48.33,53.66,-0.010470691848517455,0.01692924943732277,-0.03884920246599466,0.03943634406497698,-0.05411488403953424,0.05020060671298565
2025-12-29,HYG,ISHARES:IBOXX $HY CORP,Bonds,80.63,81.6,0.012,0.0711,0.03714635,0.9140507748405966,-1.0,1,Neutral,-1.3376623376623213,-1.0156950672645724,-1.0743034055727538,79.6,81.4,76.1,85.09,77.16,83.86,-0.01277440158749843,0.009549795361528002,-0.05618256232171648,0.055314399107032175,-0.04303609078506754,0.04005953119186412
2025-12-29,IBKR,"INTERACTIVE BROKERS GROUP, INC.",Financials,65.35,76.51,0.1708,0.3928,0.2564368,0.5317614320565534,6.0,1,Neutral,1.56493506493508,-1.1398058252427168,2.089320388349516,63.81,67.76,59.48,70.5,55.05,86.87,-0.023565416985462773,0.036878347360367325,-0.08982402448355009,0.07880642693190532,-0.1576128538638102,0.3293037490436115
2025-12-29,IBM,INTERNATIONAL BUSINESS MACHINES ,Information Technology,305.74,346.23,0.1324,0.238,0.13752086,0.7306465360964147,47.0,1,Buy,-1.2400442477876197,1.133049494411918,2.096794081381011,294.53,314.78,286.95,327.03,273.3,373.76,-0.03666514031530066,0.029567606463007712,-0.06145744750441562,0.0696343298227251,-0.10610322496238633,0.2224766141165695
2025-12-29,ICE,"INTERCONTINENTAL EXCHANGE, INC.",Financials,163.98,163.33,-0.004,0.1632,0.12988522,0.2564940029358229,-36.0,1,Sell,-1.1487179487179444,-1.388316151202747,-1.8783439490445828,159.5,167.88,147.82,175.62,134.49,179.68,-0.027320404927430153,0.023783388218075352,-0.09854860348823025,0.07098426637394817,-0.17983900475667758,0.09574338333943166
2025-12-29,ICL,ICL GROUP LTD,MR Discretion,5.54,5.64,0.0181,0.3783,0.34992178,0.08109875298416691,12.0,1,Neutral,-1.894736842105261,-1.1375000000000004,1.4571428571428575,5.18,5.73,4.63,6.34,4.49,7.07,-0.06498194945848379,0.03429602888086647,-0.16425992779783394,0.14440433212996395,-0.18953068592057754,0.2761732851985561
2025-12-29,IDXX,"IDEXX LABORATORIES, INC.",Health Care,687.89,773.58,0.1246,0.2552,0.16890476,0.5109106457390544,55.0,1,Buy,-2.934195064629854,1.4727348123574528,2.1556642216788915,662.92,696.4,639.66,758.92,602.0,873.04,-0.03629940833563505,0.012371163994243206,-0.07011295410603446,0.1032577883091772,-0.12486007937315557,0.2691564058206981
2025-12-29,IEF,ISHARES:7-10 TRS BD ETF,Bonds,96.58,98.81,0.0231,0.0336,0.04563921,-0.2637909376608404,18.0,4,Neutral,-1.9577464788732184,-1.2170818505338075,1.2260869565217394,95.19,97.29,93.16,99.39,93.13,100.81,-0.014392213708842472,0.007351418513149799,-0.035411058190101485,0.02909505073514196,-0.0357216815075585,0.043797887761441334
2025-12-29,IEX,IDEX ,Industrials,180.01,177.99,-0.0112,0.2414,0.16212635,0.48896215821795774,-53.0,1,Sell,1.5318352059925178,1.6318082788671082,-2.1611030478955007,177.34,184.1,170.83,194.99,150.23,193.79,-0.014832509305038544,0.02272095994666956,-0.05099716682406519,0.08321759902227654,-0.16543525359702238,0.07655130270540522
2025-12-29,IFF,INTERNATIONAL FLAVORS & FRAGRANCES INC.,Materials,67.76,66.46,-0.0192,0.2231,0.21659179,0.030048276529779816,-10.0,1,Neutral,-1.9095744680851128,-1.0800000000000003,-1.6821282401091417,64.17,69.64,62.09,73.01,55.43,75.09,-0.052981109799291715,0.02774498229043676,-0.08367768595041325,0.07747933884297531,-0.18196576151121613,0.10817591499409684
2025-12-29,INCY,INCYTE ,Health Care,99.29,114.05,0.1487,0.3589,0.34933442,0.02738230031841704,14.0,2,Neutral,1.4768786127167595,1.5806845965770149,1.8245866283249443,95.83,104.4,91.11,112.22,85.38,124.67,-0.034847416658273844,0.05146540437103431,-0.0823849330244738,0.1302245946218148,-0.14009467217242433,0.25561486554537205
2025-12-29,INDA,ISHARES:MSCI INDIA,Foreign,53.47,55.3,0.0342,0.1385,0.11569341,0.19712955128559195,10.0,2,Neutral,2.417721518987349,1.6009174311926617,1.5536723163841812,52.68,55.38,51.29,56.96,49.93,58.97,-0.014774639985038363,0.03572096502711819,-0.0407705255283336,0.06527024499719469,-0.06620534879371609,0.10286141761735546
2025-12-29,INTC,INTEL ,Information Technology,36.68,40.51,0.1044,0.5131,0.61064469,-0.1597405031066429,23.0,3,Neutral,,-1.0407725321888406,1.4964753272910372,33.84,36.51,31.83,41.34,26.75,51.54,-0.07742639040348953,-0.0046346782988004875,-0.13222464558342428,0.1270447110141768,-0.27071973827699014,0.4051254089422027
2025-12-29,INTU,INTUIT INC.,Information Technology,674.15,679.81,0.0084,0.2455,0.21840148,0.12407663171513295,-40.0,1,Sell,1.4570063694267634,-1.226865671641788,-1.3510912931236794,661.59,692.45,620.72,717.7,559.01,759.37,-0.018630868501075315,0.027145294074019333,-0.0792553585997181,0.06459986649855387,-0.17079285025587776,0.12641103611955806
2025-12-29,INVH,INVITATION HOMES INC.,Real Estate,27.74,27.62,-0.0043,0.2799,0.20689246,0.3528767553926324,15.0,2,Neutral,-5.035714285714266,-2.1578947368421018,-1.1911764705882337,26.33,28.02,25.28,28.88,24.5,30.46,-0.0508291276135544,0.010093727469358438,-0.0886806056236481,0.041095890410958846,-0.11679884643114635,0.09805335255948089
2025-12-29,IP,INTERNATIONAL PAPER COMPANY,Materials,39.86,40.48,0.0156,0.3871,0.28007394,0.38213501763141533,-27.0,1,Sell,-2.138461538461544,-1.408312958435206,-1.373702422145328,38.47,40.51,34.1,43.95,31.92,45.64,-0.034872052182639224,0.01630707476166582,-0.1445057701956849,0.10260913196186672,-0.19919719016557946,0.1450075263421977
2025-12-29,IQV,IQVIA HOLDINGS INC,Health Care,227.11,234.12,0.0309,0.2383,0.18127101,0.3146062351613752,26.0,1,Buy,-2.2000000000000237,1.4025880661394647,-1.084432048681542,221.28,229.76,213.2,246.62,184.34,266.55,-0.025670379992074333,0.011668354541851889,-0.061247853463079704,0.08590550834397415,-0.18832283915283343,0.1736603408040156
2025-12-29,IR,INGERSOLL RAND INC.,Industrials,80.9,83.31,0.0298,0.2843,0.24021305,0.18353270149144674,-27.0,1,Sell,1.7635467980295547,-1.0325342465753446,-1.2778335005015056,78.87,84.48,74.87,86.74,68.16,90.87,-0.02509270704573552,0.04425216316440039,-0.07453646477132259,0.07218788627935702,-0.15747836835599516,0.12323856613102602
2025-12-29,IRM,IRON MOUNTAIN INC.,Real Estate,82.63,89.98,0.089,0.2902,0.30298086,-0.04218372078025001,-30.0,3,Sell,-2.4550264550264544,-1.6206896551724137,2.363839285714287,77.99,84.52,71.82,89.3,69.19,114.4,-0.056153939247246765,0.022873048529589823,-0.13082415587559004,0.08072128766791731,-0.16265278954374918,0.38448505385453235
2025-12-29,ISRG,"INTUITIVE SURGICAL, INC.",Health Care,575.4,616.59,0.0716,0.3615,0.18789068,0.923991120794283,12.0,1,Neutral,1.301261829652998,2.139221556886231,1.0809716599190284,556.38,600.15,521.96,689.72,491.42,666.18,-0.03305526590198116,0.04301355578727839,-0.0928745220716023,0.19867917970107762,-0.14595064303093497,0.15776850886339933
2025-12-29,IT,"GARTNER, INC.",Information Technology,253.8,225.48,-0.1116,0.3601,0.21463922,0.6776989778475713,-9.0,1,Neutral,1.4627539503385958,1.0048309178743955,-2.309189534141674,244.94,266.76,231.03,276.68,181.43,285.14,-0.03490937746256906,0.051063829787233894,-0.08971631205673758,0.09014972419227729,-0.28514578408195435,0.1234830575256105
2025-12-29,ITW,ILLINOIS TOOL WORKS INC.,Industrials,252.23,259.29,0.028,0.2157,0.1701906,0.26740254749674786,-10.0,1,Neutral,1.0391908975979776,1.0730061349693285,-1.2446755819712711,244.32,260.45,235.93,269.72,227.1,272.42,-0.031360266423502314,0.03258930341355115,-0.06462355786385432,0.06934147405146107,-0.09963128890298534,0.08004598977124067
2025-12-29,IVZ,INVESCO LTD.,Financials,26.84,27.63,0.0294,0.2515,0.27207319,-0.07561638101865165,-57.0,3,Sell,4.0789473684210655,1.8294117647058827,-1.7267904509283827,26.46,28.39,25.14,29.95,20.33,30.61,-0.014157973174366623,0.0577496274217586,-0.06333830104321903,0.11587183308494775,-0.24254843517138602,0.14046199701937412
2025-12-29,IWD,ISHARES:RUSS 1000 VL ETF,Sector & Style ETFs,212.04,215.0,0.014,0.1425,0.09740598,0.46294919470036633,-31.0,1,Sell,1.191428571428576,-1.0258192651439884,-1.5403158769742311,208.54,216.21,201.71,222.11,193.51,224.07,-0.016506319562346716,0.0196661007357104,-0.04871722316544036,0.04749103942652333,-0.08738917185436712,0.05673457838143747
2025-12-29,IWF,ISHARES:RUSS 1000 GR ETF,Sector & Style ETFs,477.94,502.83,0.0521,0.1443,0.11801109,0.22276643661201678,4.0,1,Neutral,1.242320819112627,1.1087443946188351,1.1800068119891018,469.15,488.86,451.18,507.61,419.22,547.23,-0.0183914298865967,0.02284805624136932,-0.0559902916684103,0.06207892204042342,-0.12286061011842486,0.14497635686487853
2025-12-29,IWM,ISHARES:RUSS 2000 ETF,Sector & Style ETFs,249.88,261.83,0.0478,0.1738,0.14834728,0.17157523885844084,-31.0,1,Sell,2.124390243902437,1.1107802263251927,-1.1232709519934907,245.78,258.59,233.09,268.53,222.27,274.46,-0.016407875780374503,0.03485673123099087,-0.06719225228109493,0.07463582519609413,-0.11049303665759558,0.09836721626380651
2025-12-29,J,JACOBS SOLUTIONS INC.,Industrials,135.28,151.48,0.1198,0.1822,0.19050997,-0.043619606889865103,-8.0,3,Neutral,-1.593283582089552,-1.4932432432432434,1.8176240936977128,131.01,137.96,117.6,147.12,117.35,167.87,-0.03156416321703137,0.019810762862211728,-0.13069189828503847,0.08752217622708458,-0.13253991720875224,0.24090774689532823
2025-12-29,JBHT,"J. B. HUNT TRANSPORT SERVICES, INC.",Industrials,197.55,188.65,-0.0451,0.3943,0.23400612,0.684998665846859,-56.0,1,Sell,2.449315068493146,2.4823705926481576,-3.8403790087463556,193.9,206.49,184.22,230.64,144.86,211.27,-0.018476335105036767,0.04525436598329535,-0.06747658820551761,0.1675018982536065,-0.2667172867628448,0.06945077195646676
2025-12-29,JBL,JABIL INC.,Information Technology,234.97,246.66,0.0498,0.3092,0.32785621,-0.05690363467570125,-63.0,3,Sell,1.1624548736462077,1.071834415584416,-1.4539489671931958,223.89,247.85,210.33,261.38,175.14,276.12,-0.04715495595182373,0.054815508362769716,-0.10486445078095075,0.11239732731838115,-0.25462825041494663,0.17512873983912836
2025-12-29,JCI,JOHNSON CONTROLS INTERNATIONAL PLC,Industrials,121.71,130.73,0.0741,0.1589,0.1928594,-0.17608371694612746,21.0,3,Neutral,1.70048309178745,1.3649815043156608,1.1846571622539046,119.64,125.23,113.6,132.78,106.98,139.16,-0.017007641114123673,0.02892120614575644,-0.0666338016596828,0.09095390682770521,-0.12102538821789488,0.14337359296688845
2025-12-29,JKHY,"JACK HENRY & ASSOCIATES, INC.",Financials,186.42,183.49,-0.0157,0.196,0.16868252,0.1619461222182359,-40.0,1,Sell,1.1552680221811467,1.5140449438202292,-3.843349753694578,181.01,192.67,175.74,202.59,147.41,196.57,-0.02902049136358753,0.0335264456603368,-0.057289990344383535,0.08673962021242354,-0.20925866323355857,0.05444694775238701
2025-12-29,JNJ,JOHNSON & JOHNSON,Health Care,207.56,218.12,0.0509,0.1731,0.18785893,-0.07856389898526517,15.0,4,Neutral,1.0375469336670817,1.5911035072711717,-1.041628122109158,199.57,215.85,195.87,226.16,173.78,239.99,-0.0384948930429756,0.039940258238581494,-0.05632106378878399,0.08961264212757758,-0.16274812102524572,0.1562439776450184
2025-12-29,JNK,SPDR BBG HIGH YIELD BD,Bonds,97.19,97.71,0.0054,0.0674,0.03417782,0.9720391762845029,-43.0,1,Sell,-1.3614457831325275,-1.085820895522387,-1.177033492822965,96.06,98.02,91.37,102.55,92.27,101.37,-0.011626710566930654,0.008539973248276489,-0.059882703981891106,0.055149706759954675,-0.05062249202592861,0.04300853997324827
2025-12-29,JPM,JPMORGAN CHASE & CO.,Financials,323.75,353.85,0.093,0.2815,0.26610438,0.057855567803882124,35.0,2,Buy,2.0013477088948775,1.1788617886178836,1.0095541401273889,316.33,338.6,302.84,348.4,279.79,368.13,-0.02291891891891895,0.045868725868726035,-0.06458687258687268,0.076138996138996,-0.13578378378378375,0.13708108108108097
2025-12-29,KDP,KEURIG DR PEPPER INC.,Consumer Staples,28.16,28.52,0.0128,0.3993,0.15845934,1.519889329338365,-10.0,1,Neutral,-1.1176470588235303,1.71341463414634,-1.143589743589743,27.02,29.18,26.52,30.97,23.7,32.06,-0.040482954545454586,0.03622159090909083,-0.058238636363636354,0.09978693181818188,-0.15838068181818188,0.13849431818181834
2025-12-29,KEY,KEYCORP,Financials,20.97,20.8,-0.0081,0.1835,0.19860597,-0.07605999960625554,-80.0,3,Sell,23.20000000000132,1.7536231884057996,-3.198717948717943,20.92,22.13,19.59,23.39,15.98,22.53,-0.002384358607534387,0.05531711969480213,-0.06580829756795414,0.11540295660467348,-0.23795898903195034,0.07439198855507878
2025-12-29,KEYS,"KEYSIGHT TECHNOLOGIES, INC.",Information Technology,206.85,218.12,0.0545,0.2516,0.21051185,0.195182123951692,33.0,1,Buy,-1.7480916030534315,1.2558558558558564,-1.6405877680698964,197.69,212.09,184.65,234.73,165.54,232.03,-0.0442832970751752,0.02533236644911785,-0.10732414793328493,0.13478365965675598,-0.1997099347353155,0.1217307227459512
2025-12-29,KHC,THE KRAFT HEINZ COMPANY,Consumer Staples,24.25,24.16,-0.0037,0.168,0.14861714,0.13042143052947996,7.0,1,Neutral,-2.8157894736842186,-1.6422018348623848,-1.058823529411764,23.18,24.63,22.46,25.34,21.19,27.14,-0.044123711340206206,0.015670103092783494,-0.0738144329896907,0.044948453608247396,-0.12618556701030925,0.1191752577319587
2025-12-29,KIM,KIMCO REALTY .,Real Estate,20.39,20.81,0.0206,0.2541,0.17095258,0.4863770994272214,-10.0,1,Neutral,-1.4878048780487785,-1.141935483870967,-1.0621761658031093,19.78,20.8,18.62,21.94,18.34,22.32,-0.029916625796959306,0.020107896027464545,-0.08680725846002946,0.07601765571358521,-0.10053948013732228,0.09465424227562536
2025-12-29,KKR,KKR & CO. INC.,Financials,129.42,140.35,0.0845,0.2707,0.30453656,-0.11110836741572183,-57.0,3,Sell,2.062084257206215,1.435946462715107,1.12184300341297,124.91,138.72,118.96,144.44,100.12,162.29,-0.03484778241384634,0.07185906351414006,-0.08082212950084988,0.11605625096584782,-0.226394683974656,0.25397929222685844
2025-12-29,KLAC,KLA ,Information Technology,1260.39,1390.63,0.1033,0.3956,0.32566553,0.21474323671897366,-14.0,1,Neutral,2.374303750464154,1.5422571108165943,1.0372758663726747,1233.46,1324.33,1162.3,1411.67,1020.02,1509.72,-0.021366402462729805,0.050730329501186056,-0.07782511762232336,0.12002634105316612,-0.1907108117328764,0.19781972246685542
2025-12-29,KMB,KIMBERLY-CLARK ,Consumer Staples,101.03,105.27,0.042,0.3434,0.12993285,1.642903622909834,-21.0,1,Neutral,-1.8341708542713644,-1.392857142857144,1.52865761689291,97.38,103.02,87.38,110.83,87.77,121.3,-0.03612788280708701,0.019697119667425378,-0.13510838364842137,0.09700089082450747,-0.13124814411560926,0.20063347520538444
2025-12-29,KMI,"KINDER MORGAN, INC.",Energy,27.38,30.14,0.1008,0.1989,0.20447954,-0.027286544169651372,-22.0,4,Neutral,-1.6721311475409846,-1.1780104712041883,1.5000000000000007,26.36,27.99,25.13,29.29,24.72,31.37,-0.03725346968590215,0.022279035792549307,-0.08217677136596058,0.06975894813732642,-0.09715120525931342,0.1457268078889702
2025-12-29,KO,THE COCA-COLA COMPANY,Consumer Staples,70.16,75.56,0.077,0.1232,0.13779073,-0.10589050511598275,15.0,3,Neutral,-1.8641975308641812,1.3210633946830281,1.8623481781376532,68.65,70.97,65.27,76.62,65.22,79.36,-0.02152223489167604,0.011545039908779975,-0.06969783352337511,0.09207525655644244,-0.07041049030786772,0.1311288483466364
2025-12-29,KR,THE KROGER CO.,Consumer Staples,62.71,71.04,0.1328,0.2041,0.25107122,-0.18708325072065202,10.0,3,Neutral,-1.0888888888888868,-1.098280098280098,3.4712643678160897,61.24,64.06,58.24,66.78,59.23,74.79,-0.023441237442194174,0.021527667038749865,-0.0712804975283049,0.06490192951682339,-0.055493541699888405,0.19263275394673895
2025-12-29,KVUE,KENVUE INC.,Consumer Staples,17.19,16.92,-0.0157,0.2461,0.14075926,0.7483752045868954,-10.0,1,Neutral,1.0833333333333162,1.3249999999999986,-1.3346774193548387,16.83,17.58,15.99,18.78,13.88,19.67,-0.020942408376963484,0.022687609075043413,-0.06980802792321128,0.0924956369982548,-0.19255381035485752,0.14426992437463637
2025-12-29,L,LOEWS ,Financials,106.24,114.05,0.0735,0.1971,0.17347662,0.13617616022262835,54.0,2,Buy,2.549382716049404,1.4919614147909972,1.1861271676300595,104.62,110.37,100.02,115.52,97.59,116.5,-0.015248493975903554,0.038874246987951944,-0.05854668674698793,0.08734939759036142,-0.08141942771084332,0.09657379518072284
2025-12-29,LDOS,"LEIDOS HOLDINGS, INC.",Industrials,185.49,213.6,0.1515,0.2154,0.2071782,0.039684677248861044,47.0,1,Buy,1.0103626943005135,1.2853470437017978,3.772870662460566,179.7,191.34,173.82,200.49,172.81,233.33,-0.031214620734271503,0.03153808830664717,-0.06291444282710668,0.08086689309396733,-0.0683594802954337,0.2579114777076932
2025-12-29,LEN,LENNAR ,Consumer Discretionary,103.92,124.36,0.1967,0.3593,0.30707648,0.17006681853328542,33.0,1,Buy,-3.76331360946746,-1.091469681397739,4.869426751592354,97.56,105.61,93.3,113.65,94.5,149.79,-0.06120092378752884,0.016262509622786636,-0.10219399538106244,0.09362971516551188,-0.09064665127020788,0.44139722863741326
2025-12-29,LH,LABORATORY  OF AMERICA HOLDINGS,Health Care,252.97,271.68,0.074,0.2072,0.14571211,0.4219820164569712,9.0,1,Neutral,-1.0647359454855239,-1.3435270132517847,1.8071168621107985,246.72,258.84,226.61,272.59,228.24,297.66,-0.024706486935209715,0.023204332529548788,-0.10420207929794045,0.07755860378701018,-0.09775862750523778,0.1766612641815235
2025-12-29,LHX,"L3HARRIS TECHNOLOGIES, INC.",Industrials,295.93,310.04,0.0477,0.2004,0.2323393,-0.13746834909117833,-46.0,3,Sell,2.369774919614139,1.1210855949895606,-1.0331341662140148,289.71,310.67,271.98,322.78,257.89,332.75,-0.02101848410096996,0.04980907647078703,-0.08093130132125836,0.09073091609502226,-0.12854391241171903,0.12442131585172156
2025-12-29,LII,LENNOX INTERNATIONAL INC.,Industrials,496.58,536.72,0.0808,0.2975,0.20327307,0.46354851628895055,-34.0,1,Sell,-1.0777414075286358,-1.2333594361785434,1.1295030239284778,483.41,508.8,449.33,534.89,420.52,582.49,-0.026521406419912075,0.024608320915059156,-0.09515083168875105,0.07714769020097467,-0.15316766684119376,0.17300334286519803
2025-12-29,LIN,LINDE PUBLIC LIMITED COMPANY,Materials,426.54,423.07,-0.0081,0.1815,0.19932032,-0.08940543543177137,-41.0,4,Sell,1.3276942355889692,-1.5164021164021186,-1.8458669981354885,410.58,447.73,383.55,454.89,367.14,458.72,-0.03741735827823889,0.049678810896985004,-0.10078773385848927,0.06646504431002942,-0.13926009284006202,0.07544427251840391
2025-12-29,LLY,ELI LILLY AND COMPANY,Health Care,1078.73,1166.7,0.0815,0.2829,0.23711752,0.19307927984401996,-10.0,1,Neutral,1.4674884437596247,2.550026944494339,-1.1194570550740592,1046.28,1126.35,1023.06,1220.69,834.61,1296.8,-0.030081670112076297,0.04414450325846131,-0.051606982284723824,0.13159919535008768,-0.22630315278151159,0.20215438524932083
2025-12-29,LMT,LOCKHEED MARTIN ,Industrials,488.87,483.21,-0.0116,0.2016,0.22551326,-0.10603926350051429,-88.0,3,Sell,1.5371681415929193,-1.160722450845907,-1.5356093979441996,477.57,506.24,438.1,532.61,405.21,543.35,-0.023114529425000585,0.03553091824002297,-0.10385173972630757,0.08947163867694896,-0.17112933908810113,0.11144066929858654
2025-12-29,LNT,ALLIANT ENERGY ,Utilities,65.42,70.69,0.0806,0.1651,0.1394893,0.18360333014790364,30.0,1,Buy,-1.831168831168836,1.1049250535331894,3.0062695924764857,64.01,66.19,60.75,70.58,62.23,75.01,-0.02155304188321605,0.011770100886578927,-0.07138489758483646,0.07887496178538678,-0.04876184653011317,0.1465912564964844
2025-12-29,LOW,"LOWE'S COMPANIES, INC.",Consumer Discretionary,243.83,256.77,0.0531,0.2091,0.1765404,0.18443143892276237,6.0,1,Neutral,-1.4237288135593222,-1.3007075471698109,-1.0624795551194,237.11,248.55,221.77,260.79,211.35,274.4,-0.027560185375056334,0.019357749251527778,-0.09047287044252139,0.06955665832752334,-0.133207562646106,0.1253742361481358
2025-12-29,LQD,ISHARES:IBOXX $IG CORP,Bonds,110.79,113.02,0.0201,0.0423,0.05457656,-0.22494198974797985,-13.0,4,Neutral,-1.7333333333333452,1.038062283737024,1.1434184675834949,108.97,111.84,105.01,116.79,105.7,116.61,-0.016427475403917424,0.009477389656106228,-0.05217077353551769,0.054156512320606476,-0.04594277461864793,0.0525318169509883
2025-12-29,LRCX,LAM RESEARCH ,Information Technology,175.87,191.26,0.0875,0.4269,0.41456277,0.029759618790659692,-26.0,1,Sell,2.7861771058315377,1.7278820375335102,-1.2544642857142865,171.24,188.77,160.95,201.65,128.1,213.95,-0.02632626371751856,0.07334963325183375,-0.0848353897765396,0.14658554614203667,-0.27162108375504634,0.2165235685449478
2025-12-29,LULU,LULULEMON ATHLETICA INC.,Consumer Discretionary,212.54,186.85,-0.1209,0.3615,0.42499232,-0.14939639379836323,-100.0,4,Sell,1.8785140562249043,1.5057586379569365,-3.413533834586463,202.58,231.25,192.57,242.61,135.36,235.15,-0.04686176719676283,0.08803048837865823,-0.09395878422885107,0.1414792509645244,-0.36313164580784785,0.10637997553401712
2025-12-29,LUV,SOUTHWEST AIRLINES CO.,Industrials,41.12,40.74,-0.0092,0.3647,0.30155215,0.20940938408165888,-23.0,1,Neutral,5.661538461538473,2.62313432835821,-3.15267175572519,40.47,44.8,38.44,48.15,28.73,45.05,-0.015807392996108893,0.08949416342412442,-0.06517509727626458,0.1709630350194553,-0.30131322957198436,0.0955739299610896
2025-12-29,LVS,LAS VEGAS SANDS CORP.,Consumer Discretionary,65.64,69.94,0.0655,0.347,0.18616035,0.8639844628568865,32.0,1,Buy,1.5981308411214785,1.8076225045372045,1.2751842751842746,64.57,67.35,60.13,75.6,53.43,81.21,-0.016301035953686926,0.02605118829981712,-0.08394271785496643,0.1517367458866543,-0.1860146252285192,0.23720292504570373
2025-12-29,LW,"LAMB WESTON HOLDINGS, INC.",Consumer Staples,41.84,53.0,0.2667,0.2937,0.91205397,-0.6779795827214041,0.0,4,Neutral,-2.0465116279069786,-1.076163610719324,7.0851581508515675,33.92,45.71,34.21,48.93,37.73,70.96,-0.1892925430210325,0.09249521988527709,-0.1823613766730402,0.16945506692160595,-0.09823135755258139,0.695984703632887
2025-12-29,LYB,LYONDELLBASELL INDUSTRIES NV,Materials,43.45,42.33,-0.0258,0.3576,0.38267089,-0.06551553999835213,-6.0,3,Neutral,-2.3238095238095346,-1.294670846394986,1.0071090047393358,41.01,44.5,39.32,46.64,35.01,51.95,-0.05615650172612208,0.024165707710011475,-0.09505178365937861,0.07341772151898729,-0.194246260069045,0.19562715765247418
2025-12-29,LYV,"LIVE NATION ENTERTAINMENT, INC.",Communication Services,144.57,146.99,0.0167,0.2987,0.28918591,0.03289956277607042,-40.0,1,Sell,2.066433566433576,-1.4132947976878607,-1.1747999999999996,141.71,150.48,129.9,154.95,115.2,169.57,-0.019782804177906788,0.04087985059140897,-0.10147333471674613,0.07179912844988579,-0.2031541813654285,0.17292660994673859
2025-12-29,MA,MASTERCARD INC..,Financials,577.9,586.82,0.0154,0.1599,0.20751157,-0.22944055601333468,-50.0,3,Sell,2.019654088050314,-1.0500465549348226,-1.8607262302914467,565.18,603.59,532.79,620.86,500.01,619.76,-0.022010728499740506,0.044454057795466406,-0.07805848762761725,0.0743381207821423,-0.1347811039972313,0.07243467727980613
2025-12-29,MAA,"MID-AMERICA APARTMENT COMMUNITIES, INC.",Real Estate,139.18,139.53,0.0025,0.2523,0.16619022,0.5181398761010125,-10.0,2,Neutral,-1.834677419354851,-1.6657496561210514,-2.1324354657688,134.63,141.66,127.07,146.45,120.18,148.09,-0.03269147866072719,0.017818652105187516,-0.08700962782008914,0.0522345164535134,-0.13651386693490442,0.06401781865210521
2025-12-29,MAR,"MARRIOTT INTERNATIONAL, INC.",Consumer Discretionary,314.41,322.11,0.0245,0.1956,0.2459755,-0.20479885191817893,-54.0,3,Sell,1.8121951219512042,-1.0616858237547921,-1.7663694267515926,306.21,329.27,286.7,340.51,245.08,353.66,-0.02608059540090979,0.0472631277631117,-0.0881333290925862,0.08301262682484634,-0.22050825355427628,0.12483699627874434
2025-12-29,MAS,MASCO ,Industrials,64.6,65.63,0.0159,0.2579,0.21617905,0.19299256796622988,-10.0,1,Neutral,-1.1978021978021889,-1.4606481481481446,-1.5234806629834228,62.42,66.42,58.29,68.92,53.57,71.84,-0.03374613003095961,0.028173374613003288,-0.09767801857585134,0.06687306501548007,-0.17074303405572744,0.1120743034055729
2025-12-29,MCD,MCDONALD'S ,Consumer Discretionary,308.53,325.82,0.056,0.1387,0.19379599,-0.2842989166081301,-1.0,3,Neutral,2.4425531914893717,1.5624599615631076,1.1583870967741943,303.83,320.01,292.92,332.92,277.53,344.44,-0.015233526723495205,0.03720869931611204,-0.05059475577739592,0.07905228016724486,-0.10047645285709661,0.11639062651930132
2025-12-29,MCHI,ISHARES:MSCI CHINA,Foreign,60.37,66.94,0.1088,0.1548,0.14264833,0.08518620582519265,4.0,1,Neutral,1.09659090909091,-1.6846473029045597,2.5933202357563863,58.61,62.3,56.31,62.78,55.28,73.57,-0.02915355308928269,0.031969521285406755,-0.06725194633095899,0.03992049030975653,-0.0843134006957097,0.21865164816962057
2025-12-29,MCHP,MICROCHIP TECHNOLOGY INC.,Information Technology,64.65,58.0,-0.1029,0.3688,0.51730259,-0.28707103515565235,-102.0,3,Strong Sell,1.7327188940092053,1.2816153028692863,-2.3977505112474438,62.48,68.41,55.24,76.71,41.2,74.43,-0.03356535189481835,0.05815931941221941,-0.14555297757153907,0.18654292343387446,-0.36272235112142304,0.151276102088167
2025-12-29,MCK,MCKESSON ,Health Care,830.42,941.74,0.1341,0.2421,0.22473541,0.07726681789932432,30.0,1,Buy,-1.222479721900343,1.1862185910282108,2.1350797266514823,809.32,847.68,765.55,907.37,742.62,1017.88,-0.02540882926711774,0.020784663182485952,-0.07811709737241401,0.09266395318031839,-0.10572963078923914,0.2257411912044509
2025-12-29,MCO,MOODY'S ,Financials,519.06,512.93,-0.0118,0.1965,0.1434103,0.3701944699927413,-50.0,1,Sell,1.4041994750656288,-1.0469255663430392,-2.5381610576923004,507.63,535.11,480.24,556.14,434.59,552.34,-0.02202057565599347,0.030921280776788906,-0.07478904172927969,0.07143682811235696,-0.16273648518475703,0.06411590182252547
2025-12-29,MDLZ,"MONDELEZ INTERNATIONAL, INC.",Consumer Staples,55.04,55.49,0.0082,0.2619,0.13496507,0.9405020869473859,-34.0,1,Sell,-6.56666666666657,-2.5599999999999983,1.0724876441515647,53.07,55.34,50.56,56.79,48.97,61.55,-0.035792151162790664,0.00545058139534893,-0.08139534883720922,0.03179505813953498,-0.11028343023255816,0.11827761627906974
2025-12-29,MDT,MEDTRONIC PUBLIC LIMITED COMPANY,Health Care,96.15,104.34,0.0852,0.156,0.12074151,0.2920163082273859,20.0,1,Neutral,-1.2983870967741984,1.712286158631412,1.995515695067264,94.54,97.39,89.72,107.16,87.23,113.95,-0.016744669786791455,0.01289651586063445,-0.0668746749869995,0.11450858034321354,-0.09277171086843472,0.18512740509620373
2025-12-29,MDY,SPDR S&P MIDCAP 400 ETF,Sector & Style ETFs,611.55,620.48,0.0146,0.1326,0.11194703,0.18448877116257556,-31.0,1,Sell,2.2823871906841418,1.10011217049916,-1.4540167994830906,604.68,627.23,575.89,650.78,544.04,657.98,-0.011233750306598012,0.02563976780312327,-0.05831084948082732,0.06414847518600286,-0.11039162783092138,0.0759218379527431
2025-12-29,MET,"METLIFE, INC.",Financials,79.99,80.99,0.0125,0.204,0.16784117,0.21543480660912917,-66.0,1,Sell,2.8947368421052744,1.4856596558317448,-1.3700384122919316,78.47,84.39,74.76,87.76,69.29,87.8,-0.019002375296912066,0.05500687585948261,-0.065383172896612,0.09713714214276803,-0.13376672084010488,0.09763720465058134
2025-12-29,META,"META PLATFORMS, INC.",Communication Services,658.69,722.87,0.0974,0.2153,0.22508465,-0.04347097858516791,-48.0,3,Sell,2.127613554434029,1.0668661181750174,1.405400540054005,644.82,688.2,591.84,730.01,547.59,814.83,-0.021056946363236073,0.0448010444974114,-0.10148931971033415,0.10827551655558754,-0.16866811398381643,0.23704625848274596
2025-12-29,MGM,MGM RESORTS INTERNATIONAL,Consumer Discretionary,37.16,35.94,-0.0328,0.3225,0.23029149,0.40039912026275926,-46.0,1,Sell,2.1216216216216366,1.1672354948805468,-2.667711598746077,36.42,38.73,34.23,40.58,28.65,40.35,-0.01991388589881582,0.04224973089343376,-0.07884822389666313,0.09203444564047358,-0.2290096878363832,0.08584499461786876
2025-12-29,MKC,"MCCORMICK & COMPANY, INC.",Consumer Staples,69.14,68.7,-0.0064,0.1067,0.18311245,-0.4172979499755478,-39.0,3,Sell,1.4254385964912273,-1.4329113924050632,-2.0419708029197063,66.86,72.39,63.48,73.09,57.95,74.62,-0.03297656927972237,0.047006074631183115,-0.08186288689615273,0.05713045993636112,-0.1618455308070581,0.07925947353196428
2025-12-29,MLM,"MARTIN MARIETTA MATERIALS, INC.",Materials,637.27,664.7,0.043,0.2176,0.17409573,0.24988705926331445,-52.0,1,Sell,1.9516460905349768,1.3091517857142865,-1.1641377490434102,627.55,656.24,601.43,684.19,549.04,713.06,-0.01525256170853806,0.029767602429111806,-0.05623989831625531,0.07362656330911554,-0.13844995057040188,0.11892918229321947
2025-12-29,MMC,"MARSH & MCLENNAN COMPANIES, INC.",Financials,187.63,188.06,0.0023,0.1751,0.09616777,0.8207763370201888,-10.0,1,Neutral,-1.062211981566816,-1.0508356545960995,-1.646382691007438,183.02,191.97,172.54,201.99,163.28,202.42,-0.02456963172200599,0.023130629430261784,-0.08042423919415875,0.07653360336833126,-0.1297766881628737,0.07882534775888717
2025-12-29,MMM,3M COMPANY,Industrials,161.72,185.85,0.1492,0.2188,0.17552443,0.24655012410523125,35.0,1,Buy,-2.5372168284789627,1.2762790697674418,3.0038461538461547,153.88,164.81,150.97,175.44,148.72,200.77,-0.04847885233737326,0.019107098689092217,-0.06647291615137274,0.08483799159040317,-0.08038585209003213,0.24146673262428897
2025-12-29,MNST,MONSTER BEVERAGE ,Consumer Staples,77.63,78.32,0.0089,0.1879,0.17677852,0.06291194201648498,-9.0,1,Neutral,1.5963855421686814,1.6755162241887922,-2.137670196671709,75.97,80.28,74.24,83.31,63.5,84.24,-0.02138348576581217,0.03413628751771225,-0.043668684786809187,0.07316758984928518,-0.18201726136802776,0.08514749452531234
2025-12-29,MO,"ALTRIA GROUP, INC.",Consumer Staples,57.62,63.66,0.1048,0.162,0.11972554,0.35309475321639816,14.0,1,Neutral,2.7605633802816882,-1.287531806615775,2.3139240506329157,56.91,59.58,52.56,61.55,53.67,66.76,-0.012322110378340856,0.0340159666782367,-0.08781673030197845,0.06820548420687267,-0.06855258590767088,0.15862547726483878
2025-12-29,MOH,"MOLINA HEALTHCARE, INC.",Health Care,166.54,143.34,-0.1393,0.4036,0.24962664,0.6168146156195509,-85.0,1,Sell,1.3952380952381023,-1.48009950248756,-2.5726223637087147,160.24,175.33,142.74,182.62,101.89,191.67,-0.03782874984988582,0.05278011288579343,-0.14290861054401338,0.09655338056923268,-0.38819502822144825,0.1508946799567672
2025-12-29,MOS,THE MOSAIC COMPANY,Materials,24.06,24.35,0.0121,0.3888,0.41881714,-0.07167123102937001,8.0,4,Neutral,1.4561403508771968,-2.0217391304347783,1.4182692307692313,22.92,25.72,21.27,25.44,19.9,29.96,-0.047381546134663166,0.06899418121363254,-0.11596009975062338,0.057356608478803084,-0.1729010806317539,0.24522028262676643
2025-12-29,MP,MP MATERIALS CORP,MR Discretion,51.93,69.43,0.337,0.608,0.53814582,0.12980530072685492,30.0,1,Buy,1.4291497975708514,1.2090322580645159,3.4720812182741114,49.46,55.46,44.18,61.3,40.11,92.97,-0.04756402849990371,0.06797612170229161,-0.1492393606778355,0.18043520123242818,-0.2276140958983247,0.7902946273830156
2025-12-29,MPC,MARATHON PETROLEUM ,Energy,163.6,190.97,0.1673,0.2916,0.24457854,0.19225505230344409,-20.0,1,Neutral,-2.584856396866834,-1.180087847730601,5.521739130434781,153.7,167.43,147.48,177.26,152.79,223.29,-0.06051344743276288,0.023410757946210392,-0.0985330073349634,0.08349633251833732,-0.06607579462102686,0.3648533007334964
2025-12-29,MPWR,"MONOLITHIC POWER SYSTEMS, INC.",Information Technology,930.04,1061.1,0.1409,0.3892,0.27393051,0.42079828931797336,-7.0,1,Neutral,2.2443766679374746,2.030206013363033,1.7750768866808626,903.81,988.91,858.2,1075.89,760.96,1230.17,-0.02820308803922411,0.06329835275902118,-0.07724398950582767,0.15682121199088228,-0.18179863231688953,0.322706550255903
2025-12-29,MRK,"MERCK & CO., INC.",Health Care,106.62,104.72,-0.0178,0.225,0.23721277,-0.05148445423068915,-49.0,3,Sell,1.0867346938775482,1.390575916230365,-2.274206672091133,102.7,110.88,97.07,119.9,78.67,118.91,-0.036766085162258544,0.03995498030388278,-0.08957043706621659,0.12455449259050844,-0.2621459388482461,0.11526918026636657
2025-12-29,MRNA,"MODERNA, INC.",Health Care,31.15,26.69,-0.1432,0.5829,0.64941024,-0.10241637089060995,-71.0,4,Sell,20.111111111111143,2.8659003831417644,-2.3865979381443294,30.88,36.58,28.54,38.63,17.26,36.97,-0.008667736757624334,0.17431781701444615,-0.08378812199036911,0.24012841091492798,-0.44590690208667727,0.18683788121990363
2025-12-29,MS,MORGAN STANLEY,Financials,179.94,192.0,0.067,0.272,0.17400048,0.5632140784898985,16.0,1,Neutral,2.225705329153605,1.4544642857142864,-1.3113772455089816,176.75,187.04,168.74,196.23,151.47,201.65,-0.017728131599421992,0.03945759697677009,-0.062242969878848475,0.09053017672557506,-0.15821940646882293,0.12065132822051794
2025-12-29,MSCI,MSCI INC.,Financials,585.76,569.69,-0.0274,0.1838,0.15133168,0.21455071403423265,1.0,2,Neutral,1.5887032617342982,-1.0443652208358092,-1.6924466931694961,573.19,605.73,533.03,636.25,492.1,641.1,-0.02145930073750335,0.03409246107620878,-0.09001980333242288,0.08619571155422023,-0.15989483747609934,0.09447555312756073
2025-12-29,MSFT,MICROSOFT ,Information Technology,487.1,519.24,0.066,0.1722,0.18258859,-0.056896162021953356,-32.0,3,Sell,1.1255102040816285,-1.2636765205572567,1.5489811912225688,477.3,498.13,449.91,516.53,436.06,566.16,-0.020119072059125442,0.022644220899199263,-0.07634982549784441,0.06041880517347553,-0.104783412030384,0.16230753438718937
2025-12-29,MSI,"MOTOROLA SOLUTIONS, INC.",Information Technology,377.28,396.2,0.0501,0.2053,0.15477645,0.3264291822173204,-31.0,2,Sell,1.038314176245214,-1.8001730103806202,1.4430212014134292,366.84,388.12,335.66,400.4,332.0,442.62,-0.027671755725190872,0.028731976251060276,-0.110315945716709,0.061280746395250274,-0.12001696352841384,0.1731870229007635
2025-12-29,MTB,M&T BANK ,Financials,204.68,213.0,0.0406,0.2346,0.17315913,0.35482316179343254,-24.0,1,Neutral,5.502732240437117,1.3916238060249801,-1.7405812701829941,202.85,214.75,191.07,223.62,172.34,223.26,-0.0089407856165723,0.04919874926714862,-0.06649403947625565,0.0925346882939222,-0.1580027359781122,0.09077584522180948
2025-12-29,MTCH,"MATCH GROUP, INC.",Communication Services,32.39,34.39,0.0617,0.2712,0.15863396,0.7095961041381051,31.0,1,Buy,1.5,1.0788381742738595,1.3840399002493753,31.67,33.47,29.98,34.99,28.38,37.94,-0.022229083050324117,0.03334362457548612,-0.07440568076566845,0.08027168879283741,-0.12380364309972214,0.1713491818462487
2025-12-29,MTD,METTLER-TOLEDO INTERNATIONAL INC.,Health Care,1419.47,1522.54,0.0726,0.2475,0.18776368,0.31814629964644925,36.0,1,Buy,-1.5925349922239584,1.4401340594888956,1.4320579346524474,1368.27,1451.62,1300.12,1591.35,1244.1,1670.61,-0.036069800700261445,0.02264929868190224,-0.08408067799953511,0.12108744813204919,-0.12354611228134449,0.17692519038796162
2025-12-29,MTUM,ISHARES:MSCI USA MOM FCT,Sector & Style ETFs,253.49,262.5,0.0355,0.1414,0.17855646,-0.20809361923953917,-37.0,3,Sell,1.372424722662435,-1.222860791826312,-1.1600547195622437,247.18,262.15,234.34,269.15,219.57,282.73,-0.02489250069036253,0.034163083356345325,-0.07554538640577535,0.061777584914592065,-0.1338119846936764,0.1153497179375913
2025-12-29,MU,"MICRON TECHNOLOGY, INC.",Information Technology,294.37,313.73,0.0658,0.5809,0.63091644,-0.07927585465992937,-8.0,3,Neutral,-1.0567911040508342,1.1207370737073703,-1.6087311301509593,267.76,319.55,258.01,335.12,176.08,367.9,-0.09039643985460477,0.08553860787444378,-0.1235180215375209,0.1384312260080851,-0.40184122023304003,0.24978768216869907
2025-12-29,MUB,ISHARES:NATL MUNI BOND,Bonds,107.04,107.21,0.0016,0.1074,0.02468486,3.350845011881777,-1.0,1,Neutral,-1.2647058823529522,-1.1440000000000017,-1.1632047477744845,105.75,108.06,102.75,110.79,103.12,110.41,-0.012051569506726478,0.009529147982062725,-0.040078475336322916,0.03503363228699552,-0.036621823617339344,0.0314835575485799
2025-12-29,NCLH,NORWEGIAN CRUISE LINE HOLDINGS LTD.,Consumer Discretionary,22.41,21.59,-0.0366,0.3907,0.45080427,-0.1333267539812789,-60.0,4,Sell,10.272727272727217,1.2664670658682637,-1.448275862068966,22.08,25.8,19.07,26.64,14.85,27.63,-0.014725568942436484,0.15127175368139234,-0.1490406068719322,0.1887550200803214,-0.3373493975903614,0.23293172690763053
2025-12-29,NDAQ,"NASDAQ, INC.",Financials,98.87,99.61,0.0075,0.1157,0.16742843,-0.3089584606389727,-57.0,4,Sell,7.809523809523781,1.2134831460674154,-2.369310793237972,98.45,102.15,92.64,106.43,80.65,106.56,-0.004248002427429953,0.03317487609992931,-0.06301203600687777,0.07646404369373938,-0.18428239101850918,0.07777890158794376
2025-12-29,NDSN,NORDSON ,Industrials,243.14,239.22,-0.0161,0.199,0.12944074,0.5373830526617818,-10.0,1,Neutral,1.8921161825726178,1.5753646677471667,-1.4860639021074091,238.32,252.26,230.8,262.58,199.42,272.56,-0.019823969729373947,0.03750925392777815,-0.05075265279262964,0.07995393600394829,-0.1798140988730772,0.12100024677140753
2025-12-29,NDX,NASDAQ 100 INDEX,Indices,25525.560546875,26724.5,0.047,0.1863,0.1348222,0.38181990799734744,4.0,1,,1.1526491595510413,1.2820694318380619,1.0813036657537516,25125.5,25986.69,24548.89,26777.72,22875.14,28391.47,-0.015672938744688114,0.018065399671759685,-0.03826245245746707,0.04905512068287554,-0.10383398013954614,0.11227606335469353
2025-12-29,NEE,"NEXTERA ENERGY, INC.",Utilities,80.27,88.78,0.106,0.2322,0.18681121,0.24296609395121416,30.0,1,Buy,-1.5939086294416256,1.1650853889943085,2.6553480475382,77.13,82.24,75.0,86.41,74.38,95.91,-0.03911797682820484,0.024542170175657185,-0.06565341970848382,0.07649184003986553,-0.07337735143889379,0.19484240687679089
2025-12-29,NEM,NEWMONT ,Materials,99.81,114.22,0.1444,0.4372,0.39271945,0.11326291580414449,-2.0,1,Neutral,31.846153846153804,2.153081510934393,1.0017226528854433,99.42,112.23,89.75,121.47,76.59,123.07,-0.003907424105801027,0.12443642921550957,-0.10079150385732893,0.2170123234144874,-0.23264201983769162,0.23304278128444045
2025-12-29,NFLX,"NETFLIX, INC.",Communication Services,94.15,113.28,0.2032,0.345,0.29618657,0.1648063583706716,0.0,1,Neutral,-3.6802721088435475,-1.5993836671802801,6.8861209964412735,88.74,95.62,83.77,100.64,88.53,132.85,-0.05746149761019659,0.015613382899628325,-0.11024960169941589,0.06893255443441304,-0.059691980881572015,0.41104620286776417
2025-12-29,NI,NISOURCE INC.,Utilities,41.93,46.61,0.1116,0.4762,0.16207873,1.938078303056792,10.0,1,Neutral,-2.4324324324324453,-1.436170212765957,3.5953757225433582,41.03,42.3,39.23,43.81,40.2,48.15,-0.021464345337467217,0.008824230860958737,-0.06439303601240165,0.044836632482709415,-0.041259241593131324,0.14834247555449553
2025-12-29,NKE,"NIKE, INC.",Consumer Discretionary,61.21,62.63,0.0232,0.266,0.48499796,-0.4515440848452228,9.0,4,Neutral,-2.818181818181818,-2.1374663072776277,1.122854561878952,54.08,63.74,53.28,64.92,50.14,73.64,-0.11648423460218926,0.04133311550400265,-0.1295539944453521,0.06061101127266788,-0.18085280182976637,0.2030713935631432
2025-12-29,NOC,NORTHROP GRUMMAN ,Industrials,577.78,594.58,0.0291,0.1854,0.24067341,-0.22966147361272682,-28.0,4,Sell,2.894103489771387,-1.0,-1.0599790073474276,569.47,601.83,535.55,620.01,507.09,644.47,-0.014382636989857644,0.041624839904462085,-0.07309010349960199,0.07309010349960188,-0.12234760635536013,0.11542455605939983
2025-12-29,NORW,GLBL X MSCI NORWAY ETF,Foreign,30.4638,30.46,-0.0001,0.0,0.10064438,,-44.0,,Sell,1.4503847711624145,-1.2472687041902901,-1.7149675299272333,29.97,31.18,28.66,31.91,26.08,33.02,-0.01620940263525894,0.023509870731819316,-0.059211260578128755,0.047472738135098114,-0.14390194263355194,0.08390942692638492
2025-12-29,NOV,NOV INC.,MR Discretion,15.68,15.84,0.0102,0.4738,0.35539848,0.33315145298314164,-1.0,1,Neutral,-1.1886792452830144,2.1530612244897944,-1.1973684210526312,15.05,16.21,14.7,17.79,12.95,17.96,-0.0401785714285714,0.03380102040816335,-0.0625,0.1345663265306123,-0.1741071428571429,0.14540816326530615
2025-12-29,NOW,"SERVICENOW, INC.",Information Technology,154.58,171.01,0.1063,0.4193,0.44708964,-0.06215675227902839,-21.0,4,Neutral,-2.140243902439036,-1.5682478218780291,2.4009876543209865,140.54,161.14,138.38,164.91,134.33,203.2,-0.09082675637210513,0.04243757277784943,-0.10480010350627522,0.06682623884072969,-0.13100012938284378,0.31452969336266
2025-12-29,NQ=F,NASDAQ 100 FUTURES,Futures,25721.5,26579.84,0.0334,0.0,0.10626396,,-9.0,,,2.149942987457229,1.2203542279717978,-1.0531950909860348,25405.78,26400.28,24820.95,26820.49,22983.93,28320.8,-0.01227455630503671,0.026389596252162528,-0.03501156619948287,0.04272651283945339,-0.10643119569231962,0.10105553719650873
2025-12-29,NRG,"NRG ENERGY, INC.",Utilities,160.96,194.49,0.2083,0.4005,0.39070339,0.025074289731655597,40.0,1,Buy,-1.720190779014314,-1.3429319371727786,2.448458149779733,150.14,167.25,145.57,172.42,138.26,216.54,-0.06722166998011947,0.03907803180914504,-0.09561381709741557,0.07119781312127227,-0.14102882703777342,0.34530318091451284
2025-12-29,NSC,NORFOLK SOUTHERN ,Industrials,292.05,304.83,0.0438,0.1478,0.12840889,0.15101065043082285,4.0,1,Neutral,1.1115044247787496,-1.150917743031953,1.1700576981475848,286.4,298.33,275.12,306.76,259.12,330.58,-0.019346002396849915,0.021503167265878975,-0.05796952576613601,0.05036808765622314,-0.11275466529703815,0.1319294641328539
2025-12-29,NTAP,"NETAPP, INC.",Information Technology,109.4,121.6,0.1115,0.2855,0.22746582,0.2551336284282182,26.0,1,Buy,-1.1086350974930406,1.0433734939759018,1.7372685185185173,105.42,112.99,101.1,118.06,92.12,139.42,-0.03638025594149907,0.03281535648994516,-0.07586837294332738,0.07915904936014617,-0.15795246800731266,0.2744058500914075
2025-12-29,NTRS,NORTHERN TRUST ,Financials,139.71,146.47,0.0484,0.2721,0.15293501,0.7791871200714604,-35.0,1,Sell,2.541832669322688,1.1427203065134082,-1.5130960376091351,137.2,146.09,129.27,151.64,117.18,154.6,-0.017965786271562645,0.04566602247512708,-0.07472621859566242,0.08539116741822328,-0.16126261541765086,0.10657791138787487
2025-12-29,NUE,NUCOR ,Materials,165.48,162.53,-0.0178,0.268,0.24913453,0.07572402749630891,6.0,2,Neutral,1.1686746987951837,2.0133010882708637,-2.0350480497456194,159.67,172.27,157.21,182.13,129.48,183.17,-0.035109983079526286,0.04103214890016926,-0.049975827894609526,0.1006163886874547,-0.21754894851341555,0.10690113608895335
2025-12-29,NVDA,NVIDIA ,Information Technology,188.22,220.8,0.1731,0.3151,0.31066412,0.014278700739563943,-55.0,1,Sell,1.1565600882028684,1.3981927710843383,2.0812003530450123,179.15,198.71,171.62,211.43,154.23,258.96,-0.04818829029858673,0.05573265327807886,-0.08819466581659752,0.1233131441929658,-0.18058654765699722,0.3758367867389225
2025-12-29,NVR,"NVR, INC.",Consumer Discretionary,7355.26,7885.24,0.0721,0.0,0.19349438,,-4.0,,Neutral,-1.3396262395118255,-1.2717155779951634,1.497134069621138,7144.51,7512.58,6750.75,7830.61,6568.43,8533.25,-0.028652964001272596,0.021388774835967794,-0.0821874413684901,0.06462721916016556,-0.10697514431848776,0.16015613316184596
2025-12-29,NWSA,NEWS CORP.,Communication Services,26.25,26.89,0.0244,0.3443,0.11094694,2.103285228055862,-27.0,1,Sell,1.8125000000000004,-1.1609756097560966,-1.0833333333333333,25.77,27.12,23.87,28.3,23.0,29.25,-0.01828571428571435,0.03314285714285714,-0.09066666666666667,0.07809523809523822,-0.12380952380952381,0.11428571428571432
2025-12-29,NXPI,NXP SEMICONDUCTORS NV,Information Technology,220.46,219.48,-0.0044,0.2913,0.38679826,-0.2468942337020854,-91.0,3,Sell,2.5873015873015883,1.5500209292591034,-2.0544761904761906,216.05,231.87,196.57,257.49,166.53,246.71,-0.020003628776195215,0.051755420484441705,-0.10836432913000094,0.1679669781366233,-0.24462487526081833,0.11906921890592392
2025-12-29,O,REALTY INCOME ,Real Estate,56.81,58.83,0.0356,0.155,0.14939499,0.037518058671177634,20.0,2,Neutral,-1.8695652173913115,-1.3733766233766254,1.3522167487684709,54.66,57.96,52.58,59.89,52.75,62.3,-0.03784544974476334,0.020242914979757165,-0.07445872205597615,0.05421580707621887,-0.07146629114592506,0.0966379158598838
2025-12-29,ODFL,"OLD DOMINION FREIGHT LINE, INC.",Industrials,159.56,152.59,-0.0437,0.3263,0.34881056,-0.06453520214525621,-70.0,3,Sell,1.5988538681948337,1.7890451517394526,-4.598907103825134,156.07,165.14,146.05,183.73,117.48,168.71,-0.021872649786914056,0.03497117071947842,-0.08467034344447222,0.15147906743544737,-0.26372524442216094,0.057345199298069804
2025-12-29,OEF,ISHARES:S&P 100,Sector & Style ETFs,345.39,359.44,0.0407,0.0899,0.08823051,0.018921912612768432,11.0,1,Neutral,1.1882510013351166,1.307122507122506,1.059014618299946,337.9,354.29,327.84,368.33,308.45,384.51,-0.021685630736269168,0.0257679724369555,-0.050812125423434384,0.06641767277570287,-0.1069515620023741,0.11326326761052719
2025-12-29,OKE,"ONEOK, INC.",Energy,73.66,76.58,0.0396,0.2326,0.23010099,0.010860492169112446,-23.0,2,Neutral,-2.8888888888888844,-1.1107544141252002,-1.1726354453627177,70.54,74.74,66.74,79.89,60.89,84.55,-0.042356774368720984,0.014661960358403503,-0.09394515340754828,0.0845777898452349,-0.17336410534890034,0.14784143361390178
2025-12-29,OMC,OMNICOM GROUP INC.,Communication Services,80.47,78.96,-0.0188,0.224,0.32017295,-0.30037812376092365,-70.0,3,Sell,1.3825136612021878,-1.0673076923076916,-2.944751381215465,76.81,85.53,72.7,87.75,64.48,85.9,-0.045482788616875824,0.0628805766124021,-0.09655772337517088,0.0904684975767367,-0.19870759289176088,0.06747856343979142
2025-12-29,ON,ON SEMICONDUCTOR ,Information Technology,54.02,52.15,-0.0346,0.4229,0.47780681,-0.11491424745494949,-46.0,3,Sell,3.047619047619031,1.9621749408983427,-2.0068965517241386,52.97,57.22,49.79,62.32,39.47,61.27,-0.01943724546464276,0.059237319511292075,-0.07830433172898932,0.15364679748241383,-0.2693446871529064,0.1342095520177713
2025-12-29,ORCL,ORACLE ,Information Technology,195.38,242.84,0.2429,0.4099,0.57948304,-0.29264538958724307,11.0,4,Neutral,-1.2718052738336723,-1.9179424372320864,2.968262226847035,176.57,210.17,164.06,211.71,156.94,309.48,-0.0962739277305763,0.07569863855051695,-0.1603029992834476,0.0835807145050671,-0.1967448049953936,0.5839901729962127
2025-12-29,ORLY,"O'REILLY AUTOMOTIVE, INC.",Consumer Discretionary,91.78,104.26,0.136,0.2167,0.18409667,0.17709896653752621,27.0,1,Buy,-1.592057761732853,-1.5298372513562397,3.53900709219858,87.37,94.55,83.32,97.31,86.14,111.74,-0.048049684027021144,0.030180867291348834,-0.09217694486816308,0.060252778383089955,-0.06145129657877535,0.21747657441708435
2025-12-29,OTIS,OTIS WORLDWIDE ,Industrials,87.95,91.26,0.0376,0.1003,0.11766185,-0.14755717337437746,-23.0,3,Neutral,-1.0923076923076958,-1.3820224719101128,1.3253652058432939,85.82,89.9,81.8,92.4,80.42,97.93,-0.02421830585559992,0.022171688459351913,-0.0699260943718022,0.050596930073905755,-0.0856168277430358,0.11347356452529844
2025-12-29,OXY,OCCIDENTAL PETROLEUM ,Energy,40.41,39.68,-0.0181,0.2589,0.26916816,-0.03814775120504588,-40.0,4,Sell,-9.086956521738957,-1.8342245989304766,-1.0773195876288653,38.32,40.64,36.98,42.28,34.14,46.23,-0.05171987131898037,0.005691660480079186,-0.08487998020292009,0.046275674338035255,-0.15515961395694122,0.1440237564959168
2025-12-29,PAM,PAMPA ENERGIA SA,MR Discretion,87.68,97.65,0.1137,0.4355,0.2250529,0.9351005919052808,8.0,1,Neutral,1.86567164179104,3.0582191780821897,1.660201149425287,85.67,91.43,81.84,105.54,73.76,110.79,-0.022924270072992803,0.042769160583941535,-0.06660583941605847,0.20369525547445244,-0.1587591240875913,0.26357208029197077
2025-12-29,PANW,"PALO ALTO NETWORKS, INC.",Information Technology,186.85,207.55,0.1108,0.2614,0.23270441,0.12331347738532328,-25.0,1,Neutral,-1.1813643926788637,1.0164986251145745,2.3312649164677817,179.75,192.86,165.03,209.03,165.9,235.69,-0.03799839443403796,0.03216483810543225,-0.11677816430291676,0.1187048434573188,-0.11212202301311203,0.2613861386138614
2025-12-29,PAYC,"PAYCOM SOFTWARE, INC.",Industrials,160.76,166.65,0.0366,0.3025,0.22060804,0.3712102242511197,22.0,1,Neutral,-1.3615023474178303,-2.1275559883154793,1.7411811335711465,154.96,165.02,138.91,171.03,135.53,204.69,-0.03607862652401084,0.02649912913660124,-0.13591689474993773,0.06388405075889536,-0.15694202537944757,0.27326449365513805
2025-12-29,PAYX,"PAYCHEX, INC.",Industrials,114.0,115.99,0.0175,0.1304,0.18400142,-0.29130981706554226,-63.0,3,Sell,-1.0119047619047639,-1.100936524453694,-1.1584967320261448,110.6,117.36,103.42,123.61,99.82,126.24,-0.029824561403508865,0.02947368421052632,-0.09280701754385967,0.0842982456140351,-0.12438596491228071,0.10736842105263156
2025-12-29,PBR,BRAZILIAN PETROLEUM  - PETROBRAS,MR Discretion,11.59,12.48,0.0768,0.0004,0.26011969,-0.998462246360512,10.0,3,Neutral,-1.461538461538459,-1.1037735849056598,2.490384615384617,11.21,11.85,10.42,12.65,10.55,14.18,-0.032786885245901565,0.022433132010353685,-0.10094909404659191,0.09145815358067311,-0.08973252804141496,0.22346850733390844
2025-12-29,PCAR,PACCAR INC,Industrials,111.44,115.84,0.0395,0.298,0.21732201,0.37123708730652716,-53.0,1,Sell,2.635658914728703,1.4688856729377728,-1.653258246178599,110.15,114.84,104.53,121.59,90.89,123.87,-0.011575735821966915,0.030509691313711507,-0.062006460875807634,0.09108040201005041,-0.18440416367552048,0.11153984206748024
2025-12-29,PCG,PG&E ,Utilities,15.99,15.97,-0.0013,0.2773,0.23049785,0.20304809784559796,-20.0,2,Neutral,-1.1363636363636376,-1.10344827586207,-1.0649819494584836,15.49,16.43,14.71,17.15,13.04,18.76,-0.03126954346466537,0.027517198248905528,-0.08005003126954346,0.07254534083802366,-0.18449030644152598,0.17323327079424655
2025-12-29,PEG,PUBLIC SERVICE ENTERPRISE GROUP INC.,Utilities,80.69,87.84,0.0886,0.2076,0.15588767,0.3317281604119171,6.0,1,Neutral,-1.290697674418605,-1.2184210526315786,2.0439560439560456,78.47,82.41,76.06,84.49,75.23,91.85,-0.0275127029371669,0.021316148221588893,-0.057380096666253544,0.04709381583839378,-0.0676663774941132,0.1383071012517041
2025-12-29,PEP,"PEPSICO, INC.",Consumer Staples,144.24,153.68,0.0654,0.1597,0.17584192,-0.09179790575535118,50.0,4,Buy,-1.293398533007339,1.3191256830601077,1.6505281690140825,138.95,148.33,135.09,156.31,132.88,162.99,-0.03667498613422093,0.02835551858014429,-0.06343594009983367,0.08367997781475323,-0.07875762617859128,0.12999168053244592
2025-12-29,PFE,PFIZER INC.,Health Care,25.0,25.67,0.0268,0.2441,0.21881422,0.11555821189317594,25.0,1,Neutral,1.171874999999999,1.9899999999999984,1.2048192771084345,24.36,25.75,24.0,26.99,22.51,28.0,-0.025600000000000067,0.030000000000000027,-0.040000000000000036,0.0795999999999999,-0.09959999999999991,0.1200000000000001
2025-12-29,PFF,ISHARES:PREF AND INC SEC,Bonds,31.0,31.09,0.0029,0.0506,0.05586239,-0.09420273640279264,-47.0,3,Sell,1.5526315789473721,1.114285714285717,-1.3916083916083908,30.62,31.59,29.6,32.56,29.01,32.43,-0.012258064516128986,0.01903225806451614,-0.04516129032258065,0.05032258064516126,-0.06419354838709668,0.04612903225806453
2025-12-29,PFG,"PRINCIPAL FINANCIAL GROUP, INC.",Financials,89.04,91.05,0.0226,0.1709,0.16669821,0.02520596951820897,-35.0,1,Sell,2.546052631578924,1.7050997782705075,-1.8639053254437907,87.52,92.91,84.53,96.73,76.44,95.8,-0.017070979335130354,0.04346361185983816,-0.05065139263252472,0.0863656783468103,-0.14150943396226423,0.07592093441150038
2025-12-29,PG,THE PROCTER & GAMBLE COMPANY,Consumer Staples,144.57,149.35,0.0331,0.2283,0.19909808,0.14667102766636408,-5.0,1,Neutral,-1.2813186813186745,-1.2785956964892384,1.20804794520548,138.74,149.12,133.28,153.4,132.89,158.68,-0.040326485439579285,0.0314726430103065,-0.07809365705194715,0.06107767863318814,-0.08079131216711632,0.09759977865393932
2025-12-29,PGR,THE PROGRESSIVE ,Financials,228.51,244.64,0.0706,0.6671,0.21205168,2.1459312182766013,-14.0,2,Neutral,-1.3277202072538863,-1.3891358024691356,-1.0768996960486303,218.26,236.23,200.38,248.76,193.08,261.41,-0.04485580499759312,0.033784079471357975,-0.12310183361778482,0.08861756597085457,-0.15504791912826565,0.14397619360203073
2025-12-29,PH,PARKER-HANNIFIN ,Industrials,890.55,932.88,0.0475,0.1669,0.17527044,-0.04775728297367199,-37.0,3,Sell,1.1539050535987785,1.9562940584088628,-1.3201100461483841,864.43,920.69,840.9,987.68,741.8,1003.23,-0.029330189208915836,0.03384425355117626,-0.05575206333164895,0.10906743023973942,-0.16703160967941166,0.12652854977261252
2025-12-29,PHM,"PULTEGROUP, INC.",Consumer Discretionary,118.69,133.0,0.1206,0.3534,0.23953045,0.47538653227595895,-9.0,1,Neutral,-2.006430868167201,-1.4365079365079354,1.8119496855345922,112.45,121.8,106.02,127.51,102.79,147.5,-0.05257393209200434,0.02620271294970089,-0.10674867301373325,0.07431123093773695,-0.1339624231190496,0.24273317044401388
2025-12-29,PKG,PACKAGING  OF AMERICA,Materials,208.77,213.8,0.0241,0.2075,0.29837725,-0.3045716454588947,-53.0,4,Sell,-1.1356275303643757,-1.7258064516129055,-1.541279921836835,203.16,213.71,189.51,219.93,177.22,229.24,-0.026871676965081304,0.023662403602050075,-0.09225463428653546,0.05345595631556255,-0.15112324567706092,0.09805048618096479
2025-12-29,PLD,"PROLOGIS, INC.",Real Estate,128.48,127.96,-0.004,0.1824,0.12936136,0.4100037290888099,-11.0,1,Neutral,1.1019736842105368,-1.0056497175141208,-1.3102473498233205,125.44,131.83,119.58,137.33,109.94,142.63,-0.023661270236612686,0.02607409713574116,-0.06927148194271471,0.06888231631382324,-0.14430261519302612,0.11013387297633881
2025-12-29,PLTR,PALANTIR TECHNOLOGIES INC.,Information Technology,184.18,245.36,0.3322,0.4084,0.39297344,0.0392559863587727,-3.0,1,Neutral,56.85294117646997,2.2471395881006826,2.4877854487519917,183.84,203.51,171.07,213.64,146.52,277.87,-0.0018460201976328028,0.1049516777065913,-0.07118036703225117,0.1599522206537083,-0.20447388424367463,0.508687153871213
2025-12-29,PM,PHILIP MORRIS INTERNATIONAL INC.,Consumer Staples,161.94,170.0,0.0498,0.2007,0.20419379,-0.01711016774800056,-20.0,3,Neutral,2.281150159744417,-1.1624891961970611,-1.2984670874661859,158.81,169.08,148.49,173.51,133.14,184.12,-0.019328146226997633,0.044090403853279,-0.08305545263677894,0.0714462146474002,-0.17784364579473888,0.13696430776830937
2025-12-29,PNC,"THE PNC FINANCIAL SERVICES GROUP, INC.",Financials,211.97,213.97,0.0094,0.2653,0.17925494,0.4800149998655545,-43.0,1,Sell,3.000000000000008,1.3045838359469228,-2.6918714555765586,208.37,222.77,195.39,233.6,169.25,227.84,-0.016983535405953654,0.05095060621786107,-0.07821861584186451,0.10204274189743834,-0.20153795348398362,0.07486908524791236
2025-12-29,PNR,PENTAIR PUBLIC LIMITED COMPANY,Industrials,105.8,112.43,0.0627,0.2228,0.1790327,0.2444653965448771,-5.0,1,Neutral,-1.0724137931034459,-1.5933333333333337,1.2978003384094765,102.69,108.7,98.63,110.3,93.98,121.14,-0.02939508506616262,0.027410207939508657,-0.0677693761814745,0.04253308128544431,-0.11172022684310012,0.1449905482041589
2025-12-29,PNW,PINNACLE WEST CAPITAL ,Utilities,88.87,93.4,0.051,0.1237,0.12344017,0.002104906368810111,40.0,2,Buy,-1.9296874999999973,-1.3162055335968394,1.3929146537842159,86.4,90.15,82.21,93.93,82.66,97.52,-0.027793406098795992,0.01440306065038821,-0.07494092494655125,0.056937099133565816,-0.0698773489366491,0.09733318330145146
2025-12-29,PODD,INSULET ,Health Care,287.36,338.38,0.1775,0.2565,0.27232718,-0.05811825319823016,-3.0,3,Neutral,-1.5652173913043603,-1.0656234225138825,4.494685562444634,278.0,293.34,266.25,307.17,264.78,388.85,-0.03257238307349675,0.020810133630289496,-0.07346185968819607,0.06893791759465473,-0.07857739420935428,0.3531806792873051
2025-12-29,POOL,POOL ,Consumer Discretionary,229.33,233.5,0.0182,0.2692,0.17071446,0.5769021557986358,8.0,1,Neutral,1.114566284779044,-2.0047169811320757,1.6690240452616676,223.22,236.14,203.83,242.05,201.05,276.53,-0.026642829110888333,0.029695199058125787,-0.11119347664936985,0.05546592246980331,-0.12331574586839922,0.20581694501373549
2025-12-29,POWA,INVESCO BLOOMBERG PRICING POWER,Sector & Style ETFs,90.946,93.54,0.0285,0.1319,0.07932492,0.6627813806808756,-9.0,1,Neutral,-1.3204419889502736,-1.0286016949152528,1.0031490552834177,89.99,91.67,85.12,96.61,85.23,96.68,-0.01051173223671198,0.007960767928221202,-0.06405999164339271,0.062278714841774274,-0.06285048270402205,0.06304840234864661
2025-12-29,PPG,"PPG INDUSTRIES, INC.",Materials,104.25,98.17,-0.0583,0.253,0.12397991,1.0406531993772217,-53.0,1,Sell,-1.0706319702602223,-1.220228384991845,-7.3577586206896735,101.37,106.94,96.77,110.38,87.18,106.57,-0.02762589928057546,0.025803357314148734,-0.07175059952038376,0.05880095923261397,-0.16374100719424456,0.022254196642685686
2025-12-29,PPL,PPL ,Utilities,35.22,37.99,0.0786,0.1594,0.1936055,-0.1766762824403234,18.0,4,Neutral,-1.4307692307692335,-1.2938775510204075,1.904166666666668,34.29,35.87,32.05,37.67,32.82,39.79,-0.02640545144804085,0.01845542305508241,-0.09000567859170927,0.06956274843838739,-0.0681431005110732,0.12975582055650192
2025-12-29,PPLT,ABRDN:PHYSICAL PLATINUM,Commodities,192.78,209.75,0.088,0.6669,0.69503358,-0.04047801546509444,-45.0,4,Sell,,3.526378186129223,-1.4106226288774828,196.77,236.55,175.91,252.27,129.57,237.59,0.020697167755991286,0.2270463741051978,-0.08750907770515615,0.3085901027077498,-0.32788671023965144,0.23244112459798738
2025-12-29,PRU,"PRUDENTIAL FINANCIAL, INC.",Financials,113.33,115.11,0.0157,0.1503,0.15317313,-0.01875740216316013,-51.0,3,Sell,2.5357142857142945,2.1344195519348292,-1.9394977168949754,111.09,119.01,108.42,123.81,96.34,122.09,-0.019765287214329796,0.050119121150622226,-0.04332480367069613,0.09247330803847165,-0.1499161740051178,0.07729639107032571
2025-12-29,PSA,PUBLIC STORAGE.,Real Estate,259.32,276.15,0.0649,0.1593,0.19574856,-0.18620090998370564,10.0,3,Neutral,-1.2382310984308158,-1.0560570071258897,2.030769230769231,250.64,266.33,237.09,280.37,237.22,304.2,-0.03347215795156566,0.027032238161345035,-0.08572420175844508,0.0811738392719421,-0.08522289063705069,0.17306802406293387
2025-12-29,PSKY,PARAMOUNT SKYDANCE ,Communication Services,13.5,15.57,0.1533,0.26,0.62348717,-0.5829906171124579,22.0,3,Neutral,-1.3518518518518547,-2.2424242424242427,3.639751552795032,12.77,14.04,12.02,14.16,11.89,19.36,-0.05407407407407405,0.040000000000000036,-0.10962962962962963,0.04888888888888898,-0.11925925925925918,0.43407407407407406
2025-12-29,PSX,PHILLIPS 66,Energy,128.59,139.93,0.0882,0.2657,0.30548903,-0.13024700101342435,-2.0,4,Neutral,-1.7605321507760563,-1.0430950048971595,2.2063253012048176,120.65,133.1,117.94,138.8,115.31,157.89,-0.06174663659693602,0.03507271171941828,-0.08282137024652003,0.07939964227389384,-0.10327397153744455,0.22785597635897026
2025-12-29,PTC,PTC INC.,Information Technology,175.59,181.91,0.036,0.1561,0.16871427,-0.07476706030853231,-15.0,3,Neutral,1.778481012658231,-1.2118598382749333,1.6034271725826192,172.43,181.21,153.11,194.14,151.08,214.89,-0.017996469047212194,0.03200637849535859,-0.1280255139814339,0.10564382937524908,-0.13958653681872535,0.2238168460618486
2025-12-29,PWR,"QUANTA SERVICES, INC.",Industrials,431.03,507.82,0.1782,0.3271,0.33946048,-0.036412132569894506,-17.0,3,Neutral,-1.365426695842445,1.3985174726438414,2.326416152551882,412.31,444.74,402.7,470.65,377.54,555.47,-0.04343085168085736,0.03180753079832033,-0.06572628355334897,0.09191935596130207,-0.12409809062014232,0.2887038025195463
2025-12-29,PYPL,"PAYPAL HOLDINGS, INC.",Financials,59.49,64.6,0.0859,0.2722,0.18038203,0.5090194960107723,12.0,1,Neutral,-1.0220588235294126,1.041095890410959,2.1014851485148496,58.1,60.85,54.38,64.81,51.41,76.47,-0.023365271474197313,0.022860985039502513,-0.0858967893763658,0.08942679441923018,-0.1358211464111616,0.2854261220373171
2025-12-29,Q,"QNITY ELECTRONICS, INC.",Information Technology,83.59,,-1.0,0.3103,0.44572443,-0.30382994712674816,-26.0,3,Sell,-1.0489977728285107,1.779751332149201,,78.88,88.08,66.7,113.65,,,-0.056346452924991075,0.053714559157793884,-0.2020576623998086,0.3596123938270128,,
2025-12-29,QAT,ISHARES:MSCI QATAR,Foreign,18.8751,19.46,0.031,0.0,0.11008971,,-3.0,,Neutral,1.1048200378867554,-1.0755000751992785,1.3588015529997826,18.4,19.4,18.16,19.54,17.51,20.73,-0.02517072757230432,0.027809124190070422,-0.037885891995274146,0.035226303436803,-0.07232279564081767,0.0982723270340291
2025-12-29,QCOM,QUALCOMM INC.,Information Technology,173.43,186.38,0.0747,0.2603,0.21727439,0.1980243046591914,-26.0,1,Sell,1.631460674157295,2.3374340949033394,1.4278863887864242,168.98,180.69,162.05,200.03,146.32,212.14,-0.02565876722597027,0.04186126967652659,-0.06561725191720003,0.1533760018451249,-0.15631666954967427,0.2232024447904053
2025-12-29,QQQ,INVESCO QQQ TRUST 1,Sector & Style ETFs,620.87,652.67,0.0512,0.1581,0.13148855,0.20238606327318975,4.0,1,Neutral,1.1090083270249762,1.2189695550351265,1.108556461001163,607.66,635.52,578.17,672.92,552.15,697.05,-0.021276595744680882,0.023595921851595314,-0.06877446164253398,0.08383397490618005,-0.11068339587997489,0.12269879362829572
2025-12-29,QUAL,ISHARES:MSCI USA QF,Sector & Style ETFs,200.5,206.11,0.028,0.1134,0.07943604,0.4275636096663429,-1.0,1,Neutral,1.2096317280453284,-1.0416210295728363,-1.2164835164835166,196.97,204.77,190.99,209.63,178.36,218.7,-0.017605985037406513,0.0212967581047383,-0.047431421446384014,0.04553615960099755,-0.11042394014962587,0.09077306733167068
2025-12-29,RCL,ROYAL CARIBBEAN CRUISES LTD.,Consumer Discretionary,282.69,310.87,0.0997,0.3526,0.41110213,-0.1423055871785437,-69.0,3,Sell,4.6576704545454435,1.133554817275748,1.146605644546148,275.65,315.48,252.59,316.81,217.14,357.85,-0.02490360465527619,0.11599278361456022,-0.10647705967667764,0.12069758392585528,-0.23187944391382787,0.2658742792458171
2025-12-29,REG,REGENCY CENTERS ,Real Estate,69.79,71.77,0.0284,0.1513,0.13236165,0.14308034086912635,-18.0,1,Neutral,-1.7910447761194217,-1.3713592233009755,-1.0351170568561898,67.39,71.13,64.14,73.91,63.6,75.77,-0.0343888809284999,0.019200458518412233,-0.08095715718584329,0.05903424559392456,-0.08869465539475574,0.0856856283135119
2025-12-29,REGN,"REGENERON PHARMACEUTICALS, INC.",Health Care,780.5,786.8,0.0081,0.3163,0.30688599,0.030675919744658442,6.0,1,Neutral,2.2568908489525956,2.0054045201441233,-1.5176412707337643,762.36,821.44,719.44,902.95,564.57,922.78,-0.02324151185137735,0.05245355541319663,-0.07823190262652135,0.15688661114670088,-0.27665598975016004,0.18229340166559904
2025-12-29,RF,REGIONS FINANCIAL ,Financials,27.55,28.26,0.0258,0.2659,0.18765256,0.4169804025055668,-20.0,1,Neutral,4.759999999999991,1.2077294685990336,-1.9539007092198586,27.3,28.74,25.48,30.05,22.04,30.37,-0.00907441016333943,0.043194192377495444,-0.07513611615245008,0.09074410163339386,-0.20000000000000007,0.10235934664246815
2025-12-29,RIG,TRANSOCEAN LTD,MR Discretion,4.07,4.1,0.0074,0.4661,0.3411273,0.3663520920196066,31.0,1,Buy,-3.2000000000000144,1.638888888888887,-1.0096153846153848,3.75,4.17,3.71,4.66,3.02,5.11,-0.07862407862407872,0.02457002457002444,-0.08845208845208852,0.144963144963145,-0.25798525798525807,0.2555282555282554
2025-12-29,RJF,"RAYMOND JAMES FINANCIAL, INC.",Financials,164.09,174.27,0.062,0.2503,0.1694445,0.47717984354759246,-14.0,1,Neutral,2.8693877551020215,1.207722007722005,1.1557552417629433,161.64,171.12,151.14,179.73,140.72,191.1,-0.014930830641721071,0.04284234261685671,-0.07892010482052547,0.09531354744347609,-0.14242184167225302,0.16460479005423845
2025-12-29,RL,RALPH LAUREN ,Consumer Discretionary,356.89,417.19,0.169,0.2933,0.24980126,0.17413338907898224,51.0,1,Buy,1.70048309178745,2.369689283449591,1.7263632797175374,348.61,370.97,341.12,394.26,305.91,444.9,-0.023200425901538257,0.039451931967833254,-0.04418728459749499,0.1047101347754209,-0.14284513435512336,0.24660259463700296
2025-12-29,RMD,RESMED INC.,Health Care,242.85,270.85,0.1153,0.2488,0.21136907,0.1770880195479878,17.0,1,Neutral,1.0842490842490855,-1.3193209377526263,2.2733089579524677,237.39,248.77,226.53,255.22,220.97,292.59,-0.022483014206300167,0.024377187564340153,-0.0672019765287214,0.05093679225859593,-0.09009676755198681,0.20481778875849277
2025-12-29,ROK,"ROCKWELL AUTOMATION, INC.",Industrials,396.48,413.57,0.0431,0.2082,0.19747888,0.05428995748811216,-1.0,1,Neutral,1.4853420195439688,2.0370009737098314,-1.0951809295146633,387.27,410.16,375.94,438.32,332.62,454.79,-0.02322941888619867,0.03450363196125905,-0.051805891848264785,0.10552865213882145,-0.16106739305891848,0.147069209039548
2025-12-29,ROKU,"ROKU, INC.",MR Discretion,111.24,108.22,-0.0271,0.4108,0.37011415,0.10992784253182442,-85.0,1,Sell,2.250000000000007,1.5656154628687695,-1.685455460493204,108.2,118.08,101.41,126.63,77.75,131.11,-0.027328299172959314,0.06148867313915862,-0.08836749370729957,0.13834951456310685,-0.3010607695073714,0.17862279755483668
2025-12-29,ROL,"ROLLINS, INC.",Industrials,60.77,64.54,0.062,0.302,0.20652735,0.4622760617419437,35.0,2,Buy,-1.43870967741936,1.0792349726775934,-1.0709090909090924,58.54,62.32,57.11,64.72,54.88,66.27,-0.036695738028632574,0.02550600625308541,-0.06022708573309199,0.06499917722560467,-0.09692282376172456,0.09050518347869008
2025-12-29,ROP,"ROPER TECHNOLOGIES, INC.",Information Technology,450.84,442.77,-0.0179,0.2226,0.11343923,0.9622841234024595,-27.0,1,Sell,-1.0306010928961655,-1.3001290322580643,-1.5840220385674924,441.41,459.99,400.46,489.59,399.09,483.51,-0.020916511400940307,0.020295448496140622,-0.11174696122793004,0.08595066986070443,-0.11478573329784403,0.0724647324993346
2025-12-29,ROST,"ROSS STORES, INC.",Consumer Discretionary,180.72,190.21,0.0525,0.1782,0.13252039,0.3446987290031369,17.0,1,Neutral,1.467213114754101,1.8363832077502709,-1.3690732758620685,177.06,186.09,171.43,197.78,155.31,199.28,-0.020252324037184577,0.02971447543160699,-0.051405489154493056,0.09440017706949977,-0.14060424966799467,0.1027003098716246
2025-12-29,RSG,"REPUBLIC SERVICES, INC.",Industrials,214.52,226.81,0.0573,0.2062,0.14964899,0.3778910235211075,-21.0,1,Neutral,-1.3275434243176232,-1.0923436586791357,1.1917536015896648,209.17,218.55,195.83,231.63,194.39,238.51,-0.024939399589781974,0.01878612716762995,-0.08712474361364908,0.0797594629871341,-0.09383740443781474,0.11183106470259174
2025-12-29,RSP,INVESCO S&P500 EWGHT,Sector & Style ETFs,193.52,195.65,0.011,0.1024,0.08594459,0.19146533830692536,-31.0,1,Sell,1.3425925925925841,-1.043898156277439,-1.6669874879692055,191.36,196.42,181.63,204.91,176.2,203.91,-0.011161637040099204,0.01498553121124413,-0.06144067796610175,0.0588569656883009,-0.08949979330301794,0.053689541132699414
2025-12-29,RTX,RTX ,Industrials,184.42,197.08,0.0686,0.3079,0.22516402,0.36744760552773936,25.0,2,Neutral,20.659090909091024,1.5169430425378556,-1.0678481012658214,183.98,193.51,170.55,205.46,163.33,204.17,-0.0023858583667715205,0.049289664895347585,-0.07520876260709242,0.11408740917470994,-0.1143585294436611,0.10709250623576616
2025-12-29,RUT,RUSSELL 2000 INDEX,Indices,2519.7978515625,2620.5,0.04,0.1674,0.14804566,0.13073223490644703,-44.0,1,,3.66901576861137,1.1345479629837956,-1.2229467680298596,2501.34,2587.52,2416.68,2636.79,2255.92,2735.57,-0.007325131875580593,0.026876024358662765,-0.0409230651175283,0.0464291801681449,-0.10472183369744203,0.08563073752273498
2025-12-29,RVTY,"REVVITY, INC.",Health Care,97.11,104.75,0.0787,0.3562,0.26296122,0.35457235861622505,9.0,1,Neutral,-2.0447761194029797,1.5113122171945705,1.3977941176470599,93.0,99.12,90.48,107.13,83.51,116.12,-0.042323138708680874,0.020698177324683487,-0.06827309236947787,0.10318195860364532,-0.1400473689630316,0.1957573885284729
2025-12-29,SBAC,SBA COMMUNICATIONS ,Real Estate,193.69,191.58,-0.0109,0.2651,0.16450753,0.6114763865216382,23.0,1,Neutral,-1.334203655352472,-1.3050089445438278,-1.150969529085873,188.58,197.52,179.1,204.87,168.76,215.35,-0.026382363570654044,0.01977386545510873,-0.07532655273891276,0.057721100727967434,-0.12871082657855337,0.11182817904899589
2025-12-29,SBLK,STAR BULK CARRIERS CORP.,MR Discretion,19.71,19.77,0.003,0.2566,0.28561415,-0.10158512804775255,-2.0,4,Neutral,-3.9183673469387914,-1.4127906976744193,-1.2944983818770228,17.79,20.2,17.28,21.43,15.71,22.8,-0.09741248097412492,0.02486047691527138,-0.12328767123287665,0.08726534753932014,-0.20294266869609334,0.15677321156773205
2025-12-29,SBUX,STARBUCKS ,Consumer Discretionary,85.57,84.62,-0.0111,0.3859,0.29567858,0.3051334323913486,23.0,1,Neutral,-1.2751479289940757,-1.002816901408448,-1.1892458100558645,81.26,88.95,78.45,92.67,68.54,99.89,-0.050368119668107836,0.03949982470492008,-0.08320673133107381,0.0829730045576722,-0.19901834755171188,0.16734836975575562
2025-12-29,SCHP,SCHWAB STR:US TIPS,Bonds,26.55,36.57,0.3774,0.4371,0.04330566,9.09336885755811,44.0,2,Buy,-3.4444444444444753,-1.015384615384615,14.102564102564077,26.24,26.64,25.23,27.85,25.77,37.55,-0.01167608286252364,0.003389830508474523,-0.049717514124293816,0.048964218455743946,-0.029378531073446346,0.4143126177024481
2025-12-29,SCHW,THE CHARLES SCHWAB ,Financials,101.31,102.79,0.0146,0.2667,0.16965087,0.5720520619788156,-48.0,1,Sell,2.9086021505376336,1.1413533834586462,-1.5275779376498813,99.45,106.72,94.66,108.9,82.2,113.82,-0.018359490672194223,0.05340045405191973,-0.06564011450004936,0.07491856677524433,-0.18862896061593126,0.12348238081137097
2025-12-29,SD,"SANDRIDGE ENERGY, INC.",MR Discretion,14.6,14.76,0.011,0.4457,0.31726791,0.4048064299979157,-1.0,1,Neutral,-4.611111111111119,1.94059405940594,-1.7,13.77,14.78,13.59,16.56,11.37,16.5,-0.05684931506849311,0.012328767123287676,-0.06917808219178079,0.13424657534246576,-0.22123287671232883,0.13013698630136994
2025-12-29,SDY,SPDR S&P DIVIDEND,Sector & Style ETFs,140.33,143.89,0.0254,0.0901,0.0886115,0.01679804540042773,-1.0,1,Neutral,-1.1684210526315923,1.0254872563718078,-1.115560640732268,138.11,142.23,133.66,147.17,130.58,149.07,-0.015819853203163925,0.013539514002707698,-0.047530820209506275,0.04874225040974833,-0.06947908501389577,0.06228176441245625
2025-12-29,SHW,THE SHERWIN-WILLIAMS COMPANY,Materials,325.23,349.61,0.075,0.1703,0.14236259,0.1962412316325517,12.0,1,Neutral,-2.5023474178403866,-1.0554699537750407,1.7450047573739274,314.57,329.49,304.68,344.7,293.7,380.25,-0.03277680410786221,0.013098422654736597,-0.06318605294714508,0.05986532607693018,-0.09694677612766356,0.16917258555483805
2025-12-29,SHY,ISHARES:1-3 TRS BD ETF,Bonds,82.83,84.45,0.0196,0.0141,0.0201765,-0.3011671994647238,8.0,4,Neutral,-1.2962962962962865,1.2737430167597779,1.3157894736842164,82.13,83.37,79.25,87.39,80.93,85.33,-0.008451044307618005,0.006519377037305318,-0.04322105517324637,0.05505251720391158,-0.022938548834963046,0.030182301098635733
2025-12-29,SILJ,ETFMG PRIME JR SILVR MNR,Commodities,27.87,31.86,0.1432,0.6249,0.48369625,0.2919264931245591,-2.0,1,Neutral,180.00000000000372,2.6874999999999973,1.0106382978723403,27.85,31.47,25.79,33.46,20.35,35.47,-0.0007176175098672077,0.12917115177610317,-0.07463222102619316,0.20057409400789372,-0.26982418371008254,0.2726946537495514
2025-12-29,SJM,THE J. M. SMUCKER COMPANY,Consumer Staples,99.27,101.67,0.0242,0.1871,0.16447578,0.13755350483821993,9.0,1,Neutral,-1.5265486725663695,-1.0791139240506307,1.6613545816733089,95.82,101.53,92.45,105.59,89.23,115.95,-0.0347537020247809,0.02276619321043616,-0.06870152110405958,0.0636647526946712,-0.10113830966052173,0.16802659413720167
2025-12-29,SLB,SCHLUMBERGER N.V.,Energy,37.9,37.52,-0.01,0.3165,0.27847062,0.13656514285061738,-20.0,1,Neutral,1.4322033898305129,1.5,-1.5584725536992816,36.72,39.59,34.9,42.4,31.37,42.09,-0.03113456464379949,0.04459102902374679,-0.079155672823219,0.1187335092348285,-0.1722955145118733,0.11055408970976277
2025-12-29,SLV,ISHARES:SILVER TRUST,Commodities,66.01,69.45,0.0521,0.6852,0.54871824,0.24872830908628085,-50.0,2,Sell,4.7642857142856965,2.5378006872852197,-2.1341222879684425,64.61,72.68,60.19,80.78,44.37,76.15,-0.021208907741251393,0.10104529616724744,-0.08816845932434492,0.22375397667020147,-0.3278291168004849,0.1536130889259204
2025-12-29,SMCI,"SUPER MICRO COMPUTER, INC.",Information Technology,30.08,35.2,0.1702,0.6843,0.42210316,0.6211676785362139,-16.0,1,Neutral,-1.1176470588235268,-1.3923076923076927,3.6974522292993637,28.18,31.78,24.65,33.98,20.66,64.91,-0.06316489361702127,0.056515957446808596,-0.18051861702127658,0.12965425531914887,-0.31316489361702127,1.1579122340425534
2025-12-29,SMH,VANECK:SEMICONDUCTOR,Sector & Style ETFs,364.21,401.07,0.1012,0.2865,0.27329553,0.04831571888497388,-16.0,1,Neutral,-1.1726438698915755,1.1728271728271749,1.130474314290045,350.15,376.2,334.18,399.43,298.22,438.81,-0.03860410202904918,0.03292056780428876,-0.08245243128964053,0.09670245188215598,-0.18118667801543054,0.20482688558798512
2025-12-29,SNA,SNAP-ON INC.,Industrials,351.0,366.6,0.0444,0.1235,0.11713799,0.05431209806485504,-41.0,1,Sell,1.731511254019282,1.0768746061751715,-1.2201472908995268,344.78,361.77,335.13,368.09,304.61,389.02,-0.01772079772079782,0.030683760683760664,-0.04521367521367525,0.04868945868945862,-0.13216524216524217,0.10831908831908832
2025-12-29,SNDK,SANDISK CORPORATION,Information Technology,244.25,455.39,0.8644,0.8679,0.89160761,-0.026589734917134678,-24.0,3,Neutral,3.1526452732003487,3.1988086373790012,3.9752187931828646,232.72,280.6,217.39,330.17,135.7,675.76,-0.047205731832139164,0.14882292732855684,-0.10996929375639719,0.3517707267144321,-0.4444216990788128,1.7666734902763563
2025-12-29,SNPS,"SYNOPSYS, INC.",Information Technology,478.97,439.72,-0.0819,0.2984,0.34573091,-0.13690100778087788,-77.0,3,Sell,-1.0172771250863897,1.060463364098699,-2.3187608114483447,464.25,493.44,425.88,535.27,331.52,542.56,-0.030732613733636782,0.030210660375388887,-0.11084201515752556,0.11754389627742845,-0.3078480906946156,0.1327640562039374
2025-12-29,SO,THE SOUTHERN COMPANY,Utilities,87.54,93.0,0.0624,0.1381,0.18177899,-0.24028623990044173,-2.0,4,Neutral,-1.486486486486491,-1.4715127701375295,2.1322580645161278,84.79,89.39,80.05,92.63,81.34,100.76,-0.03141421064656158,0.021133196253141362,-0.08556088645190785,0.05814484806945375,-0.0708247658213389,0.15101667809001595
2025-12-29,SOLV,SOLVENTUM ,Health Care,80.09,88.68,0.1073,0.3515,0.20525739,0.7124840182368097,9.0,1,Neutral,-1.7593582887700658,1.5576662143826299,1.4275456919060039,76.8,81.96,72.72,91.57,64.77,101.96,-0.041078786365339015,0.02334873267573978,-0.09202147583968046,0.14333874391309753,-0.19128480459483088,0.2730677987264327
2025-12-29,SOYB,TEUCRIUM:SOYBEAN,Commodities,22.18,22.75,0.0257,0.1536,0.09397709,0.6344409046928352,36.0,1,Buy,-1.1836734693877469,1.435294117647055,1.9716312056737595,21.6,22.67,21.33,23.4,20.77,24.96,-0.026149684400360584,0.022091974752028953,-0.038322813345356255,0.05500450856627581,-0.063570784490532,0.1253381424706943
2025-12-29,SPG,"SIMON PROPERTY GROUP, INC.",Real Estate,187.62,192.73,0.0272,0.1192,0.11491556,0.0372833757238793,-18.0,1,Neutral,1.4281150159744427,-1.0500848896434638,-1.2591743119266061,184.49,192.09,175.25,199.4,165.66,205.06,-0.016682656433216092,0.023824752158618567,-0.06593113740539391,0.06278648331734349,-0.11704509114166939,0.09295384287389408
2025-12-29,SPGI,S&P GLOBAL INC.,Financials,530.1,525.55,-0.0086,0.1551,0.14890288,0.04161853686107353,-26.0,1,Sell,1.2825757575757493,1.0876445526475957,-2.2448866777225023,516.9,547.03,497.24,565.84,448.88,566.28,-0.024900962082626044,0.031937370307489,-0.06198830409356726,0.06742124127523108,-0.15321637426900592,0.06825127334465186
2025-12-29,SPHB,INVESCO S&P500 HI BE,Sector & Style ETFs,118.75,120.8,0.0173,0.2087,0.177477,0.1759270215295503,-41.0,1,Sell,2.6768292682926824,1.3179377013963487,-1.7260981912144688,117.11,123.14,109.44,131.02,98.71,130.36,-0.013810526315789495,0.03696842105263154,-0.07840000000000003,0.10332631578947371,-0.1687578947368421,0.09776842105263173
2025-12-29,SPLV,INVESCO S&P500 LOWVL,Sector & Style ETFs,71.94,74.56,0.0364,0.0742,0.09250076,-0.19784442852145212,-23.0,3,Neutral,-1.435294117647043,-1.4438502673796734,1.12636165577342,70.72,72.79,66.54,75.68,67.35,77.11,-0.016958576591604047,0.011815401723658692,-0.07506255212677215,0.051987767584098066,-0.06380316930775654,0.0718654434250765
2025-12-29,SPX,S&P 500 INDEX,Indices,6905.740234375,7048.07,0.0206,0.1049,0.08783365,0.19430309454292294,-8.0,1,,1.338924567107319,1.2417392689536042,-1.2697444141441312,6815.22,7026.94,6681.12,7184.66,6275.96,7401.73,-0.013107969790756568,0.01755058277774446,-0.032526597692872694,0.04038955364069574,-0.09119662961547781,0.07182282402632079
2025-12-29,SPY,SPDR S&P 500 ETF,Sector & Style ETFs,687.85,705.2,0.0252,0.1155,0.08305543,0.3906375537397133,-1.0,1,Neutral,1.1950617283950624,1.161099365750526,-1.1956521739130441,675.7,702.37,640.55,742.77,622.4,742.59,-0.017663734825906774,0.021109253470960265,-0.0687649923675221,0.07984298902376974,-0.09515155920622231,0.07958130406338593
2025-12-29,SRE,SEMPRA,Utilities,88.91,95.16,0.0703,0.1824,0.18230285,0.0005329044499304825,17.0,1,Neutral,-2.2113821138211303,-1.0046082949308737,1.9749715585893077,86.19,90.14,82.37,95.42,80.12,106.27,-0.030592734225621365,0.013834214374086162,-0.07355753008660437,0.07322011022382191,-0.09886401979529857,0.19525362726352502
2025-12-29,STE,STERIS PUBLIC LIMITED COMPANY,Health Care,256.22,268.74,0.0489,0.1658,0.14258483,0.16281654927806843,36.0,1,Buy,-1.5174311926605608,1.263294422827493,1.0088616223585527,247.95,261.67,240.8,275.7,226.88,285.82,-0.0322769494965266,0.021270782920927322,-0.060182655530403584,0.07602841308250707,-0.11451096713761622,0.11552572008430251
2025-12-29,STIP,ISHARES:0-5 TIPS BD ETF,Bonds,102.41,104.32,0.0187,0.1465,0.02087498,6.017970795660641,35.0,2,Buy,-1.66666666666665,-1.0217391304347814,1.2584269662921352,101.46,102.98,95.36,109.31,98.85,106.89,-0.00927643784786647,0.005565862708719838,-0.06884093350258758,0.06737623278976668,-0.03476223025095204,0.04374572795625431
2025-12-29,STLA,STELLANTIS NV,MR Discretion,11.05,10.81,-0.0217,0.3519,0.35519211,-0.009268533583136174,-67.0,3,Sell,-2.0416666666666807,1.6310679611650465,-1.6480446927374315,10.56,11.29,10.02,12.73,8.1,12.84,-0.044343891402715,0.021719457013574583,-0.09321266968325803,0.15203619909502253,-0.26696832579185525,0.1619909502262442
2025-12-29,STLD,"STEEL DYNAMICS, INC.",Materials,172.88,180.81,0.0459,0.3519,0.22357657,0.5739574142317327,-10.0,1,Neutral,4.378854625550695,5.4765840220385735,-1.3215579710144922,170.61,182.82,169.25,192.76,143.7,194.96,-0.013130495141138288,0.05749652938454419,-0.020997223507635332,0.11499305876908839,-0.16878759833410462,0.12771864877371586
2025-12-29,STNG,SCORPIO TANKERS INC.,MR Discretion,51.63,57.73,0.1181,0.3515,0.18811292,0.8685585232529482,65.0,1,Buy,-8.342857142857284,-1.4590163934426252,3.689463955637706,48.71,51.98,46.29,55.29,46.22,71.59,-0.0565562657369747,0.006779004454774196,-0.10342823939570023,0.07088901801278324,-0.10478404028665511,0.38659693976370324
2025-12-29,STT,STATE STREET ,Financials,131.69,134.24,0.0194,0.3477,0.16063415,1.1645459573820385,-54.0,1,Sell,2.291803278688519,1.4011363636363654,-2.208296557811118,128.64,138.68,122.89,144.02,106.67,143.02,-0.023160452578024238,0.05307920115422582,-0.06682360088085648,0.09362897714329121,-0.1899916470498899,0.086035386134103
2025-12-29,STX,SEAGATE TECHNOLOGY HOLDINGS,Information Technology,281.3,339.2,0.2058,0.5286,0.51298472,0.03044004897455821,-2.0,1,Neutral,2.440283400809719,2.280275415147834,1.5000707914483924,271.42,305.41,256.61,337.6,210.67,387.25,-0.03512264486313543,0.08570920725204423,-0.0877710629221472,0.2001421969427657,-0.2510842516885887,0.37664415215072866
2025-12-29,STZ,"CONSTELLATION BRANDS, INC.",Consumer Staples,138.51,134.91,-0.026,0.3375,0.30896555,0.0923547948954182,-33.0,2,Sell,1.3009708737864107,1.2781168265039247,-1.476661175178472,131.3,147.89,127.04,153.17,111.62,156.72,-0.052054003321059694,0.06772074218467972,-0.08280990542199107,0.1058407335210454,-0.19413760739296793,0.13147065193848828
2025-12-29,SW,SMURFIT WESTROCK PUBLIC LIMITED COMPANY,Materials,38.68,37.19,-0.0385,0.3206,0.32628463,-0.01742230395590505,-67.0,3,Sell,1.0521739130434804,-1.5061728395061726,-2.6508379888268165,37.53,39.89,33.8,41.92,29.19,42.26,-0.029731127197518026,0.03128231644260593,-0.12616339193381598,0.08376421923474675,-0.2453464322647363,0.09255429162357798
2025-12-29,SWK,"STANLEY BLACK & DECKER, INC.",Industrials,75.14,71.04,-0.0546,0.3653,0.28067717,0.3014952373931947,-46.0,1,Sell,1.1825095057034238,1.0597204574332908,-2.8426470588235304,72.51,78.25,67.27,83.48,55.81,81.94,-0.035001330849081635,0.04138940644130962,-0.10473782273090237,0.1109928134149587,-0.257253127495342,0.09049773755656099
2025-12-29,SWKS,"SKYWORKS SOLUTIONS, INC.",Information Technology,64.02,65.66,0.0256,0.3611,0.19190693,0.8816412726731648,14.0,1,Neutral,-1.5535714285714177,1.228017883755591,1.4995836802664453,62.28,65.14,57.31,72.26,52.01,82.03,-0.027179006560449803,0.017494532958450604,-0.10481099656357384,0.1287097781943145,-0.1875976257419556,0.2813183380193691
2025-12-29,SYF,SYNCHRONY FINANCIAL,Financials,84.74,89.61,0.0575,0.2093,0.20857516,0.0034751981012504096,-17.0,1,Neutral,5.909090909090943,2.511494252873573,-1.7152575315840604,83.86,89.94,81.26,93.48,67.09,95.03,-0.010384706160018853,0.06136417276374795,-0.041066792541892716,0.10313901345291487,-0.20828416332310584,0.12143025725749368
2025-12-29,SYK,STRYKER ,Health Care,352.5,376.76,0.0688,0.1954,0.13813997,0.4145073290518304,9.0,1,Neutral,-1.156908665105383,1.0771337288909173,1.898796886058034,342.62,361.04,330.59,376.1,324.24,406.16,-0.02802836879432624,0.024226950354609977,-0.062156028368794414,0.06695035460992904,-0.08017021276595737,0.1522269503546101
2025-12-29,SYY,SYSCO ,Consumer Staples,74.46,77.21,0.0369,0.2021,0.13501269,0.4968963287821315,-9.0,1,Neutral,1.0372340425531954,-1.4702970297029674,1.2064714946070907,72.58,76.41,68.52,78.5,67.97,82.29,-0.025248455546602155,0.026188557614826857,-0.0797743755036261,0.054257319366102674,-0.0871608917539618,0.10515713134568916
2025-12-29,T,AT&T INC.,Communication Services,24.77,27.1,0.0941,0.2365,0.13653664,0.7321357842114762,-4.0,1,Neutral,-2.1176470588235197,-1.6279069767441854,1.9776785714285727,23.69,25.28,22.67,26.06,22.53,29.2,-0.043601130399676946,0.020589422688736425,-0.08477997577714969,0.052079127977392004,-0.09043197416229298,0.1788453774727492
2025-12-29,TAGS,TEUCRIUM:AGRICULTURAL,Commodities,23.125,23.4,0.0119,0.4449,0.09005608,3.9402550055476544,4.0,1,Neutral,1.2706766917293233,1.1170731707317085,1.121739130434781,22.46,23.97,22.1,24.27,21.4,25.06,-0.028756756756756707,0.03654054054054057,-0.044324324324324316,0.04951351351351341,-0.07459459459459461,0.08367567567567558
2025-12-29,TAP,MOLSON COORS BEVERAGE COMPANY,Consumer Staples,46.61,47.91,0.0279,0.3586,0.24538814,0.46135831992532306,6.0,1,Neutral,-1.7575757575757573,-1.0249999999999995,-1.2086206896551726,44.29,47.93,43.33,49.81,39.6,52.41,-0.049774726453550744,0.028320102982192674,-0.07037116498605456,0.06865479510834582,-0.1503969105342201,0.1244368161338767
2025-12-29,TDG,TRANSDIGM GROUP INC.,Industrials,1315.96,1429.34,0.0862,0.2029,0.17620704,0.1514863424299051,-30.0,2,Sell,-1.306070161608198,-1.3860422882345342,1.4344262295081973,1249.69,1366.7,1209.11,1393.05,1156.14,1545.21,-0.05035867351591228,0.038557402960576415,-0.08119547706617236,0.05858080792729248,-0.1214474604091309,0.1742074227180157
2025-12-29,TDW,TIDEWATER INC.,MR Discretion,50.46,56.25,0.1147,0.4243,0.50588882,-0.16127816384635663,19.0,3,Neutral,-2.8686868686868663,1.428846153846153,2.025263157894737,47.62,51.45,45.26,57.89,40.96,69.7,-0.056282203725723456,0.019619500594530326,-0.10305192231470472,0.14724534284581847,-0.1882679349980182,0.38129211256440754
2025-12-29,TDY,TELEDYNE TECHNOLOGIES INC.,Information Technology,516.27,538.96,0.0439,0.2084,0.18285846,0.13967929074760876,-41.0,1,Sell,1.7216014897579137,-1.105680018103641,-1.023442416614221,505.53,534.76,467.41,560.46,451.22,579.83,-0.020803068162008276,0.03581459313924884,-0.09464040134038387,0.08559474693474356,-0.12599996126058066,0.12311387452302092
2025-12-29,TECH,BIO-TECHNE ,Health Care,59.24,63.32,0.0689,0.5145,0.25950058,0.9826545281709969,16.0,1,Neutral,-2.1956521739130515,-1.153209109730851,1.3856143856143845,56.21,60.62,53.67,64.07,49.23,73.11,-0.05114787305874413,0.023295070898041725,-0.09402430790006755,0.08153274814314626,-0.16897366644159362,0.23413234301147878
2025-12-29,TECK,TECK RESOURCES LIMITED,MR Discretion,47.73,47.15,-0.0122,0.3685,0.30101242,0.22420197811106934,-64.0,1,Sell,-1.4064171122994593,-1.1015624999999982,-2.2128378378378364,45.1,49.6,43.5,51.57,34.63,53.65,-0.05510161324114804,0.03917871359731828,-0.08862350722815837,0.08045254556882475,-0.27446050701864644,0.12403100775193798
2025-12-29,TEL,TE CONNECTIVITY LTD,Information Technology,231.8,257.4,0.1104,0.2442,0.28455055,-0.14180450538577416,-25.0,3,Neutral,1.1797884841363067,1.3447098976109195,1.6717582060448481,223.29,241.84,211.29,259.38,201.03,283.24,-0.036712683347713604,0.04331320103537539,-0.088481449525453,0.1189818809318377,-0.13274374460742022,0.22191544434857624
2025-12-29,TER,"TERADYNE, INC.",Information Technology,197.36,219.7,0.1132,0.6238,0.3718921,0.677368247402943,-7.0,1,Neutral,-1.0470430107526913,2.58454106280193,1.0021015761821361,189.57,204.8,182.87,234.81,140.26,254.58,-0.03947101743007708,0.037697608431292995,-0.07341913254965549,0.18975476286988235,-0.2893190109444671,0.28992703688690713
2025-12-29,TFC,TRUIST FINANCIAL ,Financials,50.02,50.44,0.0084,0.2358,0.14863302,0.5864577063696883,-45.0,1,Sell,7.343749999999976,1.7581967213114715,-2.0753424657534274,49.7,52.37,47.58,54.31,40.93,54.4,-0.006397441023590522,0.046981207516993084,-0.04878048780487809,0.08576569372251108,-0.18172730907636947,0.08756497401039565
2025-12-29,TGT,TARGET ,Consumer Staples,98.1,92.53,-0.0568,0.2954,0.21716327,0.36026686280787734,-9.0,1,Neutral,1.2898550724637694,1.4863861386138624,-2.5845464725643876,93.27,104.33,90.02,110.11,75.02,107.03,-0.049235474006116164,0.063506625891947,-0.08236493374108056,0.12242609582059139,-0.2352701325178389,0.09102956167176357
2025-12-29,THD,ISHARES:MSCI THAI,Foreign,59.11,60.4,0.0218,0.1928,0.19946319,-0.033405612333784585,-2.0,4,Neutral,29.099999999999625,1.926940639269408,1.1298904538341155,59.01,62.02,56.92,63.33,52.72,66.33,-0.0016917611233293606,0.04923024868888515,-0.03704956860091346,0.07139231940450008,-0.10810353578074772,0.12214515310438157
2025-12-29,TIP,ISHARES:TIPS BD ETF,Bonds,110.15,112.42,0.0206,0.0316,0.03751146,-0.15759077359292328,18.0,4,Neutral,-1.7032967032967221,1.028419182948487,1.5046728971962575,108.6,111.06,104.52,115.94,106.94,114.98,-0.014071720381298336,0.00826146164321373,-0.05111211983658659,0.05256468452110741,-0.029142078983204756,0.04384929641398094
2025-12-29,TJX,"THE TJX COMPANIES, INC.",Consumer Discretionary,156.47,166.6,0.0647,0.1452,0.1200589,0.209406383033661,-9.0,1,Neutral,2.3283582089552377,1.5885714285714292,-1.1268656716417893,154.46,161.15,149.47,167.59,139.86,171.21,-0.012845912954559946,0.029909886879273984,-0.04473701028951238,0.07106793634562547,-0.10615453441554279,0.09420336166677323
2025-12-29,TKO,"TKO GROUP HOLDINGS, INC.",Communication Services,216.11,237.34,0.0982,0.2663,0.22297334,0.19431318560326538,-23.0,1,Neutral,2.4748858447488393,1.1367895065583988,-1.6722347629796865,211.73,226.95,200.1,234.31,179.07,238.26,-0.02026745638795069,0.05015964092360359,-0.07408264309842216,0.08421637129239734,-0.1713941973994726,0.10249410022673633
2025-12-29,TLT,ISHARES:20+ TRS BD ETF,Bonds,88.07,89.77,0.0193,0.0696,0.08694468,-0.19949098668256648,-17.0,3,Neutral,-1.978947368421042,-1.1593090211132404,1.3231441048034944,86.19,89.02,82.03,93.28,83.49,94.13,-0.021346656069035963,0.010786874077438391,-0.06858180992392404,0.059157488361530675,-0.05200408765754516,0.06880890200976508
2025-12-29,TMO,THERMO FISHER SCIENTIFIC INC.,Health Care,585.07,608.25,0.0396,0.2302,0.1467122,0.5690583332538126,20.0,1,Neutral,-2.594059405940622,1.0524707080998428,1.0879408418657561,564.11,593.15,545.81,626.39,497.17,680.7,-0.03582477310407306,0.013810313295844923,-0.06710308168253387,0.07062402789409794,-0.1502384330080162,0.16345052728733322
2025-12-29,TMUS,"T-MOBILE US, INC.",Communication Services,203.15,220.41,0.085,0.2477,0.20286034,0.2210370937956625,3.0,2,Neutral,-4.01492537313434,-2.192307692307693,1.911807228915662,189.7,206.5,181.49,213.03,182.4,242.82,-0.06620723603248835,0.01649027811961612,-0.10662072360324881,0.048634014275166004,-0.1021412749200098,0.19527442776273674
2025-12-29,TNX,10 Y TSY YLD NDX,Yields,4.11600017547607,4.14,0.0058,0.0,0.12553561,,-27.0,,,3.9999662548296833,2.026308802042436,-1.1768720475814665,4.09,4.22,4.04,4.27,3.77,4.41,-0.006316854802627114,0.025267206047167035,-0.018464570514086343,0.037414921758626374,-0.08406223535596669,0.07142852575071279
2025-12-29,TPL,TEXAS PACIFIC LAND ,Energy,294.53,349.09,0.1852,0.3886,0.45959875,-0.15447985878986836,-82.0,3,Sell,-1.2205882352941162,1.2117718446601966,2.248179271708685,272.95,312.21,261.57,334.47,240.98,414.92,-0.07326927647438286,0.06002784096696434,-0.11190710623705558,0.1356058805554614,-0.18181509523647843,0.40875292839439115
2025-12-29,TPR,"TAPESTRY, INC.",Consumer Discretionary,130.34,141.14,0.0829,0.2997,0.27342252,0.09610576334385335,-20.0,1,Neutral,8.682352941176523,-1.0701624815361903,-1.8133995037220842,129.49,137.72,115.85,143.88,93.8,150.49,-0.006521405554703041,0.056621144698480785,-0.11117078410311498,0.10388215436550552,-0.28034371643394207,0.15459567285560838
2025-12-29,TRGP,TARGA RESOURCES CORP.,Energy,183.93,200.34,0.0892,0.2224,0.28175664,-0.21066633957588365,-53.0,4,Sell,1.327731092436968,1.319497542326597,-1.1370184254606366,179.17,190.25,165.62,208.09,149.99,213.78,-0.02587941064535426,0.034360898167781206,-0.09954874136899905,0.1313543195781004,-0.18452672212254662,0.16229000163105534
2025-12-29,TRMB,TRIMBLE INC.,Information Technology,79.99,87.54,0.0944,0.2468,0.21400424,0.1532481786342177,31.0,1,Buy,1.0634146341463462,1.2292418772563198,1.4664694280078898,77.94,82.17,74.45,86.8,69.85,94.86,-0.025628203525440596,0.027253406675834535,-0.0692586573321664,0.08513564195524448,-0.12676584573071636,0.18589823727966004
2025-12-29,TROW,"T. ROWE PRICE GROUP, INC.",Financials,104.53,107.06,0.0242,0.1815,0.169254,0.07235279520720339,-20.0,1,Neutral,-1.0798319327731145,-1.150259067357514,-1.3630195080576775,101.96,106.91,97.87,110.32,88.46,116.32,-0.024586243183775114,0.02276858318186159,-0.06371376638285653,0.055390796900411265,-0.1537357696355114,0.11279058643451623
2025-12-29,TRV,"THE TRAVELERS COMPANIES, INC.",Financials,291.93,314.08,0.0759,0.131,0.12994872,0.008089960408998342,4.0,1,Neutral,1.9852941176470602,1.1060402684563735,1.084220127698388,287.17,301.38,269.58,316.65,259.04,327.59,-0.016305278662693046,0.032370773815640685,-0.07655944918302338,0.08467783372726334,-0.11266399479327227,0.12215257082177233
2025-12-29,TS,TENARIS SA,MR Discretion,38.53,41.97,0.0893,0.3052,0.25680191,0.1884646808117587,25.0,2,Neutral,-3.4705882352941373,1.3809523809523827,2.129870129870128,36.76,39.04,35.59,42.59,34.68,46.73,-0.04593822995068786,0.013236439138333722,-0.07630417856215932,0.1053724370620297,-0.0999221385933039,0.21282117830262126
2025-12-29,TSCO,TRACTOR SUPPLY COMPANY,Consumer Discretionary,50.81,57.25,0.1267,0.2959,0.20974987,0.41072793036772803,35.0,1,Buy,1.0357142857142785,1.079422382671477,3.8133333333333326,49.41,52.26,48.04,53.8,47.81,62.25,-0.027553631174965676,0.028537689431214153,-0.05451682739618191,0.058846683723676296,-0.05904349537492615,0.2251525290297185
2025-12-29,TSLA,"TESLA, INC.",Consumer Discretionary,459.64,512.97,0.116,0.4834,0.37941661,0.2740612489263452,-5.0,1,Neutral,,2.2820672478206743,1.3425324675324675,461.7,509.51,427.52,532.94,336.44,625.04,0.00448176834044034,0.10849795492124281,-0.06988077625968148,0.15947263075450357,-0.2680358541467235,0.35984683665477335
2025-12-29,TSN,"TYSON FOODS, INC.",Consumer Staples,58.58,61.28,0.0461,0.1604,0.221751,-0.2766661706147887,-20.0,3,Neutral,1.0423280423280414,1.4874371859296498,-1.483164983164983,56.69,60.55,54.6,64.5,49.77,64.52,-0.03226357118470469,0.0336292249914647,-0.06794127688630924,0.10105838170023906,-0.15039262546944343,0.10139979515192898
2025-12-29,TT,TRANE TECHNOLOGIES PLC,Industrials,394.19,451.97,0.1466,0.2189,0.21108333,0.03703120469058363,19.0,1,Neutral,-4.621212121212105,-1.1894339622641503,3.3448275862068986,378.94,397.49,362.67,420.69,362.29,500.89,-0.03868692762373471,0.008371597453004975,-0.0799614399147619,0.06722646439534241,-0.08092544204571395,0.2706816509804917
2025-12-29,TTD,"THE TRADE DESK, INC.",Communication Services,38.39,37.46,-0.0242,0.4452,0.28618563,0.5556336633673744,-47.0,1,Sell,-2.5636363636363604,-1.793918918918919,1.6638225255972698,35.57,39.49,33.08,41.35,26.67,57.89,-0.07345662933055486,0.02865329512893977,-0.13831727012242778,0.07710341234696538,-0.3052878353737952,0.5079447772857515
2025-12-29,TTWO,"TAKE-TWO INTERACTIVE SOFTWARE, INC.",Communication Services,255.7,268.08,0.0484,0.2186,0.17177805,0.27257236882127844,-10.0,1,Neutral,-2.5813953488372015,-1.5636596289187463,-1.1591634172279315,245.71,259.57,231.26,271.33,223.0,283.91,-0.03906922174423144,0.015134923738756356,-0.09558075870160343,0.061126319906140036,-0.12788423934298,0.1103245991396169
2025-12-29,TUR,ISHARES:MSCI TURKEY,Foreign,34.41,34.81,0.0116,0.4586,0.13545718,2.3855717356584565,-20.0,2,Neutral,2.2982456140351193,1.0471204188481693,-1.1262135922330077,33.84,35.72,32.5,36.41,29.77,38.53,-0.0165649520488228,0.038070328392909136,-0.05550712002324898,0.058122638767799994,-0.13484452194129604,0.11973263586166816
2025-12-29,TXN,TEXAS INSTRUMENTS INC.,Information Technology,175.69,179.11,0.0195,0.2663,0.25770676,0.03334503138373246,-31.0,1,Sell,1.3645833333333346,1.379056047197639,-1.5411275415896475,171.85,180.93,162.13,194.39,142.34,197.33,-0.021856679378450705,0.0298252604018443,-0.07718139905515398,0.10643747509818424,-0.18982298366440886,0.12317149524731064
2025-12-29,TXT,TEXTRON INC.,Industrials,88.74,87.92,-0.0092,0.2207,0.18165199,0.2149605407570816,-75.0,2,Sell,,1.9519230769230795,-2.2616690240452586,89.14,93.66,84.58,96.86,72.75,95.81,0.004507550146495509,0.05544286680189314,-0.046878521523551875,0.09150326797385633,-0.1801893171061527,0.07967094883930592
2025-12-29,TYL,"TYLER TECHNOLOGIES, INC.",Information Technology,460.72,483.84,0.0502,0.2526,0.15144281,0.6679563724418476,-25.0,1,Neutral,1.0681976339596355,-1.6602830974188212,1.3856822353661002,446.35,476.07,420.84,484.74,411.69,528.66,-0.031190310817850286,0.033317416218093365,-0.08656016669560695,0.05213578746310121,-0.106420385483591,0.1474648376454244
2025-12-29,TYX,30 Y TSY YLD NDX,Yields,4.80499982833862,4.85,0.0094,0.0,0.10104124,,-44.0,,,1.888899909167628,1.5263203544382897,-1.290907660871382,4.76,4.89,4.71,4.95,4.45,5.08,-0.009365209145944964,0.01768994270511115,-0.019771036780966478,0.0301769358671371,-0.0738813404830787,0.057232087718193325
2025-12-29,UAL,"UNITED AIRLINES HOLDINGS, INC.",Industrials,111.45,121.85,0.0933,0.4757,0.33133273,0.4357169000478762,-11.0,1,Neutral,25.4482758620684,2.279483037156705,-1.0615280594996621,111.16,118.83,105.26,125.56,80.05,141.03,-0.0026020637056977103,0.06621803499327039,-0.05554060116644233,0.12660385823239118,-0.2817406908927771,0.26541049798115735
2025-12-29,UBER,"UBER TECHNOLOGIES, INC.",Industrials,81.5,94.04,0.1539,0.2818,0.34793746,-0.19008433297179317,-36.0,3,Sell,-3.6013513513513407,-1.5429687499999998,3.011930585683297,76.17,82.98,73.6,86.62,72.28,109.27,-0.06539877300613495,0.018159509202454016,-0.09693251533742342,0.0628220858895705,-0.11312883435582821,0.3407361963190183
2025-12-29,UDR,"UDR, INC.",Real Estate,36.66,36.25,-0.0112,0.2621,0.17069858,0.5354550693977655,-12.0,2,Neutral,-1.6190476190476062,-1.5109170305676787,-2.2468085106382953,35.64,37.29,33.2,38.95,31.38,39.01,-0.02782324058919794,0.017184942716857776,-0.09438079650845588,0.06246590289143494,-0.14402618657937805,0.0641025641025641
2025-12-29,UHS,"UNIVERSAL HEALTH SERVICES, INC.",Health Care,226.11,255.6,0.1304,0.261,0.17546094,0.48751055363091056,21.0,1,Neutral,-1.2222222222222285,1.7105263157894712,2.2072560467055866,218.74,232.14,212.43,249.51,202.13,279.04,-0.03259475476537965,0.026668435717128736,-0.06050152580602364,0.10348945203661919,-0.10605457520675787,0.2340896024059087
2025-12-29,ULTA,"ULTA BEAUTY, INC.",Consumer Discretionary,604.64,608.92,0.0071,0.2262,0.48555357,-0.5341399714144826,-49.0,4,Sell,3.645702306079676,1.6016728624535321,-2.117246080436264,595.1,639.42,550.84,690.81,449.34,677.99,-0.01577798359354321,0.057521831172267834,-0.08897856575813701,0.14251455411484515,-0.2568470494839905,0.12131185498809205
2025-12-29,UNG,UNITED STATES NAT GAS,Commodities,13.05,14.7,0.1264,0.6626,0.72082965,-0.08078143012014005,3.0,4,Neutral,-4.302325581395355,-1.0484581497797363,2.0176678445229683,11.2,13.48,10.67,15.32,10.22,18.76,-0.14176245210727978,0.03295019157088119,-0.18237547892720307,0.1739463601532567,-0.21685823754789268,0.4375478927203065
2025-12-29,UNH,UNITEDHEALTH GROUP INC.,Health Care,328.94,316.32,-0.0384,0.2734,0.26392957,0.03588241363027245,-20.0,1,Neutral,-1.1431226765799276,-1.1113924050632906,-1.0934321235715183,316.64,339.7,302.6,352.64,241.87,408.57,-0.037392837599562245,0.032711132729373205,-0.08007539368881855,0.07204961391135156,-0.26469872925153526,0.24208062260594643
2025-12-29,UNP,UNION PACIFIC ,Industrials,234.53,236.67,0.0091,0.2139,0.14795041,0.44575469577948446,-69.0,1,Sell,-1.0820045558086595,-1.0035893754486707,-1.6716417910447745,229.78,238.92,220.55,248.46,207.65,250.61,-0.02025327250245168,0.018718287639107878,-0.05960857885984727,0.059395386517716364,-0.11461220312966358,0.06856265722935229
2025-12-29,UPS,"UNITED PARCEL SERVICE, INC.",Industrials,99.68,96.25,-0.0344,0.3341,0.21319464,0.5671125690589596,-17.0,1,Neutral,3.1739130434782354,4.046931407942221,-2.3505434782608714,98.3,104.06,96.91,110.89,82.38,107.04,-0.013844301765650213,0.04394060995184579,-0.027788924558587613,0.11245987158908499,-0.1735553772070627,0.07383627608346699
2025-12-29,URA,GLBL X URANIUM ETF,Commodities,45.74,50.53,0.1047,0.7071,0.44548631,0.5872541627597938,26.0,1,Buy,1.396226415094337,1.3136456211812608,1.6728452270620944,43.62,48.7,40.83,52.19,34.95,63.79,-0.04634892872759078,0.06471359860078718,-0.10734586794927858,0.14101442938347164,-0.23589855706165275,0.39462177525142095
2025-12-29,URI,"UNITED RENTALS, INC.",Industrials,819.51,892.56,0.0891,0.3453,0.2394352,0.4421438451823292,-5.0,1,Neutral,1.584990059642146,-1.0786988457502624,1.545384549576525,799.39,851.4,737.27,895.75,702.62,1000.15,-0.024551256238483976,0.03891349708972425,-0.10035264975412139,0.093031201571671,-0.1426340130077729,0.22042439994630936
2025-12-29,URNM,SPROTT URANIUM MINERS,MR Discretion,55.91,59.0,0.0553,0.4341,0.37879751,0.14599486147625407,-26.0,1,Sell,1.1897810218978142,1.3710937500000013,1.2943485086342241,53.17,59.17,50.79,62.93,43.17,72.4,-0.04900733321409401,0.058307994991951384,-0.09157574673582536,0.1255589340010732,-0.22786621355750303,0.29493829368628166
2025-12-29,USB,U.S. BANCORP,Financials,54.5,54.34,-0.0029,0.2477,0.16766655,0.4773370120635274,-53.0,1,Sell,4.581818181818211,1.5875370919881322,-3.135501355013552,53.95,57.02,51.13,59.85,42.93,58.19,-0.010091743119265972,0.04623853211009177,-0.0618348623853211,0.09816513761467882,-0.21229357798165138,0.06770642201834853
2025-12-29,USO,UNITED STATES OIL FUND,Commodities,69.61,70.75,0.0164,0.3048,0.24943614,0.22195604855014195,3.0,2,Neutral,-1.059523809523812,-1.3247058823529418,1.1036088474970907,66.94,72.13,63.98,73.86,61.02,79.09,-0.0383565579658095,0.03620169515874161,-0.08087918402528371,0.06105444620025868,-0.12340181008475792,0.13618732940669442
2025-12-29,UUP,INVESCO DB USD IDX BL,Currencies,26.98,28.55,0.0582,0.0597,0.1321394,-0.5482043962663672,0.0,4,Neutral,-1.400000000000005,1.0466321243523315,3.2444444444444347,25.79,27.83,25.05,29.0,26.08,29.9,-0.04410674573758344,0.03150481838398811,-0.07153446997776125,0.07487027427724247,-0.033358042994811044,0.10822831727205329
2025-12-29,V,VISA INC.,Financials,354.61,359.56,0.014,0.2094,0.23533958,-0.11022191847202234,-57.0,4,Sell,2.0094736842105236,-1.0142024763292077,-1.9583802024746944,345.11,373.7,326.76,382.07,302.38,381.28,-0.026789994642001047,0.05383378923324211,-0.07853698429260325,0.07743718451256298,-0.14728857054228595,0.0752093849581228
2025-12-29,VAL,VALARIS LIMITED,MR Discretion,49.71,56.03,0.1271,0.3806,0.43629497,-0.127654393998629,27.0,4,Buy,-3.7457627118644092,1.303082191780821,2.336969696969696,45.29,50.89,43.87,57.32,41.46,68.99,-0.08891571112452223,0.0237376785355059,-0.11748139207402941,0.15308790987728815,-0.16596258298129152,0.38784952725809685
2025-12-29,VICI,VICI PROPERTIES INC.,Real Estate,28.3,28.84,0.0191,0.2194,0.13823521,0.5871499019678128,3.0,2,Neutral,-1.977777777777782,-2.119047619047624,1.5055762081784383,27.41,28.75,25.63,29.56,25.61,32.35,-0.031448763250883416,0.01590106007067127,-0.09434628975265025,0.04452296819787982,-0.09505300353356894,0.14310954063604253
2025-12-29,VIX,CBOE MKT VOLATILITY IDX,Volatility,14.2,27.48,0.9352,0.0,0.83409427,,0.0,,Neutral,-1.6568627450980364,2.1026785714285734,16.616438356164394,12.51,15.22,11.96,18.91,12.74,38.46,-0.1190140845070422,0.07183098591549308,-0.15774647887323934,0.33169014084507054,-0.10281690140845068,1.7084507042253523
2025-12-29,VLO,VALERO ENERGY ,Energy,165.66,181.2,0.0938,0.3027,0.19917745,0.5197503532653924,35.0,1,Buy,-4.994252873563191,-1.0976663785652547,2.144171779141104,156.97,167.4,152.96,177.23,146.1,207.6,-0.052456839309428904,0.010503440782325235,-0.07666304479053476,0.06984184474224309,-0.1180731618978631,0.25316914161535675
2025-12-29,VLTO,VERALTO ,Industrials,101.5,108.34,0.0674,0.1559,0.15172855,0.027492848247742563,-21.0,1,Neutral,1.2435064935064937,1.0086083213773318,1.2185628742514971,98.42,105.33,94.53,108.53,88.14,117.78,-0.030344827586206935,0.037733990147783336,-0.06866995073891624,0.06926108374384232,-0.1316256157635468,0.16039408866995064
2025-12-29,VMC,VULCAN MATERIALS COMPANY,Materials,292.02,310.27,0.0625,0.1685,0.17719126,-0.0490501619549405,-14.0,3,Neutral,1.094170403587448,-1.1103327495621709,1.2077464788732408,283.1,301.78,273.0,309.15,257.94,333.18,-0.030545853023765335,0.03342236833093626,-0.06513252516950885,0.05866036572837485,-0.11670433531949864,0.1409492500513665
2025-12-29,VNM,VANECK:VIETNAM,Foreign,18.92,19.59,0.0354,0.542,0.30121879,0.7993565408054393,32.0,2,Buy,-1.1363636363636376,1.023584905660376,-1.5217391304347854,17.92,19.8,16.8,21.09,15.42,21.22,-0.052854122621564525,0.046511627906976605,-0.11205073995771675,0.11469344608879473,-0.18498942917547578,0.12156448202959824
2025-12-29,VRSK,"VERISK ANALYTICS, INC.",Industrials,224.74,223.27,-0.0065,0.238,0.13109169,0.8155231655034729,-10.0,1,Neutral,-6.647058823529463,-3.578431372549028,-1.5225265017667853,213.44,226.44,199.19,231.88,190.27,247.38,-0.05028032392987458,0.0075642965204234525,-0.11368692711577832,0.03177004538577899,-0.15337723591705965,0.10073863130728844
2025-12-29,VRSN,"VERISIGN, INC.",Information Technology,245.15,261.9,0.0683,0.2237,0.15047446,0.4866310203073665,28.0,1,Buy,-1.3825757575757593,-2.1644736842105265,1.4569083447332414,237.85,250.43,218.83,257.31,215.91,287.75,-0.029777687130328467,0.021537833979196508,-0.10736283907811539,0.04960228431572511,-0.11927391393024678,0.1737711605139709
2025-12-29,VRTX,VERTEX PHARMACEUTICALS INC.,Health Care,459.78,455.36,-0.0096,0.2495,0.31244206,-0.201451942801811,-74.0,4,Sell,1.3571990558615286,1.8747514910536809,-1.9158425832492418,447.07,477.03,434.63,506.93,364.85,509.33,-0.027643655661403255,0.037517943364217654,-0.05470007394841003,0.10254904519552843,-0.2064683109313149,0.10776893296794121
2025-12-29,VST,VISTRA CORP.,Utilities,161.84,216.69,0.3389,0.4347,0.46366263,-0.06246487882795304,3.0,4,Neutral,-1.3441033925686585,-2.150537634408601,4.522131887985543,153.52,168.03,143.84,170.21,139.7,261.96,-0.05140879881364302,0.03824765200197722,-0.11122095897182405,0.05171774592189826,-0.13680177953534367,0.6186356895699454
2025-12-29,VTR,"VENTAS, INC.",Real Estate,79.65,88.73,0.114,0.2092,0.14709319,0.4222276367791056,53.0,2,Buy,-1.1355311355311428,1.2952548330404174,1.396694214876033,76.55,82.38,73.96,87.02,71.18,91.48,-0.038920276208411875,0.034274952919020496,-0.07143753923414953,0.09252981795354653,-0.1063402385436284,0.14852479598242296
2025-12-29,VTRS,VIATRIS INC.,Health Care,12.37,11.93,-0.0356,0.2823,0.18198536,0.551223680849932,-22.0,1,Neutral,1.6666666666666725,1.919354838709682,-2.496296296296293,12.07,12.87,11.75,13.56,9.0,13.72,-0.02425222312045261,0.0404203718674212,-0.05012126111560222,0.09620048504446244,-0.2724333063864187,0.10913500404203735
2025-12-29,VXN,CBOE NASDAQ MKT VOL NDX,Volatility,18.3899993896484,22.46,0.2213,0.0,0.84987353,,29.0,,Buy,-3.462682501782973,-1.5142176458396288,4.045187245449531,16.07,19.06,12.0,22.61,13.3,38.98,-0.12615549030166417,0.03643287833542508,-0.3474714302190398,0.229472580228959,-0.27678083515943575,1.1196303041718187
2025-12-29,VZ,VERIZON COMMUNICATIONS INC.,Communication Services,40.48,42.82,0.0578,0.2595,0.16563462,0.566701454080071,-5.0,1,Neutral,-1.6966292134831427,-1.6077586206896537,1.410493827160496,38.97,41.37,36.75,42.8,37.24,45.05,-0.037302371541501955,0.02198616600790526,-0.0921442687747035,0.05731225296442699,-0.08003952569169948,0.11289525691699609
2025-12-29,WAB,WESTINGHOUSE AIR BRAKE TECHNOLOGIES ,Industrials,217.16,232.81,0.0721,0.1899,0.20038391,-0.05231912083160761,-88.0,3,Sell,5.512953367875636,1.7694886839899415,-1.0866641763167721,215.23,227.8,205.23,238.27,188.07,243.93,-0.008887456253453663,0.048996131884325056,-0.054936452385338064,0.0972094308344078,-0.1339565297476515,0.12327316264505428
2025-12-29,WAT,WATERS ,Health Care,385.1,414.39,0.0761,0.2209,0.16492026,0.3394351912857765,-3.0,1,Neutral,-1.607567567567568,1.910390848427071,1.2769714200209474,370.23,394.35,364.12,425.18,318.27,470.44,-0.03861334718255005,0.024019735133731457,-0.05447935601142562,0.10407686315242781,-0.173539340431057,0.22160477797974543
2025-12-29,WBD,"WARNER BROS. DISCOVERY, INC.",Communication Services,28.79,29.64,0.0295,0.5357,0.39189398,0.3669513371958406,13.0,2,Neutral,2.295454545454546,2.883040935672513,-1.6126878130217024,27.47,31.82,27.08,33.72,19.13,34.78,-0.045849253212921215,0.1052448766932963,-0.05939562348037519,0.17124001389371313,-0.3355331712400139,0.20805835359499825
2025-12-29,WDAY,"WORKDAY, INC.",Information Technology,218.99,223.63,0.0212,0.265,0.19735188,0.34277920230605363,-64.0,1,Sell,-1.475968992248066,-1.736898395721927,1.0961988304093564,209.47,225.44,202.75,228.34,184.79,256.48,-0.04347230467144625,0.029453399698616378,-0.07415863738070239,0.042696013516598796,-0.15617151468103574,0.1711950317366091
2025-12-29,WDC,WESTERN DIGITAL ,Information Technology,179.68,213.08,0.1859,0.7055,0.5347963,0.31919386876835154,-2.0,1,Neutral,2.6159292035398205,2.296082209377008,1.1755480306540718,174.03,194.46,164.11,215.43,123.57,245.64,-0.03144479073909179,0.0822573463935885,-0.08665405164737305,0.19896482635796975,-0.3122773820124667,0.3670970614425644
2025-12-29,WEAT,TEUCRIUM:WHEAT,Commodities,20.2,13.25,-0.3441,0.2039,0.11864607,0.7185567124136516,46.0,1,Buy,1.3200000000000003,1.330578512396693,-2.813333333333333,19.7,20.86,18.99,21.81,11.76,23.2,-0.024752475247524774,0.0326732673267327,-0.059900990099009954,0.07970297029702977,-0.41782178217821786,0.14851485148514842
2025-12-29,WEC,"WEC ENERGY GROUP, INC.",Utilities,105.73,114.99,0.0876,0.1977,0.13510794,0.46327447520848875,23.0,1,Neutral,-1.6706586826347325,-1.356923076923078,3.6495327102803707,102.94,107.4,96.91,112.23,101.45,121.35,-0.026387969355906593,0.015794949399413616,-0.08342003215738203,0.061477347961789386,-0.04048046911945524,0.14773479617894636
2025-12-29,WELL,WELLTOWER INC.,Real Estate,189.64,226.89,0.1964,0.1804,0.21506783,-0.16119486582442377,0.0,4,Neutral,-3.5343915343915295,1.0053667262969608,3.683890577507601,176.28,193.42,172.87,206.5,176.48,238.12,-0.07044927230542075,0.019932503691204362,-0.08843071082050191,0.08890529424172122,-0.06939464248048932,0.2556422695633833
2025-12-29,WFC,WELLS FARGO & COMPANY,Financials,94.52,98.66,0.0438,0.2721,0.19009723,0.43137277697313103,-36.0,1,Sell,2.717105263157908,1.5626072041166383,-1.5958219800181639,93.0,98.65,88.69,103.63,76.95,105.53,-0.016081252644942867,0.0436944561997461,-0.06168006771053747,0.09638171815488783,-0.18588658484976717,0.11648328396106655
2025-12-29,WM,"WASTE MANAGEMENT, INC.",Industrials,222.29,224.87,0.0116,0.1598,0.14156886,0.12877930923509595,-10.0,1,Neutral,-1.1332116788321094,-1.2005194805194797,-2.184036939313984,216.08,227.77,199.18,241.54,189.18,237.45,-0.027936479373790957,0.024652480993297088,-0.10396329119618508,0.0865985874308337,-0.14894957038103374,0.06819919924423057
2025-12-29,WMB,"THE WILLIAMS COMPANIES, INC.",Energy,59.8,68.19,0.1403,0.2215,0.2307836,-0.04022642856771452,10.0,3,Neutral,-2.948717948717941,-1.2641921397379916,2.405727923627686,57.5,60.58,54.01,64.38,55.61,69.88,-0.038461538461538436,0.01304347826086949,-0.0968227424749164,0.07658862876254169,-0.07006688963210694,0.16856187290969893
2025-12-29,WMT,WALMART INC.,Consumer Staples,112.53,123.74,0.0996,0.1972,0.17831835,0.10588730772800448,34.0,1,Buy,-2.361702127659579,1.2474619289340108,1.2594417077175695,108.09,114.41,104.65,122.36,100.35,127.87,-0.03945614502799255,0.01670665600284371,-0.0700257709055363,0.08735448324891149,-0.10823780325246601,0.1363192037678842
2025-12-29,WRB,W. R. BERKLEY ,Financials,70.79,82.08,0.1595,0.1155,0.32303036,-0.642448468311152,21.0,4,Neutral,-1.028688524590167,-1.2614379084967342,2.548936170212764,68.28,73.23,61.14,78.44,63.74,88.76,-0.035456985449922374,0.034468145218251145,-0.1363186890803787,0.10806611103263153,-0.09959033761830771,0.2538494137590055
2025-12-29,WSM,"WILLIAMS-SONOMA, INC.",Consumer Discretionary,187.14,203.31,0.0864,0.3478,0.21370262,0.6274952548546198,-34.0,1,Sell,3.9260700389105176,1.1338688085676056,1.5019818799547004,184.57,197.23,172.2,204.08,151.82,240.19,-0.013733034092123564,0.05391685369242283,-0.07983327989740296,0.09052046596131258,-0.18873570588863953,0.28347761034519614
2025-12-29,WST,"WEST PHARMACEUTICAL SERVICES, INC.",Health Care,275.6,280.72,0.0186,0.2028,0.26766008,-0.2423225757087124,-53.0,3,Sell,-1.1227887617065628,1.2276587141124113,1.0116883116883113,264.81,285.21,250.87,305.96,214.0,337.92,-0.03915094339622649,0.0348693759071117,-0.08973149492017418,0.11015965166908548,-0.2235123367198839,0.22612481857764877
2025-12-29,WTW,WILLIS TOWERS WATSON,Financials,334.15,348.47,0.0429,0.198,0.16880952,0.17291963154684642,-33.0,2,Sell,1.5380794701986882,-1.0865182696346074,-1.2822384428223823,328.11,343.44,308.28,357.96,297.26,362.92,-0.018075714499476203,0.02780188538081707,-0.07742032021547207,0.07125542421068376,-0.11039952117312579,0.08609905730959166
2025-12-29,WY,WEYERHAEUSER COMPANY,Real Estate,23.81,22.09,-0.0722,0.2501,0.21951269,0.13934187586148195,-43.0,1,Sell,2.021739130434794,-1.1549999999999994,-5.06185567010308,23.35,24.74,21.5,25.81,18.9,24.78,-0.019319613607727715,0.039059218815623575,-0.09701805963880716,0.08399832003359942,-0.20621587568248634,0.040739185216295715
2025-12-29,WYNN,"WYNN RESORTS, LIMITED",Consumer Discretionary,122.27,137.87,0.1276,0.3142,0.25564307,0.22905737284409877,6.0,1,Neutral,3.4507042253521125,1.9866468842729985,1.9384146341463429,120.85,127.17,115.53,135.66,105.87,154.06,-0.011613641939968944,0.04007524331397727,-0.055123906109429965,0.10951173632125633,-0.13412938578555644,0.25999836427578327
2025-12-29,XEL,XCEL ENERGY INC.,Utilities,74.12,81.84,0.1042,0.1905,0.1862556,0.022788039661626236,29.0,2,Buy,-1.9259259259259403,-1.2860360360360386,4.1278195488721705,71.0,75.74,68.41,78.56,70.13,90.59,-0.04209390178089589,0.02185644900161887,-0.07703723691311393,0.05990286022665936,-0.05383162439287659,0.22220723151645982
2025-12-29,XES,SPDR S&P OIL&GAS E&S,MR Discretion,81.26,83.77,0.0309,0.37,0.31164834,0.1872355873931495,29.0,2,Buy,-1.7654867256637279,1.5119617224880342,-1.015718562874252,77.27,83.52,74.99,90.74,67.69,94.62,-0.04910164902781211,0.027811961604725433,-0.07715973418656175,0.11666256460743285,-0.16699483140536553,0.16441053408811213
2025-12-29,XLB,SEL SECTOR:MATRLS SPDR,Sector & Style ETFs,45.74,45.09,-0.0142,0.4272,0.12988522,2.28905783121436,-40.0,1,Sell,1.6129032258064522,1.0324909747292406,-2.4823529411764755,44.81,47.24,42.97,48.6,39.41,48.29,-0.020332313073895936,0.03279405334499352,-0.060559685177087985,0.0625273283777874,-0.1383909051158725,0.055749890686488834
2025-12-29,XLC,SEL SECTOR:COMM SVC SPDR,Sector & Style ETFs,117.89,123.3,0.0459,0.1543,0.07835657,0.969203092988884,-10.0,1,Neutral,1.220779220779213,-1.2165898617511515,-1.0861423220973785,116.35,119.77,109.97,124.4,106.29,128.57,-0.013063024853677163,0.015947069301891492,-0.06718127067605395,0.05522096869963522,-0.09839681058613958,0.0905929256086182
2025-12-29,XLE,SEL SECTOR:ENERGY SPDR,Sector & Style ETFs,44.62,46.16,0.0345,0.1559,0.19598667,-0.20453773718386048,8.0,4,Neutral,-3.4081632653060976,-1.205223880597014,1.167058823529412,42.95,45.11,41.39,47.3,40.37,49.58,-0.03742716270730606,0.010981622590766627,-0.07238906320035854,0.06006275212909018,-0.09524876736889287,0.11116091438816667
2025-12-29,XLF,SEL SECTOR:FINL S SPDR,Sector & Style ETFs,55.32,56.45,0.0204,0.1225,0.10770854,0.137328572089084,-36.0,1,Sell,3.5319148936170226,1.1205882352941188,-1.5313901345291474,54.85,56.98,51.92,59.13,48.49,59.78,-0.008496023138105602,0.030007230657989714,-0.061460592913955114,0.06887201735357928,-0.12346348517715111,0.0806218365871294
2025-12-29,XLI,SEL SECTOR:INDUST SPDR,Sector & Style ETFs,156.87,160.64,0.024,0.1406,0.13521906,0.0397942420247559,-20.0,1,Neutral,1.4230769230769202,-1.0033783783783785,-1.3599374021909227,153.75,161.31,147.96,165.75,139.49,169.65,-0.01988908013004398,0.028303690954293304,-0.05679862306368333,0.05660738190858661,-0.11079237585261681,0.0814687320711418
2025-12-29,XLK,SEL SECTOR:TECH SPDR,Sector & Style ETFs,145.87,152.95,0.0485,0.1855,0.1783501,0.04008912806889353,-47.0,1,Sell,1.097686375321328,1.0780701754385953,1.1059757236227823,141.98,150.14,134.47,158.16,124.45,169.56,-0.026667580722561257,0.02927264002193719,-0.07815177898128478,0.08425310207719194,-0.14684307945430863,0.1624048810584766
2025-12-29,XLP,SEL SECTOR:C STP SPDR,Sector & Style ETFs,78.28,81.28,0.0383,0.0961,0.08881787,0.08198946901113491,22.0,1,Neutral,-1.2727272727272683,-1.072847682119205,1.1590361445783122,75.76,80.26,73.42,82.81,74.13,83.09,-0.03219213081246797,0.025293817066939228,-0.06208482370975987,0.057869187531936594,-0.05301481859989787,0.06144609095554432
2025-12-29,XLRE,SEL SECTOR:RL EST SPDR,Sector & Style ETFs,40.63,41.66,0.0254,0.0827,0.08296018,-0.0031362034171092956,-48.0,3,Sell,-2.296875000000007,-1.9596774193548465,1.0969696969696947,39.16,41.27,38.2,41.87,37.33,44.25,-0.03618016244154576,0.015751907457543624,-0.059808023627861195,0.03051932069899066,-0.0812207728279597,0.08909672655673151
2025-12-29,XLU,SEL SECTOR:UTIL SPDR,Sector & Style ETFs,42.86,46.8,0.0919,0.0996,0.13002809,-0.23401166624842384,0.0,3,Neutral,-1.7500000000000044,-1.0070422535211254,3.965277777777785,41.46,43.66,40.0,45.7,41.42,48.57,-0.03266448903406438,0.018665422305179646,-0.06672888474101724,0.06626224918338774,-0.033597760149323364,0.13322445170321973
2025-12-29,XLV,SEL SECTOR:H CARE SPDR,Sector & Style ETFs,155.81,161.23,0.0348,0.1374,0.13045671,0.05322294269110417,26.0,1,Buy,-1.1066282420749294,1.5202898550724637,-1.240596167494676,151.97,159.28,148.91,166.3,138.33,169.9,-0.02464540145048455,0.022270714331557695,-0.04428470573133947,0.06732558885822493,-0.11218792118605991,0.09043065271805406
2025-12-29,XLY,SEL SECTOR:C DSC SPDR,Sector & Style ETFs,120.85,125.26,0.0365,0.253,0.12401166,1.0401307425446933,-10.0,1,Neutral,4.752808988764047,1.3595800524934418,-1.116755117513267,119.96,125.08,113.23,131.21,106.12,134.04,-0.0073645014480760995,0.035002068680182186,-0.06305337194869665,0.08572610674389747,-0.12188663632602392,0.10914356640463385
2025-12-29,XOM,EXXON MOBIL ,Energy,120.53,122.95,0.0201,0.1817,0.19425635,-0.06463804143339458,-31.0,4,Sell,-1.3770949720670416,-1.051063829787234,-1.460369163952225,115.6,124.11,113.12,127.58,107.08,129.74,-0.04090267983074758,0.029702148842611686,-0.061478470090433834,0.05849166182693111,-0.1115904754003153,0.07641251140794836
2025-12-29,XOP,SPDR S&P OIL&GAS EXP,MR Discretion,126.46,129.32,0.0226,0.3106,0.24986475,0.24307250222370302,-4.0,2,Neutral,-8.337837837837718,-1.272240085744908,1.256327060350422,120.29,127.2,114.59,135.79,111.05,145.82,-0.04879013126680365,0.005851652696504894,-0.09386367230744896,0.07377826980863511,-0.12185671358532335,0.15309188676261276
2025-12-29,XYL,XYLEM INC.,Industrials,138.41,148.21,0.0708,0.1806,0.13680651,0.32011261744781017,40.0,1,Buy,1.0068493150684967,1.0171037628278228,2.171736997055937,135.49,141.35,129.64,147.33,128.22,160.54,-0.0210967415649157,0.021241239794812516,-0.06336247380969595,0.06444621053392097,-0.07362184813236039,0.15988729138068059
2025-12-29,XYZ,"BLOCK, INC.",Financials,65.92,65.97,0.0008,0.3948,0.3460484,0.14088087099954816,-5.0,1,Neutral,1.7751937984495976,-1.5421511627906985,1.0325156873930401,64.63,68.21,55.31,72.8,48.39,84.02,-0.019569174757281593,0.03473907766990281,-0.16095266990291257,0.1043689320388348,-0.2659283980582524,0.27457524271844647
2025-12-29,YUM,"YUM! BRANDS, INC.",Consumer Discretionary,152.27,157.76,0.0361,0.138,0.22137001,-0.37660932481323917,-6.0,3,Neutral,3.806584362139907,1.1749241658240606,-1.2987910189982748,149.84,161.52,142.38,163.89,129.71,169.64,-0.015958494779011012,0.060747356669074604,-0.06495041702239457,0.07631181453996172,-0.14815787745452158,0.1140736849018189
2025-12-29,ZBH,"ZIMMER BIOMET HOLDINGS, INC.",Health Care,90.53,94.23,0.0409,0.2962,0.1708732,0.7334491307004258,28.0,1,Buy,-2.9719626168224553,-1.180252583237659,1.5869565217391293,87.35,91.6,80.25,99.24,79.49,108.05,-0.0351264774108031,0.011819286424389563,-0.11355351817077208,0.096211200706948,-0.12194852535071254,0.19352700762178277
2025-12-29,ZBRA,ZEBRA TECHNOLOGIES ,Information Technology,245.74,257.4,0.0474,0.3308,0.20292383,0.6301683247354437,-6.0,1,Neutral,-1.2130434782608708,-1.0961398397669353,1.4322295805739509,234.58,254.94,215.64,273.2,200.44,310.62,-0.045413852038740155,0.03743794254089683,-0.12248718157402139,0.11174411980141596,-0.18434117359811186,0.2640188817449336
2025-12-29,ZTS,ZOETIS INC.,Health Care,125.98,119.64,-0.0503,0.2462,0.20984512,0.17324624942433742,7.0,1,Neutral,-1.1528150134048238,-1.1903892944038945,-1.3207029104887427,121.68,129.71,106.41,142.42,101.93,144.19,-0.03413240196856637,0.029607874265756395,-0.15534211779647566,0.13049690427051908,-0.190903317986982,0.144546753452929
