Date,Ticker,Close,mt_pb_anchor,lt_pb_anchor
2025-12-01,A,150.1,188.17,184.71
2025-12-02,A,148.81,188.17,184.71
2025-12-03,A,149.26,188.17,184.71
2025-12-04,A,148.32,188.17,184.71
2025-12-05,A,145.49,188.17,184.71
2025-12-01,AAPL,283.1,316.75,314.2
2025-12-02,AAPL,286.19,316.75,314.2
2025-12-03,AAPL,284.15,316.75,314.2
2025-12-04,AAPL,280.7,316.75,314.2
2025-12-05,AAPL,278.78,316.75,314.2
2025-12-01,ABBV,225.11,289.21,296.02
2025-12-02,ABBV,224.37,289.21,296.02
2025-12-03,ABBV,230.24,289.21,296.02
2025-12-04,ABBV,228.71,289.21,296.02
2025-12-05,ABBV,226.08,289.21,296.02
2025-12-01,ABNB,118.8,119.62,117.63
2025-12-02,ABNB,118.5,119.62,117.63
2025-12-03,ABNB,120.13,119.62,117.63
2025-12-04,ABNB,120.82,119.62,117.63
2025-12-05,ABNB,124.32,119.62,117.63
2025-12-01,ABT,128.01,139.99,144.44
2025-12-02,ABT,126.32,139.99,144.44
2025-12-03,ABT,125.29,139.99,144.44
2025-12-04,ABT,125.4,139.99,144.44
2025-12-05,ABT,125.08,139.99,144.44
2025-12-01,ACGL,93.16,103.59,104.56
2025-12-02,ACGL,92.69,103.59,104.56
2025-12-03,ACGL,92.72,103.59,104.56
2025-12-04,ACGL,92.39,103.59,104.56
2025-12-05,ACGL,91.72,103.59,104.56
2025-12-01,ACN,257.43,310.34,294.17
2025-12-02,ACN,261.02,310.34,294.17
2025-12-03,ACN,272.85,310.34,294.17
2025-12-04,ACN,269.34,310.34,294.17
2025-12-05,ACN,266.59,310.34,294.17
2025-12-01,ADBE,322.85,365.99,336.83
2025-12-02,ADBE,322.81,365.99,336.83
2025-12-03,ADBE,326.78,365.99,336.83
2025-12-04,ADBE,328.73,365.99,336.83
2025-12-05,ADBE,346.26,365.99,336.83
2025-12-01,ADI,266.51,311.91,312.72
2025-12-02,ADI,272.97,311.91,312.72
2025-12-03,ADI,278.24,311.91,312.72
2025-12-04,ADI,277.26,311.91,312.72
2025-12-05,ADI,281.29,311.91,312.72
2025-12-01,ADM,60.52,76.45,74.42
2025-12-02,ADM,60.31,76.45,74.42
2025-12-03,ADM,59.8,76.45,74.42
2025-12-04,ADM,59.36,76.45,74.42
2025-12-05,ADM,59.01,76.45,74.42
2025-12-01,ADP,255.84,253.38,263.6
2025-12-02,ADP,257.18,253.38,263.6
2025-12-03,ADP,260.22,253.38,263.6
2025-12-04,ADP,259.4,253.38,263.6
2025-12-05,ADP,261.63,253.38,263.6
2025-12-01,ADSK,305.12,312.66,322.46
2025-12-02,ADSK,310.25,312.66,322.46
2025-12-03,ADSK,307.24,312.66,322.46
2025-12-04,ADSK,305.85,312.66,322.46
2025-12-05,ADSK,306.74,312.66,322.46
2025-12-01,AEE,103.0,112.61,118.87
2025-12-02,AEE,101.51,112.61,118.87
2025-12-03,AEE,101.47,112.61,118.87
2025-12-04,AEE,100.85,112.61,118.87
2025-12-05,AEE,99.86,112.61,118.87
2025-12-01,AEP,120.51,122.23,125.33
2025-12-02,AEP,119.23,122.23,125.33
2025-12-03,AEP,118.06,122.23,125.33
2025-12-04,AEP,118.04,122.23,125.33
2025-12-05,AEP,117.54,122.23,125.33
2025-12-01,AES,13.99,14.87,14.07
2025-12-02,AES,13.96,14.87,14.07
2025-12-03,AES,13.71,14.87,14.07
2025-12-04,AES,13.93,14.87,14.07
2025-12-05,AES,13.92,14.87,14.07
2025-12-01,AFL,109.55,130.93,132.91
2025-12-02,AFL,108.83,130.93,132.91
2025-12-03,AFL,109.04,130.93,132.91
2025-12-04,AFL,109.24,130.93,132.91
2025-12-05,AFL,109.28,130.93,132.91
2025-12-01,AIG,76.61,85.87,88.25
2025-12-02,AIG,76.95,85.87,88.25
2025-12-03,AIG,77.07,85.87,88.25
2025-12-04,AIG,77.28,85.87,88.25
2025-12-05,AIG,77.03,85.87,88.25
2025-12-01,AIZ,225.43,283.5,285.24
2025-12-02,AIZ,221.37,283.5,285.24
2025-12-03,AIZ,222.33,283.5,285.24
2025-12-04,AIZ,224.27,283.5,285.24
2025-12-05,AIZ,222.87,283.5,285.24
2025-12-01,AJG,246.1,264.16,283.06
2025-12-02,AJG,244.22,264.16,283.06
2025-12-03,AJG,245.36,264.16,283.06
2025-12-04,AJG,245.41,264.16,283.06
2025-12-05,AJG,239.71,264.16,283.06
2025-12-01,AKAM,87.71,109.86,104.21
2025-12-02,AKAM,86.83,109.86,104.21
2025-12-03,AKAM,87.97,109.86,104.21
2025-12-04,AKAM,86.6,109.86,104.21
2025-12-05,AKAM,83.49,109.86,104.21
2025-12-01,ALB,128.33,154.14,137.18
2025-12-02,ALB,128.14,154.14,137.18
2025-12-03,ALB,126.49,154.14,137.18
2025-12-04,ALB,119.14,154.14,137.18
2025-12-05,ALB,125.19,154.14,137.18
2025-12-01,ALGN,146.72,156.16,141.41
2025-12-02,ALGN,150.93,156.16,141.41
2025-12-03,ALGN,155.0,156.16,141.41
2025-12-04,ALGN,156.84,156.16,141.41
2025-12-05,ALGN,157.21,156.16,141.41
2025-12-01,ALL,210.0,241.13,250.89
2025-12-02,ALL,208.91,241.13,250.89
2025-12-03,ALL,208.62,241.13,250.89
2025-12-04,ALL,206.37,241.13,250.89
2025-12-05,ALL,202.27,241.13,250.89
2025-12-01,ALLE,165.17,194.3,198.76
2025-12-02,ALLE,164.16,194.3,198.76
2025-12-03,ALLE,164.03,194.3,198.76
2025-12-04,ALLE,160.85,194.3,198.76
2025-12-05,ALLE,159.08,194.3,198.76
2025-12-01,AMAT,254.75,335.24,319.96
2025-12-02,AMAT,265.33,335.24,319.96
2025-12-03,AMAT,268.63,335.24,319.96
2025-12-04,AMAT,269.44,335.24,319.96
2025-12-05,AMAT,268.0,335.24,319.96
2025-12-01,AMCR,8.54,9.22,9.23
2025-12-02,AMCR,8.4,9.22,9.23
2025-12-03,AMCR,8.46,9.22,9.23
2025-12-04,AMCR,8.32,9.22,9.23
2025-12-05,AMCR,8.3,9.22,9.23
2025-12-01,AMD,219.76,246.23,246.39
2025-12-02,AMD,215.24,246.23,246.39
2025-12-03,AMD,217.6,246.23,246.39
2025-12-04,AMD,215.98,246.23,246.39
2025-12-05,AMD,217.97,246.23,246.39
2025-12-01,AME,195.61,237.96,234.33
2025-12-02,AME,197.29,237.96,234.33
2025-12-03,AME,199.22,237.96,234.33
2025-12-04,AME,199.22,237.96,234.33
2025-12-05,AME,199.8,237.96,234.33
2025-12-01,AMGN,337.49,426.62,422.13
2025-12-02,AMGN,338.36,426.62,422.13
2025-12-03,AMGN,345.42,426.62,422.13
2025-12-04,AMGN,340.16,426.62,422.13
2025-12-05,AMGN,329.89,426.62,422.13
2025-12-01,AMP,454.91,502.33,511.59
2025-12-02,AMP,456.79,502.33,511.59
2025-12-03,AMP,470.11,502.33,511.59
2025-12-04,AMP,474.11,502.33,511.59
2025-12-05,AMP,477.06,502.33,511.59
2025-12-01,AMT,176.27,184.44,185.35
2025-12-02,AMT,175.81,184.44,185.35
2025-12-03,AMT,176.18,184.44,185.35
2025-12-04,AMT,178.83,184.44,185.35
2025-12-05,AMT,178.86,184.44,185.35
2025-12-01,AMZN,233.88,253.68,257.45
2025-12-02,AMZN,234.42,253.68,257.45
2025-12-03,AMZN,232.38,253.68,257.45
2025-12-04,AMZN,229.11,253.68,257.45
2025-12-05,AMZN,229.53,253.68,257.45
2025-12-01,ANET,128.11,131.2,148.54
2025-12-02,ANET,127.22,131.2,148.54
2025-12-03,ANET,127.8,131.2,148.54
2025-12-04,ANET,128.55,131.2,148.54
2025-12-05,ANET,128.59,131.2,148.54
2025-12-01,AON,351.17,431.97,447.79
2025-12-02,AON,345.7,431.97,447.79
2025-12-03,AON,344.45,431.97,447.79
2025-12-04,AON,347.71,431.97,447.79
2025-12-05,AON,345.2,431.97,447.79
2025-12-01,AOS,66.02,72.05,74.14
2025-12-02,AOS,65.96,72.05,74.14
2025-12-03,AOS,67.32,72.05,74.14
2025-12-04,AOS,67.2,72.05,74.14
2025-12-05,AOS,68.03,72.05,74.14
2025-12-01,APA,25.28,27.76,24.74
2025-12-02,APA,25.45,27.76,24.74
2025-12-03,APA,26.95,27.76,24.74
2025-12-04,APA,26.71,27.76,24.74
2025-12-05,APA,27.1,27.76,24.74
2025-12-01,APD,260.86,257.51,259.87
2025-12-02,APD,256.77,257.51,259.87
2025-12-03,APD,260.35,257.51,259.87
2025-12-04,APD,261.62,257.51,259.87
2025-12-05,APD,260.69,257.51,259.87
2025-12-01,APH,139.22,180.76,191.6
2025-12-02,APH,141.49,180.76,191.6
2025-12-03,APH,138.65,180.76,191.6
2025-12-04,APH,139.46,180.76,191.6
2025-12-05,APH,139.36,180.76,191.6
2025-12-01,APO,131.39,142.22,141.97
2025-12-02,APO,132.08,142.22,141.97
2025-12-03,APO,134.5,142.22,141.97
2025-12-04,APO,136.75,142.22,141.97
2025-12-05,APO,138.13,142.22,141.97
2025-12-01,APP,623.59,672.32,906.73
2025-12-02,APP,653.0,672.32,906.73
2025-12-03,APP,662.21,672.32,906.73
2025-12-04,APP,683.78,672.32,906.73
2025-12-05,APP,691.94,672.32,906.73
2025-12-01,APTV,76.94,80.23,80.19
2025-12-02,APTV,77.48,80.23,80.19
2025-12-03,APTV,78.09,80.23,80.19
2025-12-04,APTV,76.44,80.23,80.19
2025-12-05,APTV,76.37,80.23,80.19
2025-12-01,ARE,53.1,50.09,50.28
2025-12-02,ARE,53.83,50.09,50.28
2025-12-03,ARE,48.42,50.09,50.28
2025-12-04,ARE,46.59,50.09,50.28
2025-12-05,ARE,45.48,50.09,50.28
2025-12-01,ASC,12.06,12.68,12.58
2025-12-02,ASC,12.09,12.68,12.58
2025-12-03,ASC,12.25,12.68,12.58
2025-12-04,ASC,11.96,12.68,12.58
2025-12-05,ASC,11.83,12.68,12.58
2025-12-01,ATO,171.72,177.27,187.97
2025-12-02,ATO,170.08,177.27,187.97
2025-12-03,ATO,171.15,177.27,187.97
2025-12-04,ATO,170.95,177.27,187.97
2025-12-05,ATO,171.29,177.27,187.97
2025-12-01,AVB,179.65,186.73,188.96
2025-12-02,AVB,181.12,186.73,188.96
2025-12-03,AVB,181.52,186.73,188.96
2025-12-04,AVB,179.42,186.73,188.96
2025-12-05,AVB,178.02,186.73,188.96
2025-12-01,AVGO,386.08,551.62,618.48
2025-12-02,AVGO,381.57,551.62,618.48
2025-12-03,AVGO,380.61,551.62,618.48
2025-12-04,AVGO,381.03,551.62,618.48
2025-12-05,AVGO,390.24,551.62,618.48
2025-12-01,AVY,172.53,215.49,204.16
2025-12-02,AVY,172.22,215.49,204.16
2025-12-03,AVY,175.59,215.49,204.16
2025-12-04,AVY,174.96,215.49,204.16
2025-12-05,AVY,179.33,215.49,204.16
2025-12-01,AWK,131.0,187.95,198.05
2025-12-02,AWK,130.75,187.95,198.05
2025-12-03,AWK,130.97,187.95,198.05
2025-12-04,AWK,128.93,187.95,198.05
2025-12-05,AWK,129.5,187.95,198.05
2025-12-01,AXON,533.21,555.46,672.53
2025-12-02,AXON,537.75,555.46,672.53
2025-12-03,AXON,543.55,555.46,672.53
2025-12-04,AXON,550.61,555.46,672.53
2025-12-05,AXON,550.95,555.46,672.53
2025-12-01,AXP,360.31,400.65,418.55
2025-12-02,AXP,360.7,400.65,418.55
2025-12-03,AXP,368.13,400.65,418.55
2025-12-04,AXP,371.15,400.65,418.55
2025-12-05,AXP,370.35,400.65,418.55
2025-12-01,AZO,3946.99,3976.36,4199.78
2025-12-02,AZO,3826.77,3976.36,4199.78
2025-12-03,AZO,3822.92,3976.36,4199.78
2025-12-04,AZO,3840.5,3976.36,4199.78
2025-12-05,AZO,3822.66,3976.36,4199.78
2025-12-01,BA,186.46,190.57,185.55
2025-12-02,BA,205.38,190.57,185.55
2025-12-03,BA,202.54,190.57,185.55
2025-12-04,BA,201.87,190.57,185.55
2025-12-05,BA,201.89,190.57,185.55
2025-12-01,BAC,53.24,58.38,59.99
2025-12-02,BAC,53.19,58.38,59.99
2025-12-03,BAC,54.09,58.38,59.99
2025-12-04,BAC,54.16,58.38,59.99
2025-12-05,BAC,53.95,58.38,59.99
2025-12-01,BALL,49.03,58.13,58.01
2025-12-02,BALL,48.41,58.13,58.01
2025-12-03,BALL,48.78,58.13,58.01
2025-12-04,BALL,48.85,58.13,58.01
2025-12-05,BALL,49.03,58.13,58.01
2025-12-01,BAX,19.08,20.35,19.57
2025-12-02,BAX,18.84,20.35,19.57
2025-12-03,BAX,18.89,20.35,19.57
2025-12-04,BAX,18.48,20.35,19.57
2025-12-05,BAX,18.54,20.35,19.57
2025-12-01,BBY,77.24,76.97,75.31
2025-12-02,BBY,74.89,76.97,75.31
2025-12-03,BBY,74.38,76.97,75.31
2025-12-04,BBY,74.06,76.97,75.31
2025-12-05,BBY,74.17,76.97,75.31
2025-12-01,BDX,191.82,216.79,213.35
2025-12-02,BDX,190.47,216.79,213.35
2025-12-03,BDX,193.57,216.79,213.35
2025-12-04,BDX,193.76,216.79,213.35
2025-12-05,BDX,193.96,216.79,213.35
2025-12-01,BEN,22.54,26.73,26.4
2025-12-02,BEN,22.42,26.73,26.4
2025-12-03,BEN,23.01,26.73,26.4
2025-12-04,BEN,23.14,26.73,26.4
2025-12-05,BEN,23.4,26.73,26.4
2025-12-01,BF.B,29.72,34.6,31.25
2025-12-02,BF.B,29.89,34.6,31.25
2025-12-03,BF.B,30.09,34.6,31.25
2025-12-04,BF.B,29.7,34.6,31.25
2025-12-05,BF.B,30.4,34.6,31.25
2025-12-01,BG,96.42,114.71,110.24
2025-12-02,BG,96.05,114.71,110.24
2025-12-03,BG,95.29,114.71,110.24
2025-12-04,BG,94.39,114.71,110.24
2025-12-05,BG,93.63,114.71,110.24
2025-12-01,BIIB,177.78,234.35,205.58
2025-12-02,BIIB,180.18,234.35,205.58
2025-12-03,BIIB,180.75,234.35,205.58
2025-12-04,BIIB,181.98,234.35,205.58
2025-12-05,BIIB,181.3,234.35,205.58
2025-12-01,BK,111.81,168.08,181.46
2025-12-02,BK,112.08,168.08,181.46
2025-12-03,BK,113.09,168.08,181.46
2025-12-04,BK,113.95,168.08,181.46
2025-12-05,BK,114.02,168.08,181.46
2025-12-01,BKNG,4891.81,4924.38,5176.48
2025-12-02,BKNG,5135.07,4924.38,5176.48
2025-12-03,BKNG,5047.21,4924.38,5176.48
2025-12-04,BKNG,5027.2,4924.38,5176.48
2025-12-05,BKNG,5197.04,4924.38,5176.48
2025-12-01,BKR,50.16,52.83,54.08
2025-12-02,BKR,49.48,52.83,54.08
2025-12-03,BKR,50.49,52.83,54.08
2025-12-04,BKR,50.61,52.83,54.08
2025-12-05,BKR,49.2,52.83,54.08
2025-12-01,BLDR,113.18,119.71,121.26
2025-12-02,BLDR,112.1,119.71,121.26
2025-12-03,BLDR,114.44,119.71,121.26
2025-12-04,BLDR,111.01,119.71,121.26
2025-12-05,BLDR,110.01,119.71,121.26
2025-12-01,BLK,1039.94,1126.77,1163.76
2025-12-02,BLK,1038.62,1126.77,1163.76
2025-12-03,BLK,1079.87,1126.77,1163.76
2025-12-04,BLK,1075.58,1126.77,1163.76
2025-12-05,BLK,1072.16,1126.77,1163.76
2025-12-01,BMY,49.18,55.45,53.79
2025-12-02,BMY,48.25,55.45,53.79
2025-12-03,BMY,50.96,55.45,53.79
2025-12-04,BMY,51.95,55.45,53.79
2025-12-05,BMY,52.15,55.45,53.79
2025-12-01,BR,226.55,239.9,251.7
2025-12-02,BR,227.61,239.9,251.7
2025-12-03,BR,230.46,239.9,251.7
2025-12-04,BR,230.88,239.9,251.7
2025-12-05,BR,232.02,239.9,251.7
2025-12-01,BRK.B,508.55,501.39,528.61
2025-12-02,BRK.B,506.65,501.39,528.61
2025-12-03,BRK.B,503.6,501.39,528.61
2025-12-04,BRK.B,503.23,501.39,528.61
2025-12-05,BRK.B,504.34,501.39,528.61
2025-12-01,BRO,81.18,101.68,108.06
2025-12-02,BRO,79.84,101.68,108.06
2025-12-03,BRO,79.65,101.68,108.06
2025-12-04,BRO,79.64,101.68,108.06
2025-12-05,BRO,78.37,101.68,108.06
2025-12-01,BSX,101.01,107.03,116.64
2025-12-02,BSX,99.02,107.03,116.64
2025-12-03,BSX,98.57,107.03,116.64
2025-12-04,BSX,97.72,107.03,116.64
2025-12-05,BSX,97.52,107.03,116.64
2025-12-01,BTC=F,86715.0,95856.82,110369.41
2025-12-02,BTC=F,91730.0,95856.82,110369.41
2025-12-03,BTC=F,93320.0,95856.82,110369.41
2025-12-04,BTC=F,92415.0,95856.82,110369.41
2025-12-05,BTC=F,89425.0,95856.82,110369.41
2025-12-01,BTI,58.13,88.32,95.02
2025-12-02,BTI,57.93,88.32,95.02
2025-12-03,BTI,57.51,88.32,95.02
2025-12-04,BTI,58.04,88.32,95.02
2025-12-05,BTI,57.01,88.32,95.02
2025-12-01,BTU,26.75,36.77,33.64
2025-12-02,BTU,27.58,36.77,33.64
2025-12-03,BTU,29.43,36.77,33.64
2025-12-04,BTU,29.51,36.77,33.64
2025-12-05,BTU,29.02,36.77,33.64
2025-12-01,BX,146.35,152.78,161.19
2025-12-02,BX,146.74,152.78,161.19
2025-12-03,BX,151.52,152.78,161.19
2025-12-04,BX,151.39,152.78,161.19
2025-12-05,BX,152.15,152.78,161.19
2025-12-01,BXP,71.97,78.56,78.54
2025-12-02,BXP,71.75,78.56,78.54
2025-12-03,BXP,71.15,78.56,78.54
2025-12-04,BXP,70.56,78.56,78.54
2025-12-05,BXP,69.28,78.56,78.54
2025-12-01,C,102.68,130.49,137.45
2025-12-02,C,103.19,130.49,137.45
2025-12-03,C,106.72,130.49,137.45
2025-12-04,C,107.79,130.49,137.45
2025-12-05,C,108.88,130.49,137.45
2025-12-01,CAG,17.67,17.15,16.26
2025-12-02,CAG,17.22,17.15,16.26
2025-12-03,CAG,17.16,17.15,16.26
2025-12-04,CAG,16.95,17.15,16.26
2025-12-05,CAG,17.05,17.15,16.26
2025-12-01,CAH,208.0,258.48,250.43
2025-12-02,CAH,205.13,258.48,250.43
2025-12-03,CAH,199.71,258.48,250.43
2025-12-04,CAH,199.19,258.48,250.43
2025-12-05,CAH,198.83,258.48,250.43
2025-12-01,CALM,83.63,82.74,98.54
2025-12-02,CALM,81.51,82.74,98.54
2025-12-03,CALM,82.67,82.74,98.54
2025-12-04,CALM,85.21,82.74,98.54
2025-12-05,CALM,84.71,82.74,98.54
2025-12-01,CANE,9.51,10.99,10.65
2025-12-02,CANE,9.62,10.99,10.65
2025-12-03,CANE,9.6,10.99,10.65
2025-12-04,CANE,9.605,10.99,10.65
2025-12-05,CANE,9.572,10.99,10.65
2025-12-01,CARR,54.25,72.35,75.4
2025-12-02,CARR,53.82,72.35,75.4
2025-12-03,CARR,54.62,72.35,75.4
2025-12-04,CARR,54.5,72.35,75.4
2025-12-05,CARR,54.29,72.35,75.4
2025-12-01,CAT,568.06,698.64,694.71
2025-12-02,CAT,582.47,698.64,694.71
2025-12-03,CAT,591.49,698.64,694.71
2025-12-04,CAT,599.15,698.64,694.71
2025-12-05,CAT,603.17,698.64,694.71
2025-12-01,CB,293.88,327.34,333.06
2025-12-02,CB,294.5,327.34,333.06
2025-12-03,CB,295.05,327.34,333.06
2025-12-04,CB,294.64,327.34,333.06
2025-12-05,CB,295.0,327.34,333.06
2025-12-01,CBOE,255.28,301.35,312.12
2025-12-02,CBOE,254.35,301.35,312.12
2025-12-03,CBOE,253.9,301.35,312.12
2025-12-04,CBOE,254.92,301.35,312.12
2025-12-05,CBOE,252.76,301.35,312.12
2025-12-01,CBRE,159.34,184.12,193.67
2025-12-02,CBRE,159.33,184.12,193.67
2025-12-03,CBRE,162.28,184.12,193.67
2025-12-04,CBRE,161.47,184.12,193.67
2025-12-05,CBRE,160.86,184.12,193.67
2025-12-01,CCI,88.5,91.59,90.89
2025-12-02,CCI,88.28,91.59,90.89
2025-12-03,CCI,88.33,91.59,90.89
2025-12-04,CCI,88.61,91.59,90.89
2025-12-05,CCI,89.28,91.59,90.89
2025-12-01,CCJ,87.53,108.23,108.41
2025-12-02,CCJ,88.23,108.23,108.41
2025-12-03,CCJ,89.45,108.23,108.41
2025-12-04,CCJ,94.09,108.23,108.41
2025-12-05,CCJ,91.27,108.23,108.41
2025-12-01,CCL,25.93,27.61,29.36
2025-12-02,CCL,25.84,27.61,29.36
2025-12-03,CCL,26.04,27.61,29.36
2025-12-04,CCL,25.82,27.61,29.36
2025-12-05,CCL,25.87,27.61,29.36
2025-12-01,CDNS,309.62,414.69,419.84
2025-12-02,CDNS,317.94,414.69,419.84
2025-12-03,CDNS,336.11,414.69,419.84
2025-12-04,CDNS,337.3,414.69,419.84
2025-12-05,CDNS,337.53,414.69,419.84
2025-12-01,CDW,143.03,143.63,145.09
2025-12-02,CDW,144.16,143.63,145.09
2025-12-03,CDW,143.68,143.63,145.09
2025-12-04,CDW,144.54,143.63,145.09
2025-12-05,CDW,146.25,143.63,145.09
2025-12-01,CEG,359.05,391.66,434.63
2025-12-02,CEG,363.67,391.66,434.63
2025-12-03,CEG,361.26,391.66,434.63
2025-12-04,CEG,368.62,391.66,434.63
2025-12-05,CEG,359.82,391.66,434.63
2025-12-01,CF,79.8,94.3,96.18
2025-12-02,CF,78.97,94.3,96.18
2025-12-03,CF,79.29,94.3,96.18
2025-12-04,CF,80.23,94.3,96.18
2025-12-05,CF,77.88,94.3,96.18
2025-12-01,CFG,54.58,69.86,73.96
2025-12-02,CFG,54.66,69.86,73.96
2025-12-03,CFG,55.68,69.86,73.96
2025-12-04,CFG,55.88,69.86,73.96
2025-12-05,CFG,55.46,69.86,73.96
2025-12-01,CHD,84.58,81.04,85.47
2025-12-02,CHD,83.54,81.04,85.47
2025-12-03,CHD,83.91,81.04,85.47
2025-12-04,CHD,83.95,81.04,85.47
2025-12-05,CHD,84.52,81.04,85.47
2025-12-01,CHRW,160.32,184.76,184.75
2025-12-02,CHRW,159.63,184.76,184.75
2025-12-03,CHRW,159.54,184.76,184.75
2025-12-04,CHRW,158.05,184.76,184.75
2025-12-05,CHRW,157.22,184.76,184.75
2025-12-01,CHTR,196.94,214.47,213.29
2025-12-02,CHTR,197.72,214.47,213.29
2025-12-03,CHTR,199.955,214.47,213.29
2025-12-04,CHTR,199.98,214.47,213.29
2025-12-05,CHTR,205.1,214.47,213.29
2025-12-01,CI,273.57,314.57,318.15
2025-12-02,CI,274.1,314.57,318.15
2025-12-03,CI,270.32,314.57,318.15
2025-12-04,CI,268.42,314.57,318.15
2025-12-05,CI,265.44,314.57,318.15
2025-12-01,CINF,166.03,170.69,180.12
2025-12-02,CINF,163.77,170.69,180.12
2025-12-03,CINF,162.83,170.69,180.12
2025-12-04,CINF,163.01,170.69,180.12
2025-12-05,CINF,162.3,170.69,180.12
2025-12-01,CIVI,29.7,30.3,27.56
2025-12-02,CIVI,29.29,30.3,27.56
2025-12-03,CIVI,30.39,30.3,27.56
2025-12-04,CIVI,30.46,30.3,27.56
2025-12-05,CIVI,30.39,30.3,27.56
2025-12-01,CL,79.94,76.87,79.59
2025-12-02,CL,78.82,76.87,79.59
2025-12-03,CL,78.2,76.87,79.59
2025-12-04,CL,77.6,76.87,79.59
2025-12-05,CL,78.07,76.87,79.59
2025-12-01,CLX,106.41,101.71,102.48
2025-12-02,CLX,105.89,101.71,102.48
2025-12-03,CLX,105.17,101.71,102.48
2025-12-04,CLX,105.1,101.71,102.48
2025-12-05,CLX,104.9,101.71,102.48
2025-12-01,CMBT,10.64,11.7,10.2
2025-12-02,CMBT,10.82,11.7,10.2
2025-12-03,CMBT,11.07,11.7,10.2
2025-12-04,CMBT,10.93,11.7,10.2
2025-12-05,CMBT,10.81,11.7,10.2
2025-12-01,CMCSA,26.58,25.18,25.27
2025-12-02,CMCSA,27.02,25.18,25.27
2025-12-03,CMCSA,27.43,25.18,25.27
2025-12-04,CMCSA,27.2,25.18,25.27
2025-12-05,CMCSA,27.31,25.18,25.27
2025-12-01,CME,278.99,304.54,311.83
2025-12-02,CME,277.49,304.54,311.83
2025-12-03,CME,274.34,304.54,311.83
2025-12-04,CME,273.19,304.54,311.83
2025-12-05,CME,270.87,304.54,311.83
2025-12-01,CMG,34.24,32.96,33.51
2025-12-02,CMG,34.14,32.96,33.51
2025-12-03,CMG,33.93,32.96,33.51
2025-12-04,CMG,34.15,32.96,33.51
2025-12-05,CMG,33.94,32.96,33.51
2025-12-01,CMI,496.15,654.81,666.48
2025-12-02,CMI,501.5,654.81,666.48
2025-12-03,CMI,507.81,654.81,666.48
2025-12-04,CMI,510.74,654.81,666.48
2025-12-05,CMI,510.65,654.81,666.48
2025-12-01,CMRE,15.53,17.56,17.13
2025-12-02,CMRE,15.82,17.56,17.13
2025-12-03,CMRE,16.14,17.56,17.13
2025-12-04,CMRE,16.33,17.56,17.13
2025-12-05,CMRE,16.13,17.56,17.13
2025-12-01,CMS,73.16,74.09,76.27
2025-12-02,CMS,72.64,74.09,76.27
2025-12-03,CMS,72.19,74.09,76.27
2025-12-04,CMS,71.7,74.09,76.27
2025-12-05,CMS,71.09,74.09,76.27
2025-12-01,CNC,37.89,43.03,34.2
2025-12-02,CNC,38.81,43.03,34.2
2025-12-03,CNC,38.81,43.03,34.2
2025-12-04,CNC,38.85,43.03,34.2
2025-12-05,CNC,38.34,43.03,34.2
2025-12-01,CNP,39.13,43.79,45.47
2025-12-02,CNP,38.35,43.79,45.47
2025-12-03,CNP,38.38,43.79,45.47
2025-12-04,CNP,38.54,43.79,45.47
2025-12-05,CNP,38.43,43.79,45.47
2025-12-01,CNR,77.32,99.88,94.18
2025-12-02,CNR,77.81,99.88,94.18
2025-12-03,CNR,82.68,99.88,94.18
2025-12-04,CNR,84.04,99.88,94.18
2025-12-05,CNR,83.27,99.88,94.18
2025-12-01,COF,220.37,240.57,253.76
2025-12-02,COF,224.0,240.57,253.76
2025-12-03,COF,227.24,240.57,253.76
2025-12-04,COF,229.71,240.57,253.76
2025-12-05,COF,230.68,240.57,253.76
2025-12-01,COIN,259.84,277.0,304.74
2025-12-02,COIN,263.26,277.0,304.74
2025-12-03,COIN,276.92,277.0,304.74
2025-12-04,COIN,274.05,277.0,304.74
2025-12-05,COIN,269.73,277.0,304.74
2025-12-01,COMT,26.98,29.13,29.46
2025-12-02,COMT,26.88,29.13,29.46
2025-12-03,COMT,26.9649,29.13,29.46
2025-12-04,COMT,27.0717,29.13,29.46
2025-12-05,COMT,27.22,29.13,29.46
2025-12-01,COO,77.41,103.11,95.06
2025-12-02,COO,75.84,103.11,95.06
2025-12-03,COO,75.98,103.11,95.06
2025-12-04,COO,77.03,103.11,95.06
2025-12-05,COO,81.4,103.11,95.06
2025-12-01,COP,90.26,94.22,90.05
2025-12-02,COP,89.29,94.22,90.05
2025-12-03,COP,91.81,94.22,90.05
2025-12-04,COP,93.12,94.22,90.05
2025-12-05,COP,93.69,94.22,90.05
2025-12-01,COR,360.12,447.37,470.88
2025-12-02,COR,350.67,447.37,470.88
2025-12-03,COR,335.31,447.37,470.88
2025-12-04,COR,337.63,447.37,470.88
2025-12-05,COR,339.66,447.37,470.88
2025-12-01,CORN,17.9073,19.56,18.97
2025-12-02,CORN,18.05,19.56,18.97
2025-12-03,CORN,17.81,19.56,18.97
2025-12-04,CORN,17.89,19.56,18.97
2025-12-05,CORN,17.85,19.56,18.97
2025-12-01,COST,911.96,1079.22,1142.96
2025-12-02,COST,922.03,1079.22,1142.96
2025-12-03,COST,922.26,1079.22,1142.96
2025-12-04,COST,895.855,1079.22,1142.96
2025-12-05,COST,894.68,1079.22,1142.96
2025-12-01,CPAY,296.27,347.12,354.6
2025-12-02,CPAY,294.95,347.12,354.6
2025-12-03,CPAY,299.89,347.12,354.6
2025-12-04,CPAY,297.39,347.12,354.6
2025-12-05,CPAY,310.64,347.12,354.6
2025-12-01,CPB,30.59,31.89,31.21
2025-12-02,CPB,29.89,31.89,31.21
2025-12-03,CPB,29.84,31.89,31.21
2025-12-04,CPB,29.36,31.89,31.21
2025-12-05,CPB,29.6,31.89,31.21
2025-12-01,CPER,32.29,34.53,35.65
2025-12-02,CPER,32.14,34.53,35.65
2025-12-03,CPER,33.03,34.53,35.65
2025-12-04,CPER,32.84,34.53,35.65
2025-12-05,CPER,33.35,34.53,35.65
2025-12-01,CPRT,39.15,37.66,40.43
2025-12-02,CPRT,38.96,37.66,40.43
2025-12-03,CPRT,38.85,37.66,40.43
2025-12-04,CPRT,38.8,37.66,40.43
2025-12-05,CPRT,38.72,37.66,40.43
2025-12-01,CPT,106.06,131.91,134.47
2025-12-02,CPT,106.0,131.91,134.47
2025-12-03,CPT,105.56,131.91,134.47
2025-12-04,CPT,104.51,131.91,134.47
2025-12-05,CPT,103.88,131.91,134.47
2025-12-01,CRESY,11.5,15.08,14.35
2025-12-02,CRESY,11.34,15.08,14.35
2025-12-03,CRESY,11.74,15.08,14.35
2025-12-04,CRESY,11.68,15.08,14.35
2025-12-05,CRESY,11.49,15.08,14.35
2025-12-01,CRL,176.09,191.65,174.66
2025-12-02,CRL,174.76,191.65,174.66
2025-12-03,CRL,184.67,191.65,174.66
2025-12-04,CRL,184.04,191.65,174.66
2025-12-05,CRL,184.31,191.65,174.66
2025-12-01,CRM,232.83,406.72,391.48
2025-12-02,CRM,234.71,406.72,391.48
2025-12-03,CRM,238.72,406.72,391.48
2025-12-04,CRM,247.46,406.72,391.48
2025-12-05,CRM,260.57,406.72,391.48
2025-12-01,CRWD,504.13,580.67,586.03
2025-12-02,CRWD,516.55,580.67,586.03
2025-12-03,CRWD,524.17,580.67,586.03
2025-12-04,CRWD,513.12,580.67,586.03
2025-12-05,CRWD,512.03,580.67,586.03
2025-12-01,CSCO,76.04,112.01,112.91
2025-12-02,CSCO,76.87,112.01,112.91
2025-12-03,CSCO,77.75,112.01,112.91
2025-12-04,CSCO,77.76,112.01,112.91
2025-12-05,CSCO,77.97,112.01,112.91
2025-12-01,CSGP,68.02,67.5,70.56
2025-12-02,CSGP,68.2,67.5,70.56
2025-12-03,CSGP,69.02,67.5,70.56
2025-12-04,CSGP,68.19,67.5,70.56
2025-12-05,CSGP,68.01,67.5,70.56
2025-12-01,CSX,34.85,38.16,37.5
2025-12-02,CSX,34.97,38.16,37.5
2025-12-03,CSX,35.95,38.16,37.5
2025-12-04,CSX,36.18,38.16,37.5
2025-12-05,CSX,36.3,38.16,37.5
2025-12-01,CTAS,185.43,209.09,221.59
2025-12-02,CTAS,184.19,209.09,221.59
2025-12-03,CTAS,184.71,209.09,221.59
2025-12-04,CTAS,184.03,209.09,221.59
2025-12-05,CTAS,186.75,209.09,221.59
2025-12-01,CTRA,26.95,36.78,35.19
2025-12-02,CTRA,26.39,36.78,35.19
2025-12-03,CTRA,27.16,36.78,35.19
2025-12-04,CTRA,27.34,36.78,35.19
2025-12-05,CTRA,27.39,36.78,35.19
2025-12-01,CTSH,77.43,87.64,84.5
2025-12-02,CTSH,77.69,87.64,84.5
2025-12-03,CTSH,79.24,87.64,84.5
2025-12-04,CTSH,80.2,87.64,84.5
2025-12-05,CTSH,80.72,87.64,84.5
2025-12-01,CTVA,66.54,67.14,71.21
2025-12-02,CTVA,65.6,67.14,71.21
2025-12-03,CTVA,65.3,67.14,71.21
2025-12-04,CTVA,66.29,67.14,71.21
2025-12-05,CTVA,66.0,67.14,71.21
2025-12-01,CVS,79.1,92.98,87.92
2025-12-02,CVS,77.62,92.98,87.92
2025-12-03,CVS,75.0,92.98,87.92
2025-12-04,CVS,76.75,92.98,87.92
2025-12-05,CVS,75.63,92.98,87.92
2025-12-01,CVX,152.54,161.49,165.58
2025-12-02,CVX,150.25,161.49,165.58
2025-12-03,CVX,151.59,161.49,165.58
2025-12-04,CVX,152.26,161.49,165.58
2025-12-05,CVX,150.0,161.49,165.58
2025-12-01,D,60.8,70.67,72.96
2025-12-02,D,60.35,70.67,72.96
2025-12-03,D,60.03,70.67,72.96
2025-12-04,D,59.84,70.67,72.96
2025-12-05,D,58.49,70.67,72.96
2025-12-01,DAL,64.15,69.75,71.58
2025-12-02,DAL,65.14,69.75,71.58
2025-12-03,DAL,67.49,69.75,71.58
2025-12-04,DAL,67.24,69.75,71.58
2025-12-05,DAL,67.1,69.75,71.58
2025-12-01,DASH,205.58,201.68,233.12
2025-12-02,DASH,216.98,201.68,233.12
2025-12-03,DASH,222.48,201.68,233.12
2025-12-04,DASH,221.19,201.68,233.12
2025-12-05,DASH,225.0,201.68,233.12
2025-12-01,DAY,69.12,72.76,69.93
2025-12-02,DAY,69.11,72.76,69.93
2025-12-03,DAY,69.1,72.76,69.93
2025-12-04,DAY,69.11,72.76,69.93
2025-12-05,DAY,69.07,72.76,69.93
2025-12-01,DBA,26.29,27.65,29.33
2025-12-02,DBA,26.41,27.65,29.33
2025-12-03,DBA,26.38,27.65,29.33
2025-12-04,DBA,26.46,27.65,29.33
2025-12-05,DBA,26.52,27.65,29.33
2025-12-01,DBB,22.01,23.37,23.37
2025-12-02,DBB,21.89,23.37,23.37
2025-12-03,DBB,22.24,23.37,23.37
2025-12-04,DBB,22.21,23.37,23.37
2025-12-05,DBB,22.43,23.37,23.37
2025-12-01,DBC,23.12,24.81,24.9
2025-12-02,DBC,23.02,24.81,24.9
2025-12-03,DBC,23.13,24.81,24.9
2025-12-04,DBC,23.19,24.81,24.9
2025-12-05,DBC,23.33,24.81,24.9
2025-12-01,DD,39.91,35.02,38.25
2025-12-02,DD,39.52,35.02,38.25
2025-12-03,DD,39.66,35.02,38.25
2025-12-04,DD,39.82,35.02,38.25
2025-12-05,DD,40.51,35.02,38.25
2025-12-01,DDOG,157.9,175.23,172.17
2025-12-02,DDOG,156.48,175.23,172.17
2025-12-03,DDOG,155.83,175.23,172.17
2025-12-04,DDOG,153.0,175.23,172.17
2025-12-05,DDOG,151.41,175.23,172.17
2025-12-01,DE,468.11,586.05,598.16
2025-12-02,DE,469.15,586.05,598.16
2025-12-03,DE,481.82,586.05,598.16
2025-12-04,DE,483.03,586.05,598.16
2025-12-05,DE,475.11,586.05,598.16
2025-12-01,DECK,92.02,90.88,92.64
2025-12-02,DECK,91.77,90.88,92.64
2025-12-03,DECK,94.97,90.88,92.64
2025-12-04,DECK,96.25,90.88,92.64
2025-12-05,DECK,99.7,90.88,92.64
2025-12-01,DELL,132.09,143.02,147.64
2025-12-02,DELL,135.95,143.02,147.64
2025-12-03,DELL,133.63,143.02,147.64
2025-12-04,DELL,138.99,143.02,147.64
2025-12-05,DELL,138.91,143.02,147.64
2025-12-01,DG,109.34,144.99,135.43
2025-12-02,DG,110.03,144.99,135.43
2025-12-03,DG,109.89,144.99,135.43
2025-12-04,DG,125.29,144.99,135.43
2025-12-05,DG,132.37,144.99,135.43
2025-12-01,DGX,183.77,205.89,209.68
2025-12-02,DGX,182.55,205.89,209.68
2025-12-03,DGX,182.61,205.89,209.68
2025-12-04,DGX,184.18,205.89,209.68
2025-12-05,DGX,182.51,205.89,209.68
2025-12-01,DHI,157.37,169.03,174.82
2025-12-02,DHI,158.46,169.03,174.82
2025-12-03,DHI,165.0,169.03,174.82
2025-12-04,DHI,160.73,169.03,174.82
2025-12-05,DHI,158.62,169.03,174.82
2025-12-01,DHR,224.14,242.02,230.89
2025-12-02,DHR,226.59,242.02,230.89
2025-12-03,DHR,228.46,242.02,230.89
2025-12-04,DHR,227.13,242.02,230.89
2025-12-05,DHR,226.25,242.02,230.89
2025-12-01,DHT,12.9,14.08,14.33
2025-12-02,DHT,12.84,14.08,14.33
2025-12-03,DHT,12.92,14.08,14.33
2025-12-04,DHT,12.75,14.08,14.33
2025-12-05,DHT,12.76,14.08,14.33
2025-12-01,DIA,473.32,614.56,612.04
2025-12-02,DIA,475.26,614.56,612.04
2025-12-03,DIA,479.41,614.56,612.04
2025-12-04,DIA,479.07,614.56,612.04
2025-12-05,DIA,480.03,614.56,612.04
2025-12-01,DIS,106.77,103.52,103.53
2025-12-02,DIS,104.83,103.52,103.53
2025-12-03,DIS,105.74,103.52,103.53
2025-12-04,DIS,105.47,103.52,103.53
2025-12-05,DIS,105.3,103.52,103.53
2025-12-01,DJI,47289.328125,51842.6,51562.99
2025-12-02,DJI,47474.4609375,51842.6,51562.99
2025-12-03,DJI,47882.8984375,51842.6,51562.99
2025-12-04,DJI,47850.94140625,51842.6,51562.99
2025-12-05,DJI,47954.98828125,51842.6,51562.99
2025-12-01,DLR,156.39,180.8,184.37
2025-12-02,DLR,156.5,180.8,184.37
2025-12-03,DLR,159.69,180.8,184.37
2025-12-04,DLR,161.02,180.8,184.37
2025-12-05,DLR,164.73,180.8,184.37
2025-12-01,DLTR,109.89,158.06,141.85
2025-12-02,DLTR,108.99,158.06,141.85
2025-12-03,DLTR,112.92,158.06,141.85
2025-12-04,DLTR,115.87,158.06,141.85
2025-12-05,DLTR,122.44,158.06,141.85
2025-12-01,DOC,18.19,18.16,18.11
2025-12-02,DOC,18.04,18.16,18.11
2025-12-03,DOC,17.29,18.16,18.11
2025-12-04,DOC,17.18,18.16,18.11
2025-12-05,DOC,17.02,18.16,18.11
2025-12-01,DOV,184.89,188.15,186.29
2025-12-02,DOV,187.48,188.15,186.29
2025-12-03,DOV,190.27,188.15,186.29
2025-12-04,DOV,190.64,188.15,186.29
2025-12-05,DOV,191.09,188.15,186.29
2025-12-01,DOW,23.84,27.76,24.11
2025-12-02,DOW,23.86,27.76,24.11
2025-12-03,DOW,23.76,27.76,24.11
2025-12-04,DOW,22.87,27.76,24.11
2025-12-05,DOW,22.96,27.76,24.11
2025-12-01,DPZ,423.85,456.7,471.22
2025-12-02,DPZ,424.64,456.7,471.22
2025-12-03,DPZ,431.69,456.7,471.22
2025-12-04,DPZ,427.07,456.7,471.22
2025-12-05,DPZ,416.55,456.7,471.22
2025-12-01,DRI,173.94,179.99,188.91
2025-12-02,DRI,174.64,179.99,188.91
2025-12-03,DRI,177.32,179.99,188.91
2025-12-04,DRI,176.26,179.99,188.91
2025-12-05,DRI,177.72,179.99,188.91
2025-12-01,DTE,133.27,136.33,141.46
2025-12-02,DTE,131.55,136.33,141.46
2025-12-03,DTE,133.18,136.33,141.46
2025-12-04,DTE,132.16,136.33,141.46
2025-12-05,DTE,131.23,136.33,141.46
2025-12-01,DUK,120.75,146.34,153.2
2025-12-02,DUK,119.69,146.34,153.2
2025-12-03,DUK,118.62,146.34,153.2
2025-12-04,DUK,117.97,146.34,153.2
2025-12-05,DUK,116.52,146.34,153.2
2025-12-01,DVA,119.24,130.45,141.42
2025-12-02,DVA,119.18,130.45,141.42
2025-12-03,DVA,118.25,130.45,141.42
2025-12-04,DVA,117.28,130.45,141.42
2025-12-05,DVA,117.39,130.45,141.42
2025-12-01,DVN,37.86,38.65,34.99
2025-12-02,DVN,37.26,38.65,34.99
2025-12-03,DVN,37.69,38.65,34.99
2025-12-04,DVN,37.71,38.65,34.99
2025-12-05,DVN,37.47,38.65,34.99
2025-12-01,DXCM,63.52,62.86,58.89
2025-12-02,DXCM,64.45,62.86,58.89
2025-12-03,DXCM,64.85,62.86,58.89
2025-12-04,DXCM,65.25,62.86,58.89
2025-12-05,DXCM,65.49,62.86,58.89
2025-12-01,EA,202.62,247.48,248.77
2025-12-02,EA,203.24,247.48,248.77
2025-12-03,EA,203.21,247.48,248.77
2025-12-04,EA,203.44,247.48,248.77
2025-12-05,EA,203.92,247.48,248.77
2025-12-01,EBAY,82.73,88.98,98.53
2025-12-02,EBAY,82.91,88.98,98.53
2025-12-03,EBAY,82.0,88.98,98.53
2025-12-04,EBAY,82.13,88.98,98.53
2025-12-05,EBAY,82.47,88.98,98.53
2025-12-01,EC,9.95,14.04,13.15
2025-12-02,EC,9.91,14.04,13.15
2025-12-03,EC,10.13,14.04,13.15
2025-12-04,EC,10.06,14.04,13.15
2025-12-05,EC,9.89,14.04,13.15
2025-12-01,ECH,37.69,41.67,42.16
2025-12-02,ECH,38.29,41.67,42.16
2025-12-03,ECH,38.62,41.67,42.16
2025-12-04,ECH,38.51,41.67,42.16
2025-12-05,ECH,38.18,41.67,42.16
2025-12-01,ECL,272.86,277.17,284.13
2025-12-02,ECL,270.89,277.17,284.13
2025-12-03,ECL,264.33,277.17,284.13
2025-12-04,ECL,264.42,277.17,284.13
2025-12-05,ECL,259.69,277.17,284.13
2025-12-01,ED,97.88,106.47,109.03
2025-12-02,ED,96.87,106.47,109.03
2025-12-03,ED,96.45,106.47,109.03
2025-12-04,ED,96.22,106.47,109.03
2025-12-05,ED,96.6,106.47,109.03
2025-12-01,EDEN,110.58,148.19,148.3
2025-12-02,EDEN,110.8923,148.19,148.3
2025-12-03,EDEN,111.5059,148.19,148.3
2025-12-04,EDEN,111.9811,148.19,148.3
2025-12-05,EDEN,112.0878,148.19,148.3
2025-12-01,EDV,67.57,71.62,70.72
2025-12-02,EDV,67.62,71.62,70.72
2025-12-03,EDV,67.84,71.62,70.72
2025-12-04,EDV,67.35,71.62,70.72
2025-12-05,EDV,66.84,71.62,70.72
2025-12-01,EFNL,45.5266,46.03,46.7
2025-12-02,EFNL,45.734,46.03,46.7
2025-12-03,EFNL,46.3017,46.03,46.7
2025-12-04,EFNL,46.32,46.03,46.7
2025-12-05,EFNL,46.201,46.03,46.7
2025-12-01,EFX,208.94,226.36,225.81
2025-12-02,EFX,208.67,226.36,225.81
2025-12-03,EFX,209.75,226.36,225.81
2025-12-04,EFX,211.28,226.36,225.81
2025-12-05,EFX,211.51,226.36,225.81
2025-12-01,EG,312.09,295.5,310.28
2025-12-02,EG,312.21,295.5,310.28
2025-12-03,EG,314.03,295.5,310.28
2025-12-04,EG,313.71,295.5,310.28
2025-12-05,EG,309.97,295.5,310.28
2025-12-01,EIDO,18.79,19.22,18.48
2025-12-02,EIDO,18.92,19.22,18.48
2025-12-03,EIDO,18.83,19.22,18.48
2025-12-04,EIDO,18.79,19.22,18.48
2025-12-05,EIDO,18.82,19.22,18.48
2025-12-01,EIRL,73.1893,73.44,73.55
2025-12-02,EIRL,72.64,73.44,73.55
2025-12-03,EIRL,72.8102,73.44,73.55
2025-12-04,EIRL,72.3719,73.44,73.55
2025-12-05,EIRL,72.42,73.44,73.55
2025-12-01,EIS,104.03,110.05,114.71
2025-12-02,EIS,105.7,110.05,114.71
2025-12-03,EIS,107.25,110.05,114.71
2025-12-04,EIS,107.64,110.05,114.71
2025-12-05,EIS,107.54,110.05,114.71
2025-12-01,EIX,58.13,72.57,72.29
2025-12-02,EIX,57.14,72.57,72.29
2025-12-03,EIX,57.3,72.57,72.29
2025-12-04,EIX,57.55,72.57,72.29
2025-12-05,EIX,58.09,72.57,72.29
2025-12-01,EL,94.71,102.46,93.11
2025-12-02,EL,99.64,102.46,93.11
2025-12-03,EL,102.03,102.46,93.11
2025-12-04,EL,103.82,102.46,93.11
2025-12-05,EL,105.13,102.46,93.11
2025-12-01,ELV,329.68,338.9,314.25
2025-12-02,ELV,330.92,338.9,314.25
2025-12-03,ELV,330.75,338.9,314.25
2025-12-04,ELV,333.49,338.9,314.25
2025-12-05,ELV,330.75,338.9,314.25
2025-12-01,EME,607.78,690.55,763.74
2025-12-02,EME,606.37,690.55,763.74
2025-12-03,EME,612.0,690.55,763.74
2025-12-04,EME,635.36,690.55,763.74
2025-12-05,EME,623.62,690.55,763.74
2025-12-01,EMN,61.95,61.63,59.46
2025-12-02,EMN,60.99,61.63,59.46
2025-12-03,EMN,61.57,61.63,59.46
2025-12-04,EMN,60.66,61.63,59.46
2025-12-05,EMN,61.53,61.63,59.46
2025-12-01,EMR,131.94,151.29,157.39
2025-12-02,EMR,131.84,151.29,157.39
2025-12-03,EMR,134.89,151.29,157.39
2025-12-04,EMR,136.64,151.29,157.39
2025-12-05,EMR,137.39,151.29,157.39
2025-12-01,ENZL,45.48,47.53,46.38
2025-12-02,ENZL,45.8184,47.53,46.38
2025-12-03,ENZL,46.1656,47.53,46.38
2025-12-04,ENZL,46.005,47.53,46.38
2025-12-05,ENZL,45.995,47.53,46.38
2025-12-01,EOG,109.71,109.08,109.68
2025-12-02,EOG,109.06,109.08,109.68
2025-12-03,EOG,111.51,109.08,109.68
2025-12-04,EOG,112.16,109.08,109.68
2025-12-05,EOG,112.17,109.08,109.68
2025-12-01,EPAM,190.42,213.88,198.17
2025-12-02,EPAM,192.99,213.88,198.17
2025-12-03,EPAM,200.0,213.88,198.17
2025-12-04,EPAM,201.5,213.88,198.17
2025-12-05,EPAM,203.6,213.88,198.17
2025-12-01,EPHE,25.24,26.08,26.08
2025-12-02,EPHE,25.06,26.08,26.08
2025-12-03,EPHE,24.68,26.08,26.08
2025-12-04,EPHE,24.2,26.08,26.08
2025-12-05,EPHE,24.73,26.08,26.08
2025-12-01,EPOL,33.9,41.52,42.81
2025-12-02,EPOL,33.65,41.52,42.81
2025-12-03,EPOL,33.61,41.52,42.81
2025-12-04,EPOL,33.53,41.52,42.81
2025-12-05,EPOL,33.44,41.52,42.81
2025-12-01,EPU,64.57,81.18,84.48
2025-12-02,EPU,64.67,81.18,84.48
2025-12-03,EPU,66.03,81.18,84.48
2025-12-04,EPU,67.0,81.18,84.48
2025-12-05,EPU,67.03,81.18,84.48
2025-12-01,EQIX,733.28,830.4,831.35
2025-12-02,EQIX,727.38,830.4,831.35
2025-12-03,EQIX,732.72,830.4,831.35
2025-12-04,EQIX,726.09,830.4,831.35
2025-12-05,EQIX,741.58,830.4,831.35
2025-12-01,EQR,61.44,64.78,65.71
2025-12-02,EQR,61.98,64.78,65.71
2025-12-03,EQR,62.03,64.78,65.71
2025-12-04,EQR,61.61,64.78,65.71
2025-12-05,EQR,61.06,64.78,65.71
2025-12-01,EQT,60.52,65.96,68.49
2025-12-02,EQT,58.6,65.96,68.49
2025-12-03,EQT,61.17,65.96,68.49
2025-12-04,EQT,60.07,65.96,68.49
2025-12-05,EQT,60.68,65.96,68.49
2025-12-01,ERIE,293.76,307.21,315.2
2025-12-02,ERIE,295.95,307.21,315.2
2025-12-03,ERIE,296.21,307.21,315.2
2025-12-04,ERIE,299.78,307.21,315.2
2025-12-05,ERIE,296.46,307.21,315.2
2025-12-01,ES,66.55,75.05,74.64
2025-12-02,ES,66.31,75.05,74.64
2025-12-03,ES,65.97,75.05,74.64
2025-12-04,ES,67.06,75.05,74.64
2025-12-05,ES,66.74,75.05,74.64
2025-12-01,ES=F,6825.5,7029.76,7038.01
2025-12-02,ES=F,6838.75,7029.76,7038.01
2025-12-03,ES=F,6865.0,7029.76,7038.01
2025-12-04,ES=F,6867.0,7029.76,7038.01
2025-12-05,ES=F,6879.5,7029.76,7038.01
2025-12-01,ESS,260.24,272.63,277.64
2025-12-02,ESS,260.73,272.63,277.64
2025-12-03,ESS,259.78,272.63,277.64
2025-12-04,ESS,257.57,272.63,277.64
2025-12-05,ESS,255.37,272.63,277.64
2025-12-01,ETN,339.71,353.04,369.13
2025-12-02,ETN,333.11,353.04,369.13
2025-12-03,ETN,335.57,353.04,369.13
2025-12-04,ETN,338.93,353.04,369.13
2025-12-05,ETN,337.66,353.04,369.13
2025-12-01,ETR,94.59,111.34,121.41
2025-12-02,ETR,92.97,111.34,121.41
2025-12-03,ETR,94.24,111.34,121.41
2025-12-04,ETR,94.46,111.34,121.41
2025-12-05,ETR,94.22,111.34,121.41
2025-12-01,EVRG,75.52,79.1,82.47
2025-12-02,EVRG,74.53,79.1,82.47
2025-12-03,EVRG,74.29,79.1,82.47
2025-12-04,EVRG,73.81,79.1,82.47
2025-12-05,EVRG,73.28,79.1,82.47
2025-12-01,EW,85.27,95.44,91.88
2025-12-02,EW,84.71,95.44,91.88
2025-12-03,EW,83.98,95.44,91.88
2025-12-04,EW,85.78,95.44,91.88
2025-12-05,EW,86.19,95.44,91.88
2025-12-01,EWA,25.73,26.87,26.39
2025-12-02,EWA,25.93,26.87,26.39
2025-12-03,EWA,26.13,26.87,26.39
2025-12-04,EWA,26.29,26.87,26.39
2025-12-05,EWA,26.34,26.87,26.39
2025-12-01,EWC,52.18,55.13,55.72
2025-12-02,EWC,52.14,55.13,55.72
2025-12-03,EWC,52.47,55.13,55.72
2025-12-04,EWC,53.07,55.13,55.72
2025-12-05,EWC,53.29,55.13,55.72
2025-12-01,EWD,47.58,50.64,51.01
2025-12-02,EWD,47.61,50.64,51.01
2025-12-03,EWD,47.77,50.64,51.01
2025-12-04,EWD,48.09,50.64,51.01
2025-12-05,EWD,48.37,50.64,51.01
2025-12-01,EWG,40.52,43.59,45.18
2025-12-02,EWG,40.89,43.59,45.18
2025-12-03,EWG,40.95,43.59,45.18
2025-12-04,EWG,41.14,43.59,45.18
2025-12-05,EWG,41.41,43.59,45.18
2025-12-01,EWH,22.26,26.18,26.85
2025-12-02,EWH,22.18,26.18,26.85
2025-12-03,EWH,22.23,26.18,26.85
2025-12-04,EWH,22.08,26.18,26.85
2025-12-05,EWH,22.05,26.18,26.85
2025-12-01,EWI,52.66,58.77,60.49
2025-12-02,EWI,53.0,58.77,60.49
2025-12-03,EWI,53.29,58.77,60.49
2025-12-04,EWI,53.15,58.77,60.49
2025-12-05,EWI,52.98,58.77,60.49
2025-12-01,EWJ,82.53,97.98,98.06
2025-12-02,EWJ,82.47,97.98,98.06
2025-12-03,EWJ,82.61,97.98,98.06
2025-12-04,EWJ,83.62,97.98,98.06
2025-12-05,EWJ,83.7,97.98,98.06
2025-12-01,EWK,24.16,25.28,25.38
2025-12-02,EWK,24.16,25.28,25.38
2025-12-03,EWK,24.26,25.28,25.38
2025-12-04,EWK,24.197,25.28,25.38
2025-12-05,EWK,24.36,25.28,25.38
2025-12-01,EWL,57.42,59.46,59.72
2025-12-02,EWL,57.94,59.46,59.72
2025-12-03,EWL,58.07,59.46,59.72
2025-12-04,EWL,57.91,59.46,59.72
2025-12-05,EWL,58.03,59.46,59.72
2025-12-01,EWM,26.6,29.85,29.95
2025-12-02,EWM,26.67,29.85,29.95
2025-12-03,EWM,26.73,29.85,29.95
2025-12-04,EWM,26.59,29.85,29.95
2025-12-05,EWM,26.64,29.85,29.95
2025-12-01,EWN,58.32,67.64,67.14
2025-12-02,EWN,58.57,67.64,67.14
2025-12-03,EWN,59.18,67.64,67.14
2025-12-04,EWN,58.78,67.64,67.14
2025-12-05,EWN,58.55,67.64,67.14
2025-12-01,EWO,33.06,34.19,35.62
2025-12-02,EWO,33.45,34.19,35.62
2025-12-03,EWO,33.49,34.19,35.62
2025-12-04,EWO,33.66,34.19,35.62
2025-12-05,EWO,33.55,34.19,35.62
2025-12-01,EWP,51.57,54.83,56.81
2025-12-02,EWP,52.02,54.83,56.81
2025-12-03,EWP,52.41,54.83,56.81
2025-12-04,EWP,52.49,54.83,56.81
2025-12-05,EWP,52.29,54.83,56.81
2025-12-01,EWQ,44.41,48.16,48.09
2025-12-02,EWQ,44.44,48.16,48.09
2025-12-03,EWQ,44.79,48.16,48.09
2025-12-04,EWQ,44.75,48.16,48.09
2025-12-05,EWQ,44.62,48.16,48.09
2025-12-01,EWS,27.99,35.18,36.07
2025-12-02,EWS,28.2,35.18,36.07
2025-12-03,EWS,28.15,35.18,36.07
2025-12-04,EWS,28.02,35.18,36.07
2025-12-05,EWS,27.82,35.18,36.07
2025-12-01,EWT,64.13,72.45,71.86
2025-12-02,EWT,64.63,72.45,71.86
2025-12-03,EWT,64.85,72.45,71.86
2025-12-04,EWT,64.51,72.45,71.86
2025-12-05,EWT,65.35,72.45,71.86
2025-12-01,EWU,42.93,48.18,48.72
2025-12-02,EWU,43.01,48.18,48.72
2025-12-03,EWU,43.46,48.18,48.72
2025-12-04,EWU,43.42,48.18,48.72
2025-12-05,EWU,43.22,48.18,48.72
2025-12-01,EWW,68.46,70.6,68.55
2025-12-02,EWW,68.71,70.6,68.55
2025-12-03,EWW,68.43,70.6,68.55
2025-12-04,EWW,68.82,70.6,68.55
2025-12-05,EWW,68.68,70.6,68.55
2025-12-01,EWY,90.62,102.23,102.85
2025-12-02,EWY,92.07,102.23,102.85
2025-12-03,EWY,93.0,102.23,102.85
2025-12-04,EWY,91.87,102.23,102.85
2025-12-05,EWY,94.3,102.23,102.85
2025-12-01,EWZ,33.4,41.53,39.42
2025-12-02,EWZ,34.03,41.53,39.42
2025-12-03,EWZ,34.2,41.53,39.42
2025-12-04,EWZ,34.72,41.53,39.42
2025-12-05,EWZ,32.53,41.53,39.42
2025-12-01,EXC,45.69,47.21,48.98
2025-12-02,EXC,45.0,47.21,48.98
2025-12-03,EXC,44.54,47.21,48.98
2025-12-04,EXC,43.91,47.21,48.98
2025-12-05,EXC,43.81,47.21,48.98
2025-12-01,EXE,121.58,153.74,151.29
2025-12-02,EXE,117.72,153.74,151.29
2025-12-03,EXE,122.89,153.74,151.29
2025-12-04,EXE,122.09,153.74,151.29
2025-12-05,EXE,122.86,153.74,151.29
2025-12-01,EXPD,146.45,171.89,165.57
2025-12-02,EXPD,146.48,171.89,165.57
2025-12-03,EXPD,148.09,171.89,165.57
2025-12-04,EXPD,150.5,171.89,165.57
2025-12-05,EXPD,151.47,171.89,165.57
2025-12-01,EXPE,258.95,271.67,273.44
2025-12-02,EXPE,263.7,271.67,273.44
2025-12-03,EXPE,262.42,271.67,273.44
2025-12-04,EXPE,258.38,271.67,273.44
2025-12-05,EXPE,263.43,271.67,273.44
2025-12-01,EXR,131.94,160.83,159.0
2025-12-02,EXR,132.52,160.83,159.0
2025-12-03,EXR,132.24,160.83,159.0
2025-12-04,EXR,131.09,160.83,159.0
2025-12-05,EXR,129.56,160.83,159.0
2025-12-01,F,13.16,13.98,13.9
2025-12-02,F,12.96,13.98,13.9
2025-12-03,F,13.09,13.98,13.9
2025-12-04,F,13.14,13.98,13.9
2025-12-05,F,13.03,13.98,13.9
2025-12-01,FANG,156.16,165.64,154.38
2025-12-02,FANG,155.98,165.64,154.38
2025-12-03,FANG,158.38,165.64,154.38
2025-12-04,FANG,159.51,165.64,154.38
2025-12-05,FANG,158.6,165.64,154.38
2025-12-01,FAST,40.15,42.25,45.95
2025-12-02,FAST,40.47,42.25,45.95
2025-12-03,FAST,41.22,42.25,45.95
2025-12-04,FAST,41.75,42.25,45.95
2025-12-05,FAST,41.5,42.25,45.95
2025-12-01,FCX,43.07,43.09,44.69
2025-12-02,FCX,42.97,43.09,44.69
2025-12-03,FCX,44.53,43.09,44.69
2025-12-04,FCX,44.61,43.09,44.69
2025-12-05,FCX,45.2,43.09,44.69
2025-12-01,FDS,277.13,313.35,316.23
2025-12-02,FDS,278.28,313.35,316.23
2025-12-03,FDS,279.15,313.35,316.23
2025-12-04,FDS,278.92,313.35,316.23
2025-12-05,FDS,290.63,313.35,316.23
2025-12-01,FDX,273.34,346.14,330.18
2025-12-02,FDX,270.37,346.14,330.18
2025-12-03,FDX,270.45,346.14,330.18
2025-12-04,FDX,274.05,346.14,330.18
2025-12-05,FDX,274.29,346.14,330.18
2025-12-01,FE,46.43,51.76,52.11
2025-12-02,FE,45.66,51.76,52.11
2025-12-03,FE,45.23,51.76,52.11
2025-12-04,FE,45.14,51.76,52.11
2025-12-05,FE,44.91,51.76,52.11
2025-12-01,FFIV,238.57,235.66,265.09
2025-12-02,FFIV,238.52,235.66,265.09
2025-12-03,FFIV,240.63,235.66,265.09
2025-12-04,FFIV,243.33,235.66,265.09
2025-12-05,FFIV,248.12,235.66,265.09
2025-12-01,FICO,1768.68,3206.76,3168.52
2025-12-02,FICO,1778.71,3206.76,3168.52
2025-12-03,FICO,1762.35,3206.76,3168.52
2025-12-04,FICO,1771.87,3206.76,3168.52
2025-12-05,FICO,1798.53,3206.76,3168.52
2025-12-01,FIS,66.2,73.09,74.68
2025-12-02,FIS,66.8,73.09,74.68
2025-12-03,FIS,65.66,73.09,74.68
2025-12-04,FIS,65.56,73.09,74.68
2025-12-05,FIS,66.66,73.09,74.68
2025-12-01,FISV,62.69,52.39,57.61
2025-12-02,FISV,63.24,52.39,57.61
2025-12-03,FISV,66.95,52.39,57.61
2025-12-04,FISV,66.06,52.39,57.61
2025-12-05,FISV,66.28,52.39,57.61
2025-12-01,FITB,43.77,75.45,76.97
2025-12-02,FITB,43.73,75.45,76.97
2025-12-03,FITB,44.93,75.45,76.97
2025-12-04,FITB,45.46,75.45,76.97
2025-12-05,FITB,45.42,75.45,76.97
2025-12-01,FOXA,66.39,131.08,138.33
2025-12-02,FOXA,66.25,131.08,138.33
2025-12-03,FOXA,66.45,131.08,138.33
2025-12-04,FOXA,67.79,131.08,138.33
2025-12-05,FOXA,68.4,131.08,138.33
2025-12-01,FRO,22.85,27.59,27.02
2025-12-02,FRO,23.3,27.59,27.02
2025-12-03,FRO,23.6,27.59,27.02
2025-12-04,FRO,23.24,27.59,27.02
2025-12-05,FRO,23.38,27.59,27.02
2025-12-01,FRT,98.32,99.2,97.59
2025-12-02,FRT,97.6,99.2,97.59
2025-12-03,FRT,97.88,99.2,97.59
2025-12-04,FRT,97.13,99.2,97.59
2025-12-05,FRT,97.2,99.2,97.59
2025-12-01,FSLR,263.54,290.17,306.07
2025-12-02,FSLR,262.56,290.17,306.07
2025-12-03,FSLR,256.06,290.17,306.07
2025-12-04,FSLR,257.28,290.17,306.07
2025-12-05,FSLR,257.61,290.17,306.07
2025-12-01,FTI,45.64,49.79,50.27
2025-12-02,FTI,45.32,49.79,50.27
2025-12-03,FTI,46.67,49.79,50.27
2025-12-04,FTI,46.51,49.79,50.27
2025-12-05,FTI,46.02,49.79,50.27
2025-12-01,FTNT,81.82,91.36,92.12
2025-12-02,FTNT,82.94,91.36,92.12
2025-12-03,FTNT,82.76,91.36,92.12
2025-12-04,FTNT,85.18,91.36,92.12
2025-12-05,FTNT,86.92,91.36,92.12
2025-12-01,FTV,52.77,56.5,53.04
2025-12-02,FTV,53.14,56.5,53.04
2025-12-03,FTV,53.45,56.5,53.04
2025-12-04,FTV,53.38,56.5,53.04
2025-12-05,FTV,53.75,56.5,53.04
2025-12-01,FVX,3.6729998588562,3.68,3.56
2025-12-02,FVX,3.65899991989135,3.68,3.56
2025-12-03,FVX,3.62400007247924,3.68,3.56
2025-12-04,FVX,3.6819999217987,3.68,3.56
2025-12-05,FVX,3.71500015258789,3.68,3.56
2025-12-01,FXA,64.7603,66.76,65.58
2025-12-02,FXA,65.0116,66.76,65.58
2025-12-03,FXA,65.3646,66.76,65.58
2025-12-04,FXA,65.4662,66.76,65.58
2025-12-05,FXA,65.7236,66.76,65.58
2025-12-01,FXB,126.9161,125.58,125.75
2025-12-02,FXB,126.9255,125.58,125.75
2025-12-03,FXB,128.2506,125.58,125.75
2025-12-04,FXB,128.0577,125.58,125.75
2025-12-05,FXB,128.1,125.58,125.75
2025-12-01,FXC,69.81,78.13,77.57
2025-12-02,FXC,69.92,78.13,77.57
2025-12-03,FXC,70.0447,78.13,77.57
2025-12-04,FXC,70.03,78.13,77.57
2025-12-05,FXC,70.67,78.13,77.57
2025-12-01,FXE,107.07,120.37,122.27
2025-12-02,FXE,107.25,120.37,122.27
2025-12-03,FXE,107.615,120.37,122.27
2025-12-04,FXE,107.45,120.37,122.27
2025-12-05,FXE,107.42,120.37,122.27
2025-12-01,FXY,59.2,57.93,58.38
2025-12-02,FXY,59.02,57.93,58.38
2025-12-03,FXY,59.29,57.93,58.38
2025-12-04,FXY,59.3,57.93,58.38
2025-12-05,FXY,59.245,57.93,58.38
2025-12-01,GD,332.38,455.72,466.72
2025-12-02,GD,335.8,455.72,466.72
2025-12-03,GD,338.08,455.72,466.72
2025-12-04,GD,341.7,455.72,466.72
2025-12-05,GD,337.31,455.72,466.72
2025-12-01,GDDY,127.94,138.56,145.84
2025-12-02,GDDY,128.31,138.56,145.84
2025-12-03,GDDY,130.08,138.56,145.84
2025-12-04,GDDY,130.26,138.56,145.84
2025-12-05,GDDY,128.46,138.56,145.84
2025-12-01,GDX,82.82,91.47,97.6
2025-12-02,GDX,81.61,91.47,97.6
2025-12-03,GDX,81.06,91.47,97.6
2025-12-04,GDX,81.39,91.47,97.6
2025-12-05,GDX,81.03,91.47,97.6
2025-12-01,GDXJ,108.28,133.69,143.01
2025-12-02,GDXJ,107.29,133.69,143.01
2025-12-03,GDXJ,106.75,133.69,143.01
2025-12-04,GDXJ,106.98,133.69,143.01
2025-12-05,GDXJ,106.68,133.69,143.01
2025-12-01,GE,288.45,313.02,347.78
2025-12-02,GE,289.32,313.02,347.78
2025-12-03,GE,288.49,313.02,347.78
2025-12-04,GE,291.86,313.02,347.78
2025-12-05,GE,283.94,313.02,347.78
2025-12-01,GEHC,79.24,90.49,87.33
2025-12-02,GEHC,80.22,90.49,87.33
2025-12-03,GEHC,83.59,90.49,87.33
2025-12-04,GEHC,82.52,90.49,87.33
2025-12-05,GEHC,85.46,90.49,87.33
2025-12-01,GEN,26.28,30.75,31.83
2025-12-02,GEN,26.25,30.75,31.83
2025-12-03,GEN,27.19,30.75,31.83
2025-12-04,GEN,27.06,30.75,31.83
2025-12-05,GEN,27.09,30.75,31.83
2025-12-01,GEOS,13.04,15.28,18.73
2025-12-02,GEOS,12.66,15.28,18.73
2025-12-03,GEOS,14.14,15.28,18.73
2025-12-04,GEOS,15.13,15.28,18.73
2025-12-05,GEOS,14.76,15.28,18.73
2025-12-01,GEV,576.9,667.2,890.82
2025-12-02,GEV,601.58,667.2,890.82
2025-12-03,GEV,601.97,667.2,890.82
2025-12-04,GEV,629.11,667.2,890.82
2025-12-05,GEV,631.32,667.2,890.82
2025-12-01,GGB,3.57,4.25,4.01
2025-12-02,GGB,3.58,4.25,4.01
2025-12-03,GGB,3.67,4.25,4.01
2025-12-04,GGB,3.7,4.25,4.01
2025-12-05,GGB,3.48,4.25,4.01
2025-12-01,GILD,124.33,159.32,165.37
2025-12-02,GILD,123.91,159.32,165.37
2025-12-03,GILD,125.0,159.32,165.37
2025-12-04,GILD,122.62,159.32,165.37
2025-12-05,GILD,121.22,159.32,165.37
2025-12-01,GIS,47.07,46.04,45.33
2025-12-02,GIS,45.93,46.04,45.33
2025-12-03,GIS,46.2,46.04,45.33
2025-12-04,GIS,45.98,46.04,45.33
2025-12-05,GIS,45.93,46.04,45.33
2025-12-01,GL,132.53,159.69,130.65
2025-12-02,GL,131.15,159.69,130.65
2025-12-03,GL,130.82,159.69,130.65
2025-12-04,GL,130.82,159.69,130.65
2025-12-05,GL,131.37,159.69,130.65
2025-12-01,GLATF,0.37,0.39,0.32
2025-12-02,GLATF,0.38,0.39,0.32
2025-12-03,GLATF,0.3867,0.39,0.32
2025-12-04,GLATF,0.4041,0.39,0.32
2025-12-05,GLATF,0.3827,0.39,0.32
2025-12-01,GLD,389.75,442.59,467.16
2025-12-02,GLD,387.24,442.59,467.16
2025-12-03,GLD,386.88,442.59,467.16
2025-12-04,GLD,387.13,442.59,467.16
2025-12-05,GLD,386.44,442.59,467.16
2025-12-01,GLW,82.9,96.25,104.38
2025-12-02,GLW,83.71,96.25,104.38
2025-12-03,GLW,83.55,96.25,104.38
2025-12-04,GLW,85.45,96.25,104.38
2025-12-05,GLW,85.97,96.25,104.38
2025-12-01,GM,72.95,98.7,103.13
2025-12-02,GM,73.66,98.7,103.13
2025-12-03,GM,74.69,98.7,103.13
2025-12-04,GM,75.29,98.7,103.13
2025-12-05,GM,76.05,98.7,103.13
2025-12-01,GNK,18.88,19.21,19.08
2025-12-02,GNK,18.85,19.21,19.08
2025-12-03,GNK,19.09,19.21,19.08
2025-12-04,GNK,19.09,19.21,19.08
2025-12-05,GNK,19.32,19.21,19.08
2025-12-01,GNRC,149.22,156.62,165.32
2025-12-02,GNRC,155.31,156.62,165.32
2025-12-03,GNRC,159.17,156.62,165.32
2025-12-04,GNRC,163.24,156.62,165.32
2025-12-05,GNRC,162.33,156.62,165.32
2025-12-01,GOOGL,314.89,395.08,410.69
2025-12-02,GOOGL,315.81,395.08,410.69
2025-12-03,GOOGL,319.63,395.08,410.69
2025-12-04,GOOGL,317.62,395.08,410.69
2025-12-05,GOOGL,321.27,395.08,410.69
2025-12-01,GPC,129.95,130.91,131.38
2025-12-02,GPC,128.95,130.91,131.38
2025-12-03,GPC,129.47,130.91,131.38
2025-12-04,GPC,130.33,130.91,131.38
2025-12-05,GPC,130.24,130.91,131.38
2025-12-01,GPN,76.24,78.17,71.65
2025-12-02,GPN,78.69,78.17,71.65
2025-12-03,GPN,79.96,78.17,71.65
2025-12-04,GPN,79.74,78.17,71.65
2025-12-05,GPN,78.85,78.17,71.65
2025-12-01,GREK,66.28,69.77,73.8
2025-12-02,GREK,66.64,69.77,73.8
2025-12-03,GREK,66.37,69.77,73.8
2025-12-04,GREK,66.3,69.77,73.8
2025-12-05,GREK,66.45,69.77,73.8
2025-12-01,GRMN,196.88,203.27,224.06
2025-12-02,GRMN,197.18,203.27,224.06
2025-12-03,GRMN,199.46,203.27,224.06
2025-12-04,GRMN,202.09,203.27,224.06
2025-12-05,GRMN,203.59,203.27,224.06
2025-12-01,GS,810.86,1184.78,1250.78
2025-12-02,GS,815.21,1184.78,1250.78
2025-12-03,GS,836.57,1184.78,1250.78
2025-12-04,GS,837.83,1184.78,1250.78
2025-12-05,GS,854.56,1184.78,1250.78
2025-12-01,GWW,944.87,959.56,995.08
2025-12-02,GWW,961.15,959.56,995.08
2025-12-03,GWW,971.16,959.56,995.08
2025-12-04,GWW,968.91,959.56,995.08
2025-12-05,GWW,975.54,959.56,995.08
2025-12-01,HAL,26.63,30.66,28.09
2025-12-02,HAL,26.91,30.66,28.09
2025-12-03,HAL,27.4,30.66,28.09
2025-12-04,HAL,27.83,30.66,28.09
2025-12-05,HAL,28.45,30.66,28.09
2025-12-01,HAS,82.69,82.45,87.61
2025-12-02,HAS,81.65,82.45,87.61
2025-12-03,HAS,82.47,82.45,87.61
2025-12-04,HAS,81.85,82.45,87.61
2025-12-05,HAS,81.1,82.45,87.61
2025-12-01,HBAN,16.54,22.31,22.89
2025-12-02,HBAN,16.56,22.31,22.89
2025-12-03,HBAN,17.04,22.31,22.89
2025-12-04,HBAN,17.1,22.31,22.89
2025-12-05,HBAN,16.9,22.31,22.89
2025-12-01,HCA,503.0,537.36,558.03
2025-12-02,HCA,500.31,537.36,558.03
2025-12-03,HCA,486.77,537.36,558.03
2025-12-04,HCA,487.66,537.36,558.03
2025-12-05,HCA,486.7,537.36,558.03
2025-12-01,HD,357.33,356.83,376.18
2025-12-02,HD,354.03,356.83,376.18
2025-12-03,HD,357.91,356.83,376.18
2025-12-04,HD,351.17,356.83,376.18
2025-12-05,HD,354.61,356.83,376.18
2025-12-01,HIG,135.5,152.11,161.23
2025-12-02,HIG,135.1,152.11,161.23
2025-12-03,HIG,133.04,152.11,161.23
2025-12-04,HIG,131.86,152.11,161.23
2025-12-05,HIG,129.43,152.11,161.23
2025-12-01,HII,306.65,378.43,371.19
2025-12-02,HII,307.2,378.43,371.19
2025-12-03,HII,309.23,378.43,371.19
2025-12-04,HII,315.88,378.43,371.19
2025-12-05,HII,304.58,378.43,371.19
2025-12-01,HLT,283.04,293.57,303.78
2025-12-02,HLT,281.18,293.57,303.78
2025-12-03,HLT,280.24,293.57,303.78
2025-12-04,HLT,273.45,293.57,303.78
2025-12-05,HLT,272.25,293.57,303.78
2025-12-01,HLX,6.81,7.84,6.97
2025-12-02,HLX,6.98,7.84,6.97
2025-12-03,HLX,7.3,7.84,6.97
2025-12-04,HLX,7.51,7.84,6.97
2025-12-05,HLX,7.33,7.84,6.97
2025-12-01,HOLX,74.84,96.36,92.67
2025-12-02,HOLX,74.82,96.36,92.67
2025-12-03,HOLX,75.01,96.36,92.67
2025-12-04,HOLX,74.86,96.36,92.67
2025-12-05,HOLX,74.97,96.36,92.67
2025-12-01,HON,190.22,191.78,187.86
2025-12-02,HON,193.15,191.78,187.86
2025-12-03,HON,193.47,191.78,187.86
2025-12-04,HON,192.23,191.78,187.86
2025-12-05,HON,191.33,191.78,187.86
2025-12-01,HOOD,123.24,145.9,178.4
2025-12-02,HOOD,125.95,145.9,178.4
2025-12-03,HOOD,133.64,145.9,178.4
2025-12-04,HOOD,137.08,145.9,178.4
2025-12-05,HOOD,131.95,145.9,178.4
2025-12-01,HPE,21.94,26.76,27.0
2025-12-02,HPE,21.92,26.76,27.0
2025-12-03,HPE,22.26,26.76,27.0
2025-12-04,HPE,22.9,26.76,27.0
2025-12-05,HPE,23.33,26.76,27.0
2025-12-01,HPQ,24.39,24.91,24.8
2025-12-02,HPQ,25.15,24.91,24.8
2025-12-03,HPQ,25.19,24.91,24.8
2025-12-04,HPQ,25.9,24.91,24.8
2025-12-05,HPQ,25.91,24.91,24.8
2025-12-01,HRL,23.3,26.87,26.33
2025-12-02,HRL,23.09,26.87,26.33
2025-12-03,HRL,23.27,26.87,26.33
2025-12-04,HRL,24.16,26.87,26.33
2025-12-05,HRL,24.34,26.87,26.33
2025-12-01,HSIC,73.11,89.68,86.44
2025-12-02,HSIC,71.67,89.68,86.44
2025-12-03,HSIC,72.88,89.68,86.44
2025-12-04,HSIC,73.34,89.68,86.44
2025-12-05,HSIC,73.62,89.68,86.44
2025-12-01,HST,17.55,19.09,18.65
2025-12-02,HST,17.53,19.09,18.65
2025-12-03,HST,17.66,19.09,18.65
2025-12-04,HST,17.16,19.09,18.65
2025-12-05,HST,17.26,19.09,18.65
2025-12-01,HSY,185.08,187.61,188.56
2025-12-02,HSY,182.77,187.61,188.56
2025-12-03,HSY,180.63,187.61,188.56
2025-12-04,HSY,182.46,187.61,188.56
2025-12-05,HSY,182.3,187.61,188.56
2025-12-01,HUBB,427.85,470.45,487.34
2025-12-02,HUBB,427.48,470.45,487.34
2025-12-03,HUBB,429.34,470.45,487.34
2025-12-04,HUBB,437.71,470.45,487.34
2025-12-05,HUBB,440.53,470.45,487.34
2025-12-01,HUM,242.23,264.22,247.6
2025-12-02,HUM,241.96,264.22,247.6
2025-12-03,HUM,256.92,264.22,247.6
2025-12-04,HUM,253.02,264.22,247.6
2025-12-05,HUM,257.85,264.22,247.6
2025-12-01,HWM,198.74,216.19,245.9
2025-12-02,HWM,196.26,216.19,245.9
2025-12-03,HWM,194.29,216.19,245.9
2025-12-04,HWM,196.27,216.19,245.9
2025-12-05,HWM,190.98,216.19,245.9
2025-12-01,HYD,50.93,61.13,60.63
2025-12-02,HYD,50.81,61.13,60.63
2025-12-03,HYD,50.86,61.13,60.63
2025-12-04,HYD,50.9,61.13,60.63
2025-12-05,HYD,50.885,61.13,60.63
2025-12-01,HYG,80.47,87.85,87.67
2025-12-02,HYG,80.62,87.85,87.67
2025-12-03,HYG,80.69,87.85,87.67
2025-12-04,HYG,80.75,87.85,87.67
2025-12-05,HYG,80.75,87.85,87.67
2025-12-01,IBKR,63.54,77.46,87.53
2025-12-02,IBKR,63.59,77.46,87.53
2025-12-03,IBKR,64.96,77.46,87.53
2025-12-04,IBKR,65.95,77.46,87.53
2025-12-05,IBKR,64.5,77.46,87.53
2025-12-01,IBM,305.67,342.96,355.87
2025-12-02,IBM,301.78,342.96,355.87
2025-12-03,IBM,302.62,342.96,355.87
2025-12-04,IBM,307.99,342.96,355.87
2025-12-05,IBM,307.94,342.96,355.87
2025-12-01,ICE,156.94,150.85,158.48
2025-12-02,ICE,155.36,150.85,158.48
2025-12-03,ICE,156.85,150.85,158.48
2025-12-04,ICE,159.11,150.85,158.48
2025-12-05,ICE,157.82,150.85,158.48
2025-12-01,ICL,5.57,5.7,5.91
2025-12-02,ICL,5.62,5.7,5.91
2025-12-03,ICL,5.25,5.7,5.91
2025-12-04,ICL,5.18,5.7,5.91
2025-12-05,ICL,5.18,5.7,5.91
2025-12-01,IDXX,728.97,788.86,794.64
2025-12-02,IDXX,732.73,788.86,794.64
2025-12-03,IDXX,725.93,788.86,794.64
2025-12-04,IDXX,717.47,788.86,794.64
2025-12-05,IDXX,714.1,788.86,794.64
2025-12-01,IEF,96.69,103.2,103.74
2025-12-02,IEF,96.77,103.2,103.74
2025-12-03,IEF,96.97,103.2,103.74
2025-12-04,IEF,96.67,103.2,103.74
2025-12-05,IEF,96.47,103.2,103.74
2025-12-01,IEX,174.64,183.87,175.76
2025-12-02,IEX,175.1,183.87,175.76
2025-12-03,IEX,178.21,183.87,175.76
2025-12-04,IEX,179.03,183.87,175.76
2025-12-05,IEX,177.54,183.87,175.76
2025-12-01,IFF,69.27,76.77,74.02
2025-12-02,IFF,68.54,76.77,74.02
2025-12-03,IFF,67.12,76.77,74.02
2025-12-04,IFF,66.49,76.77,74.02
2025-12-05,IFF,67.18,76.77,74.02
2025-12-01,INCY,102.04,110.94,116.62
2025-12-02,INCY,101.44,110.94,116.62
2025-12-03,INCY,101.5,110.94,116.62
2025-12-04,INCY,100.46,110.94,116.62
2025-12-05,INCY,102.52,110.94,116.62
2025-12-01,INDA,54.33,59.84,59.83
2025-12-02,INDA,53.88,59.84,59.83
2025-12-03,INDA,53.41,59.84,59.83
2025-12-04,INDA,53.76,59.84,59.83
2025-12-05,INDA,53.97,59.84,59.83
2025-12-01,INTC,40.01,49.5,42.29
2025-12-02,INTC,43.47,49.5,42.29
2025-12-03,INTC,43.76,49.5,42.29
2025-12-04,INTC,40.5,49.5,42.29
2025-12-05,INTC,41.41,49.5,42.29
2025-12-01,INTU,631.62,683.03,694.83
2025-12-02,INTU,635.63,683.03,694.83
2025-12-03,INTU,647.68,683.03,694.83
2025-12-04,INTU,663.08,683.03,694.83
2025-12-05,INTU,673.63,683.03,694.83
2025-12-01,INVH,27.79,27.71,27.86
2025-12-02,INVH,27.9,27.71,27.86
2025-12-03,INVH,27.66,27.71,27.86
2025-12-04,INVH,27.38,27.71,27.86
2025-12-05,INVH,27.14,27.71,27.86
2025-12-01,IP,39.19,38.79,40.87
2025-12-02,IP,37.85,38.79,40.87
2025-12-03,IP,39.22,38.79,40.87
2025-12-04,IP,39.13,38.79,40.87
2025-12-05,IP,39.06,38.79,40.87
2025-12-01,IQV,228.47,294.93,284.52
2025-12-02,IQV,225.63,294.93,284.52
2025-12-03,IQV,227.24,294.93,284.52
2025-12-04,IQV,224.92,294.93,284.52
2025-12-05,IQV,225.85,294.93,284.52
2025-12-01,IR,79.19,82.33,82.91
2025-12-02,IR,79.18,82.33,82.91
2025-12-03,IR,79.75,82.33,82.91
2025-12-04,IR,79.99,82.33,82.91
2025-12-05,IR,79.86,82.33,82.91
2025-12-01,IRM,82.83,100.66,102.52
2025-12-02,IRM,82.77,100.66,102.52
2025-12-03,IRM,84.28,100.66,102.52
2025-12-04,IRM,85.03,100.66,102.52
2025-12-05,IRM,84.31,100.66,102.52
2025-12-01,ISRG,567.37,626.32,616.85
2025-12-02,ISRG,567.72,626.32,616.85
2025-12-03,ISRG,569.71,626.32,616.85
2025-12-04,ISRG,568.63,626.32,616.85
2025-12-05,ISRG,575.34,626.32,616.85
2025-12-01,IT,230.78,240.27,219.82
2025-12-02,IT,228.62,240.27,219.82
2025-12-03,IT,231.91,240.27,219.82
2025-12-04,IT,232.1,240.27,219.82
2025-12-05,IT,229.77,240.27,219.82
2025-12-01,ITW,247.49,246.35,248.95
2025-12-02,ITW,248.38,246.35,248.95
2025-12-03,ITW,250.04,246.35,248.95
2025-12-04,ITW,249.38,246.35,248.95
2025-12-05,ITW,249.7,246.35,248.95
2025-12-01,IVZ,24.66,28.38,28.28
2025-12-02,IVZ,24.24,28.38,28.28
2025-12-03,IVZ,24.39,28.38,28.28
2025-12-04,IVZ,25.21,28.38,28.28
2025-12-05,IVZ,26.24,28.38,28.28
2025-12-01,IWD,208.55,230.14,231.67
2025-12-02,IWD,208.43,230.14,231.67
2025-12-03,IWD,210.33,230.14,231.67
2025-12-04,IWD,210.24,230.14,231.67
2025-12-05,IWD,210.47,230.14,231.67
2025-12-01,IWF,474.84,494.51,506.52
2025-12-02,IWF,476.93,494.51,506.52
2025-12-03,IWF,476.48,494.51,506.52
2025-12-04,IWF,477.43,494.51,506.52
2025-12-05,IWF,478.8,494.51,506.52
2025-12-01,IWM,245.62,292.01,297.93
2025-12-02,IWM,245.17,292.01,297.93
2025-12-03,IWM,249.63,292.01,297.93
2025-12-04,IWM,251.82,292.01,297.93
2025-12-05,IWM,250.77,292.01,297.93
2025-12-01,J,132.84,140.7,150.8
2025-12-02,J,135.02,140.7,150.8
2025-12-03,J,138.73,140.7,150.8
2025-12-04,J,140.73,140.7,150.8
2025-12-05,J,140.22,140.7,150.8
2025-12-01,JBHT,179.73,194.6,181.41
2025-12-02,JBHT,185.73,194.6,181.41
2025-12-03,JBHT,187.92,194.6,181.41
2025-12-04,JBHT,187.535,194.6,181.41
2025-12-05,JBHT,188.41,194.6,181.41
2025-12-01,JBL,209.99,253.21,264.28
2025-12-02,JBL,212.05,253.21,264.28
2025-12-03,JBL,214.05,253.21,264.28
2025-12-04,JBL,218.72,253.21,264.28
2025-12-05,JBL,220.06,253.21,264.28
2025-12-01,JCI,114.94,123.06,130.77
2025-12-02,JCI,115.28,123.06,130.77
2025-12-03,JCI,114.22,123.06,130.77
2025-12-04,JCI,114.2,123.06,130.77
2025-12-05,JCI,114.23,123.06,130.77
2025-12-01,JKHY,174.2,217.67,215.87
2025-12-02,JKHY,172.68,217.67,215.87
2025-12-03,JKHY,176.13,217.67,215.87
2025-12-04,JKHY,180.34,217.67,215.87
2025-12-05,JKHY,181.71,217.67,215.87
2025-12-01,JNJ,205.34,257.55,253.91
2025-12-02,JNJ,205.42,257.55,253.91
2025-12-03,JNJ,205.33,257.55,253.91
2025-12-04,JNJ,202.48,257.55,253.91
2025-12-05,JNJ,201.93,257.55,253.91
2025-12-01,JNK,96.96,105.43,105.14
2025-12-02,JNK,97.11,105.43,105.14
2025-12-03,JNK,97.26,105.43,105.14
2025-12-04,JNK,97.29,105.43,105.14
2025-12-05,JNK,97.29,105.43,105.14
2025-12-01,JPM,308.92,405.74,435.24
2025-12-02,JPM,307.88,405.74,435.24
2025-12-03,JPM,312.13,405.74,435.24
2025-12-04,JPM,316.1,405.74,435.24
2025-12-05,JPM,315.04,405.74,435.24
2025-12-01,K,83.07,95.62,98.46
2025-12-02,K,83.13,95.62,98.46
2025-12-03,K,83.14,95.62,98.46
2025-12-04,K,83.15,95.62,98.46
2025-12-05,K,83.14,95.62,98.46
2025-12-01,KDP,28.17,28.58,27.94
2025-12-02,KDP,28.13,28.58,27.94
2025-12-03,KDP,28.33,28.58,27.94
2025-12-04,KDP,28.58,28.58,27.94
2025-12-05,KDP,28.69,28.58,27.94
2025-12-01,KEY,18.62,24.69,25.19
2025-12-02,KEY,18.28,24.69,25.19
2025-12-03,KEY,18.75,24.69,25.19
2025-12-04,KEY,19.11,24.69,25.19
2025-12-05,KEY,19.26,24.69,25.19
2025-12-01,KEYS,197.54,237.83,231.26
2025-12-02,KEYS,201.4,237.83,231.26
2025-12-03,KEYS,206.61,237.83,231.26
2025-12-04,KEYS,209.07,237.83,231.26
2025-12-05,KEYS,210.49,237.83,231.26
2025-12-01,KHC,25.37,25.11,24.38
2025-12-02,KHC,24.96,25.11,24.38
2025-12-03,KHC,25.03,25.11,24.38
2025-12-04,KHC,24.59,25.11,24.38
2025-12-05,KHC,24.34,25.11,24.38
2025-12-01,KIM,20.49,20.56,20.77
2025-12-02,KIM,20.3,20.56,20.77
2025-12-03,KIM,20.41,20.56,20.77
2025-12-04,KIM,20.36,20.56,20.77
2025-12-05,KIM,20.13,20.56,20.77
2025-12-01,KKR,122.19,128.97,135.84
2025-12-02,KKR,122.68,128.97,135.84
2025-12-03,KKR,126.48,128.97,135.84
2025-12-04,KKR,128.43,128.97,135.84
2025-12-05,KKR,129.42,128.97,135.84
2025-12-01,KLAC,1157.18,1446.96,1491.56
2025-12-02,KLAC,1189.86,1446.96,1491.56
2025-12-03,KLAC,1211.75,1446.96,1491.56
2025-12-04,KLAC,1208.08,1446.96,1491.56
2025-12-05,KLAC,1214.46,1446.96,1491.56
2025-12-01,KMB,108.54,120.06,123.33
2025-12-02,KMB,106.95,120.06,123.33
2025-12-03,KMB,106.13,120.06,123.33
2025-12-04,KMB,104.94,120.06,123.33
2025-12-05,KMB,102.96,120.06,123.33
2025-12-01,KMI,27.29,30.38,32.6
2025-12-02,KMI,26.85,30.38,32.6
2025-12-03,KMI,27.17,30.38,32.6
2025-12-04,KMI,27.84,30.38,32.6
2025-12-05,KMI,27.77,30.38,32.6
2025-12-01,KMX,38.56,35.85,38.3
2025-12-02,KMX,38.71,35.85,38.3
2025-12-03,KMX,39.02,35.85,38.3
2025-12-04,KMX,38.9,35.85,38.3
2025-12-05,KMX,38.82,35.85,38.3
2025-12-01,KO,71.95,73.44,75.07
2025-12-02,KO,70.67,73.44,75.07
2025-12-03,KO,70.81,73.44,75.07
2025-12-04,KO,70.45,73.44,75.07
2025-12-05,KO,70.0,73.44,75.07
2025-12-01,KR,67.55,107.15,116.03
2025-12-02,KR,67.03,107.15,116.03
2025-12-03,KR,66.2,107.15,116.03
2025-12-04,KR,63.14,107.15,116.03
2025-12-05,KR,62.71,107.15,116.03
2025-12-01,KVUE,17.22,19.18,18.78
2025-12-02,KVUE,16.86,19.18,18.78
2025-12-03,KVUE,16.97,19.18,18.78
2025-12-04,KVUE,16.99,19.18,18.78
2025-12-05,KVUE,16.93,19.18,18.78
2025-12-01,L,106.4,118.98,122.84
2025-12-02,L,106.31,118.98,122.84
2025-12-03,L,105.75,118.98,122.84
2025-12-04,L,104.49,118.98,122.84
2025-12-05,L,102.82,118.98,122.84
2025-12-01,LDOS,188.42,216.72,232.68
2025-12-02,LDOS,187.07,216.72,232.68
2025-12-03,LDOS,188.44,216.72,232.68
2025-12-04,LDOS,192.42,216.72,232.68
2025-12-05,LDOS,186.82,216.72,232.68
2025-12-01,LEN,130.23,144.56,146.01
2025-12-02,LEN,129.73,144.56,146.01
2025-12-03,LEN,133.13,144.56,146.01
2025-12-04,LEN,126.75,144.56,146.01
2025-12-05,LEN,123.91,144.56,146.01
2025-12-01,LH,267.73,287.38,296.7
2025-12-02,LH,265.93,287.38,296.7
2025-12-03,LH,265.76,287.38,296.7
2025-12-04,LH,261.48,287.38,296.7
2025-12-05,LH,258.39,287.38,296.7
2025-12-01,LHX,272.32,346.56,358.97
2025-12-02,LHX,273.97,346.56,358.97
2025-12-03,LHX,277.74,346.56,358.97
2025-12-04,LHX,280.51,346.56,358.97
2025-12-05,LHX,278.5,346.56,358.97
2025-12-01,LII,489.46,538.09,572.13
2025-12-02,LII,487.29,538.09,572.13
2025-12-03,LII,500.01,538.09,572.13
2025-12-04,LII,504.73,538.09,572.13
2025-12-05,LII,511.63,538.09,572.13
2025-12-01,LIN,407.14,442.88,453.55
2025-12-02,LIN,408.79,442.88,453.55
2025-12-03,LIN,409.15,442.88,453.55
2025-12-04,LIN,403.73,442.88,453.55
2025-12-05,LIN,399.57,442.88,453.55
2025-12-01,LKQ,29.47,29.98,28.86
2025-12-02,LKQ,29.18,29.98,28.86
2025-12-03,LKQ,29.34,29.98,28.86
2025-12-04,LKQ,28.87,29.98,28.86
2025-12-05,LKQ,29.45,29.98,28.86
2025-12-01,LLY,1057.89,1362.64,1349.16
2025-12-02,LLY,1046.12,1362.64,1349.16
2025-12-03,LLY,1033.56,1362.64,1349.16
2025-12-04,LLY,1014.49,1362.64,1349.16
2025-12-05,LLY,1010.31,1362.64,1349.16
2025-12-01,LMT,439.19,496.0,504.53
2025-12-02,LMT,441.82,496.0,504.53
2025-12-03,LMT,446.8,496.0,504.53
2025-12-04,LMT,448.35,496.0,504.53
2025-12-05,LMT,452.2,496.0,504.53
2025-12-01,LNT,67.6,71.43,73.92
2025-12-02,LNT,66.53,71.43,73.92
2025-12-03,LNT,66.38,71.43,73.92
2025-12-04,LNT,65.71,71.43,73.92
2025-12-05,LNT,65.5,71.43,73.92
2025-12-01,LOW,246.39,304.84,320.95
2025-12-02,LOW,243.17,304.84,320.95
2025-12-03,LOW,246.94,304.84,320.95
2025-12-04,LOW,246.17,304.84,320.95
2025-12-05,LOW,248.47,304.84,320.95
2025-12-01,LQD,110.85,114.55,114.09
2025-12-02,LQD,110.92,114.55,114.09
2025-12-03,LQD,111.17,114.55,114.09
2025-12-04,LQD,110.97,114.55,114.09
2025-12-05,LQD,110.86,114.55,114.09
2025-12-01,LRCX,154.79,178.58,176.15
2025-12-02,LRCX,158.19,178.58,176.15
2025-12-03,LRCX,159.75,178.58,176.15
2025-12-04,LRCX,157.09,178.58,176.15
2025-12-05,LRCX,158.7,178.58,176.15
2025-12-01,LULU,182.41,204.49,180.42
2025-12-02,LULU,182.4,204.49,180.42
2025-12-03,LULU,182.3,204.49,180.42
2025-12-04,LULU,183.6,204.49,180.42
2025-12-05,LULU,190.01,204.49,180.42
2025-12-01,LUV,34.77,39.73,39.09
2025-12-02,LUV,35.43,39.73,39.09
2025-12-03,LUV,35.68,39.73,39.09
2025-12-04,LUV,35.81,39.73,39.09
2025-12-05,LUV,37.85,39.73,39.09
2025-12-01,LVS,69.49,77.92,75.8
2025-12-02,LVS,68.51,77.92,75.8
2025-12-03,LVS,66.88,77.92,75.8
2025-12-04,LVS,66.4,77.92,75.8
2025-12-05,LVS,66.25,77.92,75.8
2025-12-01,LW,59.5,60.2,55.17
2025-12-02,LW,59.05,60.2,55.17
2025-12-03,LW,60.49,60.2,55.17
2025-12-04,LW,59.76,60.2,55.17
2025-12-05,LW,59.7,60.2,55.17
2025-12-01,LYB,47.92,56.17,50.96
2025-12-02,LYB,47.78,56.17,50.96
2025-12-03,LYB,46.03,56.17,50.96
2025-12-04,LYB,43.16,56.17,50.96
2025-12-05,LYB,43.35,56.17,50.96
2025-12-01,LYV,131.1,162.98,173.91
2025-12-02,LYV,128.54,162.98,173.91
2025-12-03,LYV,136.01,162.98,173.91
2025-12-04,LYV,139.68,162.98,173.91
2025-12-05,LYV,139.33,162.98,173.91
2025-12-01,MA,543.97,558.66,578.16
2025-12-02,MA,545.91,558.66,578.16
2025-12-03,MA,553.73,558.66,578.16
2025-12-04,MA,542.31,558.66,578.16
2025-12-05,MA,545.52,558.66,578.16
2025-12-01,MAA,135.37,145.1,149.09
2025-12-02,MAA,135.26,145.1,149.09
2025-12-03,MAA,134.52,145.1,149.09
2025-12-04,MAA,132.86,145.1,149.09
2025-12-05,MAA,131.67,145.1,149.09
2025-12-01,MAR,303.44,324.48,336.81
2025-12-02,MAR,304.65,324.48,336.81
2025-12-03,MAR,306.65,324.48,336.81
2025-12-04,MAR,296.0,324.48,336.81
2025-12-05,MAR,292.59,324.48,336.81
2025-12-01,MAS,64.77,70.79,72.41
2025-12-02,MAS,64.27,70.79,72.41
2025-12-03,MAS,64.62,70.79,72.41
2025-12-04,MAS,64.4,70.79,72.41
2025-12-05,MAS,63.2,70.79,72.41
2025-12-01,MCD,303.57,345.77,354.39
2025-12-02,MCD,300.72,345.77,354.39
2025-12-03,MCD,307.71,345.77,354.39
2025-12-04,MCD,308.54,345.77,354.39
2025-12-05,MCD,311.23,345.77,354.39
2025-12-01,MCHI,62.66,65.08,69.88
2025-12-02,MCHI,62.24,65.08,69.88
2025-12-03,MCHI,61.88,65.08,69.88
2025-12-04,MCHI,61.98,65.08,69.88
2025-12-05,MCHI,62.66,65.08,69.88
2025-12-01,MCHP,53.43,72.93,65.96
2025-12-02,MCHP,56.71,72.93,65.96
2025-12-03,MCHP,63.61,72.93,65.96
2025-12-04,MCHP,64.72,72.93,65.96
2025-12-05,MCHP,65.81,72.93,65.96
2025-12-01,MCK,856.89,975.52,1010.0
2025-12-02,MCK,829.7,975.52,1010.0
2025-12-03,MCK,805.37,975.52,1010.0
2025-12-04,MCK,814.18,975.52,1010.0
2025-12-05,MCK,808.62,975.52,1010.0
2025-12-01,MCO,487.24,518.18,516.81
2025-12-02,MCO,487.84,518.18,516.81
2025-12-03,MCO,492.01,518.18,516.81
2025-12-04,MCO,489.48,518.18,516.81
2025-12-05,MCO,496.5,518.18,516.81
2025-12-01,MDLZ,56.4,56.73,56.04
2025-12-02,MDLZ,55.99,56.73,56.04
2025-12-03,MDLZ,56.03,56.73,56.04
2025-12-04,MDLZ,55.8,56.73,56.04
2025-12-05,MDLZ,54.905,56.73,56.04
2025-12-01,MDT,103.34,113.72,110.65
2025-12-02,MDT,102.03,113.72,110.65
2025-12-03,MDT,101.97,113.72,110.65
2025-12-04,MDT,101.99,113.72,110.65
2025-12-05,MDT,101.36,113.72,110.65
2025-12-01,MDY,602.2,689.21,695.89
2025-12-02,MDY,600.02,689.21,695.89
2025-12-03,MDY,604.19,689.21,695.89
2025-12-04,MDY,607.15,689.21,695.89
2025-12-05,MDY,607.38,689.21,695.89
2025-12-01,MET,76.31,85.56,85.62
2025-12-02,MET,76.27,85.56,85.62
2025-12-03,MET,77.51,85.56,85.62
2025-12-04,MET,78.03,85.56,85.62
2025-12-05,MET,78.66,85.56,85.62
2025-12-01,META,640.87,1015.17,1105.4
2025-12-02,META,647.1,1015.17,1105.4
2025-12-03,META,639.6,1015.17,1105.4
2025-12-04,META,661.53,1015.17,1105.4
2025-12-05,META,673.42,1015.17,1105.4
2025-12-01,MGM,35.44,41.33,40.74
2025-12-02,MGM,35.34,41.33,40.74
2025-12-03,MGM,35.54,41.33,40.74
2025-12-04,MGM,35.39,41.33,40.74
2025-12-05,MGM,36.07,41.33,40.74
2025-12-01,MHK,115.45,126.72,132.79
2025-12-02,MHK,114.59,126.72,132.79
2025-12-03,MHK,115.21,126.72,132.79
2025-12-04,MHK,111.96,126.72,132.79
2025-12-05,MHK,110.69,126.72,132.79
2025-12-01,MKC,66.4,68.04,69.65
2025-12-02,MKC,65.44,68.04,69.65
2025-12-03,MKC,64.12,68.04,69.65
2025-12-04,MKC,63.44,68.04,69.65
2025-12-05,MKC,63.3,68.04,69.65
2025-12-01,MLM,615.25,657.83,671.09
2025-12-02,MLM,607.99,657.83,671.09
2025-12-03,MLM,615.87,657.83,671.09
2025-12-04,MLM,618.78,657.83,671.09
2025-12-05,MLM,624.37,657.83,671.09
2025-12-01,MMC,184.0,203.21,206.23
2025-12-02,MMC,183.36,203.21,206.23
2025-12-03,MMC,183.87,203.21,206.23
2025-12-04,MMC,183.2,203.21,206.23
2025-12-05,MMC,181.82,203.21,206.23
2025-12-01,MMM,170.48,185.35,194.7
2025-12-02,MMM,171.56,185.35,194.7
2025-12-03,MMM,173.09,185.35,194.7
2025-12-04,MMM,169.27,185.35,194.7
2025-12-05,MMM,167.48,185.35,194.7
2025-12-01,MNST,75.95,86.15,83.99
2025-12-02,MNST,74.71,86.15,83.99
2025-12-03,MNST,73.985,86.15,83.99
2025-12-04,MNST,73.26,86.15,83.99
2025-12-05,MNST,73.74,86.15,83.99
2025-12-01,MO,59.14,79.47,87.81
2025-12-02,MO,58.82,79.47,87.81
2025-12-03,MO,58.41,79.47,87.81
2025-12-04,MO,58.34,79.47,87.81
2025-12-05,MO,57.99,79.47,87.81
2025-12-01,MOH,145.0,143.96,130.25
2025-12-02,MOH,145.97,143.96,130.25
2025-12-03,MOH,149.09,143.96,130.25
2025-12-04,MOH,150.57,143.96,130.25
2025-12-05,MOH,151.86,143.96,130.25
2025-12-01,MOS,24.96,25.82,25.86
2025-12-02,MOS,24.38,25.82,25.86
2025-12-03,MOS,24.21,25.82,25.86
2025-12-04,MOS,24.1,25.82,25.86
2025-12-05,MOS,23.61,25.82,25.86
2025-12-01,MP,58.1,73.54,82.48
2025-12-02,MP,60.84,73.54,82.48
2025-12-03,MP,58.71,73.54,82.48
2025-12-04,MP,61.8,73.54,82.48
2025-12-05,MP,62.09,73.54,82.48
2025-12-01,MPC,196.14,233.66,232.89
2025-12-02,MPC,192.7,233.66,232.89
2025-12-03,MPC,189.43,233.66,232.89
2025-12-04,MPC,190.15,233.66,232.89
2025-12-05,MPC,190.53,233.66,232.89
2025-12-01,MPWR,928.35,1010.73,1026.78
2025-12-02,MPWR,952.18,1010.73,1026.78
2025-12-03,MPWR,958.02,1010.73,1026.78
2025-12-04,MPWR,952.74,1010.73,1026.78
2025-12-05,MPWR,963.275,1010.73,1026.78
2025-12-01,MRK,101.83,113.02,106.11
2025-12-02,MRK,101.03,113.02,106.11
2025-12-03,MRK,102.27,113.02,106.11
2025-12-04,MRK,100.89,113.02,106.11
2025-12-05,MRK,99.72,113.02,106.11
2025-12-01,MRNA,24.16,31.88,26.93
2025-12-02,MRNA,24.06,31.88,26.93
2025-12-03,MRNA,25.18,31.88,26.93
2025-12-04,MRNA,25.49,31.88,26.93
2025-12-05,MRNA,27.7,31.88,26.93
2025-12-01,MS,168.47,201.11,209.67
2025-12-02,MS,169.09,201.11,209.67
2025-12-03,MS,173.72,201.11,209.67
2025-12-04,MS,174.89,201.11,209.67
2025-12-05,MS,176.51,201.11,209.67
2025-12-01,MSCI,559.66,629.97,622.1
2025-12-02,MSCI,547.29,629.97,622.1
2025-12-03,MSCI,545.56,629.97,622.1
2025-12-04,MSCI,540.85,629.97,622.1
2025-12-05,MSCI,538.26,629.97,622.1
2025-12-01,MSFT,486.74,485.41,509.21
2025-12-02,MSFT,490.0,485.41,509.21
2025-12-03,MSFT,477.73,485.41,509.21
2025-12-04,MSFT,480.84,485.41,509.21
2025-12-05,MSFT,483.16,485.41,509.21
2025-12-01,MSI,373.35,406.45,442.63
2025-12-02,MSI,377.56,406.45,442.63
2025-12-03,MSI,375.69,406.45,442.63
2025-12-04,MSI,371.49,406.45,442.63
2025-12-05,MSI,374.39,406.45,442.63
2025-12-01,MTB,190.22,272.15,288.99
2025-12-02,MTB,190.98,272.15,288.99
2025-12-03,MTB,195.63,272.15,288.99
2025-12-04,MTB,195.57,272.15,288.99
2025-12-05,MTB,195.11,272.15,288.99
2025-12-01,MTCH,33.75,35.14,36.55
2025-12-02,MTCH,33.7,35.14,36.55
2025-12-03,MTCH,33.63,35.14,36.55
2025-12-04,MTCH,33.88,35.14,36.55
2025-12-05,MTCH,34.52,35.14,36.55
2025-12-01,MTD,1468.09,1881.07,1872.63
2025-12-02,MTD,1447.16,1881.07,1872.63
2025-12-03,MTD,1434.88,1881.07,1872.63
2025-12-04,MTD,1422.81,1881.07,1872.63
2025-12-05,MTD,1414.86,1881.07,1872.63
2025-12-01,MTUM,247.65,253.6,261.11
2025-12-02,MTUM,248.81,253.6,261.11
2025-12-03,MTUM,249.8,253.6,261.11
2025-12-04,MTUM,251.6,253.6,261.11
2025-12-05,MTUM,252.79,253.6,261.11
2025-12-01,MU,240.46,304.64,297.89
2025-12-02,MU,239.49,304.64,297.89
2025-12-03,MU,234.16,304.64,297.89
2025-12-04,MU,226.65,304.64,297.89
2025-12-05,MU,237.22,304.64,297.89
2025-12-01,MUB,106.87,107.01,105.09
2025-12-02,MUB,106.81,107.01,105.09
2025-12-03,MUB,106.87,107.01,105.09
2025-12-04,MUB,106.86,107.01,105.09
2025-12-05,MUB,106.91,107.01,105.09
2025-12-01,NCLH,18.57,23.08,24.75
2025-12-02,NCLH,18.43,23.08,24.75
2025-12-03,NCLH,18.83,23.08,24.75
2025-12-04,NCLH,18.8,23.08,24.75
2025-12-05,NCLH,18.92,23.08,24.75
2025-12-01,NDAQ,89.36,103.26,108.7
2025-12-02,NDAQ,88.51,103.26,108.7
2025-12-03,NDAQ,88.32,103.26,108.7
2025-12-04,NDAQ,90.29,103.26,108.7
2025-12-05,NDAQ,90.22,103.26,108.7
2025-12-01,NDSN,235.03,242.63,233.0
2025-12-02,NDSN,236.53,242.63,233.0
2025-12-03,NDSN,238.59,242.63,233.0
2025-12-04,NDSN,238.41,242.63,233.0
2025-12-05,NDSN,238.93,242.63,233.0
2025-12-01,NDX,25342.849609375,26917.08,27295.5
2025-12-02,NDX,25555.857421875,26917.08,27295.5
2025-12-03,NDX,25606.544921875,26917.08,27295.5
2025-12-04,NDX,25581.69921875,26917.08,27295.5
2025-12-05,NDX,25692.05078125,26917.08,27295.5
2025-12-01,NEE,84.65,104.51,104.24
2025-12-02,NEE,84.58,104.51,104.24
2025-12-03,NEE,84.95,104.51,104.24
2025-12-04,NEE,83.39,104.51,104.24
2025-12-05,NEE,83.13,104.51,104.24
2025-12-01,NEM,91.83,102.63,109.3
2025-12-02,NEM,90.48,102.63,109.3
2025-12-03,NEM,89.65,102.63,109.3
2025-12-04,NEM,90.72,102.63,109.3
2025-12-05,NEM,89.76,102.63,109.3
2025-12-01,NFLX,109.13,113.8,125.07
2025-12-02,NFLX,109.35,113.8,125.07
2025-12-03,NFLX,103.96,113.8,125.07
2025-12-04,NFLX,103.22,113.8,125.07
2025-12-05,NFLX,100.24,113.8,125.07
2025-12-01,NI,43.0,47.44,50.26
2025-12-02,NI,42.26,47.44,50.26
2025-12-03,NI,41.88,47.44,50.26
2025-12-04,NI,41.89,47.44,50.26
2025-12-05,NI,42.0,47.44,50.26
2025-12-01,NKE,65.39,66.42,64.79
2025-12-02,NKE,64.93,66.42,64.79
2025-12-03,NKE,65.65,66.42,64.79
2025-12-04,NKE,65.69,66.42,64.79
2025-12-05,NKE,65.86,66.42,64.79
2025-12-01,NOC,545.51,651.78,671.07
2025-12-02,NOC,546.97,651.78,671.07
2025-12-03,NOC,553.32,651.78,671.07
2025-12-04,NOC,553.0,651.78,671.07
2025-12-05,NOC,548.97,651.78,671.07
2025-12-01,NORW,28.8,29.21,29.62
2025-12-02,NORW,28.855,29.21,29.62
2025-12-03,NORW,29.24,29.21,29.62
2025-12-04,NORW,29.2809,29.21,29.62
2025-12-05,NORW,29.275,29.21,29.62
2025-12-01,NOV,15.43,17.33,15.94
2025-12-02,NOV,15.33,17.33,15.94
2025-12-03,NOV,16.32,17.33,15.94
2025-12-04,NOV,16.3,17.33,15.94
2025-12-05,NOV,16.17,17.33,15.94
2025-12-01,NOW,822.07,830.53,833.56
2025-12-02,NOW,824.38,830.53,833.56
2025-12-03,NOW,832.9,830.53,833.56
2025-12-04,NOW,838.87,830.53,833.56
2025-12-05,NOW,854.36,830.53,833.56
2025-12-01,NQ=F,25405.75,27045.98,27351.58
2025-12-02,NQ=F,25586.0,27045.98,27351.58
2025-12-03,NQ=F,25656.0,27045.98,27351.58
2025-12-04,NQ=F,25632.0,27045.98,27351.58
2025-12-05,NQ=F,25735.0,27045.98,27351.58
2025-12-01,NRG,165.66,193.17,216.17
2025-12-02,NRG,164.08,193.17,216.17
2025-12-03,NRG,166.77,193.17,216.17
2025-12-04,NRG,169.36,193.17,216.17
2025-12-05,NRG,163.0,193.17,216.17
2025-12-01,NSC,289.83,297.56,300.54
2025-12-02,NSC,291.75,297.56,300.54
2025-12-03,NSC,294.05,297.56,300.54
2025-12-04,NSC,295.13,297.56,300.54
2025-12-05,NSC,294.19,297.56,300.54
2025-12-01,NTAP,112.27,113.43,118.3
2025-12-02,NTAP,115.83,113.43,118.3
2025-12-03,NTAP,114.66,113.43,118.3
2025-12-04,NTAP,115.99,113.43,118.3
2025-12-05,NTAP,117.27,113.43,118.3
2025-12-01,NTRS,130.98,151.61,159.14
2025-12-02,NTRS,130.43,151.61,159.14
2025-12-03,NTRS,132.16,151.61,159.14
2025-12-04,NTRS,133.21,151.61,159.14
2025-12-05,NTRS,133.21,151.61,159.14
2025-12-01,NUE,160.7,180.29,170.56
2025-12-02,NUE,161.09,180.29,170.56
2025-12-03,NUE,164.71,180.29,170.56
2025-12-04,NUE,162.54,180.29,170.56
2025-12-05,NUE,159.45,180.29,170.56
2025-12-01,NVDA,179.92,191.6,214.46
2025-12-02,NVDA,181.46,191.6,214.46
2025-12-03,NVDA,179.59,191.6,214.46
2025-12-04,NVDA,183.38,191.6,214.46
2025-12-05,NVDA,182.41,191.6,214.46
2025-12-01,NVR,7517.09,7894.85,8301.6
2025-12-02,NVR,7601.1,7894.85,8301.6
2025-12-03,NVR,7679.42,7894.85,8301.6
2025-12-04,NVR,7519.67,7894.85,8301.6
2025-12-05,NVR,7538.08,7894.85,8301.6
2025-12-01,NWSA,25.52,25.48,26.31
2025-12-02,NWSA,25.4,25.48,26.31
2025-12-03,NWSA,25.56,25.48,26.31
2025-12-04,NWSA,25.63,25.48,26.31
2025-12-05,NWSA,26.04,25.48,26.31
2025-12-01,NXPI,199.49,217.38,208.12
2025-12-02,NXPI,215.35,217.38,208.12
2025-12-03,NXPI,227.56,217.38,208.12
2025-12-04,NXPI,226.16,217.38,208.12
2025-12-05,NXPI,227.95,217.38,208.12
2025-12-01,O,57.43,57.92,58.62
2025-12-02,O,57.5,57.92,58.62
2025-12-03,O,58.09,57.92,58.62
2025-12-04,O,58.21,57.92,58.62
2025-12-05,O,58.48,57.92,58.62
2025-12-01,ODFL,139.67,167.81,160.27
2025-12-02,ODFL,141.46,167.81,160.27
2025-12-03,ODFL,150.945,167.81,160.27
2025-12-04,ODFL,153.51,167.81,160.27
2025-12-05,ODFL,155.15,167.81,160.27
2025-12-01,OEF,342.59,390.45,394.15
2025-12-02,OEF,343.56,390.45,394.15
2025-12-03,OEF,344.35,390.45,394.15
2025-12-04,OEF,344.53,390.45,394.15
2025-12-05,OEF,345.17,390.45,394.15
2025-12-01,OKE,73.68,101.78,104.1
2025-12-02,OKE,73.1,101.78,104.1
2025-12-03,OKE,74.89,101.78,104.1
2025-12-04,OKE,76.17,101.78,104.1
2025-12-05,OKE,76.34,101.78,104.1
2025-12-01,OMC,72.01,77.47,77.2
2025-12-02,OMC,72.47,77.47,77.2
2025-12-03,OMC,71.0,77.47,77.2
2025-12-04,OMC,70.17,77.47,77.2
2025-12-05,OMC,73.44,77.47,77.2
2025-12-01,ON,50.43,58.9,53.42
2025-12-02,ON,51.48,58.9,53.42
2025-12-03,ON,57.15,58.9,53.42
2025-12-04,ON,54.79,58.9,53.42
2025-12-05,ON,54.74,58.9,53.42
2025-12-01,ORCL,200.94,222.05,245.07
2025-12-02,ORCL,201.1,222.05,245.07
2025-12-03,ORCL,207.73,222.05,245.07
2025-12-04,ORCL,214.33,222.05,245.07
2025-12-05,ORCL,217.58,222.05,245.07
2025-12-01,ORLY,101.24,123.5,131.56
2025-12-02,ORLY,99.84,123.5,131.56
2025-12-03,ORLY,98.61,123.5,131.56
2025-12-04,ORLY,99.51,123.5,131.56
2025-12-05,ORLY,98.89,123.5,131.56
2025-12-01,OTIS,88.15,94.93,95.45
2025-12-02,OTIS,87.24,94.93,95.45
2025-12-03,OTIS,86.94,94.93,95.45
2025-12-04,OTIS,86.91,94.93,95.45
2025-12-05,OTIS,86.45,94.93,95.45
2025-12-01,OXY,42.34,44.64,41.63
2025-12-02,OXY,41.98,44.64,41.63
2025-12-03,OXY,42.45,44.64,41.63
2025-12-04,OXY,42.67,44.64,41.63
2025-12-05,OXY,42.43,44.64,41.63
2025-12-01,PAM,90.21,105.26,102.54
2025-12-02,PAM,89.36,105.26,102.54
2025-12-03,PAM,92.27,105.26,102.54
2025-12-04,PAM,91.15,105.26,102.54
2025-12-05,PAM,90.46,105.26,102.54
2025-12-01,PANW,187.73,213.77,219.02
2025-12-02,PANW,189.88,213.77,219.02
2025-12-03,PANW,193.63,213.77,219.02
2025-12-04,PANW,195.68,213.77,219.02
2025-12-05,PANW,198.84,213.77,219.02
2025-12-01,PAYC,161.81,197.4,215.82
2025-12-02,PAYC,161.95,197.4,215.82
2025-12-03,PAYC,164.56,197.4,215.82
2025-12-04,PAYC,166.14,197.4,215.82
2025-12-05,PAYC,165.72,197.4,215.82
2025-12-01,PAYX,110.54,112.28,117.74
2025-12-02,PAYX,110.78,112.28,117.74
2025-12-03,PAYX,113.39,112.28,117.74
2025-12-04,PAYX,111.765,112.28,117.74
2025-12-05,PAYX,112.06,112.28,117.74
2025-12-01,PBR,12.55,14.81,14.42
2025-12-02,PBR,12.61,14.81,14.42
2025-12-03,PBR,12.8,14.81,14.42
2025-12-04,PBR,12.88,14.81,14.42
2025-12-05,PBR,12.13,14.81,14.42
2025-12-01,PCAR,103.97,122.11,125.82
2025-12-02,PCAR,105.89,122.11,125.82
2025-12-03,PCAR,108.54,122.11,125.82
2025-12-04,PCAR,108.5,122.11,125.82
2025-12-05,PCAR,110.33,122.11,125.82
2025-12-01,PCG,15.84,22.42,21.91
2025-12-02,PCG,15.32,22.42,21.91
2025-12-03,PCG,15.23,22.42,21.91
2025-12-04,PCG,15.33,22.42,21.91
2025-12-05,PCG,15.16,22.42,21.91
2025-12-01,PEG,81.57,91.89,97.88
2025-12-02,PEG,80.68,91.89,97.88
2025-12-03,PEG,80.54,91.89,97.88
2025-12-04,PEG,80.77,91.89,97.88
2025-12-05,PEG,79.57,91.89,97.88
2025-12-01,PEP,149.51,163.02,164.61
2025-12-02,PEP,148.61,163.02,164.61
2025-12-03,PEP,148.06,163.02,164.61
2025-12-04,PEP,146.91,163.02,164.61
2025-12-05,PEP,145.02,163.02,164.61
2025-12-01,PFE,25.27,28.0,25.88
2025-12-02,PFE,25.15,28.0,25.88
2025-12-03,PFE,25.57,28.0,25.88
2025-12-04,PFE,25.7,28.0,25.88
2025-12-05,PFE,26.03,28.0,25.88
2025-12-01,PFF,30.65,35.5,35.3
2025-12-02,PFF,30.83,35.5,35.3
2025-12-03,PFF,30.88,35.5,35.3
2025-12-04,PFF,30.785,35.5,35.3
2025-12-05,PFF,30.87,35.5,35.3
2025-12-01,PFG,84.45,115.43,113.94
2025-12-02,PFG,84.32,115.43,113.94
2025-12-03,PFG,85.94,115.43,113.94
2025-12-04,PFG,85.93,115.43,113.94
2025-12-05,PFG,87.52,115.43,113.94
2025-12-01,PG,147.44,145.72,147.59
2025-12-02,PG,145.86,145.72,147.59
2025-12-03,PG,146.71,145.72,147.59
2025-12-04,PG,145.36,145.72,147.59
2025-12-05,PG,143.45,145.72,147.59
2025-12-01,PGR,227.82,227.43,242.55
2025-12-02,PGR,228.76,227.43,242.55
2025-12-03,PGR,227.18,227.43,242.55
2025-12-04,PGR,227.09,227.43,242.55
2025-12-05,PGR,222.89,227.43,242.55
2025-12-01,PH,856.12,1044.37,1037.66
2025-12-02,PH,858.94,1044.37,1037.66
2025-12-03,PH,869.2,1044.37,1037.66
2025-12-04,PH,873.66,1044.37,1037.66
2025-12-05,PH,880.0,1044.37,1037.66
2025-12-01,PHM,127.18,127.66,134.55
2025-12-02,PHM,126.55,127.66,134.55
2025-12-03,PHM,130.33,127.66,134.55
2025-12-04,PHM,127.89,127.66,134.55
2025-12-05,PHM,126.99,127.66,134.55
2025-12-01,PKG,203.24,207.92,216.33
2025-12-02,PKG,192.55,207.92,216.33
2025-12-03,PKG,197.95,207.92,216.33
2025-12-04,PKG,196.63,207.92,216.33
2025-12-05,PKG,198.48,207.92,216.33
2025-12-01,PLD,128.93,133.2,129.52
2025-12-02,PLD,128.93,133.2,129.52
2025-12-03,PLD,129.19,133.2,129.52
2025-12-04,PLD,128.18,133.2,129.52
2025-12-05,PLD,127.98,133.2,129.52
2025-12-01,PLTR,167.49,178.09,223.52
2025-12-02,PLTR,170.69,178.09,223.52
2025-12-03,PLTR,176.08,178.09,223.52
2025-12-04,PLTR,177.92,178.09,223.52
2025-12-05,PLTR,181.76,178.09,223.52
2025-12-01,PM,156.15,177.37,194.02
2025-12-02,PM,154.62,177.37,194.02
2025-12-03,PM,151.71,177.37,194.02
2025-12-04,PM,148.58,177.37,194.02
2025-12-05,PM,147.81,177.37,194.02
2025-12-01,PNC,192.4,279.41,291.4
2025-12-02,PNC,192.05,279.41,291.4
2025-12-03,PNC,198.0,279.41,291.4
2025-12-04,PNC,198.27,279.41,291.4
2025-12-05,PNC,197.86,279.41,291.4
2025-12-01,PNR,105.06,113.35,118.31
2025-12-02,PNR,105.16,113.35,118.31
2025-12-03,PNR,106.47,113.35,118.31
2025-12-04,PNR,104.89,113.35,118.31
2025-12-05,PNR,104.25,113.35,118.31
2025-12-01,PNW,89.32,97.58,101.38
2025-12-02,PNW,88.54,97.58,101.38
2025-12-03,PNW,88.62,97.58,101.38
2025-12-04,PNW,88.08,97.58,101.38
2025-12-05,PNW,88.17,97.58,101.38
2025-12-01,PODD,310.83,325.75,352.68
2025-12-02,PODD,309.0,325.75,352.68
2025-12-03,PODD,307.56,325.75,352.68
2025-12-04,PODD,315.92,325.75,352.68
2025-12-05,PODD,304.49,325.75,352.68
2025-12-01,POOL,243.37,237.36,240.07
2025-12-02,POOL,244.73,237.36,240.07
2025-12-03,POOL,245.98,237.36,240.07
2025-12-04,POOL,241.92,237.36,240.07
2025-12-05,POOL,239.52,237.36,240.07
2025-12-01,POWA,90.9902,94.84,96.17
2025-12-02,POWA,90.7584,94.84,96.17
2025-12-03,POWA,91.0246,94.84,96.17
2025-12-04,POWA,91.12,94.84,96.17
2025-12-05,POWA,91.2488,94.84,96.17
2025-12-01,PPG,99.86,99.4,95.99
2025-12-02,PPG,100.25,99.4,95.99
2025-12-03,PPG,101.34,99.4,95.99
2025-12-04,PPG,100.67,99.4,95.99
2025-12-05,PPG,101.03,99.4,95.99
2025-12-01,PPL,35.8,39.86,42.49
2025-12-02,PPL,35.22,39.86,42.49
2025-12-03,PPL,34.81,39.86,42.49
2025-12-04,PPL,34.16,39.86,42.49
2025-12-05,PPL,33.86,39.86,42.49
2025-12-01,PPLT,151.39,164.65,173.67
2025-12-02,PPLT,149.7,164.65,173.67
2025-12-03,PPLT,151.63,164.65,173.67
2025-12-04,PPLT,150.2,164.65,173.67
2025-12-05,PPLT,149.69,164.65,173.67
2025-12-01,PRU,108.22,123.83,122.23
2025-12-02,PRU,107.85,123.83,122.23
2025-12-03,PRU,109.57,123.83,122.23
2025-12-04,PRU,110.25,123.83,122.23
2025-12-05,PRU,111.68,123.83,122.23
2025-12-01,PSA,271.15,273.05,275.79
2025-12-02,PSA,273.16,273.05,275.79
2025-12-03,PSA,278.25,273.05,275.79
2025-12-04,PSA,276.63,273.05,275.79
2025-12-05,PSA,272.06,273.05,275.79
2025-12-01,PSKY,15.71,20.51,20.93
2025-12-02,PSKY,15.82,20.51,20.93
2025-12-03,PSKY,14.67,20.51,20.93
2025-12-04,PSKY,14.82,20.51,20.93
2025-12-05,PSKY,13.365,20.51,20.93
2025-12-01,PSX,139.76,151.81,147.27
2025-12-02,PSX,137.57,151.81,147.27
2025-12-03,PSX,139.85,151.81,147.27
2025-12-04,PSX,139.42,151.81,147.27
2025-12-05,PSX,139.36,151.81,147.27
2025-12-01,PTC,174.88,214.3,229.27
2025-12-02,PTC,176.48,214.3,229.27
2025-12-03,PTC,177.37,214.3,229.27
2025-12-04,PTC,178.5,214.3,229.27
2025-12-05,PTC,173.52,214.3,229.27
2025-12-01,PWR,452.23,522.65,552.22
2025-12-02,PWR,454.72,522.65,552.22
2025-12-03,PWR,456.02,522.65,552.22
2025-12-04,PWR,464.84,522.65,552.22
2025-12-05,PWR,460.64,522.65,552.22
2025-12-01,PYPL,62.58,65.24,65.67
2025-12-02,PYPL,62.9,65.24,65.67
2025-12-03,PYPL,61.24,65.24,65.67
2025-12-04,PYPL,61.73,65.24,65.67
2025-12-05,PYPL,62.28,65.24,65.67
2025-12-01,QAT,18.71,22.23,22.43
2025-12-02,QAT,18.775,22.23,22.43
2025-12-03,QAT,18.9302,22.23,22.43
2025-12-04,QAT,18.9402,22.23,22.43
2025-12-05,QAT,18.9304,22.23,22.43
2025-12-01,QCOM,168.04,186.69,182.6
2025-12-02,QCOM,170.7,186.69,182.6
2025-12-03,QCOM,175.07,186.69,182.6
2025-12-04,QCOM,174.35,186.69,182.6
2025-12-05,QCOM,174.81,186.69,182.6
2025-12-01,QQQ,617.17,651.56,660.31
2025-12-02,QQQ,622.0,651.56,660.31
2025-12-03,QQQ,623.52,651.56,660.31
2025-12-04,QQQ,622.94,651.56,660.31
2025-12-05,QQQ,625.48,651.56,660.31
2025-12-01,QUAL,197.67,224.88,227.4
2025-12-02,QUAL,198.43,224.88,227.4
2025-12-03,QUAL,199.12,224.88,227.4
2025-12-04,QUAL,199.28,224.88,227.4
2025-12-05,QUAL,199.76,224.88,227.4
2025-12-01,RCL,266.6,252.91,293.27
2025-12-02,RCL,265.08,252.91,293.27
2025-12-03,RCL,265.77,252.91,293.27
2025-12-04,RCL,259.27,252.91,293.27
2025-12-05,RCL,257.66,252.91,293.27
2025-12-01,REG,70.84,75.35,77.05
2025-12-02,REG,70.03,75.35,77.05
2025-12-03,REG,69.935,75.35,77.05
2025-12-04,REG,69.07,75.35,77.05
2025-12-05,REG,68.7,75.35,77.05
2025-12-01,REGN,750.11,862.54,806.56
2025-12-02,REGN,742.0,862.54,806.56
2025-12-03,REGN,723.67,862.54,806.56
2025-12-04,REGN,722.8,862.54,806.56
2025-12-05,REGN,718.36,862.54,806.56
2025-12-01,RF,25.33,27.7,29.2
2025-12-02,RF,25.41,27.7,29.2
2025-12-03,RF,26.2,27.7,29.2
2025-12-04,RF,26.41,27.7,29.2
2025-12-05,RF,26.28,27.7,29.2
2025-12-01,RIG,4.35,4.94,4.18
2025-12-02,RIG,4.31,4.94,4.18
2025-12-03,RIG,4.45,4.94,4.18
2025-12-04,RIG,4.43,4.94,4.18
2025-12-05,RIG,4.44,4.94,4.18
2025-12-01,RJF,155.83,255.39,268.22
2025-12-02,RJF,155.64,255.39,268.22
2025-12-03,RJF,158.79,255.39,268.22
2025-12-04,RJF,162.6,255.39,268.22
2025-12-05,RJF,163.13,255.39,268.22
2025-12-01,RL,365.88,423.53,449.31
2025-12-02,RL,355.89,423.53,449.31
2025-12-03,RL,358.15,423.53,449.31
2025-12-04,RL,356.97,423.53,449.31
2025-12-05,RL,368.42,423.53,449.31
2025-12-01,RMD,248.38,250.0,268.84
2025-12-02,RMD,250.85,250.0,268.84
2025-12-03,RMD,251.44,250.0,268.84
2025-12-04,RMD,251.51,250.0,268.84
2025-12-05,RMD,256.55,250.0,268.84
2025-12-01,ROK,389.96,489.81,469.68
2025-12-02,ROK,391.2,489.81,469.68
2025-12-03,ROK,400.37,489.81,469.68
2025-12-04,ROK,403.89,489.81,469.68
2025-12-05,ROK,404.29,489.81,469.68
2025-12-01,ROKU,96.52,110.86,106.01
2025-12-02,ROKU,98.26,110.86,106.01
2025-12-03,ROKU,92.98,110.86,106.01
2025-12-04,ROKU,94.54,110.86,106.01
2025-12-05,ROKU,100.09,110.86,106.01
2025-12-01,ROL,61.18,69.75,71.32
2025-12-02,ROL,60.9,69.75,71.32
2025-12-03,ROL,60.62,69.75,71.32
2025-12-04,ROL,60.34,69.75,71.32
2025-12-05,ROL,61.4,69.75,71.32
2025-12-01,ROP,443.58,694.63,700.58
2025-12-02,ROP,444.15,694.63,700.58
2025-12-03,ROP,445.89,694.63,700.58
2025-12-04,ROP,444.78,694.63,700.58
2025-12-05,ROP,447.56,694.63,700.58
2025-12-01,ROST,177.5,198.11,196.4
2025-12-02,ROST,177.57,198.11,196.4
2025-12-03,ROST,178.0,198.11,196.4
2025-12-04,ROST,177.09,198.11,196.4
2025-12-05,ROST,177.87,198.11,196.4
2025-12-01,RSG,214.07,341.59,355.81
2025-12-02,RSG,212.67,341.59,355.81
2025-12-03,RSG,215.37,341.59,355.81
2025-12-04,RSG,215.12,341.59,355.81
2025-12-05,RSG,216.53,341.59,355.81
2025-12-01,RSP,190.22,192.72,193.69
2025-12-02,RSP,190.04,192.72,193.69
2025-12-03,RSP,191.49,192.72,193.69
2025-12-04,RSP,191.55,192.72,193.69
2025-12-05,RSP,192.0,192.72,193.69
2025-12-01,RTX,168.02,186.41,199.58
2025-12-02,RTX,168.8,186.41,199.58
2025-12-03,RTX,168.45,186.41,199.58
2025-12-04,RTX,171.31,186.41,199.58
2025-12-05,RTX,171.1,186.41,199.58
2025-12-01,RUT,2469.12890625,2855.11,2911.01
2025-12-02,RUT,2464.9833984375,2855.11,2911.01
2025-12-03,RUT,2512.13647460937,2855.11,2911.01
2025-12-04,RUT,2531.15869140625,2855.11,2911.01
2025-12-05,RUT,2521.48413085937,2855.11,2911.01
2025-12-01,RVTY,102.43,117.17,111.66
2025-12-02,RVTY,102.73,117.17,111.66
2025-12-03,RVTY,103.26,117.17,111.66
2025-12-04,RVTY,102.55,117.17,111.66
2025-12-05,RVTY,100.79,117.17,111.66
2025-12-01,SBAC,188.57,206.02,202.57
2025-12-02,SBAC,186.97,206.02,202.57
2025-12-03,SBAC,187.34,206.02,202.57
2025-12-04,SBAC,190.0,206.02,202.57
2025-12-05,SBAC,189.58,206.02,202.57
2025-12-01,SBLK,20.01,20.23,19.98
2025-12-02,SBLK,19.8,20.23,19.98
2025-12-03,SBLK,20.41,20.23,19.98
2025-12-04,SBLK,20.5,20.23,19.98
2025-12-05,SBLK,20.45,20.23,19.98
2025-12-01,SBUX,84.91,102.91,100.89
2025-12-02,SBUX,85.2,102.91,100.89
2025-12-03,SBUX,87.11,102.91,100.89
2025-12-04,SBUX,85.0,102.91,100.89
2025-12-05,SBUX,85.12,102.91,100.89
2025-12-01,SCHP,26.73,28.17,28.19
2025-12-02,SCHP,26.74,28.17,28.19
2025-12-03,SCHP,26.79,28.17,28.19
2025-12-04,SCHP,26.76,28.17,28.19
2025-12-05,SCHP,26.71,28.17,28.19
2025-12-01,SCHW,92.69,104.12,106.5
2025-12-02,SCHW,92.07,104.12,106.5
2025-12-03,SCHW,93.99,104.12,106.5
2025-12-04,SCHW,95.03,104.12,106.5
2025-12-05,SCHW,93.82,104.12,106.5
2025-12-01,SD,14.52,16.59,15.07
2025-12-02,SD,14.34,16.59,15.07
2025-12-03,SD,15.12,16.59,15.07
2025-12-04,SD,15.09,16.59,15.07
2025-12-05,SD,15.22,16.59,15.07
2025-12-01,SDY,139.89,149.89,150.62
2025-12-02,SDY,139.2,149.89,150.62
2025-12-03,SDY,140.22,149.89,150.62
2025-12-04,SDY,140.11,149.89,150.62
2025-12-05,SDY,140.08,149.89,150.62
2025-12-01,SHW,341.49,364.74,369.36
2025-12-02,SHW,337.49,364.74,369.36
2025-12-03,SHW,339.24,364.74,369.36
2025-12-04,SHW,335.37,364.74,369.36
2025-12-05,SHW,333.11,364.74,369.36
2025-12-01,SHY,82.76,84.23,84.01
2025-12-02,SHY,82.81,84.23,84.01
2025-12-03,SHY,82.86,84.23,84.01
2025-12-04,SHY,82.8,84.23,84.01
2025-12-05,SHY,82.77,84.23,84.01
2025-12-01,SILJ,26.08,31.43,32.73
2025-12-02,SILJ,26.04,31.43,32.73
2025-12-03,SILJ,25.82,31.43,32.73
2025-12-04,SILJ,25.67,31.43,32.73
2025-12-05,SILJ,25.66,31.43,32.73
2025-12-01,SJM,103.09,114.08,111.58
2025-12-02,SJM,101.0,114.08,111.58
2025-12-03,SJM,100.36,114.08,111.58
2025-12-04,SJM,99.61,114.08,111.58
2025-12-05,SJM,100.11,114.08,111.58
2025-12-01,SLB,36.6,40.19,38.22
2025-12-02,SLB,36.36,40.19,38.22
2025-12-03,SLB,37.55,40.19,38.22
2025-12-04,SLB,38.12,40.19,38.22
2025-12-05,SLB,38.46,40.19,38.22
2025-12-01,SLV,52.52,68.47,71.23
2025-12-02,SLV,53.13,68.47,71.23
2025-12-03,SLV,53.07,68.47,71.23
2025-12-04,SLV,51.76,68.47,71.23
2025-12-05,SLV,52.95,68.47,71.23
2025-12-01,SMCI,33.41,34.17,36.58
2025-12-02,SMCI,32.92,34.17,36.58
2025-12-03,SMCI,33.68,34.17,36.58
2025-12-04,SMCI,34.23,34.17,36.58
2025-12-05,SMCI,34.69,34.17,36.58
2025-12-01,SMH,352.96,387.82,401.9
2025-12-02,SMH,359.43,387.82,401.9
2025-12-03,SMH,364.37,387.82,401.9
2025-12-04,SMH,361.6,387.82,401.9
2025-12-05,SMH,364.42,387.82,401.9
2025-12-01,SNA,338.47,379.49,389.18
2025-12-02,SNA,340.58,379.49,389.18
2025-12-03,SNA,344.34,379.49,389.18
2025-12-04,SNA,346.13,379.49,389.18
2025-12-05,SNA,347.21,379.49,389.18
2025-12-01,SNDK,210.17,371.12,494.64
2025-12-02,SNDK,205.35,371.12,494.64
2025-12-03,SNDK,194.38,371.12,494.64
2025-12-04,SNDK,213.31,371.12,494.64
2025-12-05,SNDK,228.47,371.12,494.64
2025-12-01,SNPS,438.29,436.27,489.31
2025-12-02,SNPS,449.35,436.27,489.31
2025-12-03,SNPS,466.44,436.27,489.31
2025-12-04,SNPS,463.74,436.27,489.31
2025-12-05,SNPS,466.76,436.27,489.31
2025-12-01,SO,89.01,91.61,95.34
2025-12-02,SO,89.04,91.61,95.34
2025-12-03,SO,87.98,91.61,95.34
2025-12-04,SO,87.33,91.61,95.34
2025-12-05,SO,86.28,91.61,95.34
2025-12-01,SOLV,85.56,98.31,98.33
2025-12-02,SOLV,85.59,98.31,98.33
2025-12-03,SOLV,85.25,98.31,98.33
2025-12-04,SOLV,85.26,98.31,98.33
2025-12-05,SOLV,85.43,98.31,98.33
2025-12-01,SOYB,23.47,25.29,24.16
2025-12-02,SOYB,23.43,25.29,24.16
2025-12-03,SOYB,23.28,25.29,24.16
2025-12-04,SOYB,23.3,25.29,24.16
2025-12-05,SOYB,23.03,25.29,24.16
2025-12-01,SPG,185.14,197.8,202.75
2025-12-02,SPG,182.17,197.8,202.75
2025-12-03,SPG,182.3,197.8,202.75
2025-12-04,SPG,183.32,197.8,202.75
2025-12-05,SPG,182.56,197.8,202.75
2025-12-01,SPGI,495.27,544.74,561.41
2025-12-02,SPGI,491.21,544.74,561.41
2025-12-03,SPGI,499.88,544.74,561.41
2025-12-04,SPGI,496.99,544.74,561.41
2025-12-05,SPGI,498.52,544.74,561.41
2025-12-01,SPHB,112.94,198.55,197.9
2025-12-02,SPHB,114.07,198.55,197.9
2025-12-03,SPHB,116.26,198.55,197.9
2025-12-04,SPHB,116.59,198.55,197.9
2025-12-05,SPHB,117.45,198.55,197.9
2025-12-01,SPLV,72.27,79.13,82.21
2025-12-02,SPLV,71.77,79.13,82.21
2025-12-03,SPLV,71.74,79.13,82.21
2025-12-04,SPLV,71.51,79.13,82.21
2025-12-05,SPLV,71.32,79.13,82.21
2025-12-01,SPX,6812.6298828125,9007.1,9039.01
2025-12-02,SPX,6829.3701171875,9007.1,9039.01
2025-12-03,SPX,6849.72021484375,9007.1,9039.01
2025-12-04,SPX,6857.1201171875,9007.1,9039.01
2025-12-05,SPX,6870.39990234375,9007.1,9039.01
2025-12-01,SPY,680.27,883.69,885.88
2025-12-02,SPY,681.53,883.69,885.88
2025-12-03,SPY,683.89,883.69,885.88
2025-12-04,SPY,684.39,883.69,885.88
2025-12-05,SPY,685.69,883.69,885.88
2025-12-01,SRE,91.5,145.05,144.63
2025-12-02,SRE,90.95,145.05,144.63
2025-12-03,SRE,90.73,145.05,144.63
2025-12-04,SRE,90.07,145.05,144.63
2025-12-05,SRE,90.66,145.05,144.63
2025-12-01,STE,262.89,367.98,362.32
2025-12-02,STE,259.3,367.98,362.32
2025-12-03,STE,259.4,367.98,362.32
2025-12-04,STE,261.02,367.98,362.32
2025-12-05,STE,263.28,367.98,362.32
2025-12-01,STIP,102.66,106.14,107.07
2025-12-02,STIP,102.68,106.14,107.07
2025-12-03,STIP,102.75,106.14,107.07
2025-12-04,STIP,102.74,106.14,107.07
2025-12-05,STIP,102.72,106.14,107.07
2025-12-01,STLA,10.65,12.03,10.47
2025-12-02,STLA,10.95,12.03,10.47
2025-12-03,STLA,11.46,12.03,10.47
2025-12-04,STLA,11.84,12.03,10.47
2025-12-05,STLA,12.05,12.03,10.47
2025-12-01,STLD,167.62,217.08,207.77
2025-12-02,STLD,167.63,217.08,207.77
2025-12-03,STLD,171.5,217.08,207.77
2025-12-04,STLD,168.11,217.08,207.77
2025-12-05,STLD,165.22,217.08,207.77
2025-12-01,STNG,55.56,63.39,62.25
2025-12-02,STNG,56.35,63.39,62.25
2025-12-03,STNG,56.58,63.39,62.25
2025-12-04,STNG,55.94,63.39,62.25
2025-12-05,STNG,55.89,63.39,62.25
2025-12-01,STT,118.12,128.64,132.71
2025-12-02,STT,119.02,128.64,132.71
2025-12-03,STT,120.9,128.64,132.71
2025-12-04,STT,121.87,128.64,132.71
2025-12-05,STT,123.61,128.64,132.71
2025-12-01,STX,270.1,392.03,395.32
2025-12-02,STX,266.87,392.03,395.32
2025-12-03,STX,258.67,392.03,395.32
2025-12-04,STX,265.63,392.03,395.32
2025-12-05,STX,278.79,392.03,395.32
2025-12-01,STZ,137.87,142.88,135.15
2025-12-02,STZ,137.86,142.88,135.15
2025-12-03,STZ,138.08,142.88,135.15
2025-12-04,STZ,138.03,142.88,135.15
2025-12-05,STZ,142.37,142.88,135.15
2025-12-01,SW,35.65,36.01,37.41
2025-12-02,SW,34.45,36.01,37.41
2025-12-03,SW,36.12,36.01,37.41
2025-12-04,SW,36.45,36.01,37.41
2025-12-05,SW,36.04,36.01,37.41
2025-12-01,SWK,70.56,72.33,69.0
2025-12-02,SWK,71.24,72.33,69.0
2025-12-03,SWK,72.53,72.33,69.0
2025-12-04,SWK,72.21,72.33,69.0
2025-12-05,SWK,72.47,72.33,69.0
2025-12-01,SWKS,65.83,69.45,63.74
2025-12-02,SWKS,68.24,69.45,63.74
2025-12-03,SWKS,69.37,69.45,63.74
2025-12-04,SWKS,69.01,69.45,63.74
2025-12-05,SWKS,69.32,69.45,63.74
2025-12-01,SYF,78.05,80.73,85.93
2025-12-02,SYF,78.88,80.73,85.93
2025-12-03,SYF,79.15,80.73,85.93
2025-12-04,SYF,80.4,80.73,85.93
2025-12-05,SYF,80.36,80.73,85.93
2025-12-01,SYK,372.32,377.42,388.57
2025-12-02,SYK,366.68,377.42,388.57
2025-12-03,SYK,365.95,377.42,388.57
2025-12-04,SYK,364.35,377.42,388.57
2025-12-05,SYK,364.02,377.42,388.57
2025-12-01,SYY,75.91,77.78,79.55
2025-12-02,SYY,74.44,77.78,79.55
2025-12-03,SYY,73.36,77.78,79.55
2025-12-04,SYY,73.44,77.78,79.55
2025-12-05,SYY,73.1,77.78,79.55
2025-12-01,T,25.79,27.17,29.43
2025-12-02,T,25.52,27.17,29.43
2025-12-03,T,25.32,27.17,29.43
2025-12-04,T,25.39,27.17,29.43
2025-12-05,T,25.28,27.17,29.43
2025-12-01,TAGS,23.4312,24.59,24.11
2025-12-02,TAGS,23.5745,24.59,24.11
2025-12-03,TAGS,23.375,24.59,24.11
2025-12-04,TAGS,23.4692,24.59,24.11
2025-12-05,TAGS,23.32,24.59,24.11
2025-12-01,TAP,46.91,46.65,47.18
2025-12-02,TAP,46.5,46.65,47.18
2025-12-03,TAP,46.24,46.65,47.18
2025-12-04,TAP,45.57,46.65,47.18
2025-12-05,TAP,45.13,46.65,47.18
2025-12-01,TDG,1354.86,1513.25,1603.8
2025-12-02,TDG,1343.65,1513.25,1603.8
2025-12-03,TDG,1337.33,1513.25,1603.8
2025-12-04,TDG,1360.1,1513.25,1603.8
2025-12-05,TDG,1346.86,1513.25,1603.8
2025-12-01,TDW,54.87,62.79,59.22
2025-12-02,TDW,54.64,62.79,59.22
2025-12-03,TDW,59.75,62.79,59.22
2025-12-04,TDW,59.5,62.79,59.22
2025-12-05,TDW,57.63,62.79,59.22
2025-12-01,TDY,492.56,571.73,588.01
2025-12-02,TDY,495.72,571.73,588.01
2025-12-03,TDY,503.96,571.73,588.01
2025-12-04,TDY,518.0,571.73,588.01
2025-12-05,TDY,522.3,571.73,588.01
2025-12-01,TECH,63.76,72.12,69.07
2025-12-02,TECH,62.95,72.12,69.07
2025-12-03,TECH,63.82,72.12,69.07
2025-12-04,TECH,63.54,72.12,69.07
2025-12-05,TECH,61.68,72.12,69.07
2025-12-01,TECK,43.3,47.84,44.34
2025-12-02,TECK,43.23,47.84,44.34
2025-12-03,TECK,44.45,47.84,44.34
2025-12-04,TECK,44.88,47.84,44.34
2025-12-05,TECK,45.07,47.84,44.34
2025-12-01,TEL,225.75,232.57,240.36
2025-12-02,TEL,229.55,232.57,240.36
2025-12-03,TEL,230.8,232.57,240.36
2025-12-04,TEL,233.41,232.57,240.36
2025-12-05,TEL,234.36,232.57,240.36
2025-12-01,TER,179.63,239.57,234.88
2025-12-02,TER,189.94,239.57,234.88
2025-12-03,TER,195.08,239.57,234.88
2025-12-04,TER,198.63,239.57,234.88
2025-12-05,TER,200.77,239.57,234.88
2025-12-01,TFC,46.57,51.78,53.01
2025-12-02,TFC,46.48,51.78,53.01
2025-12-03,TFC,47.42,51.78,53.01
2025-12-04,TFC,47.54,51.78,53.01
2025-12-05,TFC,47.53,51.78,53.01
2025-12-01,TGT,91.36,90.45,86.88
2025-12-02,TGT,90.47,90.45,86.88
2025-12-03,TGT,90.92,90.45,86.88
2025-12-04,TGT,91.59,90.45,86.88
2025-12-05,TGT,92.19,90.45,86.88
2025-12-01,THD,60.14,65.33,64.34
2025-12-02,THD,60.16,65.33,64.34
2025-12-03,THD,60.04,65.33,64.34
2025-12-04,THD,59.77,65.33,64.34
2025-12-05,THD,60.16,65.33,64.34
2025-12-01,TIP,110.5,118.78,118.44
2025-12-02,TIP,110.53,118.78,118.44
2025-12-03,TIP,110.78,118.78,118.44
2025-12-04,TIP,110.63,118.78,118.44
2025-12-05,TIP,110.45,118.78,118.44
2025-12-01,TJX,151.13,164.29,170.54
2025-12-02,TJX,150.02,164.29,170.54
2025-12-03,TJX,150.06,164.29,170.54
2025-12-04,TJX,150.3,164.29,170.54
2025-12-05,TJX,153.28,164.29,170.54
2025-12-01,TKO,193.98,257.37,289.15
2025-12-02,TKO,194.64,257.37,289.15
2025-12-03,TKO,194.9,257.37,289.15
2025-12-04,TKO,200.87,257.37,289.15
2025-12-05,TKO,202.22,257.37,289.15
2025-12-01,TLT,88.77,93.33,92.81
2025-12-02,TLT,88.81,93.33,92.81
2025-12-03,TLT,89.06,93.33,92.81
2025-12-04,TLT,88.58,93.33,92.81
2025-12-05,TLT,88.17,93.33,92.81
2025-12-01,TMO,585.15,692.98,683.23
2025-12-02,TMO,580.37,692.98,683.23
2025-12-03,TMO,580.45,692.98,683.23
2025-12-04,TMO,575.24,692.98,683.23
2025-12-05,TMO,572.77,692.98,683.23
2025-12-01,TMUS,206.63,200.46,219.32
2025-12-02,TMUS,210.13,200.46,219.32
2025-12-03,TMUS,208.51,200.46,219.32
2025-12-04,TMUS,208.01,200.46,219.32
2025-12-05,TMUS,209.63,200.46,219.32
2025-12-01,TNX,4.0959997177124,4.11,4.05
2025-12-02,TNX,4.08599996566772,4.11,4.05
2025-12-03,TNX,4.05700016021728,4.11,4.05
2025-12-04,TNX,4.1080002784729,4.11,4.05
2025-12-05,TNX,4.13899993896484,4.11,4.05
2025-12-01,TPL,853.74,996.0,1089.93
2025-12-02,TPL,864.67,996.0,1089.93
2025-12-03,TPL,914.72,996.0,1089.93
2025-12-04,TPL,919.75,996.0,1089.93
2025-12-05,TPL,925.08,996.0,1089.93
2025-12-01,TPR,112.1,123.52,143.69
2025-12-02,TPR,109.26,123.52,143.69
2025-12-03,TPR,111.92,123.52,143.69
2025-12-04,TPR,115.06,123.52,143.69
2025-12-05,TPR,116.3,123.52,143.69
2025-12-01,TRGP,176.68,229.81,242.55
2025-12-02,TRGP,171.8,229.81,242.55
2025-12-03,TRGP,175.72,229.81,242.55
2025-12-04,TRGP,180.02,229.81,242.55
2025-12-05,TRGP,180.74,229.81,242.55
2025-12-01,TRMB,81.67,87.52,90.96
2025-12-02,TRMB,82.23,87.52,90.96
2025-12-03,TRMB,82.335,87.52,90.96
2025-12-04,TRMB,82.3,87.52,90.96
2025-12-05,TRMB,83.52,87.52,90.96
2025-12-01,TROW,101.59,111.8,111.32
2025-12-02,TROW,102.47,111.8,111.32
2025-12-03,TROW,105.05,111.8,111.32
2025-12-04,TROW,105.79,111.8,111.32
2025-12-05,TROW,106.58,111.8,111.32
2025-12-01,TRV,290.5,346.85,367.7
2025-12-02,TRV,288.52,346.85,367.7
2025-12-03,TRV,284.27,346.85,367.7
2025-12-04,TRV,282.85,346.85,367.7
2025-12-05,TRV,280.89,346.85,367.7
2025-12-01,TS,40.57,42.97,42.3
2025-12-02,TS,39.79,42.97,42.3
2025-12-03,TS,41.16,42.97,42.3
2025-12-04,TS,41.34,42.97,42.3
2025-12-05,TS,40.88,42.97,42.3
2025-12-01,TSCO,53.66,54.26,58.09
2025-12-02,TSCO,53.22,54.26,58.09
2025-12-03,TSCO,54.07,54.26,58.09
2025-12-04,TSCO,54.38,54.26,58.09
2025-12-05,TSCO,54.08,54.26,58.09
2025-12-01,TSLA,430.14,563.47,577.48
2025-12-02,TSLA,429.24,563.47,577.48
2025-12-03,TSLA,446.74,563.47,577.48
2025-12-04,TSLA,454.53,563.47,577.48
2025-12-05,TSLA,455.0,563.47,577.48
2025-12-01,TSN,58.3,73.01,72.95
2025-12-02,TSN,57.34,73.01,72.95
2025-12-03,TSN,56.78,73.01,72.95
2025-12-04,TSN,56.14,73.01,72.95
2025-12-05,TSN,56.92,73.01,72.95
2025-12-01,TT,410.16,479.0,510.89
2025-12-02,TT,411.22,479.0,510.89
2025-12-03,TT,409.07,479.0,510.89
2025-12-04,TT,405.35,479.0,510.89
2025-12-05,TT,401.43,479.0,510.89
2025-12-01,TTD,39.58,38.21,37.63
2025-12-02,TTD,39.95,38.21,37.63
2025-12-03,TTD,38.61,38.21,37.63
2025-12-04,TTD,39.35,38.21,37.63
2025-12-05,TTD,40.05,38.21,37.63
2025-12-01,TTWO,249.34,263.85,281.92
2025-12-02,TTWO,246.83,263.85,281.92
2025-12-03,TTWO,244.95,263.85,281.92
2025-12-04,TTWO,247.51,263.85,281.92
2025-12-05,TTWO,247.88,263.85,281.92
2025-12-01,TUR,34.03,39.26,39.49
2025-12-02,TUR,34.1,39.26,39.49
2025-12-03,TUR,33.87,39.26,39.49
2025-12-04,TUR,33.55,39.26,39.49
2025-12-05,TUR,33.84,39.26,39.49
2025-12-01,TXN,168.16,179.7,178.98
2025-12-02,TXN,175.26,179.7,178.98
2025-12-03,TXN,182.6,179.7,178.98
2025-12-04,TXN,180.12,179.7,178.98
2025-12-05,TXN,182.54,179.7,178.98
2025-12-01,TXT,82.0,98.46,96.2
2025-12-02,TXT,82.43,98.46,96.2
2025-12-03,TXT,83.7,98.46,96.2
2025-12-04,TXT,83.14,98.46,96.2
2025-12-05,TXT,83.47,98.46,96.2
2025-12-01,TYL,465.55,484.41,525.18
2025-12-02,TYL,461.53,484.41,525.18
2025-12-03,TYL,461.84,484.41,525.18
2025-12-04,TYL,466.63,484.41,525.18
2025-12-05,TYL,469.33,484.41,525.18
2025-12-01,TYX,4.74399995803833,4.79,4.82
2025-12-02,TYX,4.74100017547607,4.79,4.82
2025-12-03,TYX,4.72499990463256,4.79,4.82
2025-12-04,TYX,4.76500034332275,4.79,4.82
2025-12-05,TYX,4.79199981689453,4.79,4.82
2025-12-01,UAL,101.12,107.14,117.25
2025-12-02,UAL,104.38,107.14,117.25
2025-12-03,UAL,108.48,107.14,117.25
2025-12-04,UAL,104.73,107.14,117.25
2025-12-05,UAL,104.95,107.14,117.25
2025-12-01,UBER,86.57,105.89,110.94
2025-12-02,UBER,87.57,105.89,110.94
2025-12-03,UBER,90.68,105.89,110.94
2025-12-04,UBER,90.99,105.89,110.94
2025-12-05,UBER,91.32,105.89,110.94
2025-12-01,UDR,36.09,37.08,37.8
2025-12-02,UDR,36.29,37.08,37.8
2025-12-03,UDR,35.75,37.08,37.8
2025-12-04,UDR,35.22,37.08,37.8
2025-12-05,UDR,35.2,37.08,37.8
2025-12-01,UHS,239.43,256.29,254.38
2025-12-02,UHS,238.68,256.29,254.38
2025-12-03,UHS,230.15,256.29,254.38
2025-12-04,UHS,230.59,256.29,254.38
2025-12-05,UHS,231.08,256.29,254.38
2025-12-01,ULTA,547.64,715.97,703.17
2025-12-02,ULTA,548.05,715.97,703.17
2025-12-03,ULTA,544.52,715.97,703.17
2025-12-04,ULTA,533.95,715.97,703.17
2025-12-05,ULTA,601.5,715.97,703.17
2025-12-01,UNG,15.21,19.4,17.57
2025-12-02,UNG,14.96,19.4,17.57
2025-12-03,UNG,15.47,19.4,17.57
2025-12-04,UNG,15.66,19.4,17.57
2025-12-05,UNG,16.37,19.4,17.57
2025-12-01,UNH,323.21,410.07,368.58
2025-12-02,UNH,324.54,410.07,368.58
2025-12-03,UNH,339.71,410.07,368.58
2025-12-04,UNH,333.49,410.07,368.58
2025-12-05,UNH,330.91,410.07,368.58
2025-12-01,UNP,231.36,237.11,231.37
2025-12-02,UNP,232.24,237.11,231.37
2025-12-03,UNP,235.23,237.11,231.37
2025-12-04,UNP,237.29,237.11,231.37
2025-12-05,UNP,235.31,237.11,231.37
2025-12-01,UPS,95.22,107.89,97.97
2025-12-02,UPS,95.58,107.89,97.97
2025-12-03,UPS,98.21,107.89,97.97
2025-12-04,UPS,94.76,107.89,97.97
2025-12-05,UPS,94.87,107.89,97.97
2025-12-01,URA,44.2,58.61,58.15
2025-12-02,URA,45.26,58.61,58.15
2025-12-03,URA,46.62,58.61,58.15
2025-12-04,URA,49.2,58.61,58.15
2025-12-05,URA,47.92,58.61,58.15
2025-12-01,URI,805.24,1051.92,1129.45
2025-12-02,URI,800.83,1051.92,1129.45
2025-12-03,URI,813.66,1051.92,1129.45
2025-12-04,URI,807.74,1051.92,1129.45
2025-12-05,URI,796.91,1051.92,1129.45
2025-12-01,URNM,54.76,64.24,61.14
2025-12-02,URNM,55.99,64.24,61.14
2025-12-03,URNM,57.73,64.24,61.14
2025-12-04,URNM,60.12,64.24,61.14
2025-12-05,URNM,58.61,64.24,61.14
2025-12-01,USB,49.41,53.38,53.89
2025-12-02,USB,49.68,53.38,53.89
2025-12-03,USB,50.93,53.38,53.89
2025-12-04,USB,51.37,53.38,53.89
2025-12-05,USB,51.26,53.38,53.89
2025-12-01,USO,71.06,71.63,72.62
2025-12-02,USO,70.2,71.63,72.62
2025-12-03,USO,70.66,71.63,72.62
2025-12-04,USO,71.39,71.63,72.62
2025-12-05,USO,71.92,71.63,72.62
2025-12-01,UUP,28.2,28.07,27.92
2025-12-02,UUP,28.19,28.07,27.92
2025-12-03,UUP,28.05,28.07,27.92
2025-12-04,UUP,28.11,28.07,27.92
2025-12-05,UUP,28.08,28.07,27.92
2025-12-01,V,330.39,332.51,346.07
2025-12-02,V,329.62,332.51,346.07
2025-12-03,V,329.61,332.51,346.07
2025-12-04,V,327.1,332.51,346.07
2025-12-05,V,331.24,332.51,346.07
2025-12-01,VAL,57.59,63.69,58.74
2025-12-02,VAL,56.91,63.69,58.74
2025-12-03,VAL,60.42,63.69,58.74
2025-12-04,VAL,59.6,63.69,58.74
2025-12-05,VAL,59.93,63.69,58.74
2025-12-01,VICI,28.59,28.75,29.96
2025-12-02,VICI,28.45,28.75,29.96
2025-12-03,VICI,28.3,28.75,29.96
2025-12-04,VICI,28.0,28.75,29.96
2025-12-05,VICI,27.73,28.75,29.96
2025-12-01,VIX,17.24,20.46,26.34
2025-12-02,VIX,16.59,20.46,26.34
2025-12-03,VIX,16.08,20.46,26.34
2025-12-04,VIX,15.78,20.46,26.34
2025-12-05,VIX,15.41,20.46,26.34
2025-12-01,VLO,180.54,201.71,195.48
2025-12-02,VLO,178.53,201.71,195.48
2025-12-03,VLO,177.05,201.71,195.48
2025-12-04,VLO,174.95,201.71,195.48
2025-12-05,VLO,174.14,201.71,195.48
2025-12-01,VLTO,100.97,107.18,110.58
2025-12-02,VLTO,101.8,107.18,110.58
2025-12-03,VLTO,102.18,107.18,110.58
2025-12-04,VLTO,102.89,107.18,110.58
2025-12-05,VLTO,102.16,107.18,110.58
2025-12-01,VMC,291.85,293.98,301.59
2025-12-02,VMC,289.84,293.98,301.59
2025-12-03,VMC,292.59,293.98,301.59
2025-12-04,VMC,293.65,293.98,301.59
2025-12-05,VMC,294.87,293.98,301.59
2025-12-01,VNM,18.38,19.62,20.09
2025-12-02,VNM,18.65,19.62,20.09
2025-12-03,VNM,18.69,19.62,20.09
2025-12-04,VNM,18.59,19.62,20.09
2025-12-05,VNM,18.65,19.62,20.09
2025-12-01,VRSK,224.01,222.59,235.65
2025-12-02,VRSK,224.85,222.59,235.65
2025-12-03,VRSK,224.48,222.59,235.65
2025-12-04,VRSK,222.09,222.59,235.65
2025-12-05,VRSK,221.24,222.59,235.65
2025-12-01,VRSN,251.02,241.74,260.04
2025-12-02,VRSN,253.67,241.74,260.04
2025-12-03,VRSN,249.94,241.74,260.04
2025-12-04,VRSN,248.64,241.74,260.04
2025-12-05,VRSN,249.54,241.74,260.04
2025-12-01,VRTX,425.6,494.29,474.86
2025-12-02,VRTX,433.15,494.29,474.86
2025-12-03,VRTX,463.13,494.29,474.86
2025-12-04,VRTX,457.36,494.29,474.86
2025-12-05,VRTX,455.48,494.29,474.86
2025-12-01,VST,173.64,193.59,243.78
2025-12-02,VST,172.55,193.59,243.78
2025-12-03,VST,171.65,193.59,243.78
2025-12-04,VST,176.07,193.59,243.78
2025-12-05,VST,167.17,193.59,243.78
2025-12-01,VTR,80.39,93.0,97.46
2025-12-02,VTR,80.08,93.0,97.46
2025-12-03,VTR,80.0,93.0,97.46
2025-12-04,VTR,80.45,93.0,97.46
2025-12-05,VTR,80.61,93.0,97.46
2025-12-01,VTRS,10.7,11.05,11.06
2025-12-02,VTRS,10.71,11.05,11.06
2025-12-03,VTRS,10.84,11.05,11.06
2025-12-04,VTRS,10.76,11.05,11.06
2025-12-05,VTRS,10.93,11.05,11.06
2025-12-01,VXN,22.0599994659423,19.71,22.56
2025-12-02,VXN,21.2800006866455,19.71,22.56
2025-12-03,VXN,20.6499996185302,19.71,22.56
2025-12-04,VXN,20.1900005340576,19.71,22.56
2025-12-05,VXN,19.6200008392334,19.71,22.56
2025-12-01,VZ,40.74,42.36,44.58
2025-12-02,VZ,40.61,42.36,44.58
2025-12-03,VZ,40.67,42.36,44.58
2025-12-04,VZ,41.26,42.36,44.58
2025-12-05,VZ,41.69,42.36,44.58
2025-12-01,WAB,208.65,237.77,246.29
2025-12-02,WAB,208.38,237.77,246.29
2025-12-03,WAB,213.45,237.77,246.29
2025-12-04,WAB,214.04,237.77,246.29
2025-12-05,WAB,214.95,237.77,246.29
2025-12-01,WAT,397.79,543.19,527.19
2025-12-02,WAT,398.62,543.19,527.19
2025-12-03,WAT,397.62,543.19,527.19
2025-12-04,WAT,396.37,543.19,527.19
2025-12-05,WAT,394.81,543.19,527.19
2025-12-01,WBD,23.87,33.02,29.62
2025-12-02,WBD,24.53,33.02,29.62
2025-12-03,WBD,24.57,33.02,29.62
2025-12-04,WBD,24.54,33.02,29.62
2025-12-05,WBD,26.08,33.02,29.62
2025-12-01,WDAY,213.35,226.54,221.83
2025-12-02,WDAY,213.06,226.54,221.83
2025-12-03,WDAY,214.84,226.54,221.83
2025-12-04,WDAY,216.62,226.54,221.83
2025-12-05,WDAY,219.96,226.54,221.83
2025-12-01,WDC,163.54,206.69,210.51
2025-12-02,WDC,159.99,206.69,210.51
2025-12-03,WDC,155.59,206.69,210.51
2025-12-04,WDC,161.0,206.69,210.51
2025-12-05,WDC,168.89,206.69,210.51
2025-12-01,WEAT,20.74,22.33,21.96
2025-12-02,WEAT,20.91,22.33,21.96
2025-12-03,WEAT,20.85,22.33,21.96
2025-12-04,WEAT,20.87,22.33,21.96
2025-12-05,WEAT,20.7,22.33,21.96
2025-12-01,WEC,109.34,109.64,113.9
2025-12-02,WEC,108.09,109.64,113.9
2025-12-03,WEC,107.29,109.64,113.9
2025-12-04,WEC,106.28,109.64,113.9
2025-12-05,WEC,105.71,109.64,113.9
2025-12-01,WELL,203.9,240.64,257.76
2025-12-02,WELL,203.2,240.64,257.76
2025-12-03,WELL,201.92,240.64,257.76
2025-12-04,WELL,203.87,240.64,257.76
2025-12-05,WELL,204.31,240.64,257.76
2025-12-01,WFC,85.4,97.84,102.09
2025-12-02,WFC,86.32,97.84,102.09
2025-12-03,WFC,89.35,97.84,102.09
2025-12-04,WFC,90.21,97.84,102.09
2025-12-05,WFC,89.83,97.84,102.09
2025-12-01,WM,215.93,227.66,233.6
2025-12-02,WM,214.54,227.66,233.6
2025-12-03,WM,216.15,227.66,233.6
2025-12-04,WM,214.19,227.66,233.6
2025-12-05,WM,213.58,227.66,233.6
2025-12-01,WMB,61.44,69.77,75.36
2025-12-02,WMB,60.21,69.77,75.36
2025-12-03,WMB,61.55,69.77,75.36
2025-12-04,WMB,63.66,69.77,75.36
2025-12-05,WMB,62.81,69.77,75.36
2025-12-01,WMT,111.53,120.67,126.98
2025-12-02,WMT,112.41,120.67,126.98
2025-12-03,WMT,114.41,120.67,126.98
2025-12-04,WMT,114.84,120.67,126.98
2025-12-05,WMT,115.11,120.67,126.98
2025-12-01,WRB,72.98,94.55,105.46
2025-12-02,WRB,72.8,94.55,105.46
2025-12-03,WRB,71.65,94.55,105.46
2025-12-04,WRB,70.87,94.55,105.46
2025-12-05,WRB,66.72,94.55,105.46
2025-12-01,WSM,182.44,182.32,198.23
2025-12-02,WSM,178.06,182.32,198.23
2025-12-03,WSM,178.34,182.32,198.23
2025-12-04,WSM,176.66,182.32,198.23
2025-12-05,WSM,179.36,182.32,198.23
2025-12-01,WST,274.14,296.24,278.16
2025-12-02,WST,273.03,296.24,278.16
2025-12-03,WST,284.31,296.24,278.16
2025-12-04,WST,281.77,296.24,278.16
2025-12-05,WST,280.23,296.24,278.16
2025-12-01,WTW,320.79,342.55,361.2
2025-12-02,WTW,315.69,342.55,361.2
2025-12-03,WTW,316.53,342.55,361.2
2025-12-04,WTW,320.0,342.55,361.2
2025-12-05,WTW,320.7,342.55,361.2
2025-12-01,WY,22.12,25.63,24.83
2025-12-02,WY,21.89,25.63,24.83
2025-12-03,WY,21.87,25.63,24.83
2025-12-04,WY,21.4,25.63,24.83
2025-12-05,WY,21.69,25.63,24.83
2025-12-01,WYNN,132.77,174.89,174.96
2025-12-02,WYNN,133.09,174.89,174.96
2025-12-03,WYNN,131.53,174.89,174.96
2025-12-04,WYNN,125.72,174.89,174.96
2025-12-05,WYNN,125.51,174.89,174.96
2025-12-01,XEL,79.73,83.23,84.13
2025-12-02,XEL,79.04,83.23,84.13
2025-12-03,XEL,78.39,83.23,84.13
2025-12-04,XEL,77.77,83.23,84.13
2025-12-05,XEL,77.18,83.23,84.13
2025-12-01,XES,82.139,89.65,83.61
2025-12-02,XES,82.31,89.65,83.61
2025-12-03,XES,86.31,89.65,83.61
2025-12-04,XES,87.19,89.65,83.61
2025-12-05,XES,86.67,89.65,83.61
2025-12-01,XLB,44.59,46.18,45.74
2025-12-02,XLB,44.185,46.18,45.74
2025-12-03,XLB,44.495,46.18,45.74
2025-12-04,XLB,44.235,46.18,45.74
2025-12-05,XLB,44.09,46.18,45.74
2025-12-01,XLC,114.85,132.99,139.88
2025-12-02,XLC,115.23,132.99,139.88
2025-12-03,XLC,115.13,132.99,139.88
2025-12-04,XLC,115.79,132.99,139.88
2025-12-05,XLC,117.13,132.99,139.88
2025-12-01,XLE,45.66,47.92,47.41
2025-12-02,XLE,45.07,47.92,47.41
2025-12-03,XLE,45.915,47.92,47.41
2025-12-04,XLE,46.11,47.92,47.41
2025-12-05,XLE,45.92,47.92,47.41
2025-12-01,XLF,52.89,62.09,63.88
2025-12-02,XLF,52.84,62.09,63.88
2025-12-03,XLF,53.55,62.09,63.88
2025-12-04,XLF,53.66,62.09,63.88
2025-12-05,XLF,53.68,62.09,63.88
2025-12-01,XLI,151.44,170.02,174.28
2025-12-02,XLI,152.76,170.02,174.28
2025-12-03,XLI,154.21,170.02,174.28
2025-12-04,XLI,155.01,170.02,174.28
2025-12-05,XLI,154.58,170.02,174.28
2025-12-01,XLK,143.175,148.56,150.09
2025-12-02,XLK,144.65,148.56,150.09
2025-12-03,XLK,144.995,148.56,150.09
2025-12-04,XLK,145.535,148.56,150.09
2025-12-05,XLK,146.6,148.56,150.09
2025-12-01,XLP,79.29,77.53,79.31
2025-12-02,XLP,78.77,77.53,79.31
2025-12-03,XLP,78.83,77.53,79.31
2025-12-04,XLP,78.45,77.53,79.31
2025-12-05,XLP,78.46,77.53,79.31
2025-12-01,XLRE,41.09,47.92,48.33
2025-12-02,XLRE,40.99,47.92,48.33
2025-12-03,XLRE,41.07,47.92,48.33
2025-12-04,XLRE,41.0,47.92,48.33
2025-12-05,XLRE,40.99,47.92,48.33
2025-12-01,XLU,44.255,47.4,48.63
2025-12-02,XLU,43.94,47.4,48.63
2025-12-03,XLU,43.8,47.4,48.63
2025-12-04,XLU,43.71,47.4,48.63
2025-12-05,XLU,43.3,47.4,48.63
2025-12-01,XLV,155.29,165.99,161.72
2025-12-02,XLV,154.36,165.99,161.72
2025-12-03,XLV,155.08,165.99,161.72
2025-12-04,XLV,153.9,165.99,161.72
2025-12-05,XLV,153.26,165.99,161.72
2025-12-01,XLY,118.3,129.31,131.62
2025-12-02,XLY,118.22,129.31,131.62
2025-12-03,XLY,119.495,129.31,131.62
2025-12-04,XLY,119.07,129.31,131.62
2025-12-05,XLY,119.73,129.31,131.62
2025-12-01,XOM,116.63,173.68,173.63
2025-12-02,XOM,115.38,173.68,173.63
2025-12-03,XOM,117.8,173.68,173.63
2025-12-04,XOM,117.14,173.68,173.63
2025-12-05,XOM,116.54,173.68,173.63
2025-12-01,XOP,135.08,144.19,137.68
2025-12-02,XOP,133.05,144.19,137.68
2025-12-03,XOP,136.48,144.19,137.68
2025-12-04,XOP,136.48,144.19,137.68
2025-12-05,XOP,136.69,144.19,137.68
2025-12-01,XYL,139.41,148.2,151.39
2025-12-02,XYL,139.42,148.2,151.39
2025-12-03,XYL,140.89,148.2,151.39
2025-12-04,XYL,140.87,148.2,151.39
2025-12-05,XYL,139.01,148.2,151.39
2025-12-01,XYZ,64.35,62.02,64.74
2025-12-02,XYZ,60.11,62.02,64.74
2025-12-03,XYZ,61.11,62.02,64.74
2025-12-04,XYZ,62.19,62.02,64.74
2025-12-05,XYZ,61.11,62.02,64.74
2025-12-01,YUM,150.64,149.36,150.49
2025-12-02,YUM,147.62,149.36,150.49
2025-12-03,YUM,148.52,149.36,150.49
2025-12-04,YUM,145.86,149.36,150.49
2025-12-05,YUM,144.96,149.36,150.49
2025-12-01,ZBH,94.76,95.02,96.16
2025-12-02,ZBH,94.14,95.02,96.16
2025-12-03,ZBH,93.1,95.02,96.16
2025-12-04,ZBH,93.16,95.02,96.16
2025-12-05,ZBH,94.28,95.02,96.16
2025-12-01,ZBRA,251.29,287.46,287.31
2025-12-02,ZBRA,253.37,287.46,287.31
2025-12-03,ZBRA,259.34,287.46,287.31
2025-12-04,ZBRA,263.05,287.46,287.31
2025-12-05,ZBRA,264.81,287.46,287.31
2025-12-01,ZTS,127.25,121.16,117.83
2025-12-02,ZTS,124.44,121.16,117.83
2025-12-03,ZTS,122.57,121.16,117.83
2025-12-04,ZTS,120.41,121.16,117.83
2025-12-05,ZTS,118.65,121.16,117.83
