Date,Ticker,daily_range,daily_range_avg,daily_range_hi,daily_range_lo
2025-12-01,A,4.8,3.9,5.3,2.5
2025-12-02,A,2.7,3.9,5.3,2.5
2025-12-03,A,2.3,3.9,5.3,2.5
2025-12-04,A,5.6,3.9,5.3,2.5
2025-12-05,A,4.2,3.9,5.3,2.5
2025-12-01,AAPL,7.3,5.3,6.9,3.8
2025-12-02,AAPL,4.8,5.3,6.9,3.8
2025-12-03,AAPL,5.3,5.3,6.9,3.8
2025-12-04,AAPL,6.1,5.3,6.9,3.8
2025-12-05,AAPL,3.1,5.3,6.9,3.8
2025-12-01,ABBV,5.5,4.6,5.8,3.3
2025-12-02,ABBV,3.5,4.6,5.8,3.3
2025-12-03,ABBV,6.3,4.6,5.8,3.3
2025-12-04,ABBV,3.4,4.6,5.8,3.3
2025-12-05,ABBV,4.2,4.6,5.8,3.3
2025-12-01,ABNB,4.0,3.2,4.2,2.2
2025-12-02,ABNB,2.7,3.2,4.2,2.2
2025-12-03,ABNB,3.1,3.2,4.2,2.2
2025-12-04,ABNB,1.8,3.2,4.2,2.2
2025-12-05,ABNB,4.4,3.2,4.2,2.2
2025-12-01,ABT,1.9,2.1,2.9,1.3
2025-12-02,ABT,3.4,2.1,2.9,1.3
2025-12-03,ABT,2.4,2.1,2.9,1.3
2025-12-04,ABT,1.5,2.1,2.9,1.3
2025-12-05,ABT,1.4,2.1,2.9,1.3
2025-12-01,ACGL,1.9,1.5,1.8,1.2
2025-12-02,ACGL,1.5,1.5,1.8,1.2
2025-12-03,ACGL,1.7,1.5,1.8,1.2
2025-12-04,ACGL,1.5,1.5,1.8,1.2
2025-12-05,ACGL,1.0,1.5,1.8,1.2
2025-12-01,ACN,7.9,8.5,11.8,5.2
2025-12-02,ACN,6.0,8.5,11.8,5.2
2025-12-03,ACN,12.3,8.5,11.8,5.2
2025-12-04,ACN,11.5,8.5,11.8,5.2
2025-12-05,ACN,4.9,8.5,11.8,5.2
2025-12-01,ADBE,10.0,10.0,15.2,4.8
2025-12-02,ADBE,7.9,10.0,15.2,4.8
2025-12-03,ADBE,6.4,10.0,15.2,4.8
2025-12-04,ADBE,6.8,10.0,15.2,4.8
2025-12-05,ADBE,18.9,10.0,15.2,4.8
2025-12-01,ADI,6.5,6.0,7.8,4.1
2025-12-02,ADI,8.1,6.0,7.8,4.1
2025-12-03,ADI,7.2,6.0,7.8,4.1
2025-12-04,ADI,4.0,6.0,7.8,4.1
2025-12-05,ADI,4.1,6.0,7.8,4.1
2025-12-01,ADM,0.9,1.2,1.8,0.5
2025-12-02,ADM,0.7,1.2,1.8,0.5
2025-12-03,ADM,1.5,1.2,1.8,0.5
2025-12-04,ADM,2.1,1.2,1.8,0.5
2025-12-05,ADM,0.6,1.2,1.8,0.5
2025-12-01,ADP,4.7,4.0,4.4,3.5
2025-12-02,ADP,3.7,4.0,4.4,3.5
2025-12-03,ADP,4.0,4.0,4.4,3.5
2025-12-04,ADP,4.0,4.0,4.4,3.5
2025-12-05,ADP,3.4,4.0,4.4,3.5
2025-12-01,ADSK,7.1,5.8,7.2,4.3
2025-12-02,ADSK,5.5,5.8,7.2,4.3
2025-12-03,ADSK,7.1,5.8,7.2,4.3
2025-12-04,ADSK,5.5,5.8,7.2,4.3
2025-12-05,ADSK,3.5,5.8,7.2,4.3
2025-12-01,AEE,3.2,1.9,2.7,1.1
2025-12-02,AEE,1.9,1.9,2.7,1.1
2025-12-03,AEE,1.7,1.9,2.7,1.1
2025-12-04,AEE,1.2,1.9,2.7,1.1
2025-12-05,AEE,1.4,1.9,2.7,1.1
2025-12-01,AEP,2.9,2.1,2.7,1.5
2025-12-02,AEP,2.6,2.1,2.7,1.5
2025-12-03,AEP,2.0,2.1,2.7,1.5
2025-12-04,AEP,1.8,2.1,2.7,1.5
2025-12-05,AEP,1.3,2.1,2.7,1.5
2025-12-01,AES,0.2,0.3,0.4,0.2
2025-12-02,AES,0.2,0.3,0.4,0.2
2025-12-03,AES,0.4,0.3,0.4,0.2
2025-12-04,AES,0.3,0.3,0.4,0.2
2025-12-05,AES,0.3,0.3,0.4,0.2
2025-12-01,AFL,1.6,1.2,1.5,1.0
2025-12-02,AFL,1.2,1.2,1.5,1.0
2025-12-03,AFL,1.2,1.2,1.5,1.0
2025-12-04,AFL,1.1,1.2,1.5,1.0
2025-12-05,AFL,1.0,1.2,1.5,1.0
2025-12-01,AIG,1.4,1.2,1.5,1.0
2025-12-02,AIG,1.1,1.2,1.5,1.0
2025-12-03,AIG,1.4,1.2,1.5,1.0
2025-12-04,AIG,1.3,1.2,1.5,1.0
2025-12-05,AIG,0.8,1.2,1.5,1.0
2025-12-01,AIZ,3.5,3.8,4.1,3.4
2025-12-02,AIZ,3.8,3.8,4.1,3.4
2025-12-03,AIZ,3.5,3.8,4.1,3.4
2025-12-04,AIZ,4.3,3.8,4.1,3.4
2025-12-05,AIZ,3.8,3.8,4.1,3.4
2025-12-01,AJG,3.4,4.0,5.3,2.6
2025-12-02,AJG,3.4,4.0,5.3,2.6
2025-12-03,AJG,3.6,4.0,5.3,2.6
2025-12-04,AJG,3.0,4.0,5.3,2.6
2025-12-05,AJG,6.4,4.0,5.3,2.6
2025-12-01,AKAM,1.9,2.4,3.5,1.3
2025-12-02,AKAM,2.1,2.4,3.5,1.3
2025-12-03,AKAM,1.8,2.4,3.5,1.3
2025-12-04,AKAM,1.8,2.4,3.5,1.3
2025-12-05,AKAM,4.3,2.4,3.5,1.3
2025-12-01,ALB,4.8,5.5,8.0,3.1
2025-12-02,ALB,3.1,5.5,8.0,3.1
2025-12-03,ALB,3.6,5.5,8.0,3.1
2025-12-04,ALB,8.9,5.5,8.0,3.1
2025-12-05,ALB,7.2,5.5,8.0,3.1
2025-12-01,ALGN,4.5,4.8,5.8,3.8
2025-12-02,ALGN,5.9,4.8,5.8,3.8
2025-12-03,ALGN,5.7,4.8,5.8,3.8
2025-12-04,ALGN,3.8,4.8,5.8,3.8
2025-12-05,ALGN,4.1,4.8,5.8,3.8
2025-12-01,ALL,3.7,3.7,4.8,2.6
2025-12-02,ALL,1.9,3.7,4.8,2.6
2025-12-03,ALL,4.2,3.7,4.8,2.6
2025-12-04,ALL,4.2,3.7,4.8,2.6
2025-12-05,ALL,4.7,3.7,4.8,2.6
2025-12-01,ALLE,3.7,3.4,4.4,2.5
2025-12-02,ALLE,3.0,3.4,4.4,2.5
2025-12-03,ALLE,2.0,3.4,4.4,2.5
2025-12-04,ALLE,4.2,3.4,4.4,2.5
2025-12-05,ALLE,4.3,3.4,4.4,2.5
2025-12-01,AMAT,7.3,8.2,10.4,6.1
2025-12-02,AMAT,11.4,8.2,10.4,6.1
2025-12-03,AMAT,9.4,8.2,10.4,6.1
2025-12-04,AMAT,6.8,8.2,10.4,6.1
2025-12-05,AMAT,6.2,8.2,10.4,6.1
2025-12-01,AMCR,0.1,0.1,0.2,0.0
2025-12-02,AMCR,0.3,0.1,0.2,0.0
2025-12-03,AMCR,0.1,0.1,0.2,0.0
2025-12-04,AMCR,0.2,0.1,0.2,0.0
2025-12-05,AMCR,0.1,0.1,0.2,0.0
2025-12-01,AMD,7.5,7.6,10.0,5.1
2025-12-02,AMD,11.6,7.6,10.0,5.1
2025-12-03,AMD,6.4,7.6,10.0,5.1
2025-12-04,AMD,5.0,7.6,10.0,5.1
2025-12-05,AMD,7.4,7.6,10.0,5.1
2025-12-01,AME,2.7,3.0,3.4,2.6
2025-12-02,AME,3.0,3.0,3.4,2.6
2025-12-03,AME,3.7,3.0,3.4,2.6
2025-12-04,AME,2.5,3.0,3.4,2.6
2025-12-05,AME,3.1,3.0,3.4,2.6
2025-12-01,AMGN,7.7,8.2,10.6,5.9
2025-12-02,AMGN,6.2,8.2,10.6,5.9
2025-12-03,AMGN,7.5,8.2,10.6,5.9
2025-12-04,AMGN,7.4,8.2,10.6,5.9
2025-12-05,AMGN,12.3,8.2,10.6,5.9
2025-12-01,AMP,12.6,10.1,12.9,7.3
2025-12-02,AMP,7.9,10.1,12.9,7.3
2025-12-03,AMP,13.6,10.1,12.9,7.3
2025-12-04,AMP,7.5,10.1,12.9,7.3
2025-12-05,AMP,9.0,10.1,12.9,7.3
2025-12-01,AMT,4.2,3.0,3.9,2.2
2025-12-02,AMT,2.5,3.0,3.9,2.2
2025-12-03,AMT,2.4,3.0,3.9,2.2
2025-12-04,AMT,3.7,3.0,3.9,2.2
2025-12-05,AMT,2.3,3.0,3.9,2.2
2025-12-01,AMZN,3.6,4.2,6.0,2.5
2025-12-02,AMZN,5.4,4.2,6.0,2.5
2025-12-03,AMZN,2.8,4.2,6.0,2.5
2025-12-04,AMZN,6.7,4.2,6.0,2.5
2025-12-05,AMZN,2.7,4.2,6.0,2.5
2025-12-01,ANET,3.4,3.9,4.8,3.1
2025-12-02,ANET,4.8,3.9,4.8,3.1
2025-12-03,ANET,4.8,3.9,4.8,3.1
2025-12-04,ANET,4.0,3.9,4.8,3.1
2025-12-05,ANET,2.8,3.9,4.8,3.1
2025-12-01,AON,5.1,5.5,6.9,4.1
2025-12-02,AON,6.1,5.5,6.9,4.1
2025-12-03,AON,5.4,5.5,6.9,4.1
2025-12-04,AON,3.5,5.5,6.9,4.1
2025-12-05,AON,7.4,5.5,6.9,4.1
2025-12-01,AOS,1.4,1.5,1.9,1.1
2025-12-02,AOS,1.1,1.5,1.9,1.1
2025-12-03,AOS,1.7,1.5,1.9,1.1
2025-12-04,AOS,2.1,1.5,1.9,1.1
2025-12-05,AOS,1.1,1.5,1.9,1.1
2025-12-01,APA,1.1,0.9,1.2,0.7
2025-12-02,APA,0.8,0.9,1.2,0.7
2025-12-03,APA,1.3,0.9,1.2,0.7
2025-12-04,APA,0.6,0.9,1.2,0.7
2025-12-05,APA,1.0,0.9,1.2,0.7
2025-12-01,APD,3.6,4.4,5.1,3.7
2025-12-02,APD,4.9,4.4,5.1,3.7
2025-12-03,APD,3.9,4.4,5.1,3.7
2025-12-04,APD,4.5,4.4,5.1,3.7
2025-12-05,APD,5.2,4.4,5.1,3.7
2025-12-01,APH,2.8,2.9,3.4,2.5
2025-12-02,APH,2.6,2.9,3.4,2.5
2025-12-03,APH,3.8,2.9,3.4,2.5
2025-12-04,APH,2.7,2.9,3.4,2.5
2025-12-05,APH,3.0,2.9,3.4,2.5
2025-12-01,APO,3.3,3.1,3.9,2.3
2025-12-02,APO,2.5,3.1,3.9,2.3
2025-12-03,APO,4.5,3.1,3.9,2.3
2025-12-04,APO,2.8,3.1,3.9,2.3
2025-12-05,APO,2.7,3.1,3.9,2.3
2025-12-01,APP,48.7,34.6,47.7,21.4
2025-12-02,APP,48.5,34.6,47.7,21.4
2025-12-03,APP,22.1,34.6,47.7,21.4
2025-12-04,APP,30.0,34.6,47.7,21.4
2025-12-05,APP,23.6,34.6,47.7,21.4
2025-12-01,APTV,1.5,1.6,2.3,1.0
2025-12-02,APTV,1.1,1.6,2.3,1.0
2025-12-03,APTV,1.3,1.6,2.3,1.0
2025-12-04,APTV,2.8,1.6,2.3,1.0
2025-12-05,APTV,1.4,1.6,2.3,1.0
2025-12-01,ARE,1.2,2.3,3.8,0.7
2025-12-02,ARE,1.2,2.3,3.8,0.7
2025-12-03,ARE,5.0,2.3,3.8,0.7
2025-12-04,ARE,1.9,2.3,3.8,0.7
2025-12-05,ARE,2.0,2.3,3.8,0.7
2025-12-01,ASC,0.3,0.3,0.4,0.2
2025-12-02,ASC,0.4,0.3,0.4,0.2
2025-12-03,ASC,0.2,0.3,0.4,0.2
2025-12-04,ASC,0.3,0.3,0.4,0.2
2025-12-05,ASC,0.3,0.3,0.4,0.2
2025-12-01,ATO,4.7,2.6,3.9,1.4
2025-12-02,ATO,2.9,2.6,3.9,1.4
2025-12-03,ATO,2.1,2.6,3.9,1.4
2025-12-04,ATO,1.7,2.6,3.9,1.4
2025-12-05,ATO,1.9,2.6,3.9,1.4
2025-12-01,AVB,2.9,2.9,3.3,2.5
2025-12-02,AVB,3.5,2.9,3.3,2.5
2025-12-03,AVB,2.3,2.9,3.3,2.5
2025-12-04,AVB,2.9,2.9,3.3,2.5
2025-12-05,AVB,2.8,2.9,3.3,2.5
2025-12-01,AVGO,10.3,10.3,12.8,7.7
2025-12-02,AVGO,13.7,10.3,12.8,7.7
2025-12-03,AVGO,11.7,10.3,12.8,7.7
2025-12-04,AVGO,7.4,10.3,12.8,7.7
2025-12-05,AVGO,8.4,10.3,12.8,7.7
2025-12-01,AVY,3.6,4.1,5.3,2.9
2025-12-02,AVY,2.3,4.1,5.3,2.9
2025-12-03,AVY,4.8,4.1,5.3,2.9
2025-12-04,AVY,4.7,4.1,5.3,2.9
2025-12-05,AVY,5.3,4.1,5.3,2.9
2025-12-01,AWK,2.9,3.1,3.7,2.4
2025-12-02,AWK,3.9,3.1,3.7,2.4
2025-12-03,AWK,2.8,3.1,3.7,2.4
2025-12-04,AWK,3.5,3.1,3.7,2.4
2025-12-05,AWK,2.2,3.1,3.7,2.4
2025-12-01,AXON,15.5,12.6,14.7,10.4
2025-12-02,AXON,9.9,12.6,14.7,10.4
2025-12-03,AXON,13.6,12.6,14.7,10.4
2025-12-04,AXON,12.8,12.6,14.7,10.4
2025-12-05,AXON,11.2,12.6,14.7,10.4
2025-12-01,AXP,6.4,6.6,8.3,4.9
2025-12-02,AXP,6.3,6.6,8.3,4.9
2025-12-03,AXP,9.4,6.6,8.3,4.9
2025-12-04,AXP,4.9,6.6,8.3,4.9
2025-12-05,AXP,5.8,6.6,8.3,4.9
2025-12-01,AZO,53.4,79.5,114.9,44.1
2025-12-02,AZO,138.1,79.5,114.9,44.1
2025-12-03,AZO,63.8,79.5,114.9,44.1
2025-12-04,AZO,55.1,79.5,114.9,44.1
2025-12-05,AZO,86.9,79.5,114.9,44.1
2025-12-01,BA,3.5,5.8,9.2,2.4
2025-12-02,BA,10.3,5.8,9.2,2.4
2025-12-03,BA,8.5,5.8,9.2,2.4
2025-12-04,BA,4.4,5.8,9.2,2.4
2025-12-05,BA,2.4,5.8,9.2,2.4
2025-12-01,BAC,0.7,0.8,1.1,0.6
2025-12-02,BAC,0.7,0.8,1.1,0.6
2025-12-03,BAC,1.1,0.8,1.1,0.6
2025-12-04,BAC,0.7,0.8,1.1,0.6
2025-12-05,BAC,1.1,0.8,1.1,0.6
2025-12-01,BALL,0.7,0.8,1.0,0.6
2025-12-02,BALL,1.0,0.8,1.0,0.6
2025-12-03,BALL,0.8,0.8,1.0,0.6
2025-12-04,BALL,0.5,0.8,1.0,0.6
2025-12-05,BALL,1.0,0.8,1.0,0.6
2025-12-01,BAX,0.7,0.5,0.6,0.3
2025-12-02,BAX,0.4,0.5,0.6,0.3
2025-12-03,BAX,0.3,0.5,0.6,0.3
2025-12-04,BAX,0.6,0.5,0.6,0.3
2025-12-05,BAX,0.4,0.5,0.6,0.3
2025-12-01,BBY,2.3,2.1,3.0,1.2
2025-12-02,BBY,3.6,2.1,3.0,1.2
2025-12-03,BBY,1.6,2.1,3.0,1.2
2025-12-04,BBY,1.8,2.1,3.0,1.2
2025-12-05,BBY,1.3,2.1,3.0,1.2
2025-12-01,BDX,3.3,2.8,3.3,2.2
2025-12-02,BDX,3.2,2.8,3.3,2.2
2025-12-03,BDX,3.0,2.8,3.3,2.2
2025-12-04,BDX,2.0,2.8,3.3,2.2
2025-12-05,BDX,2.4,2.8,3.3,2.2
2025-12-01,BEN,0.4,0.4,0.5,0.3
2025-12-02,BEN,0.3,0.4,0.5,0.3
2025-12-03,BEN,0.6,0.4,0.5,0.3
2025-12-04,BEN,0.5,0.4,0.5,0.3
2025-12-05,BEN,0.4,0.4,0.5,0.3
2025-12-01,BF.B,1.5,1.5,2.5,0.5
2025-12-02,BF.B,0.7,1.5,2.5,0.5
2025-12-03,BF.B,0.6,1.5,2.5,0.5
2025-12-04,BF.B,3.1,1.5,2.5,0.5
2025-12-05,BF.B,1.6,1.5,2.5,0.5
2025-12-01,BG,1.9,2.1,3.0,1.2
2025-12-02,BG,1.7,2.1,3.0,1.2
2025-12-03,BG,2.2,2.1,3.0,1.2
2025-12-04,BG,3.6,2.1,3.0,1.2
2025-12-05,BG,1.2,2.1,3.0,1.2
2025-12-01,BIIB,5.9,4.5,6.2,2.8
2025-12-02,BIIB,6.0,4.5,6.2,2.8
2025-12-03,BIIB,4.9,4.5,6.2,2.8
2025-12-04,BIIB,3.4,4.5,6.2,2.8
2025-12-05,BIIB,2.1,4.5,6.2,2.8
2025-12-01,BK,1.2,1.4,1.7,1.1
2025-12-02,BK,1.2,1.4,1.7,1.1
2025-12-03,BK,1.8,1.4,1.7,1.1
2025-12-04,BK,1.2,1.4,1.7,1.1
2025-12-05,BK,1.6,1.4,1.7,1.1
2025-12-01,BKNG,61.0,140.2,229.6,50.8
2025-12-02,BKNG,273.2,140.2,229.6,50.8
2025-12-03,BKNG,125.0,140.2,229.6,50.8
2025-12-04,BKNG,61.7,140.2,229.6,50.8
2025-12-05,BKNG,180.2,140.2,229.6,50.8
2025-12-01,BKR,1.0,1.3,1.6,1.0
2025-12-02,BKR,1.5,1.3,1.6,1.0
2025-12-03,BKR,1.1,1.3,1.6,1.0
2025-12-04,BKR,1.2,1.3,1.6,1.0
2025-12-05,BKR,1.7,1.3,1.6,1.0
2025-12-01,BLDR,4.9,4.1,5.3,2.9
2025-12-02,BLDR,3.1,4.1,5.3,2.9
2025-12-03,BLDR,4.7,4.1,5.3,2.9
2025-12-04,BLDR,5.3,4.1,5.3,2.9
2025-12-05,BLDR,2.6,4.1,5.3,2.9
2025-12-01,BLK,15.6,20.3,35.0,5.6
2025-12-02,BLK,14.1,20.3,35.0,5.6
2025-12-03,BLK,46.4,20.3,35.0,5.6
2025-12-04,BLK,14.2,20.3,35.0,5.6
2025-12-05,BLK,11.1,20.3,35.0,5.6
2025-12-01,BMY,1.1,1.3,1.8,0.8
2025-12-02,BMY,1.0,1.3,1.8,0.8
2025-12-03,BMY,1.9,1.3,1.8,0.8
2025-12-04,BMY,1.9,1.3,1.8,0.8
2025-12-05,BMY,0.8,1.3,1.8,0.8
2025-12-01,BR,2.7,3.5,4.2,2.8
2025-12-02,BR,4.6,3.5,4.2,2.8
2025-12-03,BR,3.3,3.5,4.2,2.8
2025-12-04,BR,3.3,3.5,4.2,2.8
2025-12-05,BR,3.6,3.5,4.2,2.8
2025-12-01,BRK.B,6.3,5.7,6.2,5.1
2025-12-02,BRK.B,5.0,5.7,6.2,5.1
2025-12-03,BRK.B,6.0,5.7,6.2,5.1
2025-12-04,BRK.B,5.8,5.7,6.2,5.1
2025-12-05,BRK.B,5.2,5.7,6.2,5.1
2025-12-01,BRO,1.9,1.8,2.1,1.4
2025-12-02,BRO,2.0,1.8,2.1,1.4
2025-12-03,BRO,1.3,1.8,2.1,1.4
2025-12-04,BRO,1.4,1.8,2.1,1.4
2025-12-05,BRO,2.2,1.8,2.1,1.4
2025-12-01,BSX,1.0,1.9,2.5,1.2
2025-12-02,BSX,2.8,1.9,2.5,1.2
2025-12-03,BSX,1.7,1.9,2.5,1.2
2025-12-04,BSX,2.1,1.9,2.5,1.2
2025-12-05,BSX,1.7,1.9,2.5,1.2
2025-12-01,BTC=F,555.0,1489.0,3246.9,-268.9
2025-12-02,BTC=F,835.0,1489.0,3246.9,-268.9
2025-12-03,BTC=F,1120.0,1489.0,3246.9,-268.9
2025-12-04,BTC=F,345.0,1489.0,3246.9,-268.9
2025-12-05,BTC=F,4590.0,1489.0,3246.9,-268.9
2025-12-01,BTI,0.5,0.6,1.0,0.3
2025-12-02,BTI,0.5,0.6,1.0,0.3
2025-12-03,BTI,1.3,0.6,1.0,0.3
2025-12-04,BTI,0.4,0.6,1.0,0.3
2025-12-05,BTI,0.5,0.6,1.0,0.3
2025-12-01,BTU,1.2,1.4,1.8,1.1
2025-12-02,BTU,1.2,1.4,1.8,1.1
2025-12-03,BTU,2.1,1.4,1.8,1.1
2025-12-04,BTU,1.1,1.4,1.8,1.1
2025-12-05,BTU,1.6,1.4,1.8,1.1
2025-12-01,BX,4.7,3.6,5.1,2.1
2025-12-02,BX,1.7,3.6,5.1,2.1
2025-12-03,BX,5.4,3.6,5.1,2.1
2025-12-04,BX,2.7,3.6,5.1,2.1
2025-12-05,BX,3.5,3.6,5.1,2.1
2025-12-01,BXP,1.5,1.6,2.0,1.2
2025-12-02,BXP,1.1,1.6,2.0,1.2
2025-12-03,BXP,1.8,1.6,2.0,1.2
2025-12-04,BXP,1.4,1.6,2.0,1.2
2025-12-05,BXP,2.1,1.6,2.0,1.2
2025-12-01,C,1.9,2.2,3.2,1.2
2025-12-02,C,1.2,2.2,3.2,1.2
2025-12-03,C,3.9,2.2,3.2,1.2
2025-12-04,C,2.1,2.2,3.2,1.2
2025-12-05,C,1.9,2.2,3.2,1.2
2025-12-01,CAG,0.3,0.4,0.5,0.3
2025-12-02,CAG,0.5,0.4,0.5,0.3
2025-12-03,CAG,0.4,0.4,0.5,0.3
2025-12-04,CAG,0.4,0.4,0.5,0.3
2025-12-05,CAG,0.3,0.4,0.5,0.3
2025-12-01,CAH,5.7,4.9,7.2,2.5
2025-12-02,CAH,5.7,4.9,7.2,2.5
2025-12-03,CAH,8.0,4.9,7.2,2.5
2025-12-04,CAH,2.9,4.9,7.2,2.5
2025-12-05,CAH,2.2,4.9,7.2,2.5
2025-12-01,CALM,1.3,2.3,3.1,1.5
2025-12-02,CALM,3.0,2.3,3.1,1.5
2025-12-03,CALM,1.8,2.3,3.1,1.5
2025-12-04,CALM,3.1,2.3,3.1,1.5
2025-12-05,CALM,2.4,2.3,3.1,1.5
2025-12-01,CANE,0.2,0.1,0.2,0.0
2025-12-02,CANE,0.1,0.1,0.2,0.0
2025-12-03,CANE,0.1,0.1,0.2,0.0
2025-12-04,CANE,0.0,0.1,0.2,0.0
2025-12-05,CANE,0.1,0.1,0.2,0.0
2025-12-01,CARR,1.0,1.2,1.5,0.9
2025-12-02,CARR,1.3,1.2,1.5,0.9
2025-12-03,CARR,1.5,1.2,1.5,0.9
2025-12-04,CARR,1.5,1.2,1.5,0.9
2025-12-05,CARR,0.8,1.2,1.5,0.9
2025-12-01,CAT,8.6,16.2,25.3,7.2
2025-12-02,CAT,16.5,16.2,25.3,7.2
2025-12-03,CAT,31.0,16.2,25.3,7.2
2025-12-04,CAT,15.7,16.2,25.3,7.2
2025-12-05,CAT,9.3,16.2,25.3,7.2
2025-12-01,CB,4.7,4.0,4.5,3.5
2025-12-02,CB,4.2,4.0,4.5,3.5
2025-12-03,CB,3.6,4.0,4.5,3.5
2025-12-04,CB,4.2,4.0,4.5,3.5
2025-12-05,CB,3.4,4.0,4.5,3.5
2025-12-01,CBOE,4.8,4.3,4.8,3.8
2025-12-02,CBOE,3.7,4.3,4.8,3.8
2025-12-03,CBOE,3.9,4.3,4.8,3.8
2025-12-04,CBOE,4.6,4.3,4.8,3.8
2025-12-05,CBOE,4.5,4.3,4.8,3.8
2025-12-01,CBRE,2.3,2.8,3.7,1.9
2025-12-02,CBRE,3.8,2.8,3.7,1.9
2025-12-03,CBRE,3.7,2.8,3.7,1.9
2025-12-04,CBRE,2.4,2.8,3.7,1.9
2025-12-05,CBRE,1.9,2.8,3.7,1.9
2025-12-01,CCI,2.0,1.6,1.9,1.3
2025-12-02,CCI,1.8,1.6,1.9,1.3
2025-12-03,CCI,1.7,1.6,1.9,1.3
2025-12-04,CCI,1.4,1.6,1.9,1.3
2025-12-05,CCI,1.3,1.6,1.9,1.3
2025-12-01,CCJ,2.3,3.7,4.8,2.5
2025-12-02,CCJ,2.8,3.7,4.8,2.5
2025-12-03,CCJ,3.6,3.7,4.8,2.5
2025-12-04,CCJ,5.3,3.7,4.8,2.5
2025-12-05,CCJ,4.3,3.7,4.8,2.5
2025-12-01,CCL,0.6,0.6,0.7,0.4
2025-12-02,CCL,0.7,0.6,0.7,0.4
2025-12-03,CCL,0.6,0.6,0.7,0.4
2025-12-04,CCL,0.5,0.6,0.7,0.4
2025-12-05,CCL,0.4,0.6,0.7,0.4
2025-12-01,CDNS,6.2,9.3,16.7,1.9
2025-12-02,CDNS,7.8,9.3,16.7,1.9
2025-12-03,CDNS,22.3,9.3,16.7,1.9
2025-12-04,CDNS,5.3,9.3,16.7,1.9
2025-12-05,CDNS,4.9,9.3,16.7,1.9
2025-12-01,CDW,2.8,3.2,3.9,2.4
2025-12-02,CDW,2.9,3.2,3.9,2.4
2025-12-03,CDW,2.7,3.2,3.9,2.4
2025-12-04,CDW,3.0,3.2,3.9,2.4
2025-12-05,CDW,4.5,3.2,3.9,2.4
2025-12-01,CEG,7.3,11.2,14.6,7.9
2025-12-02,CEG,9.8,11.2,14.6,7.9
2025-12-03,CEG,10.3,11.2,14.6,7.9
2025-12-04,CEG,16.0,11.2,14.6,7.9
2025-12-05,CEG,13.0,11.2,14.6,7.9
2025-12-01,CF,2.2,1.8,2.5,1.2
2025-12-02,CF,1.8,1.8,2.5,1.2
2025-12-03,CF,1.2,1.8,2.5,1.2
2025-12-04,CF,1.3,1.8,2.5,1.2
2025-12-05,CF,2.8,1.8,2.5,1.2
2025-12-01,CFG,1.2,0.9,1.1,0.6
2025-12-02,CFG,0.8,0.9,1.1,0.6
2025-12-03,CFG,1.1,0.9,1.1,0.6
2025-12-04,CFG,0.6,0.9,1.1,0.6
2025-12-05,CFG,0.7,0.9,1.1,0.6
2025-12-01,CHD,0.9,1.2,1.5,1.0
2025-12-02,CHD,1.5,1.2,1.5,1.0
2025-12-03,CHD,1.4,1.2,1.5,1.0
2025-12-04,CHD,1.0,1.2,1.5,1.0
2025-12-05,CHD,1.4,1.2,1.5,1.0
2025-12-01,CHRW,4.4,3.1,4.2,1.9
2025-12-02,CHRW,1.9,3.1,4.2,1.9
2025-12-03,CHRW,2.7,3.1,4.2,1.9
2025-12-04,CHRW,2.2,3.1,4.2,1.9
2025-12-05,CHRW,4.2,3.1,4.2,1.9
2025-12-01,CHTR,6.6,5.9,7.4,4.4
2025-12-02,CHTR,4.3,5.9,7.4,4.4
2025-12-03,CHTR,5.7,5.9,7.4,4.4
2025-12-04,CHTR,5.0,5.9,7.4,4.4
2025-12-05,CHTR,8.1,5.9,7.4,4.4
2025-12-01,CI,5.4,5.8,7.0,4.6
2025-12-02,CI,4.8,5.8,7.0,4.6
2025-12-03,CI,7.9,5.8,7.0,4.6
2025-12-04,CI,5.6,5.8,7.0,4.6
2025-12-05,CI,5.2,5.8,7.0,4.6
2025-12-01,CINF,3.2,2.6,3.4,1.8
2025-12-02,CINF,3.3,2.6,3.4,1.8
2025-12-03,CINF,2.9,2.6,3.4,1.8
2025-12-04,CINF,1.7,2.6,3.4,1.8
2025-12-05,CINF,1.7,2.6,3.4,1.8
2025-12-01,CIVI,1.1,1.0,1.2,0.7
2025-12-02,CIVI,0.6,1.0,1.2,0.7
2025-12-03,CIVI,1.0,1.0,1.2,0.7
2025-12-04,CIVI,0.9,1.0,1.2,0.7
2025-12-05,CIVI,1.2,1.0,1.2,0.7
2025-12-01,CL,1.1,1.2,1.5,0.9
2025-12-02,CL,1.6,1.2,1.5,0.9
2025-12-03,CL,1.6,1.2,1.5,0.9
2025-12-04,CL,1.0,1.2,1.5,0.9
2025-12-05,CL,1.0,1.2,1.5,0.9
2025-12-01,CLX,1.8,2.1,2.6,1.6
2025-12-02,CLX,2.9,2.1,2.6,1.6
2025-12-03,CLX,2.2,2.1,2.6,1.6
2025-12-04,CLX,2.2,2.1,2.6,1.6
2025-12-05,CLX,1.5,2.1,2.6,1.6
2025-12-01,CMBT,0.4,0.3,0.4,0.2
2025-12-02,CMBT,0.3,0.3,0.4,0.2
2025-12-03,CMBT,0.3,0.3,0.4,0.2
2025-12-04,CMBT,0.3,0.3,0.4,0.2
2025-12-05,CMBT,0.1,0.3,0.4,0.2
2025-12-01,CMCSA,0.4,0.7,0.9,0.4
2025-12-02,CMCSA,0.9,0.7,0.9,0.4
2025-12-03,CMCSA,0.7,0.7,0.9,0.4
2025-12-04,CMCSA,0.5,0.7,0.9,0.4
2025-12-05,CMCSA,0.9,0.7,0.9,0.4
2025-12-01,CME,4.9,5.1,6.2,4.0
2025-12-02,CME,5.5,5.1,6.2,4.0
2025-12-03,CME,6.7,5.1,6.2,4.0
2025-12-04,CME,4.6,5.1,6.2,4.0
2025-12-05,CME,3.8,5.1,6.2,4.0
2025-12-01,CMG,1.1,0.7,1.0,0.5
2025-12-02,CMG,0.7,0.7,1.0,0.5
2025-12-03,CMG,0.7,0.7,1.0,0.5
2025-12-04,CMG,0.7,0.7,1.0,0.5
2025-12-05,CMG,0.5,0.7,1.0,0.5
2025-12-01,CMI,8.0,9.1,10.8,7.4
2025-12-02,CMI,8.2,9.1,10.8,7.4
2025-12-03,CMI,12.0,9.1,10.8,7.4
2025-12-04,CMI,9.4,9.1,10.8,7.4
2025-12-05,CMI,8.0,9.1,10.8,7.4
2025-12-01,CMRE,0.3,0.4,0.5,0.3
2025-12-02,CMRE,0.5,0.4,0.5,0.3
2025-12-03,CMRE,0.5,0.4,0.5,0.3
2025-12-04,CMRE,0.3,0.4,0.5,0.3
2025-12-05,CMRE,0.5,0.4,0.5,0.3
2025-12-01,CMS,2.2,1.4,1.9,0.8
2025-12-02,CMS,1.0,1.4,1.9,0.8
2025-12-03,CMS,1.3,1.4,1.9,0.8
2025-12-04,CMS,1.5,1.4,1.9,0.8
2025-12-05,CMS,0.8,1.4,1.9,0.8
2025-12-01,CNC,1.2,1.1,1.4,0.7
2025-12-02,CNC,1.6,1.1,1.4,0.7
2025-12-03,CNC,0.7,1.1,1.4,0.7
2025-12-04,CNC,0.6,1.1,1.4,0.7
2025-12-05,CNC,1.1,1.1,1.4,0.7
2025-12-01,CNP,0.8,0.7,0.9,0.4
2025-12-02,CNP,1.0,0.7,0.9,0.4
2025-12-03,CNP,0.5,0.7,0.9,0.4
2025-12-04,CNP,0.6,0.7,0.9,0.4
2025-12-05,CNP,0.4,0.7,0.9,0.4
2025-12-01,CNR,3.5,3.7,5.0,2.5
2025-12-02,CNR,3.6,3.7,5.0,2.5
2025-12-03,CNR,6.0,3.7,5.0,2.5
2025-12-04,CNR,2.9,3.7,5.0,2.5
2025-12-05,CNR,2.8,3.7,5.0,2.5
2025-12-01,COF,5.5,5.0,5.5,4.5
2025-12-02,COF,5.0,5.0,5.5,4.5
2025-12-03,COF,5.4,5.0,5.5,4.5
2025-12-04,COF,4.5,5.0,5.5,4.5
2025-12-05,COF,4.5,5.0,5.5,4.5
2025-12-01,COIN,13.7,11.7,14.0,9.4
2025-12-02,COIN,9.3,11.7,14.0,9.4
2025-12-03,COIN,13.5,11.7,14.0,9.4
2025-12-04,COIN,13.0,11.7,14.0,9.4
2025-12-05,COIN,9.0,11.7,14.0,9.4
2025-12-01,COMT,0.1,0.2,0.2,0.1
2025-12-02,COMT,0.2,0.2,0.2,0.1
2025-12-03,COMT,0.2,0.2,0.2,0.1
2025-12-04,COMT,0.2,0.2,0.2,0.1
2025-12-05,COMT,0.2,0.2,0.2,0.1
2025-12-01,COO,1.4,3.2,6.4,-0.0
2025-12-02,COO,2.4,3.2,6.4,-0.0
2025-12-03,COO,1.5,3.2,6.4,-0.0
2025-12-04,COO,1.8,3.2,6.4,-0.0
2025-12-05,COO,8.9,3.2,6.4,-0.0
2025-12-01,COP,2.4,2.1,2.7,1.6
2025-12-02,COP,1.8,2.1,2.7,1.6
2025-12-03,COP,1.9,2.1,2.7,1.6
2025-12-04,COP,1.6,2.1,2.7,1.6
2025-12-05,COP,3.0,2.1,2.7,1.6
2025-12-01,COR,9.9,9.9,15.8,3.9
2025-12-02,COR,11.8,9.9,15.8,3.9
2025-12-03,COR,18.8,9.9,15.8,3.9
2025-12-04,COR,4.1,9.9,15.8,3.9
2025-12-05,COR,4.8,9.9,15.8,3.9
2025-12-01,CORN,0.1,0.2,0.3,0.1
2025-12-02,CORN,0.3,0.2,0.3,0.1
2025-12-03,CORN,0.2,0.2,0.3,0.1
2025-12-04,CORN,0.2,0.2,0.3,0.1
2025-12-05,CORN,0.1,0.2,0.3,0.1
2025-12-01,COST,12.4,14.7,18.7,10.6
2025-12-02,COST,18.0,14.7,18.7,10.6
2025-12-03,COST,10.3,14.7,18.7,10.6
2025-12-04,COST,19.9,14.7,18.7,10.6
2025-12-05,COST,12.9,14.7,18.7,10.6
2025-12-01,CPAY,7.7,7.6,10.9,4.3
2025-12-02,CPAY,5.6,7.6,10.9,4.3
2025-12-03,CPAY,7.0,7.6,10.9,4.3
2025-12-04,CPAY,4.7,7.6,10.9,4.3
2025-12-05,CPAY,13.1,7.6,10.9,4.3
2025-12-01,CPB,0.7,0.7,0.9,0.5
2025-12-02,CPB,1.1,0.7,0.9,0.5
2025-12-03,CPB,0.7,0.7,0.9,0.5
2025-12-04,CPB,0.7,0.7,0.9,0.5
2025-12-05,CPB,0.5,0.7,0.9,0.5
2025-12-01,CPER,0.4,0.4,0.5,0.3
2025-12-02,CPER,0.5,0.4,0.5,0.3
2025-12-03,CPER,0.4,0.4,0.5,0.3
2025-12-04,CPER,0.3,0.4,0.5,0.3
2025-12-05,CPER,0.4,0.4,0.5,0.3
2025-12-01,CPRT,1.1,0.6,0.9,0.3
2025-12-02,CPRT,0.7,0.6,0.9,0.3
2025-12-03,CPRT,0.6,0.6,0.9,0.3
2025-12-04,CPRT,0.5,0.6,0.9,0.3
2025-12-05,CPRT,0.4,0.6,0.9,0.3
2025-12-01,CPT,1.3,1.5,1.8,1.1
2025-12-02,CPT,1.1,1.5,1.8,1.1
2025-12-03,CPT,1.5,1.5,1.8,1.1
2025-12-04,CPT,2.0,1.5,1.8,1.1
2025-12-05,CPT,1.6,1.5,1.8,1.1
2025-12-01,CRESY,0.5,0.5,0.7,0.4
2025-12-02,CRESY,0.5,0.5,0.7,0.4
2025-12-03,CRESY,0.6,0.5,0.7,0.4
2025-12-04,CRESY,0.4,0.5,0.7,0.4
2025-12-05,CRESY,0.8,0.5,0.7,0.4
2025-12-01,CRL,5.2,5.8,8.5,3.0
2025-12-02,CRL,4.1,5.8,8.5,3.0
2025-12-03,CRL,5.9,5.8,8.5,3.0
2025-12-04,CRL,10.4,5.8,8.5,3.0
2025-12-05,CRL,3.2,5.8,8.5,3.0
2025-12-01,CRM,5.7,8.1,11.6,4.6
2025-12-02,CRM,5.0,8.1,11.6,4.6
2025-12-03,CRM,6.1,8.1,11.6,4.6
2025-12-04,CRM,11.4,8.1,11.6,4.6
2025-12-05,CRM,12.4,8.1,11.6,4.6
2025-12-01,CRWD,11.7,19.6,30.6,8.6
2025-12-02,CRWD,14.0,19.6,30.6,8.6
2025-12-03,CRWD,38.7,19.6,30.6,8.6
2025-12-04,CRWD,15.0,19.6,30.6,8.6
2025-12-05,CRWD,18.6,19.6,30.6,8.6
2025-12-01,CSCO,0.9,1.2,1.8,0.6
2025-12-02,CSCO,1.2,1.2,1.8,0.6
2025-12-03,CSCO,2.2,1.2,1.8,0.6
2025-12-04,CSCO,0.7,1.2,1.8,0.6
2025-12-05,CSCO,0.8,1.2,1.8,0.6
2025-12-01,CSGP,1.5,1.2,1.4,1.0
2025-12-02,CSGP,1.2,1.2,1.4,1.0
2025-12-03,CSGP,1.1,1.2,1.4,1.0
2025-12-04,CSGP,1.0,1.2,1.4,1.0
2025-12-05,CSGP,1.3,1.2,1.4,1.0
2025-12-01,CSX,0.6,0.6,0.8,0.4
2025-12-02,CSX,0.7,0.6,0.8,0.4
2025-12-03,CSX,1.0,0.6,0.8,0.4
2025-12-04,CSX,0.5,0.6,0.8,0.4
2025-12-05,CSX,0.5,0.6,0.8,0.4
2025-12-01,CTAS,2.2,2.5,3.2,1.9
2025-12-02,CTAS,2.1,2.5,3.2,1.9
2025-12-03,CTAS,1.9,2.5,3.2,1.9
2025-12-04,CTAS,3.3,2.5,3.2,1.9
2025-12-05,CTAS,3.2,2.5,3.2,1.9
2025-12-01,CTRA,0.6,0.6,0.6,0.5
2025-12-02,CTRA,0.5,0.6,0.6,0.5
2025-12-03,CTRA,0.7,0.6,0.6,0.5
2025-12-04,CTRA,0.5,0.6,0.6,0.5
2025-12-05,CTRA,0.6,0.6,0.6,0.5
2025-12-01,CTSH,1.2,1.6,1.9,1.3
2025-12-02,CTSH,1.7,1.6,1.9,1.3
2025-12-03,CTSH,2.0,1.6,1.9,1.3
2025-12-04,CTSH,1.5,1.6,1.9,1.3
2025-12-05,CTSH,1.7,1.6,1.9,1.3
2025-12-01,CTVA,1.3,1.2,1.6,0.8
2025-12-02,CTVA,1.8,1.2,1.6,0.8
2025-12-03,CTVA,1.0,1.2,1.6,0.8
2025-12-04,CTVA,0.8,1.2,1.6,0.8
2025-12-05,CTVA,1.1,1.2,1.6,0.8
2025-12-01,CVS,2.1,2.3,2.8,1.9
2025-12-02,CVS,2.2,2.3,2.8,1.9
2025-12-03,CVS,2.9,2.3,2.8,1.9
2025-12-04,CVS,2.6,2.3,2.8,1.9
2025-12-05,CVS,1.9,2.3,2.8,1.9
2025-12-01,CVX,2.5,2.3,3.0,1.6
2025-12-02,CVX,3.2,2.3,3.0,1.6
2025-12-03,CVX,1.5,2.3,3.0,1.6
2025-12-04,CVX,1.7,2.3,3.0,1.6
2025-12-05,CVX,2.8,2.3,3.0,1.6
2025-12-01,D,2.0,1.1,1.6,0.5
2025-12-02,D,1.0,1.1,1.6,0.5
2025-12-03,D,1.1,1.1,1.6,0.5
2025-12-04,D,0.7,1.1,1.6,0.5
2025-12-05,D,0.7,1.1,1.6,0.5
2025-12-01,DAL,2.0,1.8,2.3,1.3
2025-12-02,DAL,1.9,1.8,2.3,1.3
2025-12-03,DAL,2.5,1.8,2.3,1.3
2025-12-04,DAL,1.2,1.8,2.3,1.3
2025-12-05,DAL,1.5,1.8,2.3,1.3
2025-12-01,DASH,7.8,9.2,13.3,5.1
2025-12-02,DASH,16.4,9.2,13.3,5.1
2025-12-03,DASH,8.3,9.2,13.3,5.1
2025-12-04,DASH,6.2,9.2,13.3,5.1
2025-12-05,DASH,7.2,9.2,13.3,5.1
2025-12-01,DAY,0.2,0.1,0.2,0.1
2025-12-02,DAY,0.1,0.1,0.2,0.1
2025-12-03,DAY,0.1,0.1,0.2,0.1
2025-12-04,DAY,0.1,0.1,0.2,0.1
2025-12-05,DAY,0.2,0.1,0.2,0.1
2025-12-01,DBA,0.1,0.1,0.2,0.1
2025-12-02,DBA,0.2,0.1,0.2,0.1
2025-12-03,DBA,0.1,0.1,0.2,0.1
2025-12-04,DBA,0.1,0.1,0.2,0.1
2025-12-05,DBA,0.1,0.1,0.2,0.1
2025-12-01,DBB,0.2,0.2,0.2,0.1
2025-12-02,DBB,0.3,0.2,0.2,0.1
2025-12-03,DBB,0.2,0.2,0.2,0.1
2025-12-04,DBB,0.1,0.2,0.2,0.1
2025-12-05,DBB,0.1,0.2,0.2,0.1
2025-12-01,DBC,0.1,0.1,0.2,0.1
2025-12-02,DBC,0.1,0.1,0.2,0.1
2025-12-03,DBC,0.1,0.1,0.2,0.1
2025-12-04,DBC,0.2,0.1,0.2,0.1
2025-12-05,DBC,0.1,0.1,0.2,0.1
2025-12-01,DD,1.6,1.0,1.3,0.6
2025-12-02,DD,1.0,1.0,1.3,0.6
2025-12-03,DD,0.7,1.0,1.3,0.6
2025-12-04,DD,0.8,1.0,1.3,0.6
2025-12-05,DD,1.0,1.0,1.3,0.6
2025-12-01,DDOG,3.2,4.2,6.1,2.3
2025-12-02,DDOG,7.6,4.2,6.1,2.3
2025-12-03,DDOG,3.2,4.2,6.1,2.3
2025-12-04,DDOG,4.1,4.2,6.1,2.3
2025-12-05,DDOG,3.0,4.2,6.1,2.3
2025-12-01,DE,13.1,10.9,13.8,8.0
2025-12-02,DE,7.3,10.9,13.8,8.0
2025-12-03,DE,13.9,10.9,13.8,8.0
2025-12-04,DE,8.3,10.9,13.8,8.0
2025-12-05,DE,11.8,10.9,13.8,8.0
2025-12-01,DECK,5.1,3.3,4.8,1.8
2025-12-02,DECK,1.5,3.3,4.8,1.8
2025-12-03,DECK,4.2,3.3,4.8,1.8
2025-12-04,DECK,2.1,3.3,4.8,1.8
2025-12-05,DECK,3.6,3.3,4.8,1.8
2025-12-01,DELL,4.4,4.1,5.6,2.5
2025-12-02,DELL,3.2,4.1,5.6,2.5
2025-12-03,DELL,2.9,4.1,5.6,2.5
2025-12-04,DELL,6.7,4.1,5.6,2.5
2025-12-05,DELL,3.1,4.1,5.6,2.5
2025-12-01,DG,2.8,5.7,10.4,1.0
2025-12-02,DG,2.1,5.7,10.4,1.0
2025-12-03,DG,2.0,5.7,10.4,1.0
2025-12-04,DG,10.8,5.7,10.4,1.0
2025-12-05,DG,10.8,5.7,10.4,1.0
2025-12-01,DGX,5.7,3.1,4.6,1.5
2025-12-02,DGX,2.7,3.1,4.6,1.5
2025-12-03,DGX,2.0,3.1,4.6,1.5
2025-12-04,DGX,2.9,3.1,4.6,1.5
2025-12-05,DGX,2.1,3.1,4.6,1.5
2025-12-01,DHI,3.6,4.6,6.0,3.2
2025-12-02,DHI,3.7,4.6,6.0,3.2
2025-12-03,DHI,6.2,4.6,6.0,3.2
2025-12-04,DHI,6.1,4.6,6.0,3.2
2025-12-05,DHI,3.6,4.6,6.0,3.2
2025-12-01,DHR,3.7,3.9,4.7,3.1
2025-12-02,DHR,4.4,3.9,4.7,3.1
2025-12-03,DHR,3.1,3.9,4.7,3.1
2025-12-04,DHR,5.1,3.9,4.7,3.1
2025-12-05,DHR,3.5,3.9,4.7,3.1
2025-12-01,DHT,0.3,0.2,0.3,0.2
2025-12-02,DHT,0.2,0.2,0.3,0.2
2025-12-03,DHT,0.2,0.2,0.3,0.2
2025-12-04,DHT,0.2,0.2,0.3,0.2
2025-12-05,DHT,0.3,0.2,0.3,0.2
2025-12-01,DIA,4.0,3.8,4.9,2.8
2025-12-02,DIA,3.3,3.8,4.9,2.8
2025-12-03,DIA,5.5,3.8,4.9,2.8
2025-12-04,DIA,3.7,3.8,4.9,2.8
2025-12-05,DIA,2.6,3.8,4.9,2.8
2025-12-01,DIS,2.4,1.8,2.1,1.4
2025-12-02,DIS,1.8,1.8,2.1,1.4
2025-12-03,DIS,1.4,1.8,2.1,1.4
2025-12-04,DIS,1.7,1.8,2.1,1.4
2025-12-05,DIS,1.6,1.8,2.1,1.4
2025-12-01,DJI,404.9,391.0,517.7,264.3
2025-12-02,DJI,333.2,391.0,517.7,264.3
2025-12-03,DJI,598.0,391.0,517.7,264.3
2025-12-04,DJI,356.8,391.0,517.7,264.3
2025-12-05,DJI,262.0,391.0,517.7,264.3
2025-12-01,DLR,2.7,3.4,4.8,1.9
2025-12-02,DLR,1.5,3.4,4.8,1.9
2025-12-03,DLR,3.3,3.4,4.8,1.9
2025-12-04,DLR,3.8,3.4,4.8,1.9
2025-12-05,DLR,5.5,3.4,4.8,1.9
2025-12-01,DLTR,2.5,5.5,8.6,2.3
2025-12-02,DLTR,2.8,5.5,8.6,2.3
2025-12-03,DLTR,6.9,5.5,8.6,2.3
2025-12-04,DLTR,4.9,5.5,8.6,2.3
2025-12-05,DLTR,10.2,5.5,8.6,2.3
2025-12-01,DOC,0.2,0.4,0.7,0.1
2025-12-02,DOC,0.5,0.4,0.7,0.1
2025-12-03,DOC,0.9,0.4,0.7,0.1
2025-12-04,DOC,0.2,0.4,0.7,0.1
2025-12-05,DOC,0.2,0.4,0.7,0.1
2025-12-01,DOV,4.3,3.2,4.4,2.1
2025-12-02,DOV,4.3,3.2,4.4,2.1
2025-12-03,DOV,2.9,3.2,4.4,2.1
2025-12-04,DOV,3.2,3.2,4.4,2.1
2025-12-05,DOV,1.6,3.2,4.4,2.1
2025-12-01,DOW,0.7,0.8,1.0,0.6
2025-12-02,DOW,0.7,0.8,1.0,0.6
2025-12-03,DOW,0.7,0.8,1.0,0.6
2025-12-04,DOW,1.2,0.8,1.0,0.6
2025-12-05,DOW,0.8,0.8,1.0,0.6
2025-12-01,DPZ,9.7,9.3,11.6,7.0
2025-12-02,DPZ,8.6,9.3,11.6,7.0
2025-12-03,DPZ,8.5,9.3,11.6,7.0
2025-12-04,DPZ,6.7,9.3,11.6,7.0
2025-12-05,DPZ,12.9,9.3,11.6,7.0
2025-12-01,DRI,5.3,3.6,4.9,2.2
2025-12-02,DRI,1.8,3.6,4.9,2.2
2025-12-03,DRI,4.2,3.6,4.9,2.2
2025-12-04,DRI,3.7,3.6,4.9,2.2
2025-12-05,DRI,2.8,3.6,4.9,2.2
2025-12-01,DTE,3.6,2.7,4.0,1.5
2025-12-02,DTE,2.6,2.7,4.0,1.5
2025-12-03,DTE,1.8,2.7,4.0,1.5
2025-12-04,DTE,4.4,2.7,4.0,1.5
2025-12-05,DTE,1.3,2.7,4.0,1.5
2025-12-01,DUK,2.8,2.0,2.5,1.5
2025-12-02,DUK,1.8,2.0,2.5,1.5
2025-12-03,DUK,2.2,2.0,2.5,1.5
2025-12-04,DUK,1.6,2.0,2.5,1.5
2025-12-05,DUK,1.8,2.0,2.5,1.5
2025-12-01,DVA,1.9,2.1,2.6,1.7
2025-12-02,DVA,2.6,2.1,2.6,1.7
2025-12-03,DVA,2.5,2.1,2.6,1.7
2025-12-04,DVA,2.1,2.1,2.6,1.7
2025-12-05,DVA,1.6,2.1,2.6,1.7
2025-12-01,DVN,1.2,0.8,1.1,0.5
2025-12-02,DVN,0.9,0.8,1.1,0.5
2025-12-03,DVN,0.5,0.8,1.1,0.5
2025-12-04,DVN,0.4,0.8,1.1,0.5
2025-12-05,DVN,0.8,0.8,1.1,0.5
2025-12-01,DXCM,1.7,1.3,1.6,1.0
2025-12-02,DXCM,1.0,1.3,1.6,1.0
2025-12-03,DXCM,1.1,1.3,1.6,1.0
2025-12-04,DXCM,1.2,1.3,1.6,1.0
2025-12-05,DXCM,1.6,1.3,1.6,1.0
2025-12-01,EA,1.2,0.8,1.0,0.5
2025-12-02,EA,0.9,0.8,1.0,0.5
2025-12-03,EA,0.6,0.8,1.0,0.5
2025-12-04,EA,0.5,0.8,1.0,0.5
2025-12-05,EA,0.7,0.8,1.0,0.5
2025-12-01,EBAY,2.9,1.7,2.4,1.0
2025-12-02,EBAY,1.4,1.7,2.4,1.0
2025-12-03,EBAY,1.9,1.7,2.4,1.0
2025-12-04,EBAY,1.2,1.7,2.4,1.0
2025-12-05,EBAY,1.3,1.7,2.4,1.0
2025-12-01,EC,0.2,0.2,0.2,0.2
2025-12-02,EC,0.2,0.2,0.2,0.2
2025-12-03,EC,0.2,0.2,0.2,0.2
2025-12-04,EC,0.2,0.2,0.2,0.2
2025-12-05,EC,0.2,0.2,0.2,0.2
2025-12-01,ECH,0.5,0.5,0.8,0.3
2025-12-02,ECH,0.2,0.5,0.8,0.3
2025-12-03,ECH,0.3,0.5,0.8,0.3
2025-12-04,ECH,0.7,0.5,0.8,0.3
2025-12-05,ECH,0.9,0.5,0.8,0.3
2025-12-01,ECL,3.4,5.2,7.5,2.9
2025-12-02,ECL,4.8,5.2,7.5,2.9
2025-12-03,ECL,8.7,5.2,7.5,2.9
2025-12-04,ECL,2.9,5.2,7.5,2.9
2025-12-05,ECL,6.1,5.2,7.5,2.9
2025-12-01,ED,2.5,1.7,2.3,1.0
2025-12-02,ED,1.4,1.7,2.3,1.0
2025-12-03,ED,2.0,1.7,2.3,1.0
2025-12-04,ED,1.5,1.7,2.3,1.0
2025-12-05,ED,1.0,1.7,2.3,1.0
2025-12-01,EDEN,1.1,0.8,1.0,0.5
2025-12-02,EDEN,0.5,0.8,1.0,0.5
2025-12-03,EDEN,0.6,0.8,1.0,0.5
2025-12-04,EDEN,1.0,0.8,1.0,0.5
2025-12-05,EDEN,0.6,0.8,1.0,0.5
2025-12-01,EDV,0.3,0.5,0.6,0.4
2025-12-02,EDV,0.6,0.5,0.6,0.4
2025-12-03,EDV,0.5,0.5,0.6,0.4
2025-12-04,EDV,0.5,0.5,0.6,0.4
2025-12-05,EDV,0.6,0.5,0.6,0.4
2025-12-01,EFNL,0.2,0.2,0.3,0.1
2025-12-02,EFNL,0.1,0.2,0.3,0.1
2025-12-03,EFNL,0.3,0.2,0.3,0.1
2025-12-04,EFNL,0.1,0.2,0.3,0.1
2025-12-05,EFNL,0.3,0.2,0.3,0.1
2025-12-01,EFX,4.6,3.6,4.4,2.7
2025-12-02,EFX,3.0,3.6,4.4,2.7
2025-12-03,EFX,3.0,3.6,4.4,2.7
2025-12-04,EFX,4.4,3.6,4.4,2.7
2025-12-05,EFX,2.9,3.6,4.4,2.7
2025-12-01,EG,5.4,4.8,5.3,4.4
2025-12-02,EG,4.9,4.8,5.3,4.4
2025-12-03,EG,4.1,4.8,5.3,4.4
2025-12-04,EG,5.1,4.8,5.3,4.4
2025-12-05,EG,4.7,4.8,5.3,4.4
2025-12-01,EIDO,0.2,0.1,0.2,0.0
2025-12-02,EIDO,0.2,0.1,0.2,0.0
2025-12-03,EIDO,0.1,0.1,0.2,0.0
2025-12-04,EIDO,0.1,0.1,0.2,0.0
2025-12-05,EIDO,0.1,0.1,0.2,0.0
2025-12-01,EIRL,1.0,0.5,0.8,0.2
2025-12-02,EIRL,0.6,0.5,0.8,0.2
2025-12-03,EIRL,0.1,0.5,0.8,0.2
2025-12-04,EIRL,0.4,0.5,0.8,0.2
2025-12-05,EIRL,0.5,0.5,0.8,0.2
2025-12-01,EIS,1.1,1.1,1.5,0.8
2025-12-02,EIS,0.8,1.1,1.5,0.8
2025-12-03,EIS,1.6,1.1,1.5,0.8
2025-12-04,EIS,0.7,1.1,1.5,0.8
2025-12-05,EIS,1.5,1.1,1.5,0.8
2025-12-01,EIX,1.2,1.2,1.5,1.0
2025-12-02,EIX,1.4,1.2,1.5,1.0
2025-12-03,EIX,1.2,1.2,1.5,1.0
2025-12-04,EIX,1.4,1.2,1.5,1.0
2025-12-05,EIX,0.8,1.2,1.5,1.0
2025-12-01,EL,3.1,2.9,3.7,2.1
2025-12-02,EL,4.2,2.9,3.7,2.1
2025-12-03,EL,2.1,2.9,3.7,2.1
2025-12-04,EL,2.5,2.9,3.7,2.1
2025-12-05,EL,2.7,2.9,3.7,2.1
2025-12-01,ELV,9.9,7.0,9.0,5.0
2025-12-02,ELV,5.5,7.0,9.0,5.0
2025-12-03,ELV,5.4,7.0,9.0,5.0
2025-12-04,ELV,8.1,7.0,9.0,5.0
2025-12-05,ELV,5.9,7.0,9.0,5.0
2025-12-01,EME,9.9,18.9,27.3,10.4
2025-12-02,EME,15.6,18.9,27.3,10.4
2025-12-03,EME,21.8,18.9,27.3,10.4
2025-12-04,EME,32.0,18.9,27.3,10.4
2025-12-05,EME,15.2,18.9,27.3,10.4
2025-12-01,EMN,1.5,2.1,3.1,1.2
2025-12-02,EMN,3.8,2.1,3.1,1.2
2025-12-03,EMN,1.9,2.1,3.1,1.2
2025-12-04,EMN,1.5,2.1,3.1,1.2
2025-12-05,EMN,2.0,2.1,3.1,1.2
2025-12-01,EMR,1.9,2.6,3.5,1.7
2025-12-02,EMR,2.4,2.6,3.5,1.7
2025-12-03,EMR,4.1,2.6,3.5,1.7
2025-12-04,EMR,2.5,2.6,3.5,1.7
2025-12-05,EMR,2.1,2.6,3.5,1.7
2025-12-01,ENZL,0.4,0.4,0.5,0.3
2025-12-02,ENZL,0.3,0.4,0.5,0.3
2025-12-03,ENZL,0.6,0.4,0.5,0.3
2025-12-04,ENZL,0.4,0.4,0.5,0.3
2025-12-05,ENZL,0.3,0.4,0.5,0.3
2025-12-01,EOG,2.2,2.0,2.4,1.5
2025-12-02,EOG,1.6,2.0,2.4,1.5
2025-12-03,EOG,2.2,2.0,2.4,1.5
2025-12-04,EOG,1.4,2.0,2.4,1.5
2025-12-05,EOG,2.4,2.0,2.4,1.5
2025-12-01,EPAM,6.9,5.8,7.5,4.1
2025-12-02,EPAM,4.2,5.8,7.5,4.1
2025-12-03,EPAM,7.9,5.8,7.5,4.1
2025-12-04,EPAM,5.9,5.8,7.5,4.1
2025-12-05,EPAM,4.0,5.8,7.5,4.1
2025-12-01,EPHE,0.2,0.2,0.3,0.1
2025-12-02,EPHE,0.2,0.2,0.3,0.1
2025-12-03,EPHE,0.1,0.2,0.3,0.1
2025-12-04,EPHE,0.3,0.2,0.3,0.1
2025-12-05,EPHE,0.2,0.2,0.3,0.1
2025-12-01,EPOL,0.3,0.3,0.3,0.2
2025-12-02,EPOL,0.4,0.3,0.3,0.2
2025-12-03,EPOL,0.2,0.3,0.3,0.2
2025-12-04,EPOL,0.2,0.3,0.3,0.2
2025-12-05,EPOL,0.2,0.3,0.3,0.2
2025-12-01,EPU,0.8,1.0,1.4,0.6
2025-12-02,EPU,0.8,1.0,1.4,0.6
2025-12-03,EPU,0.6,1.0,1.4,0.6
2025-12-04,EPU,1.4,1.0,1.4,0.6
2025-12-05,EPU,1.5,1.0,1.4,0.6
2025-12-01,EQIX,14.5,15.4,20.5,10.4
2025-12-02,EQIX,11.4,15.4,20.5,10.4
2025-12-03,EQIX,10.8,15.4,20.5,10.4
2025-12-04,EQIX,17.4,15.4,20.5,10.4
2025-12-05,EQIX,23.2,15.4,20.5,10.4
2025-12-01,EQR,1.1,0.9,1.1,0.7
2025-12-02,EQR,1.1,0.9,1.1,0.7
2025-12-03,EQR,0.5,0.9,1.1,0.7
2025-12-04,EQR,0.9,0.9,1.1,0.7
2025-12-05,EQR,0.9,0.9,1.1,0.7
2025-12-01,EQT,1.3,2.2,2.8,1.5
2025-12-02,EQT,2.0,2.2,2.8,1.5
2025-12-03,EQT,2.8,2.2,2.8,1.5
2025-12-04,EQT,2.8,2.2,2.8,1.5
2025-12-05,EQT,2.0,2.2,2.8,1.5
2025-12-01,ERIE,4.7,4.8,5.1,4.5
2025-12-02,ERIE,4.5,4.8,5.1,4.5
2025-12-03,ERIE,5.2,4.8,5.1,4.5
2025-12-04,ERIE,4.9,4.8,5.1,4.5
2025-12-05,ERIE,4.6,4.8,5.1,4.5
2025-12-01,ES,1.4,1.3,1.6,1.0
2025-12-02,ES,1.0,1.3,1.6,1.0
2025-12-03,ES,1.3,1.3,1.6,1.0
2025-12-04,ES,1.7,1.3,1.6,1.0
2025-12-05,ES,1.1,1.3,1.6,1.0
2025-12-01,ES=F,9.3,16.3,34.2,-1.6
2025-12-02,ES=F,10.0,16.3,34.2,-1.6
2025-12-03,ES=F,5.8,16.3,34.2,-1.6
2025-12-04,ES=F,8.3,16.3,34.2,-1.6
2025-12-05,ES=F,48.3,16.3,34.2,-1.6
2025-12-01,ESS,3.8,3.9,4.5,3.2
2025-12-02,ESS,3.5,3.9,4.5,3.2
2025-12-03,ESS,3.3,3.9,4.5,3.2
2025-12-04,ESS,4.9,3.9,4.5,3.2
2025-12-05,ESS,3.8,3.9,4.5,3.2
2025-12-01,ETN,5.5,8.6,11.8,5.4
2025-12-02,ETN,10.9,8.6,11.8,5.4
2025-12-03,ETN,12.6,8.6,11.8,5.4
2025-12-04,ETN,8.4,8.6,11.8,5.4
2025-12-05,ETN,5.4,8.6,11.8,5.4
2025-12-01,ETR,2.6,1.9,2.4,1.4
2025-12-02,ETR,2.2,1.9,2.4,1.4
2025-12-03,ETR,1.9,1.9,2.4,1.4
2025-12-04,ETR,1.6,1.9,2.4,1.4
2025-12-05,ETR,1.2,1.9,2.4,1.4
2025-12-01,EVRG,2.1,1.2,1.7,0.7
2025-12-02,EVRG,1.3,1.2,1.7,0.7
2025-12-03,EVRG,0.9,1.2,1.7,0.7
2025-12-04,EVRG,0.9,1.2,1.7,0.7
2025-12-05,EVRG,1.1,1.2,1.7,0.7
2025-12-01,EW,1.8,1.7,2.1,1.4
2025-12-02,EW,1.8,1.7,2.1,1.4
2025-12-03,EW,1.1,1.7,2.1,1.4
2025-12-04,EW,2.0,1.7,2.1,1.4
2025-12-05,EW,2.0,1.7,2.1,1.4
2025-12-01,EWA,0.2,0.2,0.2,0.1
2025-12-02,EWA,0.1,0.2,0.2,0.1
2025-12-03,EWA,0.1,0.2,0.2,0.1
2025-12-04,EWA,0.1,0.2,0.2,0.1
2025-12-05,EWA,0.2,0.2,0.2,0.1
2025-12-01,EWC,0.5,0.4,0.6,0.3
2025-12-02,EWC,0.4,0.4,0.6,0.3
2025-12-03,EWC,0.3,0.4,0.6,0.3
2025-12-04,EWC,0.6,0.4,0.6,0.3
2025-12-05,EWC,0.3,0.4,0.6,0.3
2025-12-01,EWD,0.3,0.3,0.3,0.3
2025-12-02,EWD,0.3,0.3,0.3,0.3
2025-12-03,EWD,0.2,0.3,0.3,0.3
2025-12-04,EWD,0.3,0.3,0.3,0.3
2025-12-05,EWD,0.3,0.3,0.3,0.3
2025-12-01,EWG,0.2,0.2,0.3,0.2
2025-12-02,EWG,0.2,0.2,0.3,0.2
2025-12-03,EWG,0.3,0.2,0.3,0.2
2025-12-04,EWG,0.2,0.2,0.3,0.2
2025-12-05,EWG,0.3,0.2,0.3,0.2
2025-12-01,EWH,0.1,0.1,0.2,0.1
2025-12-02,EWH,0.2,0.1,0.2,0.1
2025-12-03,EWH,0.2,0.1,0.2,0.1
2025-12-04,EWH,0.1,0.1,0.2,0.1
2025-12-05,EWH,0.1,0.1,0.2,0.1
2025-12-01,EWI,0.3,0.3,0.4,0.2
2025-12-02,EWI,0.3,0.3,0.4,0.2
2025-12-03,EWI,0.3,0.3,0.4,0.2
2025-12-04,EWI,0.2,0.3,0.4,0.2
2025-12-05,EWI,0.4,0.3,0.4,0.2
2025-12-01,EWJ,0.4,0.5,0.7,0.4
2025-12-02,EWJ,0.5,0.5,0.7,0.4
2025-12-03,EWJ,0.6,0.5,0.7,0.4
2025-12-04,EWJ,0.8,0.5,0.7,0.4
2025-12-05,EWJ,0.4,0.5,0.7,0.4
2025-12-01,EWK,0.1,0.1,0.2,0.1
2025-12-02,EWK,0.1,0.1,0.2,0.1
2025-12-03,EWK,0.1,0.1,0.2,0.1
2025-12-04,EWK,0.2,0.1,0.2,0.1
2025-12-05,EWK,0.2,0.1,0.2,0.1
2025-12-01,EWL,0.4,0.3,0.4,0.3
2025-12-02,EWL,0.3,0.3,0.4,0.3
2025-12-03,EWL,0.2,0.3,0.4,0.3
2025-12-04,EWL,0.5,0.3,0.4,0.3
2025-12-05,EWL,0.3,0.3,0.4,0.3
2025-12-01,EWM,0.2,0.2,0.2,0.1
2025-12-02,EWM,0.1,0.2,0.2,0.1
2025-12-03,EWM,0.2,0.2,0.2,0.1
2025-12-04,EWM,0.2,0.2,0.2,0.1
2025-12-05,EWM,0.2,0.2,0.2,0.1
2025-12-01,EWN,0.7,0.6,0.7,0.4
2025-12-02,EWN,0.5,0.6,0.7,0.4
2025-12-03,EWN,0.6,0.6,0.7,0.4
2025-12-04,EWN,0.4,0.6,0.7,0.4
2025-12-05,EWN,0.7,0.6,0.7,0.4
2025-12-01,EWO,0.3,0.3,0.4,0.2
2025-12-02,EWO,0.3,0.3,0.4,0.2
2025-12-03,EWO,0.2,0.3,0.4,0.2
2025-12-04,EWO,0.2,0.3,0.4,0.2
2025-12-05,EWO,0.4,0.3,0.4,0.2
2025-12-01,EWP,0.3,0.4,0.6,0.2
2025-12-02,EWP,0.3,0.4,0.6,0.2
2025-12-03,EWP,0.7,0.4,0.6,0.2
2025-12-04,EWP,0.3,0.4,0.6,0.2
2025-12-05,EWP,0.5,0.4,0.6,0.2
2025-12-01,EWQ,0.3,0.2,0.3,0.2
2025-12-02,EWQ,0.2,0.2,0.3,0.2
2025-12-03,EWQ,0.3,0.2,0.3,0.2
2025-12-04,EWQ,0.2,0.2,0.3,0.2
2025-12-05,EWQ,0.2,0.2,0.3,0.2
2025-12-01,EWS,0.3,0.2,0.3,0.1
2025-12-02,EWS,0.2,0.2,0.3,0.1
2025-12-03,EWS,0.1,0.2,0.3,0.1
2025-12-04,EWS,0.2,0.2,0.3,0.1
2025-12-05,EWS,0.3,0.2,0.3,0.1
2025-12-01,EWT,0.6,0.5,0.6,0.5
2025-12-02,EWT,0.5,0.5,0.6,0.5
2025-12-03,EWT,0.6,0.5,0.6,0.5
2025-12-04,EWT,0.5,0.5,0.6,0.5
2025-12-05,EWT,0.5,0.5,0.6,0.5
2025-12-01,EWU,0.3,0.3,0.3,0.2
2025-12-02,EWU,0.2,0.3,0.3,0.2
2025-12-03,EWU,0.3,0.3,0.3,0.2
2025-12-04,EWU,0.2,0.3,0.3,0.2
2025-12-05,EWU,0.3,0.3,0.3,0.2
2025-12-01,EWW,0.9,0.7,0.9,0.6
2025-12-02,EWW,0.6,0.7,0.9,0.6
2025-12-03,EWW,0.8,0.7,0.9,0.6
2025-12-04,EWW,0.5,0.7,0.9,0.6
2025-12-05,EWW,0.8,0.7,0.9,0.6
2025-12-01,EWY,0.6,0.9,1.1,0.7
2025-12-02,EWY,1.0,0.9,1.1,0.7
2025-12-03,EWY,1.0,0.9,1.1,0.7
2025-12-04,EWY,0.7,0.9,1.1,0.7
2025-12-05,EWY,1.1,0.9,1.1,0.7
2025-12-01,EWZ,0.3,0.7,1.6,-0.2
2025-12-02,EWZ,0.4,0.7,1.6,-0.2
2025-12-03,EWZ,0.3,0.7,1.6,-0.2
2025-12-04,EWZ,0.3,0.7,1.6,-0.2
2025-12-05,EWZ,2.3,0.7,1.6,-0.2
2025-12-01,EXC,1.2,0.9,1.2,0.6
2025-12-02,EXC,0.8,0.9,1.2,0.6
2025-12-03,EXC,1.1,0.9,1.2,0.6
2025-12-04,EXC,0.8,0.9,1.2,0.6
2025-12-05,EXC,0.5,0.9,1.2,0.6
2025-12-01,EXE,2.5,3.8,4.8,2.7
2025-12-02,EXE,3.9,3.8,4.8,2.7
2025-12-03,EXE,5.3,3.8,4.8,2.7
2025-12-04,EXE,3.3,3.8,4.8,2.7
2025-12-05,EXE,3.8,3.8,4.8,2.7
2025-12-01,EXPD,2.8,2.8,3.2,2.3
2025-12-02,EXPD,2.2,2.8,3.2,2.3
2025-12-03,EXPD,3.1,2.8,3.2,2.3
2025-12-04,EXPD,3.3,2.8,3.2,2.3
2025-12-05,EXPD,2.4,2.8,3.2,2.3
2025-12-01,EXPE,6.0,6.7,8.0,5.4
2025-12-02,EXPE,8.6,6.7,8.0,5.4
2025-12-03,EXPE,5.4,6.7,8.0,5.4
2025-12-04,EXPE,6.0,6.7,8.0,5.4
2025-12-05,EXPE,7.6,6.7,8.0,5.4
2025-12-01,EXR,2.1,1.8,2.1,1.6
2025-12-02,EXR,2.0,1.8,2.1,1.6
2025-12-03,EXR,1.7,1.8,2.1,1.6
2025-12-04,EXR,1.7,1.8,2.1,1.6
2025-12-05,EXR,1.6,1.8,2.1,1.6
2025-12-01,F,0.3,0.2,0.3,0.2
2025-12-02,F,0.3,0.2,0.3,0.2
2025-12-03,F,0.2,0.2,0.3,0.2
2025-12-04,F,0.2,0.2,0.3,0.2
2025-12-05,F,0.3,0.2,0.3,0.2
2025-12-01,FANG,6.4,4.3,6.0,2.5
2025-12-02,FANG,3.3,4.3,6.0,2.5
2025-12-03,FANG,2.6,4.3,6.0,2.5
2025-12-04,FANG,3.1,4.3,6.0,2.5
2025-12-05,FANG,5.9,4.3,6.0,2.5
2025-12-01,FAST,0.7,0.7,0.9,0.6
2025-12-02,FAST,0.8,0.7,0.9,0.6
2025-12-03,FAST,1.0,0.7,0.9,0.6
2025-12-04,FAST,0.6,0.7,0.9,0.6
2025-12-05,FAST,0.6,0.7,0.9,0.6
2025-12-01,FCX,0.9,1.0,1.1,0.9
2025-12-02,FCX,1.1,1.0,1.1,0.9
2025-12-03,FCX,1.0,1.0,1.1,0.9
2025-12-04,FCX,1.1,1.0,1.1,0.9
2025-12-05,FCX,0.9,1.0,1.1,0.9
2025-12-01,FDS,8.4,8.3,11.4,5.1
2025-12-02,FDS,6.1,8.3,11.4,5.1
2025-12-03,FDS,6.3,8.3,11.4,5.1
2025-12-04,FDS,6.9,8.3,11.4,5.1
2025-12-05,FDS,13.6,8.3,11.4,5.1
2025-12-01,FDX,3.2,5.7,8.3,3.0
2025-12-02,FDX,6.2,5.7,8.3,3.0
2025-12-03,FDX,5.5,5.7,8.3,3.0
2025-12-04,FDX,9.8,5.7,8.3,3.0
2025-12-05,FDX,3.6,5.7,8.3,3.0
2025-12-01,FE,1.2,0.8,1.1,0.5
2025-12-02,FE,1.1,0.8,1.1,0.5
2025-12-03,FE,0.8,0.8,1.1,0.5
2025-12-04,FE,0.6,0.8,1.1,0.5
2025-12-05,FE,0.5,0.8,1.1,0.5
2025-12-01,FFIV,6.3,6.1,6.9,5.2
2025-12-02,FFIV,7.3,6.1,6.9,5.2
2025-12-03,FFIV,4.9,6.1,6.9,5.2
2025-12-04,FFIV,5.9,6.1,6.9,5.2
2025-12-05,FFIV,6.0,6.1,6.9,5.2
2025-12-01,FICO,32.2,35.1,40.7,29.6
2025-12-02,FICO,41.7,35.1,40.7,29.6
2025-12-03,FICO,35.4,35.1,40.7,29.6
2025-12-04,FICO,27.5,35.1,40.7,29.6
2025-12-05,FICO,38.9,35.1,40.7,29.6
2025-12-01,FIS,1.9,1.7,2.0,1.4
2025-12-02,FIS,1.6,1.7,2.0,1.4
2025-12-03,FIS,2.1,1.7,2.0,1.4
2025-12-04,FIS,1.3,1.7,2.0,1.4
2025-12-05,FIS,1.6,1.7,2.0,1.4
2025-12-01,FISV,3.4,2.4,3.3,1.5
2025-12-02,FISV,2.3,2.4,3.3,1.5
2025-12-03,FISV,3.3,2.4,3.3,1.5
2025-12-04,FISV,1.7,2.4,3.3,1.5
2025-12-05,FISV,1.4,2.4,3.3,1.5
2025-12-01,FITB,0.9,0.9,1.1,0.6
2025-12-02,FITB,0.5,0.9,1.1,0.6
2025-12-03,FITB,1.3,0.9,1.1,0.6
2025-12-04,FITB,0.8,0.9,1.1,0.6
2025-12-05,FITB,0.9,0.9,1.1,0.6
2025-12-01,FOXA,1.7,1.4,1.7,1.2
2025-12-02,FOXA,1.3,1.4,1.7,1.2
2025-12-03,FOXA,1.1,1.4,1.7,1.2
2025-12-04,FOXA,1.6,1.4,1.7,1.2
2025-12-05,FOXA,1.5,1.4,1.7,1.2
2025-12-01,FRO,0.8,0.6,0.8,0.4
2025-12-02,FRO,0.6,0.6,0.8,0.4
2025-12-03,FRO,0.5,0.6,0.8,0.4
2025-12-04,FRO,0.4,0.6,0.8,0.4
2025-12-05,FRO,0.6,0.6,0.8,0.4
2025-12-01,FRT,1.1,1.1,1.4,0.9
2025-12-02,FRT,1.5,1.1,1.4,0.9
2025-12-03,FRT,0.9,1.1,1.4,0.9
2025-12-04,FRT,1.2,1.1,1.4,0.9
2025-12-05,FRT,1.0,1.1,1.4,0.9
2025-12-01,FSLR,9.5,8.2,10.4,6.0
2025-12-02,FSLR,5.9,8.2,10.4,6.0
2025-12-03,FSLR,10.7,8.2,10.4,6.0
2025-12-04,FSLR,5.8,8.2,10.4,6.0
2025-12-05,FSLR,8.9,8.2,10.4,6.0
2025-12-01,FTI,1.2,1.1,1.3,0.9
2025-12-02,FTI,0.8,1.1,1.3,0.9
2025-12-03,FTI,1.2,1.1,1.3,0.9
2025-12-04,FTI,1.0,1.1,1.3,0.9
2025-12-05,FTI,1.2,1.1,1.3,0.9
2025-12-01,FTNT,1.7,1.8,2.4,1.2
2025-12-02,FTNT,1.3,1.8,2.4,1.2
2025-12-03,FTNT,1.5,1.8,2.4,1.2
2025-12-04,FTNT,2.8,1.8,2.4,1.2
2025-12-05,FTNT,1.7,1.8,2.4,1.2
2025-12-01,FTV,0.8,0.8,0.9,0.6
2025-12-02,FTV,0.8,0.8,0.9,0.6
2025-12-03,FTV,0.6,0.8,0.9,0.6
2025-12-04,FTV,0.7,0.8,0.9,0.6
2025-12-05,FTV,1.0,0.8,0.9,0.6
2025-12-01,FVX,0.1,0.0,0.1,0.0
2025-12-02,FVX,0.0,0.0,0.1,0.0
2025-12-03,FVX,0.0,0.0,0.1,0.0
2025-12-04,FVX,0.0,0.0,0.1,0.0
2025-12-05,FVX,0.1,0.0,0.1,0.0
2025-12-01,FXA,0.2,0.2,0.2,0.1
2025-12-02,FXA,0.1,0.2,0.2,0.1
2025-12-03,FXA,0.2,0.2,0.2,0.1
2025-12-04,FXA,0.1,0.2,0.2,0.1
2025-12-05,FXA,0.2,0.2,0.2,0.1
2025-12-01,FXB,0.5,0.4,0.5,0.3
2025-12-02,FXB,0.3,0.4,0.5,0.3
2025-12-03,FXB,0.5,0.4,0.5,0.3
2025-12-04,FXB,0.5,0.4,0.5,0.3
2025-12-05,FXB,0.4,0.4,0.5,0.3
2025-12-01,FXC,0.2,0.2,0.3,0.1
2025-12-02,FXC,0.1,0.2,0.3,0.1
2025-12-03,FXC,0.1,0.2,0.3,0.1
2025-12-04,FXC,0.1,0.2,0.3,0.1
2025-12-05,FXC,0.4,0.2,0.3,0.1
2025-12-01,FXE,0.4,0.3,0.4,0.2
2025-12-02,FXE,0.3,0.3,0.4,0.2
2025-12-03,FXE,0.2,0.3,0.4,0.2
2025-12-04,FXE,0.3,0.3,0.4,0.2
2025-12-05,FXE,0.3,0.3,0.4,0.2
2025-12-01,FXY,0.2,0.2,0.2,0.2
2025-12-02,FXY,0.2,0.2,0.2,0.2
2025-12-03,FXY,0.2,0.2,0.2,0.2
2025-12-04,FXY,0.2,0.2,0.2,0.2
2025-12-05,FXY,0.2,0.2,0.2,0.2
2025-12-01,GD,8.2,6.0,7.7,4.2
2025-12-02,GD,4.5,6.0,7.7,4.2
2025-12-03,GD,5.0,6.0,7.7,4.2
2025-12-04,GD,4.6,6.0,7.7,4.2
2025-12-05,GD,7.5,6.0,7.7,4.2
2025-12-01,GDDY,3.3,3.1,3.5,2.6
2025-12-02,GDDY,2.7,3.1,3.5,2.6
2025-12-03,GDDY,3.6,3.1,3.5,2.6
2025-12-04,GDDY,2.5,3.1,3.5,2.6
2025-12-05,GDDY,3.2,3.1,3.5,2.6
2025-12-01,GDX,1.9,2.4,3.3,1.5
2025-12-02,GDX,3.7,2.4,3.3,1.5
2025-12-03,GDX,2.0,2.4,3.3,1.5
2025-12-04,GDX,1.5,2.4,3.3,1.5
2025-12-05,GDX,3.0,2.4,3.3,1.5
2025-12-01,GDXJ,3.1,3.3,4.3,2.3
2025-12-02,GDXJ,4.6,3.3,4.3,2.3
2025-12-03,GDXJ,2.7,3.3,4.3,2.3
2025-12-04,GDXJ,2.1,3.3,4.3,2.3
2025-12-05,GDXJ,4.1,3.3,4.3,2.3
2025-12-01,GE,8.4,7.0,9.9,4.0
2025-12-02,GE,3.5,7.0,9.9,4.0
2025-12-03,GE,4.9,7.0,9.9,4.0
2025-12-04,GE,6.9,7.0,9.9,4.0
2025-12-05,GE,11.1,7.0,9.9,4.0
2025-12-01,GEHC,1.3,2.4,3.5,1.2
2025-12-02,GEHC,1.4,2.4,3.5,1.2
2025-12-03,GEHC,4.0,2.4,3.5,1.2
2025-12-04,GEHC,2.2,2.4,3.5,1.2
2025-12-05,GEHC,3.0,2.4,3.5,1.2
2025-12-01,GEN,0.4,0.6,0.8,0.3
2025-12-02,GEN,0.4,0.6,0.8,0.3
2025-12-03,GEN,1.1,0.6,0.8,0.3
2025-12-04,GEN,0.5,0.6,0.8,0.3
2025-12-05,GEN,0.4,0.6,0.8,0.3
2025-12-01,GEOS,2.3,1.5,2.1,0.9
2025-12-02,GEOS,1.3,1.5,2.1,0.9
2025-12-03,GEOS,1.7,1.5,2.1,0.9
2025-12-04,GEOS,1.5,1.5,2.1,0.9
2025-12-05,GEOS,0.7,1.5,2.1,0.9
2025-12-01,GEV,15.2,25.7,34.8,16.6
2025-12-02,GEV,24.8,25.7,34.8,16.6
2025-12-03,GEV,33.5,25.7,34.8,16.6
2025-12-04,GEV,36.2,25.7,34.8,16.6
2025-12-05,GEV,18.8,25.7,34.8,16.6
2025-12-01,GGB,0.1,0.1,0.2,0.0
2025-12-02,GGB,0.0,0.1,0.2,0.0
2025-12-03,GGB,0.1,0.1,0.2,0.0
2025-12-04,GGB,0.0,0.1,0.2,0.0
2025-12-05,GGB,0.2,0.1,0.2,0.0
2025-12-01,GILD,2.6,2.1,2.6,1.7
2025-12-02,GILD,1.7,2.1,2.6,1.7
2025-12-03,GILD,1.7,2.1,2.6,1.7
2025-12-04,GILD,2.6,2.1,2.6,1.7
2025-12-05,GILD,2.2,2.1,2.6,1.7
2025-12-01,GIS,0.7,0.9,1.2,0.6
2025-12-02,GIS,1.4,0.9,1.2,0.6
2025-12-03,GIS,0.9,0.9,1.2,0.6
2025-12-04,GIS,0.9,0.9,1.2,0.6
2025-12-05,GIS,0.7,0.9,1.2,0.6
2025-12-01,GL,2.8,2.2,2.8,1.6
2025-12-02,GL,2.5,2.2,2.8,1.6
2025-12-03,GL,2.6,2.2,2.8,1.6
2025-12-04,GL,1.8,2.2,2.8,1.6
2025-12-05,GL,1.4,2.2,2.8,1.6
2025-12-01,GLATF,0.0,0.0,0.0,0.0
2025-12-02,GLATF,0.0,0.0,0.0,0.0
2025-12-03,GLATF,0.0,0.0,0.0,0.0
2025-12-04,GLATF,0.0,0.0,0.0,0.0
2025-12-05,GLATF,0.0,0.0,0.0,0.0
2025-12-01,GLD,2.6,4.2,5.8,2.6
2025-12-02,GLD,6.1,4.2,5.8,2.6
2025-12-03,GLD,4.3,4.2,5.8,2.6
2025-12-04,GLD,2.6,4.2,5.8,2.6
2025-12-05,GLD,5.6,4.2,5.8,2.6
2025-12-01,GLW,0.9,2.3,3.5,1.1
2025-12-02,GLW,2.2,2.3,3.5,1.1
2025-12-03,GLW,2.4,2.3,3.5,1.1
2025-12-04,GLW,4.2,2.3,3.5,1.1
2025-12-05,GLW,1.8,2.3,3.5,1.1
2025-12-01,GM,1.0,1.5,1.9,1.1
2025-12-02,GM,1.8,1.5,1.9,1.1
2025-12-03,GM,1.3,1.5,1.9,1.1
2025-12-04,GM,1.3,1.5,1.9,1.1
2025-12-05,GM,2.0,1.5,1.9,1.1
2025-12-01,GNK,0.3,0.4,0.4,0.3
2025-12-02,GNK,0.3,0.4,0.4,0.3
2025-12-03,GNK,0.5,0.4,0.4,0.3
2025-12-04,GNK,0.3,0.4,0.4,0.3
2025-12-05,GNK,0.5,0.4,0.4,0.3
2025-12-01,GNRC,3.8,6.3,9.6,2.9
2025-12-02,GNRC,10.8,6.3,9.6,2.9
2025-12-03,GNRC,4.8,6.3,9.6,2.9
2025-12-04,GNRC,8.8,6.3,9.6,2.9
2025-12-05,GNRC,3.2,6.3,9.6,2.9
2025-12-01,GOOGL,6.0,5.9,7.6,4.2
2025-12-02,GOOGL,4.5,5.9,7.6,4.2
2025-12-03,GOOGL,7.5,5.9,7.6,4.2
2025-12-04,GOOGL,7.7,5.9,7.6,4.2
2025-12-05,GOOGL,4.0,5.9,7.6,4.2
2025-12-01,GPC,2.5,1.9,2.3,1.5
2025-12-02,GPC,1.9,1.9,2.3,1.5
2025-12-03,GPC,1.5,1.9,2.3,1.5
2025-12-04,GPC,1.6,1.9,2.3,1.5
2025-12-05,GPC,2.0,1.9,2.3,1.5
2025-12-01,GPN,2.8,2.4,3.2,1.5
2025-12-02,GPN,3.5,2.4,3.2,1.5
2025-12-03,GPN,1.7,2.4,3.2,1.5
2025-12-04,GPN,1.5,2.4,3.2,1.5
2025-12-05,GPN,2.3,2.4,3.2,1.5
2025-12-01,GREK,0.8,0.7,0.8,0.5
2025-12-02,GREK,0.4,0.7,0.8,0.5
2025-12-03,GREK,0.6,0.7,0.8,0.5
2025-12-04,GREK,0.6,0.7,0.8,0.5
2025-12-05,GREK,0.8,0.7,0.8,0.5
2025-12-01,GRMN,5.2,4.1,5.8,2.3
2025-12-02,GRMN,2.4,4.1,5.8,2.3
2025-12-03,GRMN,2.9,4.1,5.8,2.3
2025-12-04,GRMN,6.5,4.1,5.8,2.3
2025-12-05,GRMN,3.4,4.1,5.8,2.3
2025-12-01,GS,15.1,16.1,22.4,9.8
2025-12-02,GS,11.4,16.1,22.4,9.8
2025-12-03,GS,25.0,16.1,22.4,9.8
2025-12-04,GS,9.5,16.1,22.4,9.8
2025-12-05,GS,19.7,16.1,22.4,9.8
2025-12-01,GWW,14.2,15.5,18.8,12.1
2025-12-02,GWW,20.5,15.5,18.8,12.1
2025-12-03,GWW,16.1,15.5,18.8,12.1
2025-12-04,GWW,11.3,15.5,18.8,12.1
2025-12-05,GWW,15.3,15.5,18.8,12.1
2025-12-01,HAL,0.8,0.8,0.9,0.6
2025-12-02,HAL,1.0,0.8,0.9,0.6
2025-12-03,HAL,0.5,0.8,0.9,0.6
2025-12-04,HAL,0.7,0.8,0.9,0.6
2025-12-05,HAL,0.8,0.8,0.9,0.6
2025-12-01,HAS,1.5,1.5,1.6,1.3
2025-12-02,HAS,1.6,1.5,1.6,1.3
2025-12-03,HAS,1.7,1.5,1.6,1.3
2025-12-04,HAS,1.3,1.5,1.6,1.3
2025-12-05,HAS,1.5,1.5,1.6,1.3
2025-12-01,HBAN,0.4,0.3,0.5,0.2
2025-12-02,HBAN,0.3,0.3,0.5,0.2
2025-12-03,HBAN,0.5,0.3,0.5,0.2
2025-12-04,HBAN,0.2,0.3,0.5,0.2
2025-12-05,HBAN,0.2,0.3,0.5,0.2
2025-12-01,HCA,9.8,10.5,14.0,7.0
2025-12-02,HCA,11.0,10.5,14.0,7.0
2025-12-03,HCA,16.3,10.5,14.0,7.0
2025-12-04,HCA,8.2,10.5,14.0,7.0
2025-12-05,HCA,7.4,10.5,14.0,7.0
2025-12-01,HD,9.4,7.2,8.5,5.8
2025-12-02,HD,6.2,7.2,8.5,5.8
2025-12-03,HD,6.7,7.2,8.5,5.8
2025-12-04,HD,7.5,7.2,8.5,5.8
2025-12-05,HD,6.1,7.2,8.5,5.8
2025-12-01,HIG,2.0,2.2,2.8,1.6
2025-12-02,HIG,1.4,2.2,2.8,1.6
2025-12-03,HIG,3.0,2.2,2.8,1.6
2025-12-04,HIG,2.1,2.2,2.8,1.6
2025-12-05,HIG,2.5,2.2,2.8,1.6
2025-12-01,HII,6.4,8.9,14.3,3.6
2025-12-02,HII,4.2,8.9,14.3,3.6
2025-12-03,HII,6.2,8.9,14.3,3.6
2025-12-04,HII,10.2,8.9,14.3,3.6
2025-12-05,HII,17.7,8.9,14.3,3.6
2025-12-01,HLT,3.2,4.8,6.2,3.3
2025-12-02,HLT,6.1,4.8,6.2,3.3
2025-12-03,HLT,4.8,4.8,6.2,3.3
2025-12-04,HLT,6.3,4.8,6.2,3.3
2025-12-05,HLT,3.4,4.8,6.2,3.3
2025-12-01,HLX,0.2,0.3,0.3,0.2
2025-12-02,HLX,0.4,0.3,0.3,0.2
2025-12-03,HLX,0.3,0.3,0.3,0.2
2025-12-04,HLX,0.3,0.3,0.3,0.2
2025-12-05,HLX,0.3,0.3,0.3,0.2
2025-12-01,HOLX,0.3,0.3,0.5,0.2
2025-12-02,HOLX,0.2,0.3,0.5,0.2
2025-12-03,HOLX,0.3,0.3,0.5,0.2
2025-12-04,HOLX,0.6,0.3,0.5,0.2
2025-12-05,HOLX,0.3,0.3,0.5,0.2
2025-12-01,HON,2.2,2.8,3.6,2.0
2025-12-02,HON,4.2,2.8,3.6,2.0
2025-12-03,HON,2.4,2.8,3.6,2.0
2025-12-04,HON,2.5,2.8,3.6,2.0
2025-12-05,HON,2.7,2.8,3.6,2.0
2025-12-01,HOOD,6.4,6.2,8.4,4.0
2025-12-02,HOOD,4.7,6.2,8.4,4.0
2025-12-03,HOOD,9.9,6.2,8.4,4.0
2025-12-04,HOOD,4.6,6.2,8.4,4.0
2025-12-05,HOOD,5.3,6.2,8.4,4.0
2025-12-01,HPE,0.6,1.1,2.1,-0.0
2025-12-02,HPE,0.4,1.1,2.1,-0.0
2025-12-03,HPE,0.6,1.1,2.1,-0.0
2025-12-04,HPE,0.8,1.1,2.1,-0.0
2025-12-05,HPE,3.0,1.1,2.1,-0.0
2025-12-01,HPQ,0.7,0.7,0.9,0.4
2025-12-02,HPQ,1.0,0.7,0.9,0.4
2025-12-03,HPQ,0.5,0.7,0.9,0.4
2025-12-04,HPQ,0.8,0.7,0.9,0.4
2025-12-05,HPQ,0.4,0.7,0.9,0.4
2025-12-01,HRL,0.5,0.7,1.2,0.2
2025-12-02,HRL,0.5,0.7,1.2,0.2
2025-12-03,HRL,0.4,0.7,1.2,0.2
2025-12-04,HRL,1.6,0.7,1.2,0.2
2025-12-05,HRL,0.6,0.7,1.2,0.2
2025-12-01,HSIC,2.0,1.5,2.1,1.0
2025-12-02,HSIC,2.3,1.5,2.1,1.0
2025-12-03,HSIC,1.1,1.5,2.1,1.0
2025-12-04,HSIC,1.1,1.5,2.1,1.0
2025-12-05,HSIC,1.2,1.5,2.1,1.0
2025-12-01,HST,0.3,0.3,0.5,0.2
2025-12-02,HST,0.2,0.3,0.5,0.2
2025-12-03,HST,0.2,0.3,0.5,0.2
2025-12-04,HST,0.6,0.3,0.5,0.2
2025-12-05,HST,0.3,0.3,0.5,0.2
2025-12-01,HSY,3.1,3.7,4.8,2.7
2025-12-02,HSY,4.8,3.7,4.8,2.7
2025-12-03,HSY,5.0,3.7,4.8,2.7
2025-12-04,HSY,3.2,3.7,4.8,2.7
2025-12-05,HSY,2.7,3.7,4.8,2.7
2025-12-01,HUBB,7.1,9.1,11.7,6.4
2025-12-02,HUBB,8.3,9.1,11.7,6.4
2025-12-03,HUBB,9.2,9.1,11.7,6.4
2025-12-04,HUBB,13.6,9.1,11.7,6.4
2025-12-05,HUBB,7.1,9.1,11.7,6.4
2025-12-01,HUM,5.0,8.4,13.3,3.5
2025-12-02,HUM,5.2,8.4,13.3,3.5
2025-12-03,HUM,16.7,8.4,13.3,3.5
2025-12-04,HUM,6.5,8.4,13.3,3.5
2025-12-05,HUM,8.7,8.4,13.3,3.5
2025-12-01,HWM,5.1,5.8,7.4,4.3
2025-12-02,HWM,6.3,5.8,7.4,4.3
2025-12-03,HWM,4.8,5.8,7.4,4.3
2025-12-04,HWM,4.6,5.8,7.4,4.3
2025-12-05,HWM,8.3,5.8,7.4,4.3
2025-12-01,HYD,0.2,0.1,0.2,0.1
2025-12-02,HYD,0.2,0.1,0.2,0.1
2025-12-03,HYD,0.1,0.1,0.2,0.1
2025-12-04,HYD,0.1,0.1,0.2,0.1
2025-12-05,HYD,0.1,0.1,0.2,0.1
2025-12-01,HYG,0.2,0.2,0.2,0.1
2025-12-02,HYG,0.2,0.2,0.2,0.1
2025-12-03,HYG,0.2,0.2,0.2,0.1
2025-12-04,HYG,0.2,0.2,0.2,0.1
2025-12-05,HYG,0.1,0.2,0.2,0.1
2025-12-01,IBKR,3.2,1.8,2.6,1.0
2025-12-02,IBKR,1.2,1.8,2.6,1.0
2025-12-03,IBKR,1.5,1.8,2.6,1.0
2025-12-04,IBKR,1.4,1.8,2.6,1.0
2025-12-05,IBKR,1.6,1.8,2.6,1.0
2025-12-01,IBM,4.3,6.0,7.9,4.1
2025-12-02,IBM,8.9,6.0,7.9,4.1
2025-12-03,IBM,5.1,6.0,7.9,4.1
2025-12-04,IBM,7.1,6.0,7.9,4.1
2025-12-05,IBM,4.7,6.0,7.9,4.1
2025-12-01,ICE,1.6,2.1,2.5,1.6
2025-12-02,ICE,2.5,2.1,2.5,1.6
2025-12-03,ICE,1.8,2.1,2.5,1.6
2025-12-04,ICE,2.6,2.1,2.5,1.6
2025-12-05,ICE,1.9,2.1,2.5,1.6
2025-12-01,ICL,0.1,0.1,0.2,0.0
2025-12-02,ICL,0.1,0.1,0.2,0.0
2025-12-03,ICL,0.2,0.1,0.2,0.0
2025-12-04,ICL,0.1,0.1,0.2,0.0
2025-12-05,ICL,0.1,0.1,0.2,0.0
2025-12-01,IDXX,19.6,16.0,18.9,13.1
2025-12-02,IDXX,16.0,16.0,18.9,13.1
2025-12-03,IDXX,14.4,16.0,18.9,13.1
2025-12-04,IDXX,17.9,16.0,18.9,13.1
2025-12-05,IDXX,12.2,16.0,18.9,13.1
2025-12-01,IEF,0.2,0.2,0.3,0.2
2025-12-02,IEF,0.2,0.2,0.3,0.2
2025-12-03,IEF,0.2,0.2,0.3,0.2
2025-12-04,IEF,0.2,0.2,0.3,0.2
2025-12-05,IEF,0.3,0.2,0.3,0.2
2025-12-01,IEX,4.1,3.0,3.6,2.3
2025-12-02,IEX,3.0,3.0,3.6,2.3
2025-12-03,IEX,2.3,3.0,3.6,2.3
2025-12-04,IEX,2.7,3.0,3.6,2.3
2025-12-05,IEX,2.7,3.0,3.6,2.3
2025-12-01,IFF,0.9,1.6,2.0,1.1
2025-12-02,IFF,1.6,1.6,2.0,1.1
2025-12-03,IFF,2.0,1.6,2.0,1.1
2025-12-04,IFF,1.7,1.6,2.0,1.1
2025-12-05,IFF,1.6,1.6,2.0,1.1
2025-12-01,INCY,2.4,3.0,4.4,1.7
2025-12-02,INCY,3.0,3.0,4.4,1.7
2025-12-03,INCY,1.7,3.0,4.4,1.7
2025-12-04,INCY,2.8,3.0,4.4,1.7
2025-12-05,INCY,5.3,3.0,4.4,1.7
2025-12-01,INDA,0.3,0.2,0.3,0.2
2025-12-02,INDA,0.2,0.2,0.3,0.2
2025-12-03,INDA,0.3,0.2,0.3,0.2
2025-12-04,INDA,0.2,0.2,0.3,0.2
2025-12-05,INDA,0.2,0.2,0.3,0.2
2025-12-01,INTC,0.8,2.1,3.3,1.0
2025-12-02,INTC,3.6,2.1,3.3,1.0
2025-12-03,INTC,1.5,2.1,3.3,1.0
2025-12-04,INTC,3.1,2.1,3.3,1.0
2025-12-05,INTC,1.7,2.1,3.3,1.0
2025-12-01,INTU,8.8,13.9,18.0,9.9
2025-12-02,INTU,11.8,13.9,18.0,9.9
2025-12-03,INTU,18.2,13.9,18.0,9.9
2025-12-04,INTU,17.8,13.9,18.0,9.9
2025-12-05,INTU,13.1,13.9,18.0,9.9
2025-12-01,INVH,0.5,0.4,0.6,0.3
2025-12-02,INVH,0.3,0.4,0.6,0.3
2025-12-03,INVH,0.5,0.4,0.6,0.3
2025-12-04,INVH,0.5,0.4,0.6,0.3
2025-12-05,INVH,0.3,0.4,0.6,0.3
2025-12-01,IP,0.7,0.9,1.2,0.6
2025-12-02,IP,1.3,0.9,1.2,0.6
2025-12-03,IP,1.2,0.9,1.2,0.6
2025-12-04,IP,0.5,0.9,1.2,0.6
2025-12-05,IP,1.0,0.9,1.2,0.6
2025-12-01,IQV,4.3,6.4,10.4,2.4
2025-12-02,IQV,4.3,6.4,10.4,2.4
2025-12-03,IQV,4.8,6.4,10.4,2.4
2025-12-04,IQV,13.5,6.4,10.4,2.4
2025-12-05,IQV,4.9,6.4,10.4,2.4
2025-12-01,IR,1.7,1.2,1.6,0.8
2025-12-02,IR,1.6,1.2,1.6,0.8
2025-12-03,IR,1.2,1.2,1.6,0.8
2025-12-04,IR,0.8,1.2,1.6,0.8
2025-12-05,IR,0.8,1.2,1.6,0.8
2025-12-01,IRM,2.3,1.8,2.4,1.3
2025-12-02,IRM,1.1,1.8,2.4,1.3
2025-12-03,IRM,2.4,1.8,2.4,1.3
2025-12-04,IRM,1.9,1.8,2.4,1.3
2025-12-05,IRM,1.5,1.8,2.4,1.3
2025-12-01,ISRG,6.9,8.4,9.6,7.2
2025-12-02,ISRG,9.4,8.4,9.6,7.2
2025-12-03,ISRG,8.7,8.4,9.6,7.2
2025-12-04,ISRG,9.5,8.4,9.6,7.2
2025-12-05,ISRG,7.5,8.4,9.6,7.2
2025-12-01,IT,4.8,4.8,5.5,4.1
2025-12-02,IT,3.6,4.8,5.5,4.1
2025-12-03,IT,4.8,4.8,5.5,4.1
2025-12-04,IT,5.4,4.8,5.5,4.1
2025-12-05,IT,5.3,4.8,5.5,4.1
2025-12-01,ITW,3.2,3.3,3.7,2.9
2025-12-02,ITW,3.6,3.3,3.7,2.9
2025-12-03,ITW,3.8,3.3,3.7,2.9
2025-12-04,ITW,3.1,3.3,3.7,2.9
2025-12-05,ITW,2.7,3.3,3.7,2.9
2025-12-01,IVZ,0.8,0.8,1.1,0.5
2025-12-02,IVZ,0.5,0.8,1.1,0.5
2025-12-03,IVZ,0.5,0.8,1.1,0.5
2025-12-04,IVZ,1.1,0.8,1.1,0.5
2025-12-05,IVZ,1.2,0.8,1.1,0.5
2025-12-01,IWD,1.6,1.4,1.7,1.0
2025-12-02,IWD,1.3,1.4,1.7,1.0
2025-12-03,IWD,1.8,1.4,1.7,1.0
2025-12-04,IWD,1.0,1.4,1.7,1.0
2025-12-05,IWD,1.1,1.4,1.7,1.0
2025-12-01,IWF,4.9,4.2,4.7,3.6
2025-12-02,IWF,4.4,4.2,4.7,3.6
2025-12-03,IWF,4.3,4.2,4.7,3.6
2025-12-04,IWF,3.8,4.2,4.7,3.6
2025-12-05,IWF,3.5,4.2,4.7,3.6
2025-12-01,IWM,2.4,3.1,4.1,2.0
2025-12-02,IWM,2.3,3.1,4.1,2.0
2025-12-03,IWM,4.4,3.1,4.1,2.0
2025-12-04,IWM,4.1,3.1,4.1,2.0
2025-12-05,IWM,2.4,3.1,4.1,2.0
2025-12-01,J,3.2,3.2,3.7,2.8
2025-12-02,J,2.5,3.2,3.7,2.8
2025-12-03,J,3.8,3.2,3.7,2.8
2025-12-04,J,3.4,3.2,3.7,2.8
2025-12-05,J,3.4,3.2,3.7,2.8
2025-12-01,JBHT,7.9,5.8,8.0,3.5
2025-12-02,JBHT,8.2,5.8,8.0,3.5
2025-12-03,JBHT,5.2,5.8,8.0,3.5
2025-12-04,JBHT,4.5,5.8,8.0,3.5
2025-12-05,JBHT,3.0,5.8,8.0,3.5
2025-12-01,JBL,6.3,5.7,7.1,4.2
2025-12-02,JBL,4.6,5.7,7.1,4.2
2025-12-03,JBL,6.0,5.7,7.1,4.2
2025-12-04,JBL,7.7,5.7,7.1,4.2
2025-12-05,JBL,3.9,5.7,7.1,4.2
2025-12-01,JCI,1.4,1.5,2.0,1.0
2025-12-02,JCI,1.2,1.5,2.0,1.0
2025-12-03,JCI,1.9,1.5,2.0,1.0
2025-12-04,JCI,2.2,1.5,2.0,1.0
2025-12-05,JCI,1.0,1.5,2.0,1.0
2025-12-01,JKHY,2.9,3.8,5.3,2.3
2025-12-02,JKHY,2.0,3.8,5.3,2.3
2025-12-03,JKHY,4.9,3.8,5.3,2.3
2025-12-04,JKHY,5.6,3.8,5.3,2.3
2025-12-05,JKHY,3.6,3.8,5.3,2.3
2025-12-01,JNJ,2.4,2.5,2.9,2.1
2025-12-02,JNJ,2.5,2.5,2.9,2.1
2025-12-03,JNJ,2.0,2.5,2.9,2.1
2025-12-04,JNJ,3.2,2.5,2.9,2.1
2025-12-05,JNJ,2.6,2.5,2.9,2.1
2025-12-01,JNK,0.2,0.2,0.2,0.2
2025-12-02,JNK,0.2,0.2,0.2,0.2
2025-12-03,JNK,0.3,0.2,0.2,0.2
2025-12-04,JNK,0.2,0.2,0.2,0.2
2025-12-05,JNK,0.2,0.2,0.2,0.2
2025-12-01,JPM,5.5,4.7,5.8,3.7
2025-12-02,JPM,3.4,4.7,5.8,3.7
2025-12-03,JPM,5.6,4.7,5.8,3.7
2025-12-04,JPM,5.5,4.7,5.8,3.7
2025-12-05,JPM,3.8,4.7,5.8,3.7
2025-12-01,K,0.2,0.1,0.2,0.1
2025-12-02,K,0.0,0.1,0.2,0.1
2025-12-03,K,0.1,0.1,0.2,0.1
2025-12-04,K,0.1,0.1,0.2,0.1
2025-12-05,K,0.2,0.1,0.2,0.1
2025-12-01,KDP,0.4,0.4,0.5,0.4
2025-12-02,KDP,0.4,0.4,0.5,0.4
2025-12-03,KDP,0.5,0.4,0.5,0.4
2025-12-04,KDP,0.4,0.4,0.5,0.4
2025-12-05,KDP,0.5,0.4,0.5,0.4
2025-12-01,KEY,0.4,0.4,0.6,0.3
2025-12-02,KEY,0.3,0.4,0.6,0.3
2025-12-03,KEY,0.5,0.4,0.6,0.3
2025-12-04,KEY,0.4,0.4,0.6,0.3
2025-12-05,KEY,0.6,0.4,0.6,0.3
2025-12-01,KEYS,2.6,4.3,6.2,2.3
2025-12-02,KEYS,4.5,4.3,6.2,2.3
2025-12-03,KEYS,7.4,4.3,6.2,2.3
2025-12-04,KEYS,4.0,4.3,6.2,2.3
2025-12-05,KEYS,2.8,4.3,6.2,2.3
2025-12-01,KHC,0.4,0.5,0.7,0.4
2025-12-02,KHC,0.8,0.5,0.7,0.4
2025-12-03,KHC,0.4,0.5,0.7,0.4
2025-12-04,KHC,0.6,0.5,0.7,0.4
2025-12-05,KHC,0.5,0.5,0.7,0.4
2025-12-01,KIM,0.2,0.2,0.3,0.2
2025-12-02,KIM,0.4,0.2,0.3,0.2
2025-12-03,KIM,0.2,0.2,0.3,0.2
2025-12-04,KIM,0.2,0.2,0.3,0.2
2025-12-05,KIM,0.2,0.2,0.3,0.2
2025-12-01,KKR,4.1,3.4,4.5,2.3
2025-12-02,KKR,2.0,3.4,4.5,2.3
2025-12-03,KKR,4.8,3.4,4.5,2.3
2025-12-04,KKR,2.6,3.4,4.5,2.3
2025-12-05,KKR,3.5,3.4,4.5,2.3
2025-12-01,KLAC,24.5,31.1,42.8,19.3
2025-12-02,KLAC,34.2,31.1,42.8,19.3
2025-12-03,KLAC,49.7,31.1,42.8,19.3
2025-12-04,KLAC,19.3,31.1,42.8,19.3
2025-12-05,KLAC,27.7,31.1,42.8,19.3
2025-12-01,KMB,1.7,2.0,2.3,1.7
2025-12-02,KMB,2.3,2.0,2.3,1.7
2025-12-03,KMB,2.2,2.0,2.3,1.7
2025-12-04,KMB,2.1,2.0,2.3,1.7
2025-12-05,KMB,1.7,2.0,2.3,1.7
2025-12-01,KMI,0.3,0.5,0.7,0.3
2025-12-02,KMI,0.5,0.5,0.7,0.3
2025-12-03,KMI,0.5,0.5,0.7,0.3
2025-12-04,KMI,0.8,0.5,0.7,0.3
2025-12-05,KMI,0.3,0.5,0.7,0.3
2025-12-01,KMX,1.7,1.1,1.5,0.8
2025-12-02,KMX,1.0,1.1,1.5,0.8
2025-12-03,KMX,0.9,1.1,1.5,0.8
2025-12-04,KMX,0.9,1.1,1.5,0.8
2025-12-05,KMX,1.1,1.1,1.5,0.8
2025-12-01,KO,1.0,1.0,1.2,0.8
2025-12-02,KO,1.4,1.0,1.2,0.8
2025-12-03,KO,0.8,1.0,1.2,0.8
2025-12-04,KO,1.0,1.0,1.2,0.8
2025-12-05,KO,0.8,1.0,1.2,0.8
2025-12-01,KR,0.9,1.7,2.6,0.8
2025-12-02,KR,1.5,1.7,2.6,0.8
2025-12-03,KR,1.6,1.7,2.6,0.8
2025-12-04,KR,3.3,1.7,2.6,0.8
2025-12-05,KR,1.3,1.7,2.6,0.8
2025-12-01,KVUE,0.3,0.3,0.3,0.3
2025-12-02,KVUE,0.3,0.3,0.3,0.3
2025-12-03,KVUE,0.3,0.3,0.3,0.3
2025-12-04,KVUE,0.3,0.3,0.3,0.3
2025-12-05,KVUE,0.3,0.3,0.3,0.3
2025-12-01,L,2.2,1.8,2.2,1.5
2025-12-02,L,1.3,1.8,2.2,1.5
2025-12-03,L,1.8,1.8,2.2,1.5
2025-12-04,L,1.9,1.8,2.2,1.5
2025-12-05,L,2.0,1.8,2.2,1.5
2025-12-01,LDOS,3.4,4.9,7.4,2.4
2025-12-02,LDOS,3.7,4.9,7.4,2.4
2025-12-03,LDOS,2.3,4.9,7.4,2.4
2025-12-04,LDOS,7.5,4.9,7.4,2.4
2025-12-05,LDOS,7.7,4.9,7.4,2.4
2025-12-01,LEN,3.4,4.5,5.7,3.3
2025-12-02,LEN,3.9,4.5,5.7,3.3
2025-12-03,LEN,4.5,4.5,5.7,3.3
2025-12-04,LEN,6.5,4.5,5.7,3.3
2025-12-05,LEN,4.3,4.5,5.7,3.3
2025-12-01,LH,5.8,4.5,5.9,3.0
2025-12-02,LH,3.5,4.5,5.9,3.0
2025-12-03,LH,2.8,4.5,5.9,3.0
2025-12-04,LH,6.1,4.5,5.9,3.0
2025-12-05,LH,4.1,4.5,5.9,3.0
2025-12-01,LHX,5.2,5.0,6.0,4.0
2025-12-02,LHX,3.4,5.0,6.0,4.0
2025-12-03,LHX,5.6,5.0,6.0,4.0
2025-12-04,LHX,6.0,5.0,6.0,4.0
2025-12-05,LHX,4.9,5.0,6.0,4.0
2025-12-01,LII,9.8,13.9,19.8,8.0
2025-12-02,LII,10.4,13.9,19.8,8.0
2025-12-03,LII,20.6,13.9,19.8,8.0
2025-12-04,LII,20.1,13.9,19.8,8.0
2025-12-05,LII,8.7,13.9,19.8,8.0
2025-12-01,LIN,4.8,5.9,6.9,4.9
2025-12-02,LIN,7.1,5.9,6.9,4.9
2025-12-03,LIN,5.0,5.9,6.9,4.9
2025-12-04,LIN,6.8,5.9,6.9,4.9
2025-12-05,LIN,5.7,5.9,6.9,4.9
2025-12-01,LKQ,0.5,0.7,0.9,0.6
2025-12-02,LKQ,0.9,0.7,0.9,0.6
2025-12-03,LKQ,0.7,0.7,0.9,0.6
2025-12-04,LKQ,0.9,0.7,0.9,0.6
2025-12-05,LKQ,0.7,0.7,0.9,0.6
2025-12-01,LLY,29.2,27.0,29.5,24.5
2025-12-02,LLY,27.8,27.0,29.5,24.5
2025-12-03,LLY,29.2,27.0,29.5,24.5
2025-12-04,LLY,25.4,27.0,29.5,24.5
2025-12-05,LLY,23.4,27.0,29.5,24.5
2025-12-01,LMT,15.6,8.2,12.8,3.6
2025-12-02,LMT,5.5,8.2,12.8,3.6
2025-12-03,LMT,9.4,8.2,12.8,3.6
2025-12-04,LMT,4.1,8.2,12.8,3.6
2025-12-05,LMT,6.4,8.2,12.8,3.6
2025-12-01,LNT,1.9,1.1,1.6,0.7
2025-12-02,LNT,1.2,1.1,1.6,0.7
2025-12-03,LNT,0.8,1.1,1.6,0.7
2025-12-04,LNT,1.1,1.1,1.6,0.7
2025-12-05,LNT,0.6,1.1,1.6,0.7
2025-12-01,LOW,8.2,4.8,6.8,2.7
2025-12-02,LOW,4.6,4.8,6.8,2.7
2025-12-03,LOW,4.8,4.8,6.8,2.7
2025-12-04,LOW,3.2,4.8,6.8,2.7
2025-12-05,LOW,3.0,4.8,6.8,2.7
2025-12-01,LQD,0.2,0.3,0.3,0.2
2025-12-02,LQD,0.3,0.3,0.3,0.2
2025-12-03,LQD,0.3,0.3,0.3,0.2
2025-12-04,LQD,0.2,0.3,0.3,0.2
2025-12-05,LQD,0.3,0.3,0.3,0.2
2025-12-01,LRCX,3.5,4.2,5.8,2.7
2025-12-02,LRCX,3.8,4.2,5.8,2.7
2025-12-03,LRCX,7.0,4.2,5.8,2.7
2025-12-04,LRCX,3.6,4.2,5.8,2.7
2025-12-05,LRCX,3.2,4.2,5.8,2.7
2025-12-01,LULU,4.7,5.3,6.8,3.8
2025-12-02,LULU,3.2,5.3,6.8,3.8
2025-12-03,LULU,6.2,5.3,6.8,3.8
2025-12-04,LULU,5.3,5.3,6.8,3.8
2025-12-05,LULU,7.2,5.3,6.8,3.8
2025-12-01,LUV,0.8,1.3,2.2,0.4
2025-12-02,LUV,1.3,1.3,2.2,0.4
2025-12-03,LUV,0.5,1.3,2.2,0.4
2025-12-04,LUV,1.2,1.3,2.2,0.4
2025-12-05,LUV,2.9,1.3,2.2,0.4
2025-12-01,LVS,1.4,1.5,2.0,0.9
2025-12-02,LVS,1.4,1.5,2.0,0.9
2025-12-03,LVS,2.1,1.5,2.0,0.9
2025-12-04,LVS,1.7,1.5,2.0,0.9
2025-12-05,LVS,0.7,1.5,2.0,0.9
2025-12-01,LW,1.1,1.2,1.5,0.8
2025-12-02,LW,1.0,1.2,1.5,0.8
2025-12-03,LW,1.6,1.2,1.5,0.8
2025-12-04,LW,1.4,1.2,1.5,0.8
2025-12-05,LW,0.6,1.2,1.5,0.8
2025-12-01,LYB,1.8,2.2,3.0,1.4
2025-12-02,LYB,1.5,2.2,3.0,1.4
2025-12-03,LYB,2.6,2.2,3.0,1.4
2025-12-04,LYB,3.4,2.2,3.0,1.4
2025-12-05,LYB,1.7,2.2,3.0,1.4
2025-12-01,LYV,2.6,4.2,6.3,2.1
2025-12-02,LYV,3.0,4.2,6.3,2.1
2025-12-03,LYV,7.8,4.2,6.3,2.1
2025-12-04,LYV,4.5,4.2,6.3,2.1
2025-12-05,LYV,3.0,4.2,6.3,2.1
2025-12-01,MA,6.4,11.5,16.7,6.3
2025-12-02,MA,13.7,11.5,16.7,6.3
2025-12-03,MA,8.6,11.5,16.7,6.3
2025-12-04,MA,19.4,11.5,16.7,6.3
2025-12-05,MA,9.2,11.5,16.7,6.3
2025-12-01,MAA,2.1,2.0,2.4,1.7
2025-12-02,MAA,2.0,2.0,2.4,1.7
2025-12-03,MAA,2.0,2.0,2.4,1.7
2025-12-04,MAA,2.5,2.0,2.4,1.7
2025-12-05,MAA,1.5,2.0,2.4,1.7
2025-12-01,MAR,5.1,7.2,11.2,3.1
2025-12-02,MAR,6.3,7.2,11.2,3.1
2025-12-03,MAR,5.9,7.2,11.2,3.1
2025-12-04,MAR,14.3,7.2,11.2,3.1
2025-12-05,MAR,4.3,7.2,11.2,3.1
2025-12-01,MAS,1.9,1.6,2.2,1.0
2025-12-02,MAS,1.1,1.6,2.2,1.0
2025-12-03,MAS,1.3,1.6,2.2,1.0
2025-12-04,MAS,1.2,1.6,2.2,1.0
2025-12-05,MAS,2.4,1.6,2.2,1.0
2025-12-01,MCD,6.1,5.5,6.8,4.1
2025-12-02,MCD,4.2,5.5,6.8,4.1
2025-12-03,MCD,6.7,5.5,6.8,4.1
2025-12-04,MCD,6.5,5.5,6.8,4.1
2025-12-05,MCD,3.9,5.5,6.8,4.1
2025-12-01,MCHI,0.6,0.4,0.5,0.3
2025-12-02,MCHI,0.5,0.4,0.5,0.3
2025-12-03,MCHI,0.5,0.4,0.5,0.3
2025-12-04,MCHI,0.3,0.4,0.5,0.3
2025-12-05,MCHI,0.3,0.4,0.5,0.3
2025-12-01,MCHP,1.7,2.9,4.4,1.3
2025-12-02,MCHP,4.0,2.9,4.4,1.3
2025-12-03,MCHP,5.0,2.9,4.4,1.3
2025-12-04,MCHP,2.3,2.9,4.4,1.3
2025-12-05,MCHP,1.4,2.9,4.4,1.3
2025-12-01,MCK,27.7,22.8,32.7,12.9
2025-12-02,MCK,29.2,22.8,32.7,12.9
2025-12-03,MCK,32.7,22.8,32.7,12.9
2025-12-04,MCK,11.7,22.8,32.7,12.9
2025-12-05,MCK,12.6,22.8,32.7,12.9
2025-12-01,MCO,8.2,7.6,9.7,5.4
2025-12-02,MCO,6.1,7.6,9.7,5.4
2025-12-03,MCO,5.3,7.6,9.7,5.4
2025-12-04,MCO,7.4,7.6,9.7,5.4
2025-12-05,MCO,10.8,7.6,9.7,5.4
2025-12-01,MDLZ,1.3,1.2,1.4,0.9
2025-12-02,MDLZ,1.1,1.2,1.4,0.9
2025-12-03,MDLZ,1.0,1.2,1.4,0.9
2025-12-04,MDLZ,1.0,1.2,1.4,0.9
2025-12-05,MDLZ,1.6,1.2,1.4,0.9
2025-12-01,MDT,2.4,1.5,2.1,1.0
2025-12-02,MDT,1.8,1.5,2.1,1.0
2025-12-03,MDT,1.3,1.5,2.1,1.0
2025-12-04,MDT,1.0,1.5,2.1,1.0
2025-12-05,MDT,1.2,1.5,2.1,1.0
2025-12-01,MDY,7.1,5.7,6.6,4.8
2025-12-02,MDY,5.3,5.7,6.6,4.8
2025-12-03,MDY,5.9,5.7,6.6,4.8
2025-12-04,MDY,5.7,5.7,6.6,4.8
2025-12-05,MDY,4.6,5.7,6.6,4.8
2025-12-01,MET,1.0,1.0,1.3,0.8
2025-12-02,MET,1.0,1.0,1.3,0.8
2025-12-03,MET,1.4,1.0,1.3,0.8
2025-12-04,MET,0.8,1.0,1.3,0.8
2025-12-05,MET,1.0,1.0,1.3,0.8
2025-12-01,META,7.6,11.4,14.6,8.2
2025-12-02,META,9.8,11.4,14.6,8.2
2025-12-03,META,11.3,11.4,14.6,8.2
2025-12-04,META,16.1,11.4,14.6,8.2
2025-12-05,META,12.3,11.4,14.6,8.2
2025-12-01,MGM,0.7,0.9,1.3,0.5
2025-12-02,MGM,0.8,0.9,1.3,0.5
2025-12-03,MGM,0.7,0.9,1.3,0.5
2025-12-04,MGM,0.8,0.9,1.3,0.5
2025-12-05,MGM,1.5,0.9,1.3,0.5
2025-12-01,MHK,3.0,3.0,3.4,2.5
2025-12-02,MHK,2.7,3.0,3.4,2.5
2025-12-03,MHK,2.6,3.0,3.4,2.5
2025-12-04,MHK,3.7,3.0,3.4,2.5
2025-12-05,MHK,3.0,3.0,3.4,2.5
2025-12-01,MKC,1.2,1.3,1.8,0.9
2025-12-02,MKC,1.2,1.3,1.8,0.9
2025-12-03,MKC,2.0,1.3,1.8,0.9
2025-12-04,MKC,1.5,1.3,1.8,0.9
2025-12-05,MKC,0.8,1.3,1.8,0.9
2025-12-01,MLM,9.5,11.2,13.4,9.1
2025-12-02,MLM,12.2,11.2,13.4,9.1
2025-12-03,MLM,9.5,11.2,13.4,9.1
2025-12-04,MLM,10.5,11.2,13.4,9.1
2025-12-05,MLM,14.6,11.2,13.4,9.1
2025-12-01,MMC,3.1,2.8,3.3,2.3
2025-12-02,MMC,2.9,2.8,3.3,2.3
2025-12-03,MMC,2.0,2.8,3.3,2.3
2025-12-04,MMC,2.6,2.8,3.3,2.3
2025-12-05,MMC,3.4,2.8,3.3,2.3
2025-12-01,MMM,2.4,3.0,3.7,2.4
2025-12-02,MMM,2.3,3.0,3.7,2.4
2025-12-03,MMM,3.5,3.0,3.7,2.4
2025-12-04,MMM,3.3,3.0,3.7,2.4
2025-12-05,MMM,3.7,3.0,3.7,2.4
2025-12-01,MNST,1.2,1.2,1.5,0.9
2025-12-02,MNST,1.7,1.2,1.5,0.9
2025-12-03,MNST,1.3,1.2,1.5,0.9
2025-12-04,MNST,1.1,1.2,1.5,0.9
2025-12-05,MNST,0.8,1.2,1.5,0.9
2025-12-01,MO,0.5,0.7,0.9,0.5
2025-12-02,MO,0.9,0.7,0.9,0.5
2025-12-03,MO,1.0,0.7,0.9,0.5
2025-12-04,MO,0.7,0.7,0.9,0.5
2025-12-05,MO,0.5,0.7,0.9,0.5
2025-12-01,MOH,3.7,3.5,4.7,2.3
2025-12-02,MOH,4.0,3.5,4.7,2.3
2025-12-03,MOH,5.3,3.5,4.7,2.3
2025-12-04,MOH,2.3,3.5,4.7,2.3
2025-12-05,MOH,2.5,3.5,4.7,2.3
2025-12-01,MOS,1.0,0.7,1.0,0.5
2025-12-02,MOS,0.8,0.7,1.0,0.5
2025-12-03,MOS,0.4,0.7,1.0,0.5
2025-12-04,MOS,0.4,0.7,1.0,0.5
2025-12-05,MOS,1.0,0.7,1.0,0.5
2025-12-01,MP,2.4,3.1,4.0,2.2
2025-12-02,MP,3.5,3.1,4.0,2.2
2025-12-03,MP,3.1,3.1,4.0,2.2
2025-12-04,MP,4.3,3.1,4.0,2.2
2025-12-05,MP,2.1,3.1,4.0,2.2
2025-12-01,MPC,4.0,4.4,5.2,3.7
2025-12-02,MPC,4.9,4.4,5.2,3.7
2025-12-03,MPC,5.5,4.4,5.2,3.7
2025-12-04,MPC,4.1,4.4,5.2,3.7
2025-12-05,MPC,3.6,4.4,5.2,3.7
2025-12-01,MPWR,43.3,29.6,39.2,20.1
2025-12-02,MPWR,32.3,29.6,39.2,20.1
2025-12-03,MPWR,28.4,29.6,39.2,20.1
2025-12-04,MPWR,27.4,29.6,39.2,20.1
2025-12-05,MPWR,16.7,29.6,39.2,20.1
2025-12-01,MRK,4.0,2.4,3.4,1.4
2025-12-02,MRK,1.5,2.4,3.4,1.4
2025-12-03,MRK,1.6,2.4,3.4,1.4
2025-12-04,MRK,2.1,2.4,3.4,1.4
2025-12-05,MRK,2.9,2.4,3.4,1.4
2025-12-01,MRNA,1.1,1.3,2.0,0.7
2025-12-02,MRNA,0.7,1.3,2.0,0.7
2025-12-03,MRNA,1.3,1.3,2.0,0.7
2025-12-04,MRNA,1.2,1.3,2.0,0.7
2025-12-05,MRNA,2.4,1.3,2.0,0.7
2025-12-01,MS,2.0,2.9,4.7,1.2
2025-12-02,MS,1.4,2.9,4.7,1.2
2025-12-03,MS,5.9,2.9,4.7,1.2
2025-12-04,MS,2.3,2.9,4.7,1.2
2025-12-05,MS,3.0,2.9,4.7,1.2
2025-12-01,MSCI,7.6,11.0,14.0,8.1
2025-12-02,MSCI,14.8,11.0,14.0,8.1
2025-12-03,MSCI,8.4,11.0,14.0,8.1
2025-12-04,MSCI,11.7,11.0,14.0,8.1
2025-12-05,MSCI,12.7,11.0,14.0,8.1
2025-12-01,MSFT,5.2,6.2,8.1,4.2
2025-12-02,MSFT,7.2,6.2,8.1,4.2
2025-12-03,MSFT,9.0,6.2,8.1,4.2
2025-12-04,MSFT,4.8,6.2,8.1,4.2
2025-12-05,MSFT,4.5,6.2,8.1,4.2
2025-12-01,MSI,7.1,6.5,7.4,5.6
2025-12-02,MSI,6.6,6.5,7.4,5.6
2025-12-03,MSI,5.0,6.5,7.4,5.6
2025-12-04,MSI,7.2,6.5,7.4,5.6
2025-12-05,MSI,6.5,6.5,7.4,5.6
2025-12-01,MTB,3.7,3.2,5.1,1.4
2025-12-02,MTB,2.1,3.2,5.1,1.4
2025-12-03,MTB,6.2,3.2,5.1,1.4
2025-12-04,MTB,2.2,3.2,5.1,1.4
2025-12-05,MTB,2.1,3.2,5.1,1.4
2025-12-01,MTCH,1.0,0.8,0.9,0.6
2025-12-02,MTCH,0.7,0.8,0.9,0.6
2025-12-03,MTCH,0.6,0.8,0.9,0.6
2025-12-04,MTCH,0.6,0.8,0.9,0.6
2025-12-05,MTCH,0.8,0.8,0.9,0.6
2025-12-01,MTD,25.0,31.1,40.6,21.7
2025-12-02,MTD,26.6,31.1,40.6,21.7
2025-12-03,MTD,30.0,31.1,40.6,21.7
2025-12-04,MTD,47.8,31.1,40.6,21.7
2025-12-05,MTD,26.4,31.1,40.6,21.7
2025-12-01,MTUM,2.6,2.9,3.5,2.2
2025-12-02,MTUM,3.1,2.9,3.5,2.2
2025-12-03,MTUM,3.9,2.9,3.5,2.2
2025-12-04,MTUM,2.4,2.9,3.5,2.2
2025-12-05,MTUM,2.4,2.9,3.5,2.2
2025-12-01,MU,10.9,11.1,12.7,9.4
2025-12-02,MU,10.0,11.1,12.7,9.4
2025-12-03,MU,9.7,11.1,12.7,9.4
2025-12-04,MU,10.8,11.1,12.7,9.4
2025-12-05,MU,13.9,11.1,12.7,9.4
2025-12-01,MUB,0.1,0.1,0.2,0.1
2025-12-02,MUB,0.2,0.1,0.2,0.1
2025-12-03,MUB,0.2,0.1,0.2,0.1
2025-12-04,MUB,0.1,0.1,0.2,0.1
2025-12-05,MUB,0.1,0.1,0.2,0.1
2025-12-01,NCLH,0.5,0.5,0.6,0.3
2025-12-02,NCLH,0.4,0.5,0.6,0.3
2025-12-03,NCLH,0.7,0.5,0.6,0.3
2025-12-04,NCLH,0.3,0.5,0.6,0.3
2025-12-05,NCLH,0.6,0.5,0.6,0.3
2025-12-01,NDAQ,1.5,1.5,2.1,0.8
2025-12-02,NDAQ,1.8,1.5,2.1,0.8
2025-12-03,NDAQ,1.1,1.5,2.1,0.8
2025-12-04,NDAQ,2.3,1.5,2.1,0.8
2025-12-05,NDAQ,0.7,1.5,2.1,0.8
2025-12-01,NDSN,3.5,3.5,4.4,2.7
2025-12-02,NDSN,4.4,3.5,4.4,2.7
2025-12-03,NDSN,4.3,3.5,4.4,2.7
2025-12-04,NDSN,3.2,3.5,4.4,2.7
2025-12-05,NDSN,2.3,3.5,4.4,2.7
2025-12-01,NDX,284.6,241.4,273.9,208.9
2025-12-02,NDX,253.2,241.4,273.9,208.9
2025-12-03,NDX,251.6,241.4,273.9,208.9
2025-12-04,NDX,207.9,241.4,273.9,208.9
2025-12-05,NDX,209.7,241.4,273.9,208.9
2025-12-01,NEE,1.3,1.4,1.8,1.0
2025-12-02,NEE,1.0,1.4,1.8,1.0
2025-12-03,NEE,1.5,1.4,1.8,1.0
2025-12-04,NEE,2.1,1.4,1.8,1.0
2025-12-05,NEE,1.1,1.4,1.8,1.0
2025-12-01,NEM,2.1,2.6,3.2,2.0
2025-12-02,NEM,3.5,2.6,3.2,2.0
2025-12-03,NEM,2.4,2.6,3.2,2.0
2025-12-04,NEM,2.2,2.6,3.2,2.0
2025-12-05,NEM,3.0,2.6,3.2,2.0
2025-12-01,NFLX,3.0,3.8,5.9,1.7
2025-12-02,NFLX,2.2,3.8,5.9,1.7
2025-12-03,NFLX,4.8,3.8,5.9,1.7
2025-12-04,NFLX,2.0,3.8,5.9,1.7
2025-12-05,NFLX,7.1,3.8,5.9,1.7
2025-12-01,NI,1.1,0.9,1.2,0.6
2025-12-02,NI,1.3,0.9,1.2,0.6
2025-12-03,NI,0.8,0.9,1.2,0.6
2025-12-04,NI,1.1,0.9,1.2,0.6
2025-12-05,NI,0.5,0.9,1.2,0.6
2025-12-01,NKE,2.4,1.5,2.1,0.8
2025-12-02,NKE,0.9,1.5,2.1,0.8
2025-12-03,NKE,1.7,1.5,2.1,0.8
2025-12-04,NKE,1.1,1.5,2.1,0.8
2025-12-05,NKE,1.2,1.5,2.1,0.8
2025-12-01,NOC,24.8,11.1,18.8,3.4
2025-12-02,NOC,6.1,11.1,18.8,3.4
2025-12-03,NOC,8.0,11.1,18.8,3.4
2025-12-04,NOC,8.5,11.1,18.8,3.4
2025-12-05,NOC,8.1,11.1,18.8,3.4
2025-12-01,NORW,0.2,0.2,0.2,0.1
2025-12-02,NORW,0.2,0.2,0.2,0.1
2025-12-03,NORW,0.2,0.2,0.2,0.1
2025-12-04,NORW,0.1,0.2,0.2,0.1
2025-12-05,NORW,0.2,0.2,0.2,0.1
2025-12-01,NOV,0.4,0.5,0.8,0.2
2025-12-02,NOV,0.4,0.5,0.8,0.2
2025-12-03,NOV,1.0,0.5,0.8,0.2
2025-12-04,NOV,0.4,0.5,0.8,0.2
2025-12-05,NOV,0.3,0.5,0.8,0.2
2025-12-01,NOW,27.1,19.1,25.9,12.2
2025-12-02,NOW,9.4,19.1,25.9,12.2
2025-12-03,NOW,19.5,19.1,25.9,12.2
2025-12-04,NOW,15.8,19.1,25.9,12.2
2025-12-05,NOW,23.5,19.1,25.9,12.2
2025-12-01,NQ=F,46.5,92.2,202.1,-17.7
2025-12-02,NQ=F,53.8,92.2,202.1,-17.7
2025-12-03,NQ=F,32.3,92.2,202.1,-17.7
2025-12-04,NQ=F,40.3,92.2,202.1,-17.7
2025-12-05,NQ=F,288.3,92.2,202.1,-17.7
2025-12-01,NRG,3.8,5.5,7.1,3.9
2025-12-02,NRG,5.3,5.5,7.1,3.9
2025-12-03,NRG,6.8,5.5,7.1,3.9
2025-12-04,NRG,4.2,5.5,7.1,3.9
2025-12-05,NRG,7.5,5.5,7.1,3.9
2025-12-01,NSC,4.2,3.8,5.0,2.7
2025-12-02,NSC,5.1,3.8,5.0,2.7
2025-12-03,NSC,4.5,3.8,5.0,2.7
2025-12-04,NSC,3.1,3.8,5.0,2.7
2025-12-05,NSC,2.3,3.8,5.0,2.7
2025-12-01,NTAP,3.0,2.8,3.5,2.0
2025-12-02,NTAP,3.9,2.8,3.5,2.0
2025-12-03,NTAP,2.6,2.8,3.5,2.0
2025-12-04,NTAP,2.3,2.8,3.5,2.0
2025-12-05,NTAP,2.1,2.8,3.5,2.0
2025-12-01,NTRS,2.1,1.9,2.1,1.7
2025-12-02,NTRS,1.7,1.9,2.1,1.7
2025-12-03,NTRS,1.8,1.9,2.1,1.7
2025-12-04,NTRS,1.8,1.9,2.1,1.7
2025-12-05,NTRS,2.1,1.9,2.1,1.7
2025-12-01,NUE,3.6,3.7,5.1,2.4
2025-12-02,NUE,1.8,3.7,5.1,2.4
2025-12-03,NUE,5.5,3.7,5.1,2.4
2025-12-04,NUE,4.2,3.7,5.1,2.4
2025-12-05,NUE,3.6,3.7,5.1,2.4
2025-12-01,NVDA,6.6,4.8,6.1,3.4
2025-12-02,NVDA,5.7,4.8,6.1,3.4
2025-12-03,NVDA,3.3,4.8,6.1,3.4
2025-12-04,NVDA,4.6,4.8,6.1,3.4
2025-12-05,NVDA,3.8,4.8,6.1,3.4
2025-12-01,NVR,164.5,141.8,173.6,109.9
2025-12-02,NVR,137.9,141.8,173.6,109.9
2025-12-03,NVR,118.8,141.8,173.6,109.9
2025-12-04,NVR,182.5,141.8,173.6,109.9
2025-12-05,NVR,105.3,141.8,173.6,109.9
2025-12-01,NWSA,0.5,0.4,0.6,0.3
2025-12-02,NWSA,0.4,0.4,0.6,0.3
2025-12-03,NWSA,0.2,0.4,0.6,0.3
2025-12-04,NWSA,0.4,0.4,0.6,0.3
2025-12-05,NWSA,0.7,0.4,0.6,0.3
2025-12-01,NXPI,8.9,9.6,15.9,3.3
2025-12-02,NXPI,18.0,9.6,15.9,3.3
2025-12-03,NXPI,13.6,9.6,15.9,3.3
2025-12-04,NXPI,4.2,9.6,15.9,3.3
2025-12-05,NXPI,3.2,9.6,15.9,3.3
2025-12-01,O,0.6,0.7,0.8,0.6
2025-12-02,O,0.7,0.7,0.8,0.6
2025-12-03,O,0.7,0.7,0.8,0.6
2025-12-04,O,0.8,0.7,0.8,0.6
2025-12-05,O,0.8,0.7,0.8,0.6
2025-12-01,ODFL,7.3,5.6,8.3,2.9
2025-12-02,ODFL,4.5,5.6,8.3,2.9
2025-12-03,ODFL,9.6,5.6,8.3,2.9
2025-12-04,ODFL,3.1,5.6,8.3,2.9
2025-12-05,ODFL,3.7,5.6,8.3,2.9
2025-12-01,OEF,2.1,2.5,2.9,2.1
2025-12-02,OEF,2.8,2.5,2.9,2.1
2025-12-03,OEF,2.8,2.5,2.9,2.1
2025-12-04,OEF,2.9,2.5,2.9,2.1
2025-12-05,OEF,2.1,2.5,2.9,2.1
2025-12-01,OKE,1.6,1.3,1.7,0.9
2025-12-02,OKE,0.8,1.3,1.7,0.9
2025-12-03,OKE,1.8,1.3,1.7,0.9
2025-12-04,OKE,1.2,1.3,1.7,0.9
2025-12-05,OKE,0.9,1.3,1.7,0.9
2025-12-01,OMC,1.8,2.4,3.6,1.3
2025-12-02,OMC,1.7,2.4,3.6,1.3
2025-12-03,OMC,2.8,2.4,3.6,1.3
2025-12-04,OMC,1.6,2.4,3.6,1.3
2025-12-05,OMC,4.4,2.4,3.6,1.3
2025-12-01,ON,2.1,3.0,4.8,1.2
2025-12-02,ON,2.8,3.0,4.8,1.2
2025-12-03,ON,6.0,3.0,4.8,1.2
2025-12-04,ON,2.7,3.0,4.8,1.2
2025-12-05,ON,1.5,3.0,4.8,1.2
2025-12-01,ORCL,6.8,8.0,9.6,6.4
2025-12-02,ORCL,9.7,8.0,9.6,6.4
2025-12-03,ORCL,8.5,8.0,9.6,6.4
2025-12-04,ORCL,9.1,8.0,9.6,6.4
2025-12-05,ORCL,5.9,8.0,9.6,6.4
2025-12-01,ORLY,1.6,2.1,2.8,1.3
2025-12-02,ORLY,2.6,2.1,2.8,1.3
2025-12-03,ORLY,3.0,2.1,2.8,1.3
2025-12-04,ORLY,1.2,2.1,2.8,1.3
2025-12-05,ORLY,1.9,2.1,2.8,1.3
2025-12-01,OTIS,1.0,1.1,1.5,0.8
2025-12-02,OTIS,1.6,1.1,1.5,0.8
2025-12-03,OTIS,1.3,1.1,1.5,0.8
2025-12-04,OTIS,0.6,1.1,1.5,0.8
2025-12-05,OTIS,1.2,1.1,1.5,0.8
2025-12-01,OXY,1.0,0.7,0.9,0.5
2025-12-02,OXY,0.8,0.7,0.9,0.5
2025-12-03,OXY,0.6,0.7,0.9,0.5
2025-12-04,OXY,0.4,0.7,0.9,0.5
2025-12-05,OXY,0.8,0.7,0.9,0.5
2025-12-01,PAM,1.8,3.3,4.5,2.2
2025-12-02,PAM,2.5,3.3,4.5,2.2
2025-12-03,PAM,3.7,3.3,4.5,2.2
2025-12-04,PAM,3.8,3.3,4.5,2.2
2025-12-05,PAM,4.8,3.3,4.5,2.2
2025-12-01,PANW,4.3,4.7,6.2,3.3
2025-12-02,PANW,3.9,4.7,6.2,3.3
2025-12-03,PANW,7.2,4.7,6.2,3.3
2025-12-04,PANW,3.6,4.7,6.2,3.3
2025-12-05,PANW,4.7,4.7,6.2,3.3
2025-12-01,PAYC,4.3,3.8,4.5,3.0
2025-12-02,PAYC,3.5,3.8,4.5,3.0
2025-12-03,PAYC,3.3,3.8,4.5,3.0
2025-12-04,PAYC,3.0,3.8,4.5,3.0
2025-12-05,PAYC,4.7,3.8,4.5,3.0
2025-12-01,PAYX,1.5,2.2,2.9,1.4
2025-12-02,PAYX,1.4,2.2,2.9,1.4
2025-12-03,PAYX,3.0,2.2,2.9,1.4
2025-12-04,PAYX,2.9,2.2,2.9,1.4
2025-12-05,PAYX,2.0,2.2,2.9,1.4
2025-12-01,PBR,0.3,0.4,0.7,0.1
2025-12-02,PBR,0.3,0.4,0.7,0.1
2025-12-03,PBR,0.2,0.4,0.7,0.1
2025-12-04,PBR,0.2,0.4,0.7,0.1
2025-12-05,PBR,0.9,0.4,0.7,0.1
2025-12-01,PCAR,2.1,2.7,3.7,1.7
2025-12-02,PCAR,2.5,2.7,3.7,1.7
2025-12-03,PCAR,4.5,2.7,3.7,1.7
2025-12-04,PCAR,1.9,2.7,3.7,1.7
2025-12-05,PCAR,2.6,2.7,3.7,1.7
2025-12-01,PCG,0.3,0.4,0.6,0.2
2025-12-02,PCG,0.7,0.4,0.6,0.2
2025-12-03,PCG,0.4,0.4,0.6,0.2
2025-12-04,PCG,0.3,0.4,0.6,0.2
2025-12-05,PCG,0.2,0.4,0.6,0.2
2025-12-01,PEG,1.8,1.4,1.7,1.0
2025-12-02,PEG,1.7,1.4,1.7,1.0
2025-12-03,PEG,1.2,1.4,1.7,1.0
2025-12-04,PEG,1.0,1.4,1.7,1.0
2025-12-05,PEG,1.2,1.4,1.7,1.0
2025-12-01,PEP,1.3,2.1,2.9,1.3
2025-12-02,PEP,3.0,2.1,2.9,1.3
2025-12-03,PEP,2.8,2.1,2.9,1.3
2025-12-04,PEP,2.1,2.1,2.9,1.3
2025-12-05,PEP,1.3,2.1,2.9,1.3
2025-12-01,PFE,0.7,0.5,0.7,0.3
2025-12-02,PFE,0.3,0.5,0.7,0.3
2025-12-03,PFE,0.6,0.5,0.7,0.3
2025-12-04,PFE,0.4,0.5,0.7,0.3
2025-12-05,PFE,0.5,0.5,0.7,0.3
2025-12-01,PFF,0.1,0.1,0.2,0.1
2025-12-02,PFF,0.2,0.1,0.2,0.1
2025-12-03,PFF,0.1,0.1,0.2,0.1
2025-12-04,PFF,0.1,0.1,0.2,0.1
2025-12-05,PFF,0.1,0.1,0.2,0.1
2025-12-01,PFG,1.1,1.5,2.2,0.9
2025-12-02,PFG,1.2,1.5,2.2,0.9
2025-12-03,PFG,2.5,1.5,2.2,0.9
2025-12-04,PFG,1.0,1.5,2.2,0.9
2025-12-05,PFG,2.0,1.5,2.2,0.9
2025-12-01,PG,1.5,2.6,3.4,1.8
2025-12-02,PG,3.7,2.6,3.4,1.8
2025-12-03,PG,2.4,2.6,3.4,1.8
2025-12-04,PG,2.9,2.6,3.4,1.8
2025-12-05,PG,2.4,2.6,3.4,1.8
2025-12-01,PGR,4.3,3.6,4.6,2.6
2025-12-02,PGR,4.3,3.6,4.6,2.6
2025-12-03,PGR,3.5,3.6,4.6,2.6
2025-12-04,PGR,2.0,3.6,4.6,2.6
2025-12-05,PGR,4.1,3.6,4.6,2.6
2025-12-01,PH,12.6,12.2,14.8,9.5
2025-12-02,PH,9.4,12.2,14.8,9.5
2025-12-03,PH,11.6,12.2,14.8,9.5
2025-12-04,PH,16.5,12.2,14.8,9.5
2025-12-05,PH,10.7,12.2,14.8,9.5
2025-12-01,PHM,2.1,2.9,3.8,2.1
2025-12-02,PHM,2.3,2.9,3.8,2.1
2025-12-03,PHM,3.6,2.9,3.8,2.1
2025-12-04,PHM,4.0,2.9,3.8,2.1
2025-12-05,PHM,2.6,2.9,3.8,2.1
2025-12-01,PKG,2.6,5.5,9.1,1.9
2025-12-02,PKG,11.6,5.5,9.1,1.9
2025-12-03,PKG,5.8,5.5,9.1,1.9
2025-12-04,PKG,3.2,5.5,9.1,1.9
2025-12-05,PKG,4.5,5.5,9.1,1.9
2025-12-01,PLD,2.6,1.8,2.5,1.2
2025-12-02,PLD,1.7,1.8,2.5,1.2
2025-12-03,PLD,1.5,1.8,2.5,1.2
2025-12-04,PLD,2.4,1.8,2.5,1.2
2025-12-05,PLD,1.1,1.8,2.5,1.2
2025-12-01,PLTR,6.0,6.0,7.9,4.1
2025-12-02,PLTR,6.2,6.0,7.9,4.1
2025-12-03,PLTR,9.1,6.0,7.9,4.1
2025-12-04,PLTR,4.0,6.0,7.9,4.1
2025-12-05,PLTR,5.0,6.0,7.9,4.1
2025-12-01,PM,2.5,3.3,4.7,1.8
2025-12-02,PM,3.0,3.3,4.7,1.8
2025-12-03,PM,4.0,3.3,4.7,1.8
2025-12-04,PM,5.4,3.3,4.7,1.8
2025-12-05,PM,1.6,3.3,4.7,1.8
2025-12-01,PNC,3.8,3.3,5.1,1.5
2025-12-02,PNC,2.1,3.3,5.1,1.5
2025-12-03,PNC,6.2,3.3,5.1,1.5
2025-12-04,PNC,1.8,3.3,5.1,1.5
2025-12-05,PNC,2.6,3.3,5.1,1.5
2025-12-01,PNR,2.4,1.8,2.2,1.5
2025-12-02,PNR,1.8,1.8,2.2,1.5
2025-12-03,PNR,1.6,1.8,2.2,1.5
2025-12-04,PNR,1.8,1.8,2.2,1.5
2025-12-05,PNR,1.6,1.8,2.2,1.5
2025-12-01,PNW,1.3,1.1,1.3,0.9
2025-12-02,PNW,1.2,1.1,1.3,0.9
2025-12-03,PNW,1.2,1.1,1.3,0.9
2025-12-04,PNW,1.0,1.1,1.3,0.9
2025-12-05,PNW,0.9,1.1,1.3,0.9
2025-12-01,PODD,14.8,10.9,14.4,7.5
2025-12-02,PODD,7.3,10.9,14.4,7.5
2025-12-03,PODD,7.2,10.9,14.4,7.5
2025-12-04,PODD,12.3,10.9,14.4,7.5
2025-12-05,PODD,13.0,10.9,14.4,7.5
2025-12-01,POOL,8.1,6.5,7.7,5.4
2025-12-02,POOL,6.1,6.5,7.7,5.4
2025-12-03,POOL,6.3,6.5,7.7,5.4
2025-12-04,POOL,7.2,6.5,7.7,5.4
2025-12-05,POOL,5.0,6.5,7.7,5.4
2025-12-01,POWA,0.7,0.3,0.6,0.1
2025-12-02,POWA,0.3,0.3,0.6,0.1
2025-12-03,POWA,0.1,0.3,0.6,0.1
2025-12-04,POWA,0.3,0.3,0.6,0.1
2025-12-05,POWA,0.3,0.3,0.6,0.1
2025-12-01,PPG,3.2,1.9,2.6,1.1
2025-12-02,PPG,1.6,1.9,2.6,1.1
2025-12-03,PPG,1.7,1.9,2.6,1.1
2025-12-04,PPG,1.7,1.9,2.6,1.1
2025-12-05,PPG,1.3,1.9,2.6,1.1
2025-12-01,PPL,1.0,0.8,1.0,0.6
2025-12-02,PPL,0.8,0.8,1.0,0.6
2025-12-03,PPL,0.8,0.8,1.0,0.6
2025-12-04,PPL,0.9,0.8,1.0,0.6
2025-12-05,PPL,0.5,0.8,1.0,0.6
2025-12-01,PPLT,4.0,3.0,3.9,2.0
2025-12-02,PPLT,3.2,3.0,3.9,2.0
2025-12-03,PPLT,3.6,3.0,3.9,2.0
2025-12-04,PPLT,2.5,3.0,3.9,2.0
2025-12-05,PPLT,1.6,3.0,3.9,2.0
2025-12-01,PRU,1.3,1.7,2.2,1.2
2025-12-02,PRU,1.4,1.7,2.2,1.2
2025-12-03,PRU,2.7,1.7,2.2,1.2
2025-12-04,PRU,1.5,1.7,2.2,1.2
2025-12-05,PRU,1.7,1.7,2.2,1.2
2025-12-01,PSA,4.2,4.3,5.3,3.4
2025-12-02,PSA,3.7,4.3,5.3,3.4
2025-12-03,PSA,5.4,4.3,5.3,3.4
2025-12-04,PSA,3.1,4.3,5.3,3.4
2025-12-05,PSA,5.2,4.3,5.3,3.4
2025-12-01,PSKY,0.4,0.8,1.2,0.4
2025-12-02,PSKY,0.6,0.8,1.2,0.4
2025-12-03,PSKY,1.2,0.8,1.2,0.4
2025-12-04,PSKY,0.7,0.8,1.2,0.4
2025-12-05,PSKY,1.2,0.8,1.2,0.4
2025-12-01,PSX,3.9,3.5,3.7,3.2
2025-12-02,PSX,3.5,3.5,3.7,3.2
2025-12-03,PSX,3.2,3.5,3.7,3.2
2025-12-04,PSX,3.4,3.5,3.7,3.2
2025-12-05,PSX,3.3,3.5,3.7,3.2
2025-12-01,PTC,4.2,3.5,4.7,2.4
2025-12-02,PTC,3.1,3.5,4.7,2.4
2025-12-03,PTC,2.6,3.5,4.7,2.4
2025-12-04,PTC,2.5,3.5,4.7,2.4
2025-12-05,PTC,5.2,3.5,4.7,2.4
2025-12-01,PWR,10.5,13.0,17.0,9.0
2025-12-02,PWR,11.1,13.0,17.0,9.0
2025-12-03,PWR,17.5,13.0,17.0,9.0
2025-12-04,PWR,17.1,13.0,17.0,9.0
2025-12-05,PWR,8.9,13.0,17.0,9.0
2025-12-01,PYPL,1.4,2.0,2.8,1.1
2025-12-02,PYPL,1.7,2.0,2.8,1.1
2025-12-03,PYPL,3.5,2.0,2.8,1.1
2025-12-04,PYPL,1.7,2.0,2.8,1.1
2025-12-05,PYPL,1.5,2.0,2.8,1.1
2025-12-01,QAT,0.1,0.1,0.1,0.0
2025-12-02,QAT,0.1,0.1,0.1,0.0
2025-12-03,QAT,0.1,0.1,0.1,0.0
2025-12-04,QAT,0.1,0.1,0.1,0.0
2025-12-05,QAT,0.1,0.1,0.1,0.0
2025-12-01,QCOM,3.5,3.3,4.4,2.1
2025-12-02,QCOM,3.5,3.3,4.4,2.1
2025-12-03,QCOM,4.7,3.3,4.4,2.1
2025-12-04,QCOM,1.7,3.3,4.4,2.1
2025-12-05,QCOM,2.8,3.3,4.4,2.1
2025-12-01,QQQ,6.9,6.0,6.7,5.3
2025-12-02,QQQ,6.2,6.0,6.7,5.3
2025-12-03,QQQ,6.2,6.0,6.7,5.3
2025-12-04,QQQ,5.4,6.0,6.7,5.3
2025-12-05,QQQ,5.2,6.0,6.7,5.3
2025-12-01,QUAL,1.9,1.4,1.7,1.0
2025-12-02,QUAL,1.2,1.4,1.7,1.0
2025-12-03,QUAL,1.5,1.4,1.7,1.0
2025-12-04,QUAL,1.1,1.4,1.7,1.0
2025-12-05,QUAL,1.1,1.4,1.7,1.0
2025-12-01,RCL,8.6,6.9,9.0,4.7
2025-12-02,RCL,9.3,6.9,9.0,4.7
2025-12-03,RCL,6.6,6.9,9.0,4.7
2025-12-04,RCL,5.5,6.9,9.0,4.7
2025-12-05,RCL,4.3,6.9,9.0,4.7
2025-12-01,REG,0.6,0.9,1.3,0.5
2025-12-02,REG,1.6,0.9,1.3,0.5
2025-12-03,REG,0.9,0.9,1.3,0.5
2025-12-04,REG,0.8,0.9,1.3,0.5
2025-12-05,REG,0.7,0.9,1.3,0.5
2025-12-01,REGN,31.8,20.9,28.1,13.7
2025-12-02,REGN,16.0,20.9,28.1,13.7
2025-12-03,REGN,24.2,20.9,28.1,13.7
2025-12-04,REGN,13.8,20.9,28.1,13.7
2025-12-05,REGN,18.9,20.9,28.1,13.7
2025-12-01,RF,0.8,0.6,0.8,0.3
2025-12-02,RF,0.3,0.6,0.8,0.3
2025-12-03,RF,0.8,0.6,0.8,0.3
2025-12-04,RF,0.5,0.6,0.8,0.3
2025-12-05,RF,0.4,0.6,0.8,0.3
2025-12-01,RIG,0.2,0.1,0.2,0.1
2025-12-02,RIG,0.2,0.1,0.2,0.1
2025-12-03,RIG,0.2,0.1,0.2,0.1
2025-12-04,RIG,0.1,0.1,0.2,0.1
2025-12-05,RIG,0.1,0.1,0.2,0.1
2025-12-01,RJF,2.2,2.5,3.2,1.8
2025-12-02,RJF,1.6,2.5,3.2,1.8
2025-12-03,RJF,3.3,2.5,3.2,1.8
2025-12-04,RJF,3.2,2.5,3.2,1.8
2025-12-05,RJF,2.2,2.5,3.2,1.8
2025-12-01,RL,9.0,10.0,12.5,7.5
2025-12-02,RL,11.9,10.0,12.5,7.5
2025-12-03,RL,6.5,10.0,12.5,7.5
2025-12-04,RL,9.7,10.0,12.5,7.5
2025-12-05,RL,12.7,10.0,12.5,7.5
2025-12-01,RMD,16.3,6.1,11.8,0.3
2025-12-02,RMD,4.1,6.1,11.8,0.3
2025-12-03,RMD,4.0,6.1,11.8,0.3
2025-12-04,RMD,2.4,6.1,11.8,0.3
2025-12-05,RMD,3.6,6.1,11.8,0.3
2025-12-01,ROK,8.3,7.7,10.6,4.7
2025-12-02,ROK,6.4,7.7,10.6,4.7
2025-12-03,ROK,12.3,7.7,10.6,4.7
2025-12-04,ROK,6.8,7.7,10.6,4.7
2025-12-05,ROK,4.5,7.7,10.6,4.7
2025-12-01,ROKU,2.7,4.9,7.2,2.6
2025-12-02,ROKU,3.4,4.9,7.2,2.6
2025-12-03,ROKU,5.8,4.9,7.2,2.6
2025-12-04,ROKU,4.3,4.9,7.2,2.6
2025-12-05,ROKU,8.4,4.9,7.2,2.6
2025-12-01,ROL,0.6,0.8,1.0,0.7
2025-12-02,ROL,1.0,0.8,1.0,0.7
2025-12-03,ROL,0.8,0.8,1.0,0.7
2025-12-04,ROL,0.9,0.8,1.0,0.7
2025-12-05,ROL,0.8,0.8,1.0,0.7
2025-12-01,ROP,4.5,5.5,6.1,4.8
2025-12-02,ROP,5.2,5.5,6.1,4.8
2025-12-03,ROP,6.3,5.5,6.1,4.8
2025-12-04,ROP,5.5,5.5,6.1,4.8
2025-12-05,ROP,5.7,5.5,6.1,4.8
2025-12-01,ROST,3.9,2.6,3.5,1.6
2025-12-02,ROST,2.5,2.6,3.5,1.6
2025-12-03,ROST,1.5,2.6,3.5,1.6
2025-12-04,ROST,3.0,2.6,3.5,1.6
2025-12-05,ROST,1.9,2.6,3.5,1.6
2025-12-01,RSG,3.5,3.9,5.5,2.2
2025-12-02,RSG,2.2,3.9,5.5,2.2
2025-12-03,RSG,3.4,3.9,5.5,2.2
2025-12-04,RSG,6.7,3.9,5.5,2.2
2025-12-05,RSG,3.4,3.9,5.5,2.2
2025-12-01,RSP,1.5,1.3,1.5,1.1
2025-12-02,RSP,1.2,1.3,1.5,1.1
2025-12-03,RSP,1.4,1.3,1.5,1.1
2025-12-04,RSP,1.1,1.3,1.5,1.1
2025-12-05,RSP,1.2,1.3,1.5,1.1
2025-12-01,RTX,6.1,3.3,5.0,1.5
2025-12-02,RTX,1.3,3.3,5.0,1.5
2025-12-03,RTX,2.5,3.3,5.0,1.5
2025-12-04,RTX,3.4,3.3,5.0,1.5
2025-12-05,RTX,3.1,3.3,5.0,1.5
2025-12-01,RUT,20.6,29.1,40.2,18.1
2025-12-02,RUT,22.7,29.1,40.2,18.1
2025-12-03,RUT,43.8,29.1,40.2,18.1
2025-12-04,RUT,38.2,29.1,40.2,18.1
2025-12-05,RUT,20.5,29.1,40.2,18.1
2025-12-01,RVTY,2.2,2.7,3.7,1.8
2025-12-02,RVTY,2.9,2.7,3.7,1.8
2025-12-03,RVTY,1.6,2.7,3.7,1.8
2025-12-04,RVTY,4.2,2.7,3.7,1.8
2025-12-05,RVTY,2.8,2.7,3.7,1.8
2025-12-01,SBAC,5.1,3.4,4.7,2.0
2025-12-02,SBAC,2.8,3.4,4.7,2.0
2025-12-03,SBAC,2.8,3.4,4.7,2.0
2025-12-04,SBAC,4.2,3.4,4.7,2.0
2025-12-05,SBAC,1.8,3.4,4.7,2.0
2025-12-01,SBLK,0.3,0.4,0.5,0.3
2025-12-02,SBLK,0.5,0.4,0.5,0.3
2025-12-03,SBLK,0.6,0.4,0.5,0.3
2025-12-04,SBLK,0.3,0.4,0.5,0.3
2025-12-05,SBLK,0.3,0.4,0.5,0.3
2025-12-01,SBUX,1.7,2.2,2.8,1.5
2025-12-02,SBUX,1.8,2.2,2.8,1.5
2025-12-03,SBUX,2.5,2.2,2.8,1.5
2025-12-04,SBUX,3.1,2.2,2.8,1.5
2025-12-05,SBUX,1.7,2.2,2.8,1.5
2025-12-01,SCHP,0.1,0.0,0.1,0.0
2025-12-02,SCHP,0.0,0.0,0.1,0.0
2025-12-03,SCHP,0.0,0.0,0.1,0.0
2025-12-04,SCHP,0.0,0.0,0.1,0.0
2025-12-05,SCHP,0.1,0.0,0.1,0.0
2025-12-01,SCHW,1.4,1.6,2.1,1.1
2025-12-02,SCHW,1.1,1.6,2.1,1.1
2025-12-03,SCHW,2.4,1.6,2.1,1.1
2025-12-04,SCHW,1.5,1.6,2.1,1.1
2025-12-05,SCHW,1.8,1.6,2.1,1.1
2025-12-01,SD,0.6,0.5,0.7,0.3
2025-12-02,SD,0.4,0.5,0.7,0.3
2025-12-03,SD,0.7,0.5,0.7,0.3
2025-12-04,SD,0.3,0.5,0.7,0.3
2025-12-05,SD,0.5,0.5,0.7,0.3
2025-12-01,SDY,1.1,0.9,1.1,0.8
2025-12-02,SDY,1.2,0.9,1.1,0.8
2025-12-03,SDY,0.9,0.9,1.1,0.8
2025-12-04,SDY,0.8,0.9,1.1,0.8
2025-12-05,SDY,0.7,0.9,1.1,0.8
2025-12-01,SHW,5.7,5.5,6.9,4.0
2025-12-02,SHW,7.5,5.5,6.9,4.0
2025-12-03,SHW,4.8,5.5,6.9,4.0
2025-12-04,SHW,5.8,5.5,6.9,4.0
2025-12-05,SHW,3.6,5.5,6.9,4.0
2025-12-01,SHY,0.0,0.0,0.0,0.0
2025-12-02,SHY,0.0,0.0,0.0,0.0
2025-12-03,SHY,0.0,0.0,0.0,0.0
2025-12-04,SHY,0.0,0.0,0.0,0.0
2025-12-05,SHY,0.1,0.0,0.0,0.0
2025-12-01,SILJ,0.8,0.9,1.1,0.6
2025-12-02,SILJ,1.2,0.9,1.1,0.6
2025-12-03,SILJ,0.8,0.9,1.1,0.6
2025-12-04,SILJ,0.5,0.9,1.1,0.6
2025-12-05,SILJ,1.0,0.9,1.1,0.6
2025-12-01,SJM,2.2,1.9,2.3,1.4
2025-12-02,SJM,2.4,1.9,2.3,1.4
2025-12-03,SJM,1.5,1.9,2.3,1.4
2025-12-04,SJM,1.8,1.9,2.3,1.4
2025-12-05,SJM,1.4,1.9,2.3,1.4
2025-12-01,SLB,0.8,1.0,1.2,0.7
2025-12-02,SLB,1.0,1.0,1.2,0.7
2025-12-03,SLB,1.4,1.0,1.2,0.7
2025-12-04,SLB,0.9,1.0,1.2,0.7
2025-12-05,SLB,0.8,1.0,1.2,0.7
2025-12-01,SLV,1.8,1.3,1.6,1.0
2025-12-02,SLV,1.4,1.3,1.6,1.0
2025-12-03,SLV,1.0,1.3,1.6,1.0
2025-12-04,SLV,1.2,1.3,1.6,1.0
2025-12-05,SLV,1.3,1.3,1.6,1.0
2025-12-01,SMCI,1.4,1.3,1.5,1.2
2025-12-02,SMCI,1.4,1.3,1.5,1.2
2025-12-03,SMCI,1.0,1.3,1.5,1.2
2025-12-04,SMCI,1.3,1.3,1.5,1.2
2025-12-05,SMCI,1.3,1.3,1.5,1.2
2025-12-01,SMH,7.0,6.3,7.8,4.9
2025-12-02,SMH,6.6,6.3,7.8,4.9
2025-12-03,SMH,8.3,6.3,7.8,4.9
2025-12-04,SMH,4.8,6.3,7.8,4.9
2025-12-05,SMH,5.0,6.3,7.8,4.9
2025-12-01,SNA,5.8,6.1,7.4,4.8
2025-12-02,SNA,5.9,6.1,7.4,4.8
2025-12-03,SNA,5.2,6.1,7.4,4.8
2025-12-04,SNA,8.4,6.1,7.4,4.8
2025-12-05,SNA,5.2,6.1,7.4,4.8
2025-12-01,SNDK,10.1,17.9,24.9,10.8
2025-12-02,SNDK,24.2,17.9,24.9,10.8
2025-12-03,SNDK,11.5,17.9,24.9,10.8
2025-12-04,SNDK,25.3,17.9,24.9,10.8
2025-12-05,SNDK,18.2,17.9,24.9,10.8
2025-12-01,SNPS,17.8,13.7,21.7,5.6
2025-12-02,SNPS,13.4,13.7,21.7,5.6
2025-12-03,SNPS,24.9,13.7,21.7,5.6
2025-12-04,SNPS,5.5,13.7,21.7,5.6
2025-12-05,SNPS,6.8,13.7,21.7,5.6
2025-12-01,SO,1.8,1.9,2.8,1.1
2025-12-02,SO,1.0,1.9,2.8,1.1
2025-12-03,SO,3.3,1.9,2.8,1.1
2025-12-04,SO,1.7,1.9,2.8,1.1
2025-12-05,SO,1.9,1.9,2.8,1.1
2025-12-01,SOLV,1.8,1.7,2.3,1.0
2025-12-02,SOLV,2.6,1.7,2.3,1.0
2025-12-03,SOLV,1.6,1.7,2.3,1.0
2025-12-04,SOLV,1.0,1.7,2.3,1.0
2025-12-05,SOLV,1.3,1.7,2.3,1.0
2025-12-01,SOYB,0.1,0.2,0.3,0.1
2025-12-02,SOYB,0.2,0.2,0.3,0.1
2025-12-03,SOYB,0.2,0.2,0.3,0.1
2025-12-04,SOYB,0.1,0.2,0.3,0.1
2025-12-05,SOYB,0.3,0.2,0.3,0.1
2025-12-01,SPG,1.6,2.2,3.5,0.8
2025-12-02,SPG,4.5,2.2,3.5,0.8
2025-12-03,SPG,1.4,2.2,3.5,0.8
2025-12-04,SPG,1.8,2.2,3.5,0.8
2025-12-05,SPG,1.6,2.2,3.5,0.8
2025-12-01,SPGI,5.7,7.2,8.9,5.5
2025-12-02,SPGI,5.7,7.2,8.9,5.5
2025-12-03,SPGI,10.0,7.2,8.9,5.5
2025-12-04,SPGI,7.5,7.2,8.9,5.5
2025-12-05,SPGI,7.2,7.2,8.9,5.5
2025-12-01,SPHB,1.8,1.6,2.1,1.1
2025-12-02,SPHB,1.4,1.6,2.1,1.1
2025-12-03,SPHB,2.3,1.6,2.1,1.1
2025-12-04,SPHB,1.2,1.6,2.1,1.1
2025-12-05,SPHB,1.2,1.6,2.1,1.1
2025-12-01,SPLV,0.8,0.6,0.8,0.4
2025-12-02,SPLV,0.8,0.6,0.8,0.4
2025-12-03,SPLV,0.6,0.6,0.8,0.4
2025-12-04,SPLV,0.6,0.6,0.8,0.4
2025-12-05,SPLV,0.3,0.6,0.8,0.4
2025-12-01,SPX,43.7,43.5,49.1,37.8
2025-12-02,SPX,44.8,43.5,49.1,37.8
2025-12-03,SPX,52.0,43.5,49.1,37.8
2025-12-04,SPX,39.4,43.5,49.1,37.8
2025-12-05,SPX,37.5,43.5,49.1,37.8
2025-12-01,SPY,4.3,4.4,4.9,3.8
2025-12-02,SPY,4.5,4.4,4.9,3.8
2025-12-03,SPY,5.2,4.4,4.9,3.8
2025-12-04,SPY,4.0,4.4,4.9,3.8
2025-12-05,SPY,3.8,4.4,4.9,3.8
2025-12-01,SRE,2.9,1.6,2.4,0.9
2025-12-02,SRE,1.5,1.6,2.4,0.9
2025-12-03,SRE,0.8,1.6,2.4,0.9
2025-12-04,SRE,1.6,1.6,2.4,0.9
2025-12-05,SRE,1.4,1.6,2.4,0.9
2025-12-01,STE,5.1,4.3,5.5,3.2
2025-12-02,STE,5.5,4.3,5.5,3.2
2025-12-03,STE,4.6,4.3,5.5,3.2
2025-12-04,STE,2.6,4.3,5.5,3.2
2025-12-05,STE,3.9,4.3,5.5,3.2
2025-12-01,STIP,0.1,0.1,0.1,0.0
2025-12-02,STIP,0.1,0.1,0.1,0.0
2025-12-03,STIP,0.1,0.1,0.1,0.0
2025-12-04,STIP,0.1,0.1,0.1,0.0
2025-12-05,STIP,0.1,0.1,0.1,0.0
2025-12-01,STLA,0.3,0.3,0.4,0.2
2025-12-02,STLA,0.4,0.3,0.4,0.2
2025-12-03,STLA,0.3,0.3,0.4,0.2
2025-12-04,STLA,0.2,0.3,0.4,0.2
2025-12-05,STLA,0.2,0.3,0.4,0.2
2025-12-01,STLD,3.4,4.1,5.2,3.0
2025-12-02,STLD,2.8,4.1,5.2,3.0
2025-12-03,STLD,5.8,4.1,5.2,3.0
2025-12-04,STLD,4.2,4.1,5.2,3.0
2025-12-05,STLD,4.3,4.1,5.2,3.0
2025-12-01,STNG,2.7,1.7,2.4,1.0
2025-12-02,STNG,2.2,1.7,2.4,1.0
2025-12-03,STNG,1.1,1.7,2.4,1.0
2025-12-04,STNG,1.2,1.7,2.4,1.0
2025-12-05,STNG,1.2,1.7,2.4,1.0
2025-12-01,STT,1.6,2.1,2.6,1.6
2025-12-02,STT,1.7,2.1,2.6,1.6
2025-12-03,STT,2.1,2.1,2.6,1.6
2025-12-04,STT,2.1,2.1,2.6,1.6
2025-12-05,STT,3.0,2.1,2.6,1.6
2025-12-01,STX,10.0,12.9,17.2,8.6
2025-12-02,STX,19.0,12.9,17.2,8.6
2025-12-03,STX,15.9,12.9,17.2,8.6
2025-12-04,STX,9.0,12.9,17.2,8.6
2025-12-05,STX,10.6,12.9,17.2,8.6
2025-12-01,STZ,2.6,3.0,4.3,1.8
2025-12-02,STZ,2.3,3.0,4.3,1.8
2025-12-03,STZ,2.6,3.0,4.3,1.8
2025-12-04,STZ,2.5,3.0,4.3,1.8
2025-12-05,STZ,5.3,3.0,4.3,1.8
2025-12-01,SW,0.9,1.1,1.5,0.7
2025-12-02,SW,1.2,1.1,1.5,0.7
2025-12-03,SW,1.6,1.1,1.5,0.7
2025-12-04,SW,1.2,1.1,1.5,0.7
2025-12-05,SW,0.6,1.1,1.5,0.7
2025-12-01,SWK,2.9,2.0,2.5,1.4
2025-12-02,SWK,1.9,2.0,2.5,1.4
2025-12-03,SWK,1.8,2.0,2.5,1.4
2025-12-04,SWK,1.9,2.0,2.5,1.4
2025-12-05,SWK,1.5,2.0,2.5,1.4
2025-12-01,SWKS,1.5,1.9,2.6,1.2
2025-12-02,SWKS,3.1,1.9,2.6,1.2
2025-12-03,SWKS,2.1,1.9,2.6,1.2
2025-12-04,SWKS,1.2,1.9,2.6,1.2
2025-12-05,SWKS,1.6,1.9,2.6,1.2
2025-12-01,SYF,2.3,1.7,2.0,1.3
2025-12-02,SYF,1.6,1.7,2.0,1.3
2025-12-03,SYF,1.7,1.7,2.0,1.3
2025-12-04,SYF,1.5,1.7,2.0,1.3
2025-12-05,SYF,1.4,1.7,2.0,1.3
2025-12-01,SYK,5.1,5.8,7.6,4.0
2025-12-02,SYK,8.5,5.8,7.6,4.0
2025-12-03,SYK,3.7,5.8,7.6,4.0
2025-12-04,SYK,5.2,5.8,7.6,4.0
2025-12-05,SYK,6.3,5.8,7.6,4.0
2025-12-01,SYY,1.0,1.3,1.8,0.9
2025-12-02,SYY,1.8,1.3,1.8,0.9
2025-12-03,SYY,2.0,1.3,1.8,0.9
2025-12-04,SYY,1.1,1.3,1.8,0.9
2025-12-05,SYY,0.9,1.3,1.8,0.9
2025-12-01,T,0.4,0.4,0.5,0.3
2025-12-02,T,0.4,0.4,0.5,0.3
2025-12-03,T,0.5,0.4,0.5,0.3
2025-12-04,T,0.3,0.4,0.5,0.3
2025-12-05,T,0.4,0.4,0.5,0.3
2025-12-01,TAGS,0.2,0.2,0.2,0.1
2025-12-02,TAGS,0.2,0.2,0.2,0.1
2025-12-03,TAGS,0.1,0.2,0.2,0.1
2025-12-04,TAGS,0.1,0.2,0.2,0.1
2025-12-05,TAGS,0.2,0.2,0.2,0.1
2025-12-01,TAP,1.0,0.9,1.1,0.7
2025-12-02,TAP,0.9,0.9,1.1,0.7
2025-12-03,TAP,0.9,0.9,1.1,0.7
2025-12-04,TAP,1.2,0.9,1.1,0.7
2025-12-05,TAP,0.7,0.9,1.1,0.7
2025-12-01,TDG,19.1,22.4,28.2,16.5
2025-12-02,TDG,27.3,22.4,28.2,16.5
2025-12-03,TDG,17.4,22.4,28.2,16.5
2025-12-04,TDG,30.1,22.4,28.2,16.5
2025-12-05,TDG,18.1,22.4,28.2,16.5
2025-12-01,TDW,1.8,2.5,3.9,1.2
2025-12-02,TDW,1.6,2.5,3.9,1.2
2025-12-03,TDW,4.8,2.5,3.9,1.2
2025-12-04,TDW,1.7,2.5,3.9,1.2
2025-12-05,TDW,2.8,2.5,3.9,1.2
2025-12-01,TDY,9.3,10.5,13.9,7.2
2025-12-02,TDY,6.2,10.5,13.9,7.2
2025-12-03,TDY,10.6,10.5,13.9,7.2
2025-12-04,TDY,15.4,10.5,13.9,7.2
2025-12-05,TDY,11.1,10.5,13.9,7.2
2025-12-01,TECH,1.7,1.9,2.6,1.3
2025-12-02,TECH,1.2,1.9,2.6,1.3
2025-12-03,TECH,1.6,1.9,2.6,1.3
2025-12-04,TECH,2.5,1.9,2.6,1.3
2025-12-05,TECH,2.6,1.9,2.6,1.3
2025-12-01,TECK,1.2,1.0,1.3,0.7
2025-12-02,TECK,1.0,1.0,1.3,0.7
2025-12-03,TECK,0.7,1.0,1.3,0.7
2025-12-04,TECK,0.7,1.0,1.3,0.7
2025-12-05,TECK,1.5,1.0,1.3,0.7
2025-12-01,TEL,5.9,4.5,5.4,3.6
2025-12-02,TEL,3.9,4.5,5.4,3.6
2025-12-03,TEL,4.9,4.5,5.4,3.6
2025-12-04,TEL,4.2,4.5,5.4,3.6
2025-12-05,TEL,3.6,4.5,5.4,3.6
2025-12-01,TER,4.8,5.9,7.5,4.3
2025-12-02,TER,5.6,5.9,7.5,4.3
2025-12-03,TER,7.2,5.9,7.5,4.3
2025-12-04,TER,7.9,5.9,7.5,4.3
2025-12-05,TER,4.1,5.9,7.5,4.3
2025-12-01,TFC,0.7,0.7,0.9,0.4
2025-12-02,TFC,0.4,0.7,0.9,0.4
2025-12-03,TFC,1.0,0.7,0.9,0.4
2025-12-04,TFC,0.6,0.7,0.9,0.4
2025-12-05,TFC,0.6,0.7,0.9,0.4
2025-12-01,TGT,3.0,2.3,2.7,1.9
2025-12-02,TGT,2.4,2.3,2.7,1.9
2025-12-03,TGT,2.3,2.3,2.7,1.9
2025-12-04,TGT,2.0,2.3,2.7,1.9
2025-12-05,TGT,1.8,2.3,2.7,1.9
2025-12-01,THD,0.5,0.4,0.4,0.3
2025-12-02,THD,0.3,0.4,0.4,0.3
2025-12-03,THD,0.4,0.4,0.4,0.3
2025-12-04,THD,0.2,0.4,0.4,0.3
2025-12-05,THD,0.4,0.4,0.4,0.3
2025-12-01,TIP,0.2,0.2,0.2,0.1
2025-12-02,TIP,0.1,0.2,0.2,0.1
2025-12-03,TIP,0.2,0.2,0.2,0.1
2025-12-04,TIP,0.1,0.2,0.2,0.1
2025-12-05,TIP,0.3,0.2,0.2,0.1
2025-12-01,TJX,2.0,2.1,2.9,1.2
2025-12-02,TJX,2.3,2.1,2.9,1.2
2025-12-03,TJX,1.3,2.1,2.9,1.2
2025-12-04,TJX,1.3,2.1,2.9,1.2
2025-12-05,TJX,3.4,2.1,2.9,1.2
2025-12-01,TKO,2.1,3.5,5.3,1.8
2025-12-02,TKO,3.5,3.5,5.3,1.8
2025-12-03,TKO,2.8,3.5,5.3,1.8
2025-12-04,TKO,6.5,3.5,5.3,1.8
2025-12-05,TKO,2.9,3.5,5.3,1.8
2025-12-01,TLT,0.3,0.4,0.5,0.3
2025-12-02,TLT,0.5,0.4,0.5,0.3
2025-12-03,TLT,0.4,0.4,0.5,0.3
2025-12-04,TLT,0.5,0.4,0.5,0.3
2025-12-05,TLT,0.5,0.4,0.5,0.3
2025-12-01,TMO,14.9,11.9,17.5,6.2
2025-12-02,TMO,6.5,11.9,17.5,6.2
2025-12-03,TMO,8.1,11.9,17.5,6.2
2025-12-04,TMO,20.3,11.9,17.5,6.2
2025-12-05,TMO,9.5,11.9,17.5,6.2
2025-12-01,TMUS,3.5,4.0,4.7,3.4
2025-12-02,TMUS,4.8,4.0,4.7,3.4
2025-12-03,TMUS,4.5,4.0,4.7,3.4
2025-12-04,TMUS,3.3,4.0,4.7,3.4
2025-12-05,TMUS,4.0,4.0,4.7,3.4
2025-12-01,TNX,0.1,0.0,0.0,0.0
2025-12-02,TNX,0.0,0.0,0.0,0.0
2025-12-03,TNX,0.0,0.0,0.0,0.0
2025-12-04,TNX,0.0,0.0,0.0,0.0
2025-12-05,TNX,0.1,0.0,0.0,0.0
2025-12-01,TPL,20.1,30.1,44.1,16.1
2025-12-02,TPL,26.4,30.1,44.1,16.1
2025-12-03,TPL,54.8,30.1,44.1,16.1
2025-12-04,TPL,25.8,30.1,44.1,16.1
2025-12-05,TPL,23.5,30.1,44.1,16.1
2025-12-01,TPR,4.5,3.8,5.1,2.6
2025-12-02,TPR,4.7,3.8,5.1,2.6
2025-12-03,TPR,3.2,3.8,5.1,2.6
2025-12-04,TPR,4.8,3.8,5.1,2.6
2025-12-05,TPR,1.9,3.8,5.1,2.6
2025-12-01,TRGP,5.4,4.4,5.6,3.1
2025-12-02,TRGP,4.7,4.4,5.6,3.1
2025-12-03,TRGP,4.2,4.4,5.6,3.1
2025-12-04,TRGP,5.4,4.4,5.6,3.1
2025-12-05,TRGP,2.4,4.4,5.6,3.1
2025-12-01,TRMB,2.3,1.6,2.0,1.2
2025-12-02,TRMB,1.5,1.6,2.0,1.2
2025-12-03,TRMB,1.5,1.6,2.0,1.2
2025-12-04,TRMB,1.3,1.6,2.0,1.2
2025-12-05,TRMB,1.5,1.6,2.0,1.2
2025-12-01,TROW,1.5,1.8,2.3,1.4
2025-12-02,TROW,1.6,1.8,2.3,1.4
2025-12-03,TROW,2.6,1.8,2.3,1.4
2025-12-04,TROW,1.6,1.8,2.3,1.4
2025-12-05,TROW,1.9,1.8,2.3,1.4
2025-12-01,TRV,4.3,4.3,5.8,2.7
2025-12-02,TRV,3.4,4.3,5.8,2.7
2025-12-03,TRV,6.9,4.3,5.8,2.7
2025-12-04,TRV,3.4,4.3,5.8,2.7
2025-12-05,TRV,3.3,4.3,5.8,2.7
2025-12-01,TS,0.6,0.6,0.7,0.5
2025-12-02,TS,0.5,0.6,0.7,0.5
2025-12-03,TS,0.8,0.6,0.7,0.5
2025-12-04,TS,0.5,0.6,0.7,0.5
2025-12-05,TS,0.6,0.6,0.7,0.5
2025-12-01,TSCO,1.4,1.1,1.4,0.8
2025-12-02,TSCO,0.9,1.1,1.4,0.8
2025-12-03,TSCO,1.3,1.1,1.4,0.8
2025-12-04,TSCO,1.2,1.1,1.4,0.8
2025-12-05,TSCO,0.6,1.1,1.4,0.8
2025-12-01,TSLA,8.4,11.3,15.5,7.0
2025-12-02,TSLA,14.7,11.3,15.5,7.0
2025-12-03,TSLA,16.8,11.3,15.5,7.0
2025-12-04,TSLA,9.2,11.3,15.5,7.0
2025-12-05,TSLA,7.2,11.3,15.5,7.0
2025-12-01,TSN,1.2,1.2,1.2,1.1
2025-12-02,TSN,1.2,1.2,1.2,1.1
2025-12-03,TSN,1.2,1.2,1.2,1.1
2025-12-04,TSN,1.1,1.2,1.2,1.1
2025-12-05,TSN,1.2,1.2,1.2,1.1
2025-12-01,TT,8.9,7.9,8.5,7.2
2025-12-02,TT,7.7,7.9,8.5,7.2
2025-12-03,TT,7.4,7.9,8.5,7.2
2025-12-04,TT,7.4,7.9,8.5,7.2
2025-12-05,TT,7.9,7.9,8.5,7.2
2025-12-01,TTD,1.6,1.3,1.6,1.0
2025-12-02,TTD,0.9,1.3,1.6,1.0
2025-12-03,TTD,1.5,1.3,1.6,1.0
2025-12-04,TTD,1.2,1.3,1.6,1.0
2025-12-05,TTD,1.4,1.3,1.6,1.0
2025-12-01,TTWO,7.4,4.9,6.6,3.3
2025-12-02,TTWO,3.4,4.9,6.6,3.3
2025-12-03,TTWO,3.6,4.9,6.6,3.3
2025-12-04,TTWO,5.7,4.9,6.6,3.3
2025-12-05,TTWO,4.5,4.9,6.6,3.3
2025-12-01,TUR,0.2,0.2,0.2,0.1
2025-12-02,TUR,0.1,0.2,0.2,0.1
2025-12-03,TUR,0.2,0.2,0.2,0.1
2025-12-04,TUR,0.2,0.2,0.2,0.1
2025-12-05,TUR,0.2,0.2,0.2,0.1
2025-12-01,TXN,3.1,5.9,8.6,3.2
2025-12-02,TXN,9.9,5.9,8.6,3.2
2025-12-03,TXN,7.4,5.9,8.6,3.2
2025-12-04,TXN,5.0,5.9,8.6,3.2
2025-12-05,TXN,4.1,5.9,8.6,3.2
2025-12-01,TXT,1.4,1.4,1.6,1.1
2025-12-02,TXT,1.1,1.4,1.6,1.1
2025-12-03,TXT,1.4,1.4,1.6,1.1
2025-12-04,TXT,1.8,1.4,1.6,1.1
2025-12-05,TXT,1.3,1.4,1.6,1.1
2025-12-01,TYL,7.0,6.8,7.9,5.6
2025-12-02,TYL,6.3,6.8,7.9,5.6
2025-12-03,TYL,8.7,6.8,7.9,5.6
2025-12-04,TYL,6.3,6.8,7.9,5.6
2025-12-05,TYL,5.6,6.8,7.9,5.6
2025-12-01,TYX,0.0,0.0,0.0,0.0
2025-12-02,TYX,0.0,0.0,0.0,0.0
2025-12-03,TYX,0.0,0.0,0.0,0.0
2025-12-04,TYX,0.0,0.0,0.0,0.0
2025-12-05,TYX,0.0,0.0,0.0,0.0
2025-12-01,UAL,3.2,4.0,5.1,3.0
2025-12-02,UAL,4.6,4.0,5.1,3.0
2025-12-03,UAL,5.0,4.0,5.1,3.0
2025-12-04,UAL,4.7,4.0,5.1,3.0
2025-12-05,UAL,2.6,4.0,5.1,3.0
2025-12-01,UBER,2.1,2.2,2.7,1.8
2025-12-02,UBER,2.8,2.2,2.7,1.8
2025-12-03,UBER,2.4,2.2,2.7,1.8
2025-12-04,UBER,1.6,2.2,2.7,1.8
2025-12-05,UBER,2.3,2.2,2.7,1.8
2025-12-01,UDR,0.6,0.7,0.9,0.4
2025-12-02,UDR,0.4,0.7,0.9,0.4
2025-12-03,UDR,0.9,0.7,0.9,0.4
2025-12-04,UDR,0.8,0.7,0.9,0.4
2025-12-05,UDR,0.5,0.7,0.9,0.4
2025-12-01,UHS,6.1,5.9,8.1,3.7
2025-12-02,UHS,7.3,5.9,8.1,3.7
2025-12-03,UHS,8.6,5.9,8.1,3.7
2025-12-04,UHS,4.3,5.9,8.1,3.7
2025-12-05,UHS,3.3,5.9,8.1,3.7
2025-12-01,ULTA,23.3,20.6,32.5,8.8
2025-12-02,ULTA,9.2,20.6,32.5,8.8
2025-12-03,ULTA,8.9,20.6,32.5,8.8
2025-12-04,ULTA,24.9,20.6,32.5,8.8
2025-12-05,ULTA,36.9,20.6,32.5,8.8
2025-12-01,UNG,0.5,0.5,0.7,0.4
2025-12-02,UNG,0.5,0.5,0.7,0.4
2025-12-03,UNG,0.3,0.5,0.7,0.4
2025-12-04,UNG,0.7,0.5,0.7,0.4
2025-12-05,UNG,0.7,0.5,0.7,0.4
2025-12-01,UNH,7.0,9.8,14.3,5.3
2025-12-02,UNH,5.9,9.8,14.3,5.3
2025-12-03,UNH,16.4,9.8,14.3,5.3
2025-12-04,UNH,12.5,9.8,14.3,5.3
2025-12-05,UNH,7.2,9.8,14.3,5.3
2025-12-01,UNP,3.0,3.3,4.1,2.4
2025-12-02,UNP,4.4,3.3,4.1,2.4
2025-12-03,UNP,3.5,3.3,4.1,2.4
2025-12-04,UNP,3.4,3.3,4.1,2.4
2025-12-05,UNP,2.1,3.3,4.1,2.4
2025-12-01,UPS,1.6,2.2,3.4,1.0
2025-12-02,UPS,1.5,2.2,3.4,1.0
2025-12-03,UPS,2.4,2.2,3.4,1.0
2025-12-04,UPS,4.2,2.2,3.4,1.0
2025-12-05,UPS,1.3,2.2,3.4,1.0
2025-12-01,URA,1.1,1.9,2.8,1.1
2025-12-02,URA,1.5,1.9,2.8,1.1
2025-12-03,URA,1.8,1.9,2.8,1.1
2025-12-04,URA,3.4,1.9,2.8,1.1
2025-12-05,URA,1.9,1.9,2.8,1.1
2025-12-01,URI,13.4,17.4,21.1,13.6
2025-12-02,URI,13.4,17.4,21.1,13.6
2025-12-03,URI,19.1,17.4,21.1,13.6
2025-12-04,URI,21.6,17.4,21.1,13.6
2025-12-05,URI,19.4,17.4,21.1,13.6
2025-12-01,URNM,1.2,2.2,3.1,1.2
2025-12-02,URNM,1.6,2.2,3.1,1.2
2025-12-03,URNM,1.9,2.2,3.1,1.2
2025-12-04,URNM,3.6,2.2,3.1,1.2
2025-12-05,URNM,2.6,2.2,3.1,1.2
2025-12-01,USB,0.9,0.8,1.1,0.6
2025-12-02,USB,0.8,0.8,1.1,0.6
2025-12-03,USB,1.2,0.8,1.1,0.6
2025-12-04,USB,0.6,0.8,1.1,0.6
2025-12-05,USB,0.7,0.8,1.1,0.6
2025-12-01,USO,0.7,1.1,1.4,0.8
2025-12-02,USO,1.3,1.1,1.4,0.8
2025-12-03,USO,0.9,1.1,1.4,0.8
2025-12-04,USO,1.4,1.1,1.4,0.8
2025-12-05,USO,1.0,1.1,1.4,0.8
2025-12-01,UUP,0.1,0.1,0.1,0.1
2025-12-02,UUP,0.1,0.1,0.1,0.1
2025-12-03,UUP,0.1,0.1,0.1,0.1
2025-12-04,UUP,0.1,0.1,0.1,0.1
2025-12-05,UUP,0.1,0.1,0.1,0.1
2025-12-01,V,3.2,5.5,7.9,3.1
2025-12-02,V,5.6,5.5,7.9,3.1
2025-12-03,V,3.0,5.5,7.9,3.1
2025-12-04,V,8.1,5.5,7.9,3.1
2025-12-05,V,7.7,5.5,7.9,3.1
2025-12-01,VAL,1.7,2.3,3.3,1.2
2025-12-02,VAL,1.8,2.3,3.3,1.2
2025-12-03,VAL,4.1,2.3,3.3,1.2
2025-12-04,VAL,1.8,2.3,3.3,1.2
2025-12-05,VAL,1.9,2.3,3.3,1.2
2025-12-01,VICI,0.3,0.4,0.6,0.3
2025-12-02,VICI,0.5,0.4,0.6,0.3
2025-12-03,VICI,0.5,0.4,0.6,0.3
2025-12-04,VICI,0.3,0.4,0.6,0.3
2025-12-05,VICI,0.5,0.4,0.6,0.3
2025-12-01,VIX,1.8,1.2,1.5,0.8
2025-12-02,VIX,0.9,1.2,1.5,0.8
2025-12-03,VIX,1.4,1.2,1.5,0.8
2025-12-04,VIX,1.0,1.2,1.5,0.8
2025-12-05,VIX,0.9,1.2,1.5,0.8
2025-12-01,VLO,5.0,5.3,6.2,4.4
2025-12-02,VLO,6.2,5.3,6.2,4.4
2025-12-03,VLO,5.0,5.3,6.2,4.4
2025-12-04,VLO,6.2,5.3,6.2,4.4
2025-12-05,VLO,4.1,5.3,6.2,4.4
2025-12-01,VLTO,1.8,1.6,1.8,1.4
2025-12-02,VLTO,1.5,1.6,1.8,1.4
2025-12-03,VLTO,1.3,1.6,1.8,1.4
2025-12-04,VLTO,1.6,1.6,1.8,1.4
2025-12-05,VLTO,1.8,1.6,1.8,1.4
2025-12-01,VMC,4.8,4.8,5.5,4.1
2025-12-02,VMC,5.4,4.8,5.5,4.1
2025-12-03,VMC,5.4,4.8,5.5,4.1
2025-12-04,VMC,3.7,4.8,5.5,4.1
2025-12-05,VMC,5.0,4.8,5.5,4.1
2025-12-01,VNM,0.1,0.2,0.2,0.1
2025-12-02,VNM,0.1,0.2,0.2,0.1
2025-12-03,VNM,0.2,0.2,0.2,0.1
2025-12-04,VNM,0.2,0.2,0.2,0.1
2025-12-05,VNM,0.1,0.2,0.2,0.1
2025-12-01,VRSK,3.6,3.7,4.6,2.7
2025-12-02,VRSK,3.5,3.7,4.6,2.7
2025-12-03,VRSK,3.1,3.7,4.6,2.7
2025-12-04,VRSK,5.3,3.7,4.6,2.7
2025-12-05,VRSK,2.8,3.7,4.6,2.7
2025-12-01,VRSN,4.3,4.9,6.4,3.5
2025-12-02,VRSN,5.3,4.9,6.4,3.5
2025-12-03,VRSN,7.1,4.9,6.4,3.5
2025-12-04,VRSN,4.9,4.9,6.4,3.5
2025-12-05,VRSN,3.2,4.9,6.4,3.5
2025-12-01,VRTX,10.6,12.8,19.5,6.1
2025-12-02,VRTX,11.1,12.8,19.5,6.1
2025-12-03,VRTX,24.5,12.8,19.5,6.1
2025-12-04,VRTX,10.2,12.8,19.5,6.1
2025-12-05,VRTX,7.6,12.8,19.5,6.1
2025-12-01,VST,3.8,6.2,8.8,3.6
2025-12-02,VST,4.6,6.2,8.8,3.6
2025-12-03,VST,4.9,6.2,8.8,3.6
2025-12-04,VST,7.6,6.2,8.8,3.6
2025-12-05,VST,10.2,6.2,8.8,3.6
2025-12-01,VTR,0.7,1.1,1.4,0.8
2025-12-02,VTR,0.9,1.1,1.4,0.8
2025-12-03,VTR,1.0,1.1,1.4,0.8
2025-12-04,VTR,1.5,1.1,1.4,0.8
2025-12-05,VTR,1.4,1.1,1.4,0.8
2025-12-01,VTRS,0.1,0.2,0.2,0.2
2025-12-02,VTRS,0.2,0.2,0.2,0.2
2025-12-03,VTRS,0.2,0.2,0.2,0.2
2025-12-04,VTRS,0.2,0.2,0.2,0.2
2025-12-05,VTRS,0.2,0.2,0.2,0.2
2025-12-01,VXN,1.3,1.1,1.4,0.8
2025-12-02,VXN,1.0,1.1,1.4,0.8
2025-12-03,VXN,1.5,1.1,1.4,0.8
2025-12-04,VXN,0.9,1.1,1.4,0.8
2025-12-05,VXN,0.9,1.1,1.4,0.8
2025-12-01,VZ,0.4,0.6,0.8,0.4
2025-12-02,VZ,0.4,0.6,0.8,0.4
2025-12-03,VZ,0.7,0.6,0.8,0.4
2025-12-04,VZ,0.7,0.6,0.8,0.4
2025-12-05,VZ,0.8,0.6,0.8,0.4
2025-12-01,WAB,4.1,3.8,5.5,2.1
2025-12-02,WAB,2.4,3.8,5.5,2.1
2025-12-03,WAB,6.3,3.8,5.5,2.1
2025-12-04,WAB,4.0,3.8,5.5,2.1
2025-12-05,WAB,2.1,3.8,5.5,2.1
2025-12-01,WAT,6.9,8.0,10.1,6.0
2025-12-02,WAT,8.1,8.0,10.1,6.0
2025-12-03,WAT,6.7,8.0,10.1,6.0
2025-12-04,WAT,11.5,8.0,10.1,6.0
2025-12-05,WAT,7.1,8.0,10.1,6.0
2025-12-01,WBD,0.5,0.7,1.0,0.4
2025-12-02,WBD,0.7,0.7,1.0,0.4
2025-12-03,WBD,0.6,0.7,1.0,0.4
2025-12-04,WBD,0.5,0.7,1.0,0.4
2025-12-05,WBD,1.1,0.7,1.0,0.4
2025-12-01,WDAY,3.4,4.7,5.6,3.7
2025-12-02,WDAY,4.2,4.7,5.6,3.7
2025-12-03,WDAY,4.7,4.7,5.6,3.7
2025-12-04,WDAY,5.3,4.7,5.6,3.7
2025-12-05,WDAY,5.8,4.7,5.6,3.7
2025-12-01,WDC,8.0,9.1,11.6,6.7
2025-12-02,WDC,13.5,9.1,11.6,6.7
2025-12-03,WDC,8.1,9.1,11.6,6.7
2025-12-04,WDC,8.5,9.1,11.6,6.7
2025-12-05,WDC,7.5,9.1,11.6,6.7
2025-12-01,WEAT,0.2,0.3,0.4,0.1
2025-12-02,WEAT,0.5,0.3,0.4,0.1
2025-12-03,WEAT,0.1,0.3,0.4,0.1
2025-12-04,WEAT,0.3,0.3,0.4,0.1
2025-12-05,WEAT,0.3,0.3,0.4,0.1
2025-12-01,WEC,2.7,1.9,2.5,1.3
2025-12-02,WEC,2.1,1.9,2.5,1.3
2025-12-03,WEC,2.0,1.9,2.5,1.3
2025-12-04,WEC,1.6,1.9,2.5,1.3
2025-12-05,WEC,1.2,1.9,2.5,1.3
2025-12-01,WELL,4.4,3.1,4.3,1.9
2025-12-02,WELL,2.4,3.1,4.3,1.9
2025-12-03,WELL,2.4,3.1,4.3,1.9
2025-12-04,WELL,4.5,3.1,4.3,1.9
2025-12-05,WELL,2.0,3.1,4.3,1.9
2025-12-01,WFC,1.4,1.8,2.5,1.0
2025-12-02,WFC,1.5,1.8,2.5,1.0
2025-12-03,WFC,3.1,1.8,2.5,1.0
2025-12-04,WFC,1.3,1.8,2.5,1.0
2025-12-05,WFC,1.6,1.8,2.5,1.0
2025-12-01,WM,4.1,3.2,3.8,2.6
2025-12-02,WM,3.3,3.2,3.8,2.6
2025-12-03,WM,2.9,3.2,3.8,2.6
2025-12-04,WM,3.5,3.2,3.8,2.6
2025-12-05,WM,2.5,3.2,3.8,2.6
2025-12-01,WMB,1.1,1.6,2.3,1.0
2025-12-02,WMB,1.4,1.6,2.3,1.0
2025-12-03,WMB,1.8,1.6,2.3,1.0
2025-12-04,WMB,2.7,1.6,2.3,1.0
2025-12-05,WMB,1.1,1.6,2.3,1.0
2025-12-01,WMT,1.4,1.8,2.3,1.4
2025-12-02,WMT,1.9,1.8,2.3,1.4
2025-12-03,WMT,2.7,1.8,2.3,1.4
2025-12-04,WMT,1.7,1.8,2.3,1.4
2025-12-05,WMT,1.6,1.8,2.3,1.4
2025-12-01,WRB,5.1,2.9,4.8,1.1
2025-12-02,WRB,1.2,2.9,4.8,1.1
2025-12-03,WRB,2.2,2.9,4.8,1.1
2025-12-04,WRB,1.4,2.9,4.8,1.1
2025-12-05,WRB,4.8,2.9,4.8,1.1
2025-12-01,WSM,8.2,5.5,7.6,3.4
2025-12-02,WSM,7.2,5.5,7.6,3.4
2025-12-03,WSM,3.1,5.5,7.6,3.4
2025-12-04,WSM,4.4,5.5,7.6,3.4
2025-12-05,WSM,4.8,5.5,7.6,3.4
2025-12-01,WST,5.5,7.5,10.3,4.8
2025-12-02,WST,6.0,7.5,10.3,4.8
2025-12-03,WST,11.4,7.5,10.3,4.8
2025-12-04,WST,9.5,7.5,10.3,4.8
2025-12-05,WST,5.3,7.5,10.3,4.8
2025-12-01,WTW,4.9,4.6,5.8,3.5
2025-12-02,WTW,6.4,4.6,5.8,3.5
2025-12-03,WTW,3.7,4.6,5.8,3.5
2025-12-04,WTW,4.4,4.6,5.8,3.5
2025-12-05,WTW,3.7,4.6,5.8,3.5
2025-12-01,WY,0.6,0.5,0.7,0.4
2025-12-02,WY,0.5,0.5,0.7,0.4
2025-12-03,WY,0.4,0.5,0.7,0.4
2025-12-04,WY,0.7,0.5,0.7,0.4
2025-12-05,WY,0.6,0.5,0.7,0.4
2025-12-01,WYNN,3.1,3.7,5.4,2.0
2025-12-02,WYNN,2.9,3.7,5.4,2.0
2025-12-03,WYNN,4.1,3.7,5.4,2.0
2025-12-04,WYNN,6.4,3.7,5.4,2.0
2025-12-05,WYNN,2.1,3.7,5.4,2.0
2025-12-01,XEL,2.2,1.4,1.9,1.0
2025-12-02,XEL,1.3,1.4,1.9,1.0
2025-12-03,XEL,1.7,1.4,1.9,1.0
2025-12-04,XEL,1.1,1.4,1.9,1.0
2025-12-05,XEL,1.0,1.4,1.9,1.0
2025-12-01,XES,2.1,2.2,2.9,1.4
2025-12-02,XES,1.7,2.2,2.9,1.4
2025-12-03,XES,3.4,2.2,2.9,1.4
2025-12-04,XES,2.1,2.2,2.9,1.4
2025-12-05,XES,1.5,2.2,2.9,1.4
2025-12-01,XLB,0.4,0.5,0.7,0.3
2025-12-02,XLB,0.8,0.5,0.7,0.3
2025-12-03,XLB,0.3,0.5,0.7,0.3
2025-12-04,XLB,0.4,0.5,0.7,0.3
2025-12-05,XLB,0.5,0.5,0.7,0.3
2025-12-01,XLC,0.9,1.1,1.4,0.8
2025-12-02,XLC,1.1,1.1,1.4,0.8
2025-12-03,XLC,0.8,1.1,1.4,0.8
2025-12-04,XLC,1.1,1.1,1.4,0.8
2025-12-05,XLC,1.7,1.1,1.4,0.8
2025-12-01,XLE,0.7,0.7,0.8,0.5
2025-12-02,XLE,0.8,0.7,0.8,0.5
2025-12-03,XLE,0.7,0.7,0.8,0.5
2025-12-04,XLE,0.4,0.7,0.8,0.5
2025-12-05,XLE,0.8,0.7,0.8,0.5
2025-12-01,XLF,0.6,0.5,0.7,0.4
2025-12-02,XLF,0.5,0.5,0.7,0.4
2025-12-03,XLF,0.7,0.5,0.7,0.4
2025-12-04,XLF,0.4,0.5,0.7,0.4
2025-12-05,XLF,0.5,0.5,0.7,0.4
2025-12-01,XLI,1.6,1.5,1.7,1.3
2025-12-02,XLI,1.5,1.5,1.7,1.3
2025-12-03,XLI,1.7,1.5,1.7,1.3
2025-12-04,XLI,1.4,1.5,1.7,1.3
2025-12-05,XLI,1.2,1.5,1.7,1.3
2025-12-01,XLK,2.3,1.8,2.2,1.4
2025-12-02,XLK,1.9,1.8,2.2,1.4
2025-12-03,XLK,1.9,1.8,2.2,1.4
2025-12-04,XLK,1.3,1.8,2.2,1.4
2025-12-05,XLK,1.6,1.8,2.2,1.4
2025-12-01,XLP,0.5,0.8,0.9,0.6
2025-12-02,XLP,0.9,0.8,0.9,0.6
2025-12-03,XLP,0.8,0.8,0.9,0.6
2025-12-04,XLP,0.9,0.8,0.9,0.6
2025-12-05,XLP,0.8,0.8,0.9,0.6
2025-12-01,XLRE,0.3,0.3,0.4,0.3
2025-12-02,XLRE,0.4,0.3,0.4,0.3
2025-12-03,XLRE,0.3,0.3,0.4,0.3
2025-12-04,XLRE,0.4,0.3,0.4,0.3
2025-12-05,XLRE,0.3,0.3,0.4,0.3
2025-12-01,XLU,0.8,0.6,0.7,0.4
2025-12-02,XLU,0.6,0.6,0.7,0.4
2025-12-03,XLU,0.5,0.6,0.7,0.4
2025-12-04,XLU,0.5,0.6,0.7,0.4
2025-12-05,XLU,0.5,0.6,0.7,0.4
2025-12-01,XLV,2.7,1.7,2.3,1.1
2025-12-02,XLV,1.3,1.7,2.3,1.1
2025-12-03,XLV,1.1,1.7,2.3,1.1
2025-12-04,XLV,1.7,1.7,2.3,1.1
2025-12-05,XLV,1.7,1.7,2.3,1.1
2025-12-01,XLY,1.3,1.3,1.5,1.0
2025-12-02,XLY,1.2,1.3,1.5,1.0
2025-12-03,XLY,1.6,1.3,1.5,1.0
2025-12-04,XLY,1.4,1.3,1.5,1.0
2025-12-05,XLY,0.9,1.3,1.5,1.0
2025-12-01,XOM,1.3,1.9,2.3,1.5
2025-12-02,XOM,1.9,1.9,2.3,1.5
2025-12-03,XOM,2.1,1.9,2.3,1.5
2025-12-04,XOM,1.7,1.9,2.3,1.5
2025-12-05,XOM,2.4,1.9,2.3,1.5
2025-12-01,XOP,2.5,2.5,2.9,2.1
2025-12-02,XOP,2.5,2.5,2.9,2.1
2025-12-03,XOP,2.8,2.5,2.9,2.1
2025-12-04,XOP,1.9,2.5,2.9,2.1
2025-12-05,XOP,2.9,2.5,2.9,2.1
2025-12-01,XYL,1.8,2.0,2.5,1.4
2025-12-02,XYL,1.8,2.0,2.5,1.4
2025-12-03,XYL,1.8,2.0,2.5,1.4
2025-12-04,XYL,1.5,2.0,2.5,1.4
2025-12-05,XYL,2.9,2.0,2.5,1.4
2025-12-01,XYZ,2.2,2.7,4.2,1.1
2025-12-02,XYZ,5.3,2.7,4.2,1.1
2025-12-03,XYZ,2.6,2.7,4.2,1.1
2025-12-04,XYZ,1.5,2.7,4.2,1.1
2025-12-05,XYZ,1.6,2.7,4.2,1.1
2025-12-01,YUM,3.3,3.0,4.0,2.1
2025-12-02,YUM,4.1,3.0,4.0,2.1
2025-12-03,YUM,2.0,3.0,4.0,2.1
2025-12-04,YUM,3.6,3.0,4.0,2.1
2025-12-05,YUM,2.1,3.0,4.0,2.1
2025-12-01,ZBH,3.2,2.1,2.9,1.3
2025-12-02,ZBH,2.2,2.1,2.9,1.3
2025-12-03,ZBH,2.4,2.1,2.9,1.3
2025-12-04,ZBH,1.1,2.1,2.9,1.3
2025-12-05,ZBH,1.5,2.1,2.9,1.3
2025-12-01,ZBRA,5.9,5.4,6.8,4.0
2025-12-02,ZBRA,3.3,5.4,6.8,4.0
2025-12-03,ZBRA,6.7,5.4,6.8,4.0
2025-12-04,ZBRA,4.6,5.4,6.8,4.0
2025-12-05,ZBRA,6.4,5.4,6.8,4.0
2025-12-01,ZTS,2.4,3.4,4.2,2.6
2025-12-02,ZTS,3.5,3.4,4.2,2.6
2025-12-03,ZTS,4.6,3.4,4.2,2.6
2025-12-04,ZTS,3.6,3.4,4.2,2.6
2025-12-05,ZTS,2.9,3.4,4.2,2.6
