Date,Ticker,gap_lt,gap_lt_avg,gap_lt_hi,gap_lt_lo
2025-12-01,A,-34.61,-36.31,-34.56,-38.07
2025-12-02,A,-35.9,-36.31,-34.56,-38.07
2025-12-03,A,-35.45,-36.31,-34.56,-38.07
2025-12-04,A,-36.39,-36.31,-34.56,-38.07
2025-12-05,A,-39.22,-36.31,-34.56,-38.07
2025-12-01,AAPL,-31.1,-31.62,-28.71,-34.52
2025-12-02,AAPL,-28.01,-31.62,-28.71,-34.52
2025-12-03,AAPL,-30.05,-31.62,-28.71,-34.52
2025-12-04,AAPL,-33.5,-31.62,-28.71,-34.52
2025-12-05,AAPL,-35.42,-31.62,-28.71,-34.52
2025-12-01,ABBV,-70.91,-69.12,-66.63,-71.6
2025-12-02,ABBV,-71.65,-69.12,-66.63,-71.6
2025-12-03,ABBV,-65.78,-69.12,-66.63,-71.6
2025-12-04,ABBV,-67.31,-69.12,-66.63,-71.6
2025-12-05,ABBV,-69.94,-69.12,-66.63,-71.6
2025-12-01,ABNB,1.17,2.88,5.21,0.55
2025-12-02,ABNB,0.87,2.88,5.21,0.55
2025-12-03,ABNB,2.5,2.88,5.21,0.55
2025-12-04,ABNB,3.19,2.88,5.21,0.55
2025-12-05,ABNB,6.69,2.88,5.21,0.55
2025-12-01,ABT,-16.43,-18.42,-17.21,-19.63
2025-12-02,ABT,-18.12,-18.42,-17.21,-19.63
2025-12-03,ABT,-19.15,-18.42,-17.21,-19.63
2025-12-04,ABT,-19.04,-18.42,-17.21,-19.63
2025-12-05,ABT,-19.36,-18.42,-17.21,-19.63
2025-12-01,ACGL,-11.4,-12.02,-11.49,-12.56
2025-12-02,ACGL,-11.87,-12.02,-11.49,-12.56
2025-12-03,ACGL,-11.84,-12.02,-11.49,-12.56
2025-12-04,ACGL,-12.17,-12.02,-11.49,-12.56
2025-12-05,ACGL,-12.84,-12.02,-11.49,-12.56
2025-12-01,ACN,-36.74,-28.72,-22.5,-34.95
2025-12-02,ACN,-33.15,-28.72,-22.5,-34.95
2025-12-03,ACN,-21.32,-28.72,-22.5,-34.95
2025-12-04,ACN,-24.83,-28.72,-22.5,-34.95
2025-12-05,ACN,-27.58,-28.72,-22.5,-34.95
2025-12-01,ADBE,-13.98,-7.34,2.38,-17.06
2025-12-02,ADBE,-14.02,-7.34,2.38,-17.06
2025-12-03,ADBE,-10.05,-7.34,2.38,-17.06
2025-12-04,ADBE,-8.1,-7.34,2.38,-17.06
2025-12-05,ADBE,9.43,-7.34,2.38,-17.06
2025-12-01,ADI,-46.21,-37.47,-31.74,-43.19
2025-12-02,ADI,-39.75,-37.47,-31.74,-43.19
2025-12-03,ADI,-34.48,-37.47,-31.74,-43.19
2025-12-04,ADI,-35.46,-37.47,-31.74,-43.19
2025-12-05,ADI,-31.43,-37.47,-31.74,-43.19
2025-12-01,ADM,-13.9,-14.62,-13.99,-15.25
2025-12-02,ADM,-14.11,-14.62,-13.99,-15.25
2025-12-03,ADM,-14.62,-14.62,-13.99,-15.25
2025-12-04,ADM,-15.06,-14.62,-13.99,-15.25
2025-12-05,ADM,-15.41,-14.62,-13.99,-15.25
2025-12-01,ADP,-7.76,-4.75,-2.41,-7.08
2025-12-02,ADP,-6.42,-4.75,-2.41,-7.08
2025-12-03,ADP,-3.38,-4.75,-2.41,-7.08
2025-12-04,ADP,-4.2,-4.75,-2.41,-7.08
2025-12-05,ADP,-1.97,-4.75,-2.41,-7.08
2025-12-01,ADSK,-17.34,-15.42,-13.45,-17.39
2025-12-02,ADSK,-12.21,-15.42,-13.45,-17.39
2025-12-03,ADSK,-15.22,-15.42,-13.45,-17.39
2025-12-04,ADSK,-16.61,-15.42,-13.45,-17.39
2025-12-05,ADSK,-15.72,-15.42,-13.45,-17.39
2025-12-01,AEE,-15.87,-17.53,-16.39,-18.68
2025-12-02,AEE,-17.36,-17.53,-16.39,-18.68
2025-12-03,AEE,-17.4,-17.53,-16.39,-18.68
2025-12-04,AEE,-18.02,-17.53,-16.39,-18.68
2025-12-05,AEE,-19.01,-17.53,-16.39,-18.68
2025-12-01,AEP,-4.82,-6.65,-5.46,-7.85
2025-12-02,AEP,-6.1,-6.65,-5.46,-7.85
2025-12-03,AEP,-7.27,-6.65,-5.46,-7.85
2025-12-04,AEP,-7.29,-6.65,-5.46,-7.85
2025-12-05,AEP,-7.79,-6.65,-5.46,-7.85
2025-12-01,AES,-0.08,-0.17,-0.06,-0.28
2025-12-02,AES,-0.11,-0.17,-0.06,-0.28
2025-12-03,AES,-0.36,-0.17,-0.06,-0.28
2025-12-04,AES,-0.14,-0.17,-0.06,-0.28
2025-12-05,AES,-0.15,-0.17,-0.06,-0.28
2025-12-01,AFL,-23.36,-23.72,-23.45,-23.99
2025-12-02,AFL,-24.08,-23.72,-23.45,-23.99
2025-12-03,AFL,-23.87,-23.72,-23.45,-23.99
2025-12-04,AFL,-23.67,-23.72,-23.45,-23.99
2025-12-05,AFL,-23.63,-23.72,-23.45,-23.99
2025-12-01,AIG,-11.64,-11.26,-11.02,-11.51
2025-12-02,AIG,-11.3,-11.26,-11.02,-11.51
2025-12-03,AIG,-11.18,-11.26,-11.02,-11.51
2025-12-04,AIG,-10.97,-11.26,-11.02,-11.51
2025-12-05,AIG,-11.22,-11.26,-11.02,-11.51
2025-12-01,AIZ,-59.81,-61.99,-60.38,-63.59
2025-12-02,AIZ,-63.87,-61.99,-60.38,-63.59
2025-12-03,AIZ,-62.91,-61.99,-60.38,-63.59
2025-12-04,AIZ,-60.97,-61.99,-60.38,-63.59
2025-12-05,AIZ,-62.37,-61.99,-60.38,-63.59
2025-12-01,AJG,-36.96,-38.9,-36.32,-41.48
2025-12-02,AJG,-38.84,-38.9,-36.32,-41.48
2025-12-03,AJG,-37.7,-38.9,-36.32,-41.48
2025-12-04,AJG,-37.65,-38.9,-36.32,-41.48
2025-12-05,AJG,-43.35,-38.9,-36.32,-41.48
2025-12-01,AKAM,-16.5,-17.69,-15.9,-19.48
2025-12-02,AKAM,-17.38,-17.69,-15.9,-19.48
2025-12-03,AKAM,-16.24,-17.69,-15.9,-19.48
2025-12-04,AKAM,-17.61,-17.69,-15.9,-19.48
2025-12-05,AKAM,-20.72,-17.69,-15.9,-19.48
2025-12-01,ALB,-8.85,-11.72,-7.96,-15.48
2025-12-02,ALB,-9.04,-11.72,-7.96,-15.48
2025-12-03,ALB,-10.69,-11.72,-7.96,-15.48
2025-12-04,ALB,-18.04,-11.72,-7.96,-15.48
2025-12-05,ALB,-11.99,-11.72,-7.96,-15.48
2025-12-01,ALGN,5.31,11.93,16.39,7.47
2025-12-02,ALGN,9.52,11.93,16.39,7.47
2025-12-03,ALGN,13.59,11.93,16.39,7.47
2025-12-04,ALGN,15.43,11.93,16.39,7.47
2025-12-05,ALGN,15.8,11.93,16.39,7.47
2025-12-01,ALL,-40.89,-43.66,-40.58,-46.73
2025-12-02,ALL,-41.98,-43.66,-40.58,-46.73
2025-12-03,ALL,-42.27,-43.66,-40.58,-46.73
2025-12-04,ALL,-44.52,-43.66,-40.58,-46.73
2025-12-05,ALL,-48.62,-43.66,-40.58,-46.73
2025-12-01,ALLE,-33.59,-36.1,-33.53,-38.68
2025-12-02,ALLE,-34.6,-36.1,-33.53,-38.68
2025-12-03,ALLE,-34.73,-36.1,-33.53,-38.68
2025-12-04,ALLE,-37.91,-36.1,-33.53,-38.68
2025-12-05,ALLE,-39.68,-36.1,-33.53,-38.68
2025-12-01,AMAT,-65.21,-54.73,-48.67,-60.79
2025-12-02,AMAT,-54.63,-54.73,-48.67,-60.79
2025-12-03,AMAT,-51.33,-54.73,-48.67,-60.79
2025-12-04,AMAT,-50.52,-54.73,-48.67,-60.79
2025-12-05,AMAT,-51.96,-54.73,-48.67,-60.79
2025-12-01,AMCR,-0.69,-0.83,-0.73,-0.93
2025-12-02,AMCR,-0.83,-0.83,-0.73,-0.93
2025-12-03,AMCR,-0.77,-0.83,-0.73,-0.93
2025-12-04,AMCR,-0.91,-0.83,-0.73,-0.93
2025-12-05,AMCR,-0.93,-0.83,-0.73,-0.93
2025-12-01,AMD,-26.63,-29.08,-27.31,-30.85
2025-12-02,AMD,-31.15,-29.08,-27.31,-30.85
2025-12-03,AMD,-28.79,-29.08,-27.31,-30.85
2025-12-04,AMD,-30.41,-29.08,-27.31,-30.85
2025-12-05,AMD,-28.42,-29.08,-27.31,-30.85
2025-12-01,AME,-38.72,-36.1,-34.36,-37.85
2025-12-02,AME,-37.04,-36.1,-34.36,-37.85
2025-12-03,AME,-35.11,-36.1,-34.36,-37.85
2025-12-04,AME,-35.11,-36.1,-34.36,-37.85
2025-12-05,AME,-34.53,-36.1,-34.36,-37.85
2025-12-01,AMGN,-84.64,-83.87,-78.26,-89.47
2025-12-02,AMGN,-83.77,-83.87,-78.26,-89.47
2025-12-03,AMGN,-76.71,-83.87,-78.26,-89.47
2025-12-04,AMGN,-81.97,-83.87,-78.26,-89.47
2025-12-05,AMGN,-92.24,-83.87,-78.26,-89.47
2025-12-01,AMP,-56.68,-44.99,-34.86,-55.13
2025-12-02,AMP,-54.8,-44.99,-34.86,-55.13
2025-12-03,AMP,-41.48,-44.99,-34.86,-55.13
2025-12-04,AMP,-37.48,-44.99,-34.86,-55.13
2025-12-05,AMP,-34.53,-44.99,-34.86,-55.13
2025-12-01,AMT,-9.08,-8.16,-6.64,-9.68
2025-12-02,AMT,-9.54,-8.16,-6.64,-9.68
2025-12-03,AMT,-9.17,-8.16,-6.64,-9.68
2025-12-04,AMT,-6.52,-8.16,-6.64,-9.68
2025-12-05,AMT,-6.49,-8.16,-6.64,-9.68
2025-12-01,AMZN,-23.57,-25.59,-23.14,-28.03
2025-12-02,AMZN,-23.03,-25.59,-23.14,-28.03
2025-12-03,AMZN,-25.07,-25.59,-23.14,-28.03
2025-12-04,AMZN,-28.34,-25.59,-23.14,-28.03
2025-12-05,AMZN,-27.92,-25.59,-23.14,-28.03
2025-12-01,ANET,-20.43,-20.49,-19.92,-21.06
2025-12-02,ANET,-21.32,-20.49,-19.92,-21.06
2025-12-03,ANET,-20.74,-20.49,-19.92,-21.06
2025-12-04,ANET,-19.99,-20.49,-19.92,-21.06
2025-12-05,ANET,-19.95,-20.49,-19.92,-21.06
2025-12-01,AON,-96.62,-100.94,-98.24,-103.65
2025-12-02,AON,-102.09,-100.94,-98.24,-103.65
2025-12-03,AON,-103.34,-100.94,-98.24,-103.65
2025-12-04,AON,-100.08,-100.94,-98.24,-103.65
2025-12-05,AON,-102.59,-100.94,-98.24,-103.65
2025-12-01,AOS,-8.12,-7.23,-6.34,-8.13
2025-12-02,AOS,-8.18,-7.23,-6.34,-8.13
2025-12-03,AOS,-6.82,-7.23,-6.34,-8.13
2025-12-04,AOS,-6.94,-7.23,-6.34,-8.13
2025-12-05,AOS,-6.11,-7.23,-6.34,-8.13
2025-12-01,APA,0.54,1.56,2.42,0.69
2025-12-02,APA,0.71,1.56,2.42,0.69
2025-12-03,APA,2.21,1.56,2.42,0.69
2025-12-04,APA,1.97,1.56,2.42,0.69
2025-12-05,APA,2.36,1.56,2.42,0.69
2025-12-01,APD,0.99,0.19,2.08,-1.71
2025-12-02,APD,-3.1,0.19,2.08,-1.71
2025-12-03,APD,0.48,0.19,2.08,-1.71
2025-12-04,APD,1.75,0.19,2.08,-1.71
2025-12-05,APD,0.82,0.19,2.08,-1.71
2025-12-01,APH,-52.38,-51.96,-50.88,-53.05
2025-12-02,APH,-50.11,-51.96,-50.88,-53.05
2025-12-03,APH,-52.95,-51.96,-50.88,-53.05
2025-12-04,APH,-52.14,-51.96,-50.88,-53.05
2025-12-05,APH,-52.24,-51.96,-50.88,-53.05
2025-12-01,APO,-10.58,-7.4,-4.5,-10.3
2025-12-02,APO,-9.89,-7.4,-4.5,-10.3
2025-12-03,APO,-7.47,-7.4,-4.5,-10.3
2025-12-04,APO,-5.22,-7.4,-4.5,-10.3
2025-12-05,APO,-3.84,-7.4,-4.5,-10.3
2025-12-01,APP,-283.14,-243.83,-216.79,-270.86
2025-12-02,APP,-253.73,-243.83,-216.79,-270.86
2025-12-03,APP,-244.52,-243.83,-216.79,-270.86
2025-12-04,APP,-222.95,-243.83,-216.79,-270.86
2025-12-05,APP,-214.79,-243.83,-216.79,-270.86
2025-12-01,APTV,-3.25,-3.13,-2.4,-3.85
2025-12-02,APTV,-2.71,-3.13,-2.4,-3.85
2025-12-03,APTV,-2.1,-3.13,-2.4,-3.85
2025-12-04,APTV,-3.75,-3.13,-2.4,-3.85
2025-12-05,APTV,-3.82,-3.13,-2.4,-3.85
2025-12-01,ARE,2.82,-0.8,3.0,-4.59
2025-12-02,ARE,3.55,-0.8,3.0,-4.59
2025-12-03,ARE,-1.86,-0.8,3.0,-4.59
2025-12-04,ARE,-3.69,-0.8,3.0,-4.59
2025-12-05,ARE,-4.8,-0.8,3.0,-4.59
2025-12-01,ASC,-0.52,-0.54,-0.39,-0.7
2025-12-02,ASC,-0.49,-0.54,-0.39,-0.7
2025-12-03,ASC,-0.33,-0.54,-0.39,-0.7
2025-12-04,ASC,-0.62,-0.54,-0.39,-0.7
2025-12-05,ASC,-0.75,-0.54,-0.39,-0.7
2025-12-01,ATO,-16.25,-16.93,-16.33,-17.54
2025-12-02,ATO,-17.89,-16.93,-16.33,-17.54
2025-12-03,ATO,-16.82,-16.93,-16.33,-17.54
2025-12-04,ATO,-17.02,-16.93,-16.33,-17.54
2025-12-05,ATO,-16.68,-16.93,-16.33,-17.54
2025-12-01,AVB,-9.31,-9.01,-7.61,-10.42
2025-12-02,AVB,-7.84,-9.01,-7.61,-10.42
2025-12-03,AVB,-7.44,-9.01,-7.61,-10.42
2025-12-04,AVB,-9.54,-9.01,-7.61,-10.42
2025-12-05,AVB,-10.94,-9.01,-7.61,-10.42
2025-12-01,AVGO,-232.4,-234.57,-230.41,-238.74
2025-12-02,AVGO,-236.91,-234.57,-230.41,-238.74
2025-12-03,AVGO,-237.87,-234.57,-230.41,-238.74
2025-12-04,AVGO,-237.45,-234.57,-230.41,-238.74
2025-12-05,AVGO,-228.24,-234.57,-230.41,-238.74
2025-12-01,AVY,-31.63,-29.23,-26.37,-32.1
2025-12-02,AVY,-31.94,-29.23,-26.37,-32.1
2025-12-03,AVY,-28.57,-29.23,-26.37,-32.1
2025-12-04,AVY,-29.2,-29.23,-26.37,-32.1
2025-12-05,AVY,-24.83,-29.23,-26.37,-32.1
2025-12-01,AWK,-67.05,-67.82,-66.87,-68.77
2025-12-02,AWK,-67.3,-67.82,-66.87,-68.77
2025-12-03,AWK,-67.08,-67.82,-66.87,-68.77
2025-12-04,AWK,-69.12,-67.82,-66.87,-68.77
2025-12-05,AWK,-68.55,-67.82,-66.87,-68.77
2025-12-01,AXON,-139.32,-129.32,-121.5,-137.14
2025-12-02,AXON,-134.78,-129.32,-121.5,-137.14
2025-12-03,AXON,-128.98,-129.32,-121.5,-137.14
2025-12-04,AXON,-121.92,-129.32,-121.5,-137.14
2025-12-05,AXON,-121.58,-129.32,-121.5,-137.14
2025-12-01,AXP,-58.24,-52.42,-47.17,-57.67
2025-12-02,AXP,-57.85,-52.42,-47.17,-57.67
2025-12-03,AXP,-50.42,-52.42,-47.17,-57.67
2025-12-04,AXP,-47.4,-52.42,-47.17,-57.67
2025-12-05,AXP,-48.2,-52.42,-47.17,-57.67
2025-12-01,AZO,-252.79,-347.81,-294.2,-401.43
2025-12-02,AZO,-373.01,-347.81,-294.2,-401.43
2025-12-03,AZO,-376.86,-347.81,-294.2,-401.43
2025-12-04,AZO,-359.28,-347.81,-294.2,-401.43
2025-12-05,AZO,-377.12,-347.81,-294.2,-401.43
2025-12-01,BA,0.91,14.08,21.58,6.58
2025-12-02,BA,19.83,14.08,21.58,6.58
2025-12-03,BA,16.99,14.08,21.58,6.58
2025-12-04,BA,16.32,14.08,21.58,6.58
2025-12-05,BA,16.34,14.08,21.58,6.58
2025-12-01,BAC,-6.75,-6.26,-5.79,-6.74
2025-12-02,BAC,-6.8,-6.26,-5.79,-6.74
2025-12-03,BAC,-5.9,-6.26,-5.79,-6.74
2025-12-04,BAC,-5.83,-6.26,-5.79,-6.74
2025-12-05,BAC,-6.04,-6.26,-5.79,-6.74
2025-12-01,BALL,-8.98,-9.19,-8.94,-9.44
2025-12-02,BALL,-9.6,-9.19,-8.94,-9.44
2025-12-03,BALL,-9.23,-9.19,-8.94,-9.44
2025-12-04,BALL,-9.16,-9.19,-8.94,-9.44
2025-12-05,BALL,-8.98,-9.19,-8.94,-9.44
2025-12-01,BAX,-0.49,-0.8,-0.55,-1.06
2025-12-02,BAX,-0.73,-0.8,-0.55,-1.06
2025-12-03,BAX,-0.68,-0.8,-0.55,-1.06
2025-12-04,BAX,-1.09,-0.8,-0.55,-1.06
2025-12-05,BAX,-1.03,-0.8,-0.55,-1.06
2025-12-01,BBY,1.93,-0.36,0.96,-1.68
2025-12-02,BBY,-0.42,-0.36,0.96,-1.68
2025-12-03,BBY,-0.93,-0.36,0.96,-1.68
2025-12-04,BBY,-1.25,-0.36,0.96,-1.68
2025-12-05,BBY,-1.14,-0.36,0.96,-1.68
2025-12-01,BDX,-21.53,-20.63,-19.12,-22.15
2025-12-02,BDX,-22.88,-20.63,-19.12,-22.15
2025-12-03,BDX,-19.78,-20.63,-19.12,-22.15
2025-12-04,BDX,-19.59,-20.63,-19.12,-22.15
2025-12-05,BDX,-19.39,-20.63,-19.12,-22.15
2025-12-01,BEN,-3.86,-3.5,-3.09,-3.91
2025-12-02,BEN,-3.98,-3.5,-3.09,-3.91
2025-12-03,BEN,-3.39,-3.5,-3.09,-3.91
2025-12-04,BEN,-3.26,-3.5,-3.09,-3.91
2025-12-05,BEN,-3.0,-3.5,-3.09,-3.91
2025-12-01,BF.B,-1.53,-1.29,-1.0,-1.58
2025-12-02,BF.B,-1.36,-1.29,-1.0,-1.58
2025-12-03,BF.B,-1.16,-1.29,-1.0,-1.58
2025-12-04,BF.B,-1.55,-1.29,-1.0,-1.58
2025-12-05,BF.B,-0.85,-1.29,-1.0,-1.58
2025-12-01,BG,-13.82,-15.08,-13.93,-16.24
2025-12-02,BG,-14.19,-15.08,-13.93,-16.24
2025-12-03,BG,-14.95,-15.08,-13.93,-16.24
2025-12-04,BG,-15.85,-15.08,-13.93,-16.24
2025-12-05,BG,-16.61,-15.08,-13.93,-16.24
2025-12-01,BIIB,-27.8,-25.18,-23.57,-26.79
2025-12-02,BIIB,-25.4,-25.18,-23.57,-26.79
2025-12-03,BIIB,-24.83,-25.18,-23.57,-26.79
2025-12-04,BIIB,-23.6,-25.18,-23.57,-26.79
2025-12-05,BIIB,-24.28,-25.18,-23.57,-26.79
2025-12-01,BK,-69.65,-68.47,-67.44,-69.5
2025-12-02,BK,-69.38,-68.47,-67.44,-69.5
2025-12-03,BK,-68.37,-68.47,-67.44,-69.5
2025-12-04,BK,-67.51,-68.47,-67.44,-69.5
2025-12-05,BK,-67.44,-68.47,-67.44,-69.5
2025-12-01,BKNG,-284.67,-116.81,-0.69,-232.94
2025-12-02,BKNG,-41.41,-116.81,-0.69,-232.94
2025-12-03,BKNG,-129.27,-116.81,-0.69,-232.94
2025-12-04,BKNG,-149.28,-116.81,-0.69,-232.94
2025-12-05,BKNG,20.56,-116.81,-0.69,-232.94
2025-12-01,BKR,-3.92,-4.09,-3.47,-4.71
2025-12-02,BKR,-4.6,-4.09,-3.47,-4.71
2025-12-03,BKR,-3.59,-4.09,-3.47,-4.71
2025-12-04,BKR,-3.47,-4.09,-3.47,-4.71
2025-12-05,BKR,-4.88,-4.09,-3.47,-4.71
2025-12-01,BLDR,-8.08,-9.11,-7.37,-10.86
2025-12-02,BLDR,-9.16,-9.11,-7.37,-10.86
2025-12-03,BLDR,-6.82,-9.11,-7.37,-10.86
2025-12-04,BLDR,-10.25,-9.11,-7.37,-10.86
2025-12-05,BLDR,-11.25,-9.11,-7.37,-10.86
2025-12-01,BLK,-123.82,-102.53,-82.29,-122.76
2025-12-02,BLK,-125.14,-102.53,-82.29,-122.76
2025-12-03,BLK,-83.89,-102.53,-82.29,-122.76
2025-12-04,BLK,-88.18,-102.53,-82.29,-122.76
2025-12-05,BLK,-91.6,-102.53,-82.29,-122.76
2025-12-01,BMY,-4.61,-3.29,-1.57,-5.01
2025-12-02,BMY,-5.54,-3.29,-1.57,-5.01
2025-12-03,BMY,-2.83,-3.29,-1.57,-5.01
2025-12-04,BMY,-1.84,-3.29,-1.57,-5.01
2025-12-05,BMY,-1.64,-3.29,-1.57,-5.01
2025-12-01,BR,-25.15,-22.2,-19.88,-24.51
2025-12-02,BR,-24.09,-22.2,-19.88,-24.51
2025-12-03,BR,-21.24,-22.2,-19.88,-24.51
2025-12-04,BR,-20.82,-22.2,-19.88,-24.51
2025-12-05,BR,-19.68,-22.2,-19.88,-24.51
2025-12-01,BRK.B,-20.06,-23.34,-21.07,-25.6
2025-12-02,BRK.B,-21.96,-23.34,-21.07,-25.6
2025-12-03,BRK.B,-25.01,-23.34,-21.07,-25.6
2025-12-04,BRK.B,-25.38,-23.34,-21.07,-25.6
2025-12-05,BRK.B,-24.27,-23.34,-21.07,-25.6
2025-12-01,BRO,-26.88,-28.32,-27.33,-29.32
2025-12-02,BRO,-28.22,-28.32,-27.33,-29.32
2025-12-03,BRO,-28.41,-28.32,-27.33,-29.32
2025-12-04,BRO,-28.42,-28.32,-27.33,-29.32
2025-12-05,BRO,-29.69,-28.32,-27.33,-29.32
2025-12-01,BSX,-15.63,-17.87,-16.48,-19.27
2025-12-02,BSX,-17.62,-17.87,-16.48,-19.27
2025-12-03,BSX,-18.07,-17.87,-16.48,-19.27
2025-12-04,BSX,-18.92,-17.87,-16.48,-19.27
2025-12-05,BSX,-19.12,-17.87,-16.48,-19.27
2025-12-01,BTC=F,-23654.41,-19648.41,-16985.23,-22311.59
2025-12-02,BTC=F,-18639.41,-19648.41,-16985.23,-22311.59
2025-12-03,BTC=F,-17049.41,-19648.41,-16985.23,-22311.59
2025-12-04,BTC=F,-17954.41,-19648.41,-16985.23,-22311.59
2025-12-05,BTC=F,-20944.41,-19648.41,-16985.23,-22311.59
2025-12-01,BTI,-36.89,-37.3,-36.83,-37.76
2025-12-02,BTI,-37.09,-37.3,-36.83,-37.76
2025-12-03,BTI,-37.51,-37.3,-36.83,-37.76
2025-12-04,BTI,-36.98,-37.3,-36.83,-37.76
2025-12-05,BTI,-38.01,-37.3,-36.83,-37.76
2025-12-01,BTU,-6.89,-5.18,-3.95,-6.41
2025-12-02,BTU,-6.06,-5.18,-3.95,-6.41
2025-12-03,BTU,-4.21,-5.18,-3.95,-6.41
2025-12-04,BTU,-4.13,-5.18,-3.95,-6.41
2025-12-05,BTU,-4.62,-5.18,-3.95,-6.41
2025-12-01,BX,-14.84,-11.56,-8.73,-14.39
2025-12-02,BX,-14.45,-11.56,-8.73,-14.39
2025-12-03,BX,-9.67,-11.56,-8.73,-14.39
2025-12-04,BX,-9.8,-11.56,-8.73,-14.39
2025-12-05,BX,-9.04,-11.56,-8.73,-14.39
2025-12-01,BXP,-6.57,-7.6,-6.52,-8.68
2025-12-02,BXP,-6.79,-7.6,-6.52,-8.68
2025-12-03,BXP,-7.39,-7.6,-6.52,-8.68
2025-12-04,BXP,-7.98,-7.6,-6.52,-8.68
2025-12-05,BXP,-9.26,-7.6,-6.52,-8.68
2025-12-01,C,-34.77,-31.6,-28.82,-34.37
2025-12-02,C,-34.26,-31.6,-28.82,-34.37
2025-12-03,C,-30.73,-31.6,-28.82,-34.37
2025-12-04,C,-29.66,-31.6,-28.82,-34.37
2025-12-05,C,-28.57,-31.6,-28.82,-34.37
2025-12-01,CAG,1.41,0.95,1.23,0.67
2025-12-02,CAG,0.96,0.95,1.23,0.67
2025-12-03,CAG,0.9,0.95,1.23,0.67
2025-12-04,CAG,0.69,0.95,1.23,0.67
2025-12-05,CAG,0.79,0.95,1.23,0.67
2025-12-01,CAH,-42.43,-48.26,-44.11,-52.41
2025-12-02,CAH,-45.3,-48.26,-44.11,-52.41
2025-12-03,CAH,-50.72,-48.26,-44.11,-52.41
2025-12-04,CAH,-51.24,-48.26,-44.11,-52.41
2025-12-05,CAH,-51.6,-48.26,-44.11,-52.41
2025-12-01,CALM,-14.91,-14.99,-13.49,-16.5
2025-12-02,CALM,-17.03,-14.99,-13.49,-16.5
2025-12-03,CALM,-15.87,-14.99,-13.49,-16.5
2025-12-04,CALM,-13.33,-14.99,-13.49,-16.5
2025-12-05,CALM,-13.83,-14.99,-13.49,-16.5
2025-12-01,CANE,-1.14,-1.07,-1.03,-1.11
2025-12-02,CANE,-1.03,-1.07,-1.03,-1.11
2025-12-03,CANE,-1.05,-1.07,-1.03,-1.11
2025-12-04,CANE,-1.05,-1.07,-1.03,-1.11
2025-12-05,CANE,-1.08,-1.07,-1.03,-1.11
2025-12-01,CARR,-21.15,-21.1,-20.8,-21.41
2025-12-02,CARR,-21.58,-21.1,-20.8,-21.41
2025-12-03,CARR,-20.78,-21.1,-20.8,-21.41
2025-12-04,CARR,-20.9,-21.1,-20.8,-21.41
2025-12-05,CARR,-21.11,-21.1,-20.8,-21.41
2025-12-01,CAT,-126.65,-105.84,-91.78,-119.9
2025-12-02,CAT,-112.24,-105.84,-91.78,-119.9
2025-12-03,CAT,-103.22,-105.84,-91.78,-119.9
2025-12-04,CAT,-95.56,-105.84,-91.78,-119.9
2025-12-05,CAT,-91.54,-105.84,-91.78,-119.9
2025-12-01,CB,-39.18,-38.45,-37.97,-38.92
2025-12-02,CB,-38.56,-38.45,-37.97,-38.92
2025-12-03,CB,-38.01,-38.45,-37.97,-38.92
2025-12-04,CB,-38.42,-38.45,-37.97,-38.92
2025-12-05,CB,-38.06,-38.45,-37.97,-38.92
2025-12-01,CBOE,-56.84,-57.88,-56.9,-58.86
2025-12-02,CBOE,-57.77,-57.88,-56.9,-58.86
2025-12-03,CBOE,-58.22,-57.88,-56.9,-58.86
2025-12-04,CBOE,-57.2,-57.88,-56.9,-58.86
2025-12-05,CBOE,-59.36,-57.88,-56.9,-58.86
2025-12-01,CBRE,-34.33,-33.01,-31.71,-34.32
2025-12-02,CBRE,-34.34,-33.01,-31.71,-34.32
2025-12-03,CBRE,-31.39,-33.01,-31.71,-34.32
2025-12-04,CBRE,-32.2,-33.01,-31.71,-34.32
2025-12-05,CBRE,-32.81,-33.01,-31.71,-34.32
2025-12-01,CCI,-2.39,-2.29,-1.89,-2.69
2025-12-02,CCI,-2.61,-2.29,-1.89,-2.69
2025-12-03,CCI,-2.56,-2.29,-1.89,-2.69
2025-12-04,CCI,-2.28,-2.29,-1.89,-2.69
2025-12-05,CCI,-1.61,-2.29,-1.89,-2.69
2025-12-01,CCJ,-20.88,-18.3,-15.66,-20.93
2025-12-02,CCJ,-20.18,-18.3,-15.66,-20.93
2025-12-03,CCJ,-18.96,-18.3,-15.66,-20.93
2025-12-04,CCJ,-14.32,-18.3,-15.66,-20.93
2025-12-05,CCJ,-17.14,-18.3,-15.66,-20.93
2025-12-01,CCL,-3.43,-3.46,-3.37,-3.55
2025-12-02,CCL,-3.52,-3.46,-3.37,-3.55
2025-12-03,CCL,-3.32,-3.46,-3.37,-3.55
2025-12-04,CCL,-3.54,-3.46,-3.37,-3.55
2025-12-05,CCL,-3.49,-3.46,-3.37,-3.55
2025-12-01,CDNS,-110.22,-92.14,-79.09,-105.19
2025-12-02,CDNS,-101.9,-92.14,-79.09,-105.19
2025-12-03,CDNS,-83.73,-92.14,-79.09,-105.19
2025-12-04,CDNS,-82.54,-92.14,-79.09,-105.19
2025-12-05,CDNS,-82.31,-92.14,-79.09,-105.19
2025-12-01,CDW,-2.06,-0.76,0.45,-1.97
2025-12-02,CDW,-0.93,-0.76,0.45,-1.97
2025-12-03,CDW,-1.41,-0.76,0.45,-1.97
2025-12-04,CDW,-0.55,-0.76,0.45,-1.97
2025-12-05,CDW,1.16,-0.76,0.45,-1.97
2025-12-01,CEG,-75.58,-72.15,-68.29,-76.0
2025-12-02,CEG,-70.96,-72.15,-68.29,-76.0
2025-12-03,CEG,-73.37,-72.15,-68.29,-76.0
2025-12-04,CEG,-66.01,-72.15,-68.29,-76.0
2025-12-05,CEG,-74.81,-72.15,-68.29,-76.0
2025-12-01,CF,-16.38,-16.95,-16.05,-17.84
2025-12-02,CF,-17.21,-16.95,-16.05,-17.84
2025-12-03,CF,-16.89,-16.95,-16.05,-17.84
2025-12-04,CF,-15.95,-16.95,-16.05,-17.84
2025-12-05,CF,-18.3,-16.95,-16.05,-17.84
2025-12-01,CFG,-19.38,-18.71,-18.11,-19.3
2025-12-02,CFG,-19.3,-18.71,-18.11,-19.3
2025-12-03,CFG,-18.28,-18.71,-18.11,-19.3
2025-12-04,CFG,-18.08,-18.71,-18.11,-19.3
2025-12-05,CFG,-18.5,-18.71,-18.11,-19.3
2025-12-01,CHD,-0.89,-1.37,-0.93,-1.81
2025-12-02,CHD,-1.93,-1.37,-0.93,-1.81
2025-12-03,CHD,-1.56,-1.37,-0.93,-1.81
2025-12-04,CHD,-1.52,-1.37,-0.93,-1.81
2025-12-05,CHD,-0.95,-1.37,-0.93,-1.81
2025-12-01,CHRW,-24.43,-25.8,-24.52,-27.07
2025-12-02,CHRW,-25.12,-25.8,-24.52,-27.07
2025-12-03,CHRW,-25.21,-25.8,-24.52,-27.07
2025-12-04,CHRW,-26.7,-25.8,-24.52,-27.07
2025-12-05,CHRW,-27.53,-25.8,-24.52,-27.07
2025-12-01,CHTR,-16.35,-13.35,-10.17,-16.54
2025-12-02,CHTR,-15.57,-13.35,-10.17,-16.54
2025-12-03,CHTR,-13.33,-13.35,-10.17,-16.54
2025-12-04,CHTR,-13.31,-13.35,-10.17,-16.54
2025-12-05,CHTR,-8.19,-13.35,-10.17,-16.54
2025-12-01,CI,-44.58,-47.78,-44.17,-51.39
2025-12-02,CI,-44.05,-47.78,-44.17,-51.39
2025-12-03,CI,-47.83,-47.78,-44.17,-51.39
2025-12-04,CI,-49.73,-47.78,-44.17,-51.39
2025-12-05,CI,-52.71,-47.78,-44.17,-51.39
2025-12-01,CINF,-14.09,-16.53,-15.07,-18.0
2025-12-02,CINF,-16.35,-16.53,-15.07,-18.0
2025-12-03,CINF,-17.29,-16.53,-15.07,-18.0
2025-12-04,CINF,-17.11,-16.53,-15.07,-18.0
2025-12-05,CINF,-17.82,-16.53,-15.07,-18.0
2025-12-01,CIVI,2.14,2.49,3.01,1.96
2025-12-02,CIVI,1.73,2.49,3.01,1.96
2025-12-03,CIVI,2.83,2.49,3.01,1.96
2025-12-04,CIVI,2.9,2.49,3.01,1.96
2025-12-05,CIVI,2.83,2.49,3.01,1.96
2025-12-01,CL,0.35,-1.06,-0.16,-1.97
2025-12-02,CL,-0.77,-1.06,-0.16,-1.97
2025-12-03,CL,-1.39,-1.06,-0.16,-1.97
2025-12-04,CL,-1.99,-1.06,-0.16,-1.97
2025-12-05,CL,-1.52,-1.06,-0.16,-1.97
2025-12-01,CLX,3.93,3.01,3.65,2.38
2025-12-02,CLX,3.41,3.01,3.65,2.38
2025-12-03,CLX,2.69,3.01,3.65,2.38
2025-12-04,CLX,2.62,3.01,3.65,2.38
2025-12-05,CLX,2.42,3.01,3.65,2.38
2025-12-01,CMBT,0.44,0.65,0.81,0.49
2025-12-02,CMBT,0.62,0.65,0.81,0.49
2025-12-03,CMBT,0.87,0.65,0.81,0.49
2025-12-04,CMBT,0.73,0.65,0.81,0.49
2025-12-05,CMBT,0.61,0.65,0.81,0.49
2025-12-01,CMCSA,1.31,1.84,2.17,1.51
2025-12-02,CMCSA,1.75,1.84,2.17,1.51
2025-12-03,CMCSA,2.16,1.84,2.17,1.51
2025-12-04,CMCSA,1.93,1.84,2.17,1.51
2025-12-05,CMCSA,2.04,1.84,2.17,1.51
2025-12-01,CME,-32.84,-36.85,-33.58,-40.13
2025-12-02,CME,-34.34,-36.85,-33.58,-40.13
2025-12-03,CME,-37.49,-36.85,-33.58,-40.13
2025-12-04,CME,-38.64,-36.85,-33.58,-40.13
2025-12-05,CME,-40.96,-36.85,-33.58,-40.13
2025-12-01,CMG,0.73,0.57,0.71,0.43
2025-12-02,CMG,0.63,0.57,0.71,0.43
2025-12-03,CMG,0.42,0.57,0.71,0.43
2025-12-04,CMG,0.64,0.57,0.71,0.43
2025-12-05,CMG,0.43,0.57,0.71,0.43
2025-12-01,CMI,-170.33,-161.11,-154.73,-167.49
2025-12-02,CMI,-164.98,-161.11,-154.73,-167.49
2025-12-03,CMI,-158.67,-161.11,-154.73,-167.49
2025-12-04,CMI,-155.74,-161.11,-154.73,-167.49
2025-12-05,CMI,-155.83,-161.11,-154.73,-167.49
2025-12-01,CMRE,-1.6,-1.14,-0.82,-1.46
2025-12-02,CMRE,-1.31,-1.14,-0.82,-1.46
2025-12-03,CMRE,-0.99,-1.14,-0.82,-1.46
2025-12-04,CMRE,-0.8,-1.14,-0.82,-1.46
2025-12-05,CMRE,-1.0,-1.14,-0.82,-1.46
2025-12-01,CMS,-3.11,-4.11,-3.31,-4.92
2025-12-02,CMS,-3.63,-4.11,-3.31,-4.92
2025-12-03,CMS,-4.08,-4.11,-3.31,-4.92
2025-12-04,CMS,-4.57,-4.11,-3.31,-4.92
2025-12-05,CMS,-5.18,-4.11,-3.31,-4.92
2025-12-01,CNC,3.69,4.34,4.76,3.92
2025-12-02,CNC,4.61,4.34,4.76,3.92
2025-12-03,CNC,4.61,4.34,4.76,3.92
2025-12-04,CNC,4.65,4.34,4.76,3.92
2025-12-05,CNC,4.14,4.34,4.76,3.92
2025-12-01,CNP,-6.34,-6.9,-6.58,-7.23
2025-12-02,CNP,-7.12,-6.9,-6.58,-7.23
2025-12-03,CNP,-7.09,-6.9,-6.58,-7.23
2025-12-04,CNP,-6.93,-6.9,-6.58,-7.23
2025-12-05,CNP,-7.04,-6.9,-6.58,-7.23
2025-12-01,CNR,-16.86,-13.16,-9.96,-16.35
2025-12-02,CNR,-16.37,-13.16,-9.96,-16.35
2025-12-03,CNR,-11.5,-13.16,-9.96,-16.35
2025-12-04,CNR,-10.14,-13.16,-9.96,-16.35
2025-12-05,CNR,-10.91,-13.16,-9.96,-16.35
2025-12-01,COF,-33.39,-27.36,-23.11,-31.61
2025-12-02,COF,-29.76,-27.36,-23.11,-31.61
2025-12-03,COF,-26.52,-27.36,-23.11,-31.61
2025-12-04,COF,-24.05,-27.36,-23.11,-31.61
2025-12-05,COF,-23.08,-27.36,-23.11,-31.61
2025-12-01,COIN,-44.9,-35.98,-28.82,-43.14
2025-12-02,COIN,-41.48,-35.98,-28.82,-43.14
2025-12-03,COIN,-27.82,-35.98,-28.82,-43.14
2025-12-04,COIN,-30.69,-35.98,-28.82,-43.14
2025-12-05,COIN,-35.01,-35.98,-28.82,-43.14
2025-12-01,COMT,-2.48,-2.44,-2.31,-2.57
2025-12-02,COMT,-2.58,-2.44,-2.31,-2.57
2025-12-03,COMT,-2.5,-2.44,-2.31,-2.57
2025-12-04,COMT,-2.39,-2.44,-2.31,-2.57
2025-12-05,COMT,-2.24,-2.44,-2.31,-2.57
2025-12-01,COO,-17.65,-17.53,-15.26,-19.79
2025-12-02,COO,-19.22,-17.53,-15.26,-19.79
2025-12-03,COO,-19.08,-17.53,-15.26,-19.79
2025-12-04,COO,-18.03,-17.53,-15.26,-19.79
2025-12-05,COO,-13.66,-17.53,-15.26,-19.79
2025-12-01,COP,0.21,1.58,3.44,-0.28
2025-12-02,COP,-0.76,1.58,3.44,-0.28
2025-12-03,COP,1.76,1.58,3.44,-0.28
2025-12-04,COP,3.07,1.58,3.44,-0.28
2025-12-05,COP,3.64,1.58,3.44,-0.28
2025-12-01,COR,-110.76,-126.2,-115.75,-136.65
2025-12-02,COR,-120.21,-126.2,-115.75,-136.65
2025-12-03,COR,-135.57,-126.2,-115.75,-136.65
2025-12-04,COR,-133.25,-126.2,-115.75,-136.65
2025-12-05,COR,-131.22,-126.2,-115.75,-136.65
2025-12-01,CORN,-1.06,-1.07,-0.98,-1.16
2025-12-02,CORN,-0.92,-1.07,-0.98,-1.16
2025-12-03,CORN,-1.16,-1.07,-0.98,-1.16
2025-12-04,CORN,-1.08,-1.07,-0.98,-1.16
2025-12-05,CORN,-1.12,-1.07,-0.98,-1.16
2025-12-01,COST,-231.0,-233.6,-220.08,-247.13
2025-12-02,COST,-220.93,-233.6,-220.08,-247.13
2025-12-03,COST,-220.7,-233.6,-220.08,-247.13
2025-12-04,COST,-247.11,-233.6,-220.08,-247.13
2025-12-05,COST,-248.28,-233.6,-220.08,-247.13
2025-12-01,CPAY,-58.33,-54.77,-48.46,-61.08
2025-12-02,CPAY,-59.65,-54.77,-48.46,-61.08
2025-12-03,CPAY,-54.71,-54.77,-48.46,-61.08
2025-12-04,CPAY,-57.21,-54.77,-48.46,-61.08
2025-12-05,CPAY,-43.96,-54.77,-48.46,-61.08
2025-12-01,CPB,-0.62,-1.35,-0.89,-1.82
2025-12-02,CPB,-1.32,-1.35,-0.89,-1.82
2025-12-03,CPB,-1.37,-1.35,-0.89,-1.82
2025-12-04,CPB,-1.85,-1.35,-0.89,-1.82
2025-12-05,CPB,-1.61,-1.35,-0.89,-1.82
2025-12-01,CPER,-3.36,-2.92,-2.41,-3.43
2025-12-02,CPER,-3.51,-2.92,-2.41,-3.43
2025-12-03,CPER,-2.62,-2.92,-2.41,-3.43
2025-12-04,CPER,-2.81,-2.92,-2.41,-3.43
2025-12-05,CPER,-2.3,-2.92,-2.41,-3.43
2025-12-01,CPRT,-1.28,-1.53,-1.37,-1.7
2025-12-02,CPRT,-1.47,-1.53,-1.37,-1.7
2025-12-03,CPRT,-1.58,-1.53,-1.37,-1.7
2025-12-04,CPRT,-1.63,-1.53,-1.37,-1.7
2025-12-05,CPRT,-1.71,-1.53,-1.37,-1.7
2025-12-01,CPT,-28.41,-29.27,-28.3,-30.23
2025-12-02,CPT,-28.47,-29.27,-28.3,-30.23
2025-12-03,CPT,-28.91,-29.27,-28.3,-30.23
2025-12-04,CPT,-29.96,-29.27,-28.3,-30.23
2025-12-05,CPT,-30.59,-29.27,-28.3,-30.23
2025-12-01,CRESY,-2.85,-2.8,-2.64,-2.96
2025-12-02,CRESY,-3.01,-2.8,-2.64,-2.96
2025-12-03,CRESY,-2.61,-2.8,-2.64,-2.96
2025-12-04,CRESY,-2.67,-2.8,-2.64,-2.96
2025-12-05,CRESY,-2.86,-2.8,-2.64,-2.96
2025-12-01,CRL,1.43,6.11,11.02,1.2
2025-12-02,CRL,0.1,6.11,11.02,1.2
2025-12-03,CRL,10.01,6.11,11.02,1.2
2025-12-04,CRL,9.38,6.11,11.02,1.2
2025-12-05,CRL,9.65,6.11,11.02,1.2
2025-12-01,CRM,-158.65,-148.62,-137.23,-160.01
2025-12-02,CRM,-156.77,-148.62,-137.23,-160.01
2025-12-03,CRM,-152.76,-148.62,-137.23,-160.01
2025-12-04,CRM,-144.02,-148.62,-137.23,-160.01
2025-12-05,CRM,-130.91,-148.62,-137.23,-160.01
2025-12-01,CRWD,-81.9,-72.03,-64.75,-79.31
2025-12-02,CRWD,-69.48,-72.03,-64.75,-79.31
2025-12-03,CRWD,-61.86,-72.03,-64.75,-79.31
2025-12-04,CRWD,-72.91,-72.03,-64.75,-79.31
2025-12-05,CRWD,-74.0,-72.03,-64.75,-79.31
2025-12-01,CSCO,-36.87,-35.63,-34.82,-36.44
2025-12-02,CSCO,-36.04,-35.63,-34.82,-36.44
2025-12-03,CSCO,-35.16,-35.63,-34.82,-36.44
2025-12-04,CSCO,-35.15,-35.63,-34.82,-36.44
2025-12-05,CSCO,-34.94,-35.63,-34.82,-36.44
2025-12-01,CSGP,-2.54,-2.27,-1.85,-2.69
2025-12-02,CSGP,-2.36,-2.27,-1.85,-2.69
2025-12-03,CSGP,-1.54,-2.27,-1.85,-2.69
2025-12-04,CSGP,-2.37,-2.27,-1.85,-2.69
2025-12-05,CSGP,-2.55,-2.27,-1.85,-2.69
2025-12-01,CSX,-2.65,-1.85,-1.16,-2.54
2025-12-02,CSX,-2.53,-1.85,-1.16,-2.54
2025-12-03,CSX,-1.55,-1.85,-1.16,-2.54
2025-12-04,CSX,-1.32,-1.85,-1.16,-2.54
2025-12-05,CSX,-1.2,-1.85,-1.16,-2.54
2025-12-01,CTAS,-36.16,-36.57,-35.46,-37.68
2025-12-02,CTAS,-37.4,-36.57,-35.46,-37.68
2025-12-03,CTAS,-36.88,-36.57,-35.46,-37.68
2025-12-04,CTAS,-37.56,-36.57,-35.46,-37.68
2025-12-05,CTAS,-34.84,-36.57,-35.46,-37.68
2025-12-01,CTRA,-8.24,-8.14,-7.74,-8.55
2025-12-02,CTRA,-8.8,-8.14,-7.74,-8.55
2025-12-03,CTRA,-8.03,-8.14,-7.74,-8.55
2025-12-04,CTRA,-7.85,-8.14,-7.74,-8.55
2025-12-05,CTRA,-7.8,-8.14,-7.74,-8.55
2025-12-01,CTSH,-7.07,-5.44,-3.98,-6.91
2025-12-02,CTSH,-6.81,-5.44,-3.98,-6.91
2025-12-03,CTSH,-5.26,-5.44,-3.98,-6.91
2025-12-04,CTSH,-4.3,-5.44,-3.98,-6.91
2025-12-05,CTSH,-3.78,-5.44,-3.98,-6.91
2025-12-01,CTVA,-4.67,-5.26,-4.76,-5.77
2025-12-02,CTVA,-5.61,-5.26,-4.76,-5.77
2025-12-03,CTVA,-5.91,-5.26,-4.76,-5.77
2025-12-04,CTVA,-4.92,-5.26,-4.76,-5.77
2025-12-05,CTVA,-5.21,-5.26,-4.76,-5.77
2025-12-01,CVS,-8.82,-11.1,-9.47,-12.73
2025-12-02,CVS,-10.3,-11.1,-9.47,-12.73
2025-12-03,CVS,-12.92,-11.1,-9.47,-12.73
2025-12-04,CVS,-11.17,-11.1,-9.47,-12.73
2025-12-05,CVS,-12.29,-11.1,-9.47,-12.73
2025-12-01,CVX,-13.04,-14.25,-13.1,-15.41
2025-12-02,CVX,-15.33,-14.25,-13.1,-15.41
2025-12-03,CVX,-13.99,-14.25,-13.1,-15.41
2025-12-04,CVX,-13.32,-14.25,-13.1,-15.41
2025-12-05,CVX,-15.58,-14.25,-13.1,-15.41
2025-12-01,D,-12.16,-13.06,-12.19,-13.93
2025-12-02,D,-12.61,-13.06,-12.19,-13.93
2025-12-03,D,-12.93,-13.06,-12.19,-13.93
2025-12-04,D,-13.12,-13.06,-12.19,-13.93
2025-12-05,D,-14.47,-13.06,-12.19,-13.93
2025-12-01,DAL,-7.43,-5.36,-3.87,-6.85
2025-12-02,DAL,-6.44,-5.36,-3.87,-6.85
2025-12-03,DAL,-4.09,-5.36,-3.87,-6.85
2025-12-04,DAL,-4.34,-5.36,-3.87,-6.85
2025-12-05,DAL,-4.48,-5.36,-3.87,-6.85
2025-12-01,DASH,-27.54,-14.87,-7.22,-22.53
2025-12-02,DASH,-16.14,-14.87,-7.22,-22.53
2025-12-03,DASH,-10.64,-14.87,-7.22,-22.53
2025-12-04,DASH,-11.93,-14.87,-7.22,-22.53
2025-12-05,DASH,-8.12,-14.87,-7.22,-22.53
2025-12-01,DAY,-0.81,-0.83,-0.81,-0.85
2025-12-02,DAY,-0.82,-0.83,-0.81,-0.85
2025-12-03,DAY,-0.83,-0.83,-0.81,-0.85
2025-12-04,DAY,-0.82,-0.83,-0.81,-0.85
2025-12-05,DAY,-0.86,-0.83,-0.81,-0.85
2025-12-01,DBA,-3.04,-2.92,-2.83,-3.0
2025-12-02,DBA,-2.92,-2.92,-2.83,-3.0
2025-12-03,DBA,-2.95,-2.92,-2.83,-3.0
2025-12-04,DBA,-2.87,-2.92,-2.83,-3.0
2025-12-05,DBA,-2.81,-2.92,-2.83,-3.0
2025-12-01,DBB,-1.36,-1.21,-1.0,-1.42
2025-12-02,DBB,-1.48,-1.21,-1.0,-1.42
2025-12-03,DBB,-1.13,-1.21,-1.0,-1.42
2025-12-04,DBB,-1.16,-1.21,-1.0,-1.42
2025-12-05,DBB,-0.94,-1.21,-1.0,-1.42
2025-12-01,DBC,-1.78,-1.74,-1.63,-1.86
2025-12-02,DBC,-1.88,-1.74,-1.63,-1.86
2025-12-03,DBC,-1.77,-1.74,-1.63,-1.86
2025-12-04,DBC,-1.71,-1.74,-1.63,-1.86
2025-12-05,DBC,-1.57,-1.74,-1.63,-1.86
2025-12-01,DD,1.66,1.63,2.01,1.25
2025-12-02,DD,1.27,1.63,2.01,1.25
2025-12-03,DD,1.41,1.63,2.01,1.25
2025-12-04,DD,1.57,1.63,2.01,1.25
2025-12-05,DD,2.26,1.63,2.01,1.25
2025-12-01,DDOG,-14.27,-17.25,-14.59,-19.9
2025-12-02,DDOG,-15.69,-17.25,-14.59,-19.9
2025-12-03,DDOG,-16.34,-17.25,-14.59,-19.9
2025-12-04,DDOG,-19.17,-17.25,-14.59,-19.9
2025-12-05,DDOG,-20.76,-17.25,-14.59,-19.9
2025-12-01,DE,-130.05,-122.72,-115.79,-129.64
2025-12-02,DE,-129.01,-122.72,-115.79,-129.64
2025-12-03,DE,-116.34,-122.72,-115.79,-129.64
2025-12-04,DE,-115.13,-122.72,-115.79,-129.64
2025-12-05,DE,-123.05,-122.72,-115.79,-129.64
2025-12-01,DECK,-0.62,2.3,5.58,-0.97
2025-12-02,DECK,-0.87,2.3,5.58,-0.97
2025-12-03,DECK,2.33,2.3,5.58,-0.97
2025-12-04,DECK,3.61,2.3,5.58,-0.97
2025-12-05,DECK,7.06,2.3,5.58,-0.97
2025-12-01,DELL,-15.55,-11.73,-8.63,-14.82
2025-12-02,DELL,-11.69,-11.73,-8.63,-14.82
2025-12-03,DELL,-14.01,-11.73,-8.63,-14.82
2025-12-04,DELL,-8.65,-11.73,-8.63,-14.82
2025-12-05,DELL,-8.73,-11.73,-8.63,-14.82
2025-12-01,DG,-26.09,-18.05,-7.3,-28.79
2025-12-02,DG,-25.4,-18.05,-7.3,-28.79
2025-12-03,DG,-25.54,-18.05,-7.3,-28.79
2025-12-04,DG,-10.14,-18.05,-7.3,-28.79
2025-12-05,DG,-3.06,-18.05,-7.3,-28.79
2025-12-01,DGX,-25.91,-26.56,-25.76,-27.35
2025-12-02,DGX,-27.13,-26.56,-25.76,-27.35
2025-12-03,DGX,-27.07,-26.56,-25.76,-27.35
2025-12-04,DGX,-25.5,-26.56,-25.76,-27.35
2025-12-05,DGX,-27.17,-26.56,-25.76,-27.35
2025-12-01,DHI,-17.45,-14.78,-11.75,-17.81
2025-12-02,DHI,-16.36,-14.78,-11.75,-17.81
2025-12-03,DHI,-9.82,-14.78,-11.75,-17.81
2025-12-04,DHI,-14.09,-14.78,-11.75,-17.81
2025-12-05,DHI,-16.2,-14.78,-11.75,-17.81
2025-12-01,DHR,-6.75,-4.38,-2.8,-5.95
2025-12-02,DHR,-4.3,-4.38,-2.8,-5.95
2025-12-03,DHR,-2.43,-4.38,-2.8,-5.95
2025-12-04,DHR,-3.76,-4.38,-2.8,-5.95
2025-12-05,DHR,-4.64,-4.38,-2.8,-5.95
2025-12-01,DHT,-1.43,-1.5,-1.42,-1.57
2025-12-02,DHT,-1.49,-1.5,-1.42,-1.57
2025-12-03,DHT,-1.41,-1.5,-1.42,-1.57
2025-12-04,DHT,-1.58,-1.5,-1.42,-1.57
2025-12-05,DHT,-1.57,-1.5,-1.42,-1.57
2025-12-01,DIA,-138.72,-134.62,-131.67,-137.58
2025-12-02,DIA,-136.78,-134.62,-131.67,-137.58
2025-12-03,DIA,-132.63,-134.62,-131.67,-137.58
2025-12-04,DIA,-132.97,-134.62,-131.67,-137.58
2025-12-05,DIA,-132.01,-134.62,-131.67,-137.58
2025-12-01,DIS,3.24,2.09,2.81,1.37
2025-12-02,DIS,1.3,2.09,2.81,1.37
2025-12-03,DIS,2.21,2.09,2.81,1.37
2025-12-04,DIS,1.94,2.09,2.81,1.37
2025-12-05,DIS,1.77,2.09,2.81,1.37
2025-12-01,DJI,-4273.66,-3872.47,-3580.78,-4164.15
2025-12-02,DJI,-4088.53,-3872.47,-3580.78,-4164.15
2025-12-03,DJI,-3680.09,-3872.47,-3580.78,-4164.15
2025-12-04,DJI,-3712.05,-3872.47,-3580.78,-4164.15
2025-12-05,DJI,-3608.0,-3872.47,-3580.78,-4164.15
2025-12-01,DLR,-27.98,-24.7,-21.23,-28.18
2025-12-02,DLR,-27.87,-24.7,-21.23,-28.18
2025-12-03,DLR,-24.68,-24.7,-21.23,-28.18
2025-12-04,DLR,-23.35,-24.7,-21.23,-28.18
2025-12-05,DLR,-19.64,-24.7,-21.23,-28.18
2025-12-01,DLTR,-31.96,-27.83,-22.4,-33.26
2025-12-02,DLTR,-32.86,-27.83,-22.4,-33.26
2025-12-03,DLTR,-28.93,-27.83,-22.4,-33.26
2025-12-04,DLTR,-25.98,-27.83,-22.4,-33.26
2025-12-05,DLTR,-19.41,-27.83,-22.4,-33.26
2025-12-01,DOC,0.08,-0.57,-0.03,-1.1
2025-12-02,DOC,-0.07,-0.57,-0.03,-1.1
2025-12-03,DOC,-0.82,-0.57,-0.03,-1.1
2025-12-04,DOC,-0.93,-0.57,-0.03,-1.1
2025-12-05,DOC,-1.09,-0.57,-0.03,-1.1
2025-12-01,DOV,-1.4,2.58,5.22,-0.05
2025-12-02,DOV,1.19,2.58,5.22,-0.05
2025-12-03,DOV,3.98,2.58,5.22,-0.05
2025-12-04,DOV,4.35,2.58,5.22,-0.05
2025-12-05,DOV,4.8,2.58,5.22,-0.05
2025-12-01,DOW,-0.27,-0.65,-0.15,-1.15
2025-12-02,DOW,-0.25,-0.65,-0.15,-1.15
2025-12-03,DOW,-0.35,-0.65,-0.15,-1.15
2025-12-04,DOW,-1.24,-0.65,-0.15,-1.15
2025-12-05,DOW,-1.15,-0.65,-0.15,-1.15
2025-12-01,DPZ,-47.37,-46.46,-40.95,-51.97
2025-12-02,DPZ,-46.58,-46.46,-40.95,-51.97
2025-12-03,DPZ,-39.53,-46.46,-40.95,-51.97
2025-12-04,DPZ,-44.15,-46.46,-40.95,-51.97
2025-12-05,DPZ,-54.67,-46.46,-40.95,-51.97
2025-12-01,DRI,-14.97,-12.93,-11.29,-14.58
2025-12-02,DRI,-14.27,-12.93,-11.29,-14.58
2025-12-03,DRI,-11.59,-12.93,-11.29,-14.58
2025-12-04,DRI,-12.65,-12.93,-11.29,-14.58
2025-12-05,DRI,-11.19,-12.93,-11.29,-14.58
2025-12-01,DTE,-8.19,-9.18,-8.25,-10.11
2025-12-02,DTE,-9.91,-9.18,-8.25,-10.11
2025-12-03,DTE,-8.28,-9.18,-8.25,-10.11
2025-12-04,DTE,-9.3,-9.18,-8.25,-10.11
2025-12-05,DTE,-10.23,-9.18,-8.25,-10.11
2025-12-01,DUK,-32.45,-34.49,-32.87,-36.11
2025-12-02,DUK,-33.51,-34.49,-32.87,-36.11
2025-12-03,DUK,-34.58,-34.49,-32.87,-36.11
2025-12-04,DUK,-35.23,-34.49,-32.87,-36.11
2025-12-05,DUK,-36.68,-34.49,-32.87,-36.11
2025-12-01,DVA,-22.18,-23.15,-22.21,-24.09
2025-12-02,DVA,-22.24,-23.15,-22.21,-24.09
2025-12-03,DVA,-23.17,-23.15,-22.21,-24.09
2025-12-04,DVA,-24.14,-23.15,-22.21,-24.09
2025-12-05,DVA,-24.03,-23.15,-22.21,-24.09
2025-12-01,DVN,2.87,2.61,2.84,2.37
2025-12-02,DVN,2.27,2.61,2.84,2.37
2025-12-03,DVN,2.7,2.61,2.84,2.37
2025-12-04,DVN,2.72,2.61,2.84,2.37
2025-12-05,DVN,2.48,2.61,2.84,2.37
2025-12-01,DXCM,4.63,5.82,6.6,5.05
2025-12-02,DXCM,5.56,5.82,6.6,5.05
2025-12-03,DXCM,5.96,5.82,6.6,5.05
2025-12-04,DXCM,6.36,5.82,6.6,5.05
2025-12-05,DXCM,6.6,5.82,6.6,5.05
2025-12-01,EA,-46.15,-45.48,-45.02,-45.95
2025-12-02,EA,-45.53,-45.48,-45.02,-45.95
2025-12-03,EA,-45.56,-45.48,-45.02,-45.95
2025-12-04,EA,-45.33,-45.48,-45.02,-45.95
2025-12-05,EA,-44.85,-45.48,-45.02,-45.95
2025-12-01,EBAY,-15.8,-16.08,-15.7,-16.47
2025-12-02,EBAY,-15.62,-16.08,-15.7,-16.47
2025-12-03,EBAY,-16.53,-16.08,-15.7,-16.47
2025-12-04,EBAY,-16.4,-16.08,-15.7,-16.47
2025-12-05,EBAY,-16.06,-16.08,-15.7,-16.47
2025-12-01,EC,-3.2,-3.16,-3.06,-3.27
2025-12-02,EC,-3.24,-3.16,-3.06,-3.27
2025-12-03,EC,-3.02,-3.16,-3.06,-3.27
2025-12-04,EC,-3.09,-3.16,-3.06,-3.27
2025-12-05,EC,-3.26,-3.16,-3.06,-3.27
2025-12-01,ECH,-4.47,-3.9,-3.54,-4.26
2025-12-02,ECH,-3.87,-3.9,-3.54,-4.26
2025-12-03,ECH,-3.54,-3.9,-3.54,-4.26
2025-12-04,ECH,-3.65,-3.9,-3.54,-4.26
2025-12-05,ECH,-3.98,-3.9,-3.54,-4.26
2025-12-01,ECL,-11.27,-17.69,-12.33,-23.06
2025-12-02,ECL,-13.24,-17.69,-12.33,-23.06
2025-12-03,ECL,-19.8,-17.69,-12.33,-23.06
2025-12-04,ECL,-19.71,-17.69,-12.33,-23.06
2025-12-05,ECL,-24.44,-17.69,-12.33,-23.06
2025-12-01,ED,-11.15,-12.23,-11.58,-12.87
2025-12-02,ED,-12.16,-12.23,-11.58,-12.87
2025-12-03,ED,-12.58,-12.23,-11.58,-12.87
2025-12-04,ED,-12.81,-12.23,-11.58,-12.87
2025-12-05,ED,-12.43,-12.23,-11.58,-12.87
2025-12-01,EDEN,-37.72,-36.89,-36.23,-37.55
2025-12-02,EDEN,-37.41,-36.89,-36.23,-37.55
2025-12-03,EDEN,-36.79,-36.89,-36.23,-37.55
2025-12-04,EDEN,-36.32,-36.89,-36.23,-37.55
2025-12-05,EDEN,-36.21,-36.89,-36.23,-37.55
2025-12-01,EDV,-3.15,-3.28,-2.9,-3.66
2025-12-02,EDV,-3.1,-3.28,-2.9,-3.66
2025-12-03,EDV,-2.88,-3.28,-2.9,-3.66
2025-12-04,EDV,-3.37,-3.28,-2.9,-3.66
2025-12-05,EDV,-3.88,-3.28,-2.9,-3.66
2025-12-01,EFNL,-1.17,-0.68,-0.32,-1.05
2025-12-02,EFNL,-0.97,-0.68,-0.32,-1.05
2025-12-03,EFNL,-0.4,-0.68,-0.32,-1.05
2025-12-04,EFNL,-0.38,-0.68,-0.32,-1.05
2025-12-05,EFNL,-0.5,-0.68,-0.32,-1.05
2025-12-01,EFX,-16.87,-15.78,-14.47,-17.09
2025-12-02,EFX,-17.14,-15.78,-14.47,-17.09
2025-12-03,EFX,-16.06,-15.78,-14.47,-17.09
2025-12-04,EFX,-14.53,-15.78,-14.47,-17.09
2025-12-05,EFX,-14.3,-15.78,-14.47,-17.09
2025-12-01,EG,1.81,2.12,3.74,0.51
2025-12-02,EG,1.93,2.12,3.74,0.51
2025-12-03,EG,3.75,2.12,3.74,0.51
2025-12-04,EG,3.43,2.12,3.74,0.51
2025-12-05,EG,-0.31,2.12,3.74,0.51
2025-12-01,EIDO,0.31,0.35,0.4,0.3
2025-12-02,EIDO,0.44,0.35,0.4,0.3
2025-12-03,EIDO,0.35,0.35,0.4,0.3
2025-12-04,EIDO,0.31,0.35,0.4,0.3
2025-12-05,EIDO,0.34,0.35,0.4,0.3
2025-12-01,EIRL,-0.36,-0.86,-0.53,-1.2
2025-12-02,EIRL,-0.91,-0.86,-0.53,-1.2
2025-12-03,EIRL,-0.74,-0.86,-0.53,-1.2
2025-12-04,EIRL,-1.18,-0.86,-0.53,-1.2
2025-12-05,EIRL,-1.13,-0.86,-0.53,-1.2
2025-12-01,EIS,-10.68,-8.28,-6.72,-9.83
2025-12-02,EIS,-9.01,-8.28,-6.72,-9.83
2025-12-03,EIS,-7.46,-8.28,-6.72,-9.83
2025-12-04,EIS,-7.07,-8.28,-6.72,-9.83
2025-12-05,EIS,-7.17,-8.28,-6.72,-9.83
2025-12-01,EIX,-14.16,-14.65,-14.2,-15.1
2025-12-02,EIX,-15.15,-14.65,-14.2,-15.1
2025-12-03,EIX,-14.99,-14.65,-14.2,-15.1
2025-12-04,EIX,-14.74,-14.65,-14.2,-15.1
2025-12-05,EIX,-14.2,-14.65,-14.2,-15.1
2025-12-01,EL,1.6,7.96,12.06,3.85
2025-12-02,EL,6.53,7.96,12.06,3.85
2025-12-03,EL,8.92,7.96,12.06,3.85
2025-12-04,EL,10.71,7.96,12.06,3.85
2025-12-05,EL,12.02,7.96,12.06,3.85
2025-12-01,ELV,15.43,16.87,18.28,15.45
2025-12-02,ELV,16.67,16.87,18.28,15.45
2025-12-03,ELV,16.5,16.87,18.28,15.45
2025-12-04,ELV,19.24,16.87,18.28,15.45
2025-12-05,ELV,16.5,16.87,18.28,15.45
2025-12-01,EME,-155.96,-146.71,-134.43,-159.0
2025-12-02,EME,-157.37,-146.71,-134.43,-159.0
2025-12-03,EME,-151.74,-146.71,-134.43,-159.0
2025-12-04,EME,-128.38,-146.71,-134.43,-159.0
2025-12-05,EME,-140.12,-146.71,-134.43,-159.0
2025-12-01,EMN,2.49,1.88,2.39,1.37
2025-12-02,EMN,1.53,1.88,2.39,1.37
2025-12-03,EMN,2.11,1.88,2.39,1.37
2025-12-04,EMN,1.2,1.88,2.39,1.37
2025-12-05,EMN,2.07,1.88,2.39,1.37
2025-12-01,EMR,-25.45,-22.85,-20.27,-25.43
2025-12-02,EMR,-25.55,-22.85,-20.27,-25.43
2025-12-03,EMR,-22.5,-22.85,-20.27,-25.43
2025-12-04,EMR,-20.75,-22.85,-20.27,-25.43
2025-12-05,EMR,-20.0,-22.85,-20.27,-25.43
2025-12-01,ENZL,-0.9,-0.49,-0.23,-0.75
2025-12-02,ENZL,-0.56,-0.49,-0.23,-0.75
2025-12-03,ENZL,-0.21,-0.49,-0.23,-0.75
2025-12-04,ENZL,-0.38,-0.49,-0.23,-0.75
2025-12-05,ENZL,-0.39,-0.49,-0.23,-0.75
2025-12-01,EOG,0.03,1.24,2.69,-0.2
2025-12-02,EOG,-0.62,1.24,2.69,-0.2
2025-12-03,EOG,1.83,1.24,2.69,-0.2
2025-12-04,EOG,2.48,1.24,2.69,-0.2
2025-12-05,EOG,2.49,1.24,2.69,-0.2
2025-12-01,EPAM,-7.75,-0.47,5.23,-6.16
2025-12-02,EPAM,-5.18,-0.47,5.23,-6.16
2025-12-03,EPAM,1.83,-0.47,5.23,-6.16
2025-12-04,EPAM,3.33,-0.47,5.23,-6.16
2025-12-05,EPAM,5.43,-0.47,5.23,-6.16
2025-12-01,EPHE,-0.84,-1.3,-0.9,-1.7
2025-12-02,EPHE,-1.02,-1.3,-0.9,-1.7
2025-12-03,EPHE,-1.4,-1.3,-0.9,-1.7
2025-12-04,EPHE,-1.88,-1.3,-0.9,-1.7
2025-12-05,EPHE,-1.35,-1.3,-0.9,-1.7
2025-12-01,EPOL,-8.91,-9.18,-9.01,-9.36
2025-12-02,EPOL,-9.16,-9.18,-9.01,-9.36
2025-12-03,EPOL,-9.2,-9.18,-9.01,-9.36
2025-12-04,EPOL,-9.28,-9.18,-9.01,-9.36
2025-12-05,EPOL,-9.37,-9.18,-9.01,-9.36
2025-12-01,EPU,-19.91,-18.62,-17.42,-19.82
2025-12-02,EPU,-19.81,-18.62,-17.42,-19.82
2025-12-03,EPU,-18.45,-18.62,-17.42,-19.82
2025-12-04,EPU,-17.48,-18.62,-17.42,-19.82
2025-12-05,EPU,-17.45,-18.62,-17.42,-19.82
2025-12-01,EQIX,-98.07,-99.14,-93.02,-105.26
2025-12-02,EQIX,-103.97,-99.14,-93.02,-105.26
2025-12-03,EQIX,-98.63,-99.14,-93.02,-105.26
2025-12-04,EQIX,-105.26,-99.14,-93.02,-105.26
2025-12-05,EQIX,-89.77,-99.14,-93.02,-105.26
2025-12-01,EQR,-4.27,-4.09,-3.68,-4.49
2025-12-02,EQR,-3.73,-4.09,-3.68,-4.49
2025-12-03,EQR,-3.68,-4.09,-3.68,-4.49
2025-12-04,EQR,-4.1,-4.09,-3.68,-4.49
2025-12-05,EQR,-4.65,-4.09,-3.68,-4.49
2025-12-01,EQT,-7.97,-8.28,-7.3,-9.26
2025-12-02,EQT,-9.89,-8.28,-7.3,-9.26
2025-12-03,EQT,-7.32,-8.28,-7.3,-9.26
2025-12-04,EQT,-8.42,-8.28,-7.3,-9.26
2025-12-05,EQT,-7.81,-8.28,-7.3,-9.26
2025-12-01,ERIE,-21.44,-18.77,-16.61,-20.93
2025-12-02,ERIE,-19.25,-18.77,-16.61,-20.93
2025-12-03,ERIE,-18.99,-18.77,-16.61,-20.93
2025-12-04,ERIE,-15.42,-18.77,-16.61,-20.93
2025-12-05,ERIE,-18.74,-18.77,-16.61,-20.93
2025-12-01,ES,-8.09,-8.11,-7.7,-8.53
2025-12-02,ES,-8.33,-8.11,-7.7,-8.53
2025-12-03,ES,-8.67,-8.11,-7.7,-8.53
2025-12-04,ES,-7.58,-8.11,-7.7,-8.53
2025-12-05,ES,-7.9,-8.11,-7.7,-8.53
2025-12-01,ES=F,-212.51,-182.86,-160.62,-205.1
2025-12-02,ES=F,-199.26,-182.86,-160.62,-205.1
2025-12-03,ES=F,-173.01,-182.86,-160.62,-205.1
2025-12-04,ES=F,-171.01,-182.86,-160.62,-205.1
2025-12-05,ES=F,-158.51,-182.86,-160.62,-205.1
2025-12-01,ESS,-17.4,-18.9,-16.66,-21.14
2025-12-02,ESS,-16.91,-18.9,-16.66,-21.14
2025-12-03,ESS,-17.86,-18.9,-16.66,-21.14
2025-12-04,ESS,-20.07,-18.9,-16.66,-21.14
2025-12-05,ESS,-22.27,-18.9,-16.66,-21.14
2025-12-01,ETN,-29.42,-32.13,-29.46,-34.81
2025-12-02,ETN,-36.02,-32.13,-29.46,-34.81
2025-12-03,ETN,-33.56,-32.13,-29.46,-34.81
2025-12-04,ETN,-30.2,-32.13,-29.46,-34.81
2025-12-05,ETN,-31.47,-32.13,-29.46,-34.81
2025-12-01,ETR,-26.82,-27.31,-26.67,-27.96
2025-12-02,ETR,-28.44,-27.31,-26.67,-27.96
2025-12-03,ETR,-27.17,-27.31,-26.67,-27.96
2025-12-04,ETR,-26.95,-27.31,-26.67,-27.96
2025-12-05,ETR,-27.19,-27.31,-26.67,-27.96
2025-12-01,EVRG,-6.95,-8.18,-7.34,-9.02
2025-12-02,EVRG,-7.94,-8.18,-7.34,-9.02
2025-12-03,EVRG,-8.18,-8.18,-7.34,-9.02
2025-12-04,EVRG,-8.66,-8.18,-7.34,-9.02
2025-12-05,EVRG,-9.19,-8.18,-7.34,-9.02
2025-12-01,EW,-6.61,-6.69,-5.82,-7.57
2025-12-02,EW,-7.17,-6.69,-5.82,-7.57
2025-12-03,EW,-7.9,-6.69,-5.82,-7.57
2025-12-04,EW,-6.1,-6.69,-5.82,-7.57
2025-12-05,EW,-5.69,-6.69,-5.82,-7.57
2025-12-01,EWA,-0.66,-0.31,-0.05,-0.56
2025-12-02,EWA,-0.46,-0.31,-0.05,-0.56
2025-12-03,EWA,-0.26,-0.31,-0.05,-0.56
2025-12-04,EWA,-0.1,-0.31,-0.05,-0.56
2025-12-05,EWA,-0.05,-0.31,-0.05,-0.56
2025-12-01,EWC,-3.54,-3.09,-2.57,-3.61
2025-12-02,EWC,-3.58,-3.09,-2.57,-3.61
2025-12-03,EWC,-3.25,-3.09,-2.57,-3.61
2025-12-04,EWC,-2.65,-3.09,-2.57,-3.61
2025-12-05,EWC,-2.43,-3.09,-2.57,-3.61
2025-12-01,EWD,-3.43,-3.13,-2.79,-3.46
2025-12-02,EWD,-3.4,-3.13,-2.79,-3.46
2025-12-03,EWD,-3.24,-3.13,-2.79,-3.46
2025-12-04,EWD,-2.92,-3.13,-2.79,-3.46
2025-12-05,EWD,-2.64,-3.13,-2.79,-3.46
2025-12-01,EWG,-4.66,-4.2,-3.87,-4.53
2025-12-02,EWG,-4.29,-4.2,-3.87,-4.53
2025-12-03,EWG,-4.23,-4.2,-3.87,-4.53
2025-12-04,EWG,-4.04,-4.2,-3.87,-4.53
2025-12-05,EWG,-3.77,-4.2,-3.87,-4.53
2025-12-01,EWH,-4.59,-4.69,-4.6,-4.78
2025-12-02,EWH,-4.67,-4.69,-4.6,-4.78
2025-12-03,EWH,-4.62,-4.69,-4.6,-4.78
2025-12-04,EWH,-4.77,-4.69,-4.6,-4.78
2025-12-05,EWH,-4.8,-4.69,-4.6,-4.78
2025-12-01,EWI,-7.83,-7.47,-7.24,-7.71
2025-12-02,EWI,-7.49,-7.47,-7.24,-7.71
2025-12-03,EWI,-7.2,-7.47,-7.24,-7.71
2025-12-04,EWI,-7.34,-7.47,-7.24,-7.71
2025-12-05,EWI,-7.51,-7.47,-7.24,-7.71
2025-12-01,EWJ,-15.53,-15.07,-14.46,-15.69
2025-12-02,EWJ,-15.59,-15.07,-14.46,-15.69
2025-12-03,EWJ,-15.45,-15.07,-14.46,-15.69
2025-12-04,EWJ,-14.44,-15.07,-14.46,-15.69
2025-12-05,EWJ,-14.36,-15.07,-14.46,-15.69
2025-12-01,EWK,-1.22,-1.15,-1.07,-1.24
2025-12-02,EWK,-1.22,-1.15,-1.07,-1.24
2025-12-03,EWK,-1.12,-1.15,-1.07,-1.24
2025-12-04,EWK,-1.18,-1.15,-1.07,-1.24
2025-12-05,EWK,-1.02,-1.15,-1.07,-1.24
2025-12-01,EWL,-2.3,-1.85,-1.58,-2.11
2025-12-02,EWL,-1.78,-1.85,-1.58,-2.11
2025-12-03,EWL,-1.65,-1.85,-1.58,-2.11
2025-12-04,EWL,-1.81,-1.85,-1.58,-2.11
2025-12-05,EWL,-1.69,-1.85,-1.58,-2.11
2025-12-01,EWM,-3.35,-3.3,-3.25,-3.36
2025-12-02,EWM,-3.28,-3.3,-3.25,-3.36
2025-12-03,EWM,-3.22,-3.3,-3.25,-3.36
2025-12-04,EWM,-3.36,-3.3,-3.25,-3.36
2025-12-05,EWM,-3.31,-3.3,-3.25,-3.36
2025-12-01,EWN,-8.82,-8.46,-8.14,-8.78
2025-12-02,EWN,-8.57,-8.46,-8.14,-8.78
2025-12-03,EWN,-7.96,-8.46,-8.14,-8.78
2025-12-04,EWN,-8.36,-8.46,-8.14,-8.78
2025-12-05,EWN,-8.59,-8.46,-8.14,-8.78
2025-12-01,EWO,-2.56,-2.18,-1.95,-2.41
2025-12-02,EWO,-2.17,-2.18,-1.95,-2.41
2025-12-03,EWO,-2.13,-2.18,-1.95,-2.41
2025-12-04,EWO,-1.96,-2.18,-1.95,-2.41
2025-12-05,EWO,-2.07,-2.18,-1.95,-2.41
2025-12-01,EWP,-5.24,-4.65,-4.28,-5.03
2025-12-02,EWP,-4.79,-4.65,-4.28,-5.03
2025-12-03,EWP,-4.4,-4.65,-4.28,-5.03
2025-12-04,EWP,-4.32,-4.65,-4.28,-5.03
2025-12-05,EWP,-4.52,-4.65,-4.28,-5.03
2025-12-01,EWQ,-3.68,-3.49,-3.31,-3.66
2025-12-02,EWQ,-3.65,-3.49,-3.31,-3.66
2025-12-03,EWQ,-3.3,-3.49,-3.31,-3.66
2025-12-04,EWQ,-3.34,-3.49,-3.31,-3.66
2025-12-05,EWQ,-3.47,-3.49,-3.31,-3.66
2025-12-01,EWS,-8.08,-8.03,-7.88,-8.18
2025-12-02,EWS,-7.87,-8.03,-7.88,-8.18
2025-12-03,EWS,-7.92,-8.03,-7.88,-8.18
2025-12-04,EWS,-8.05,-8.03,-7.88,-8.18
2025-12-05,EWS,-8.25,-8.03,-7.88,-8.18
2025-12-01,EWT,-7.73,-7.17,-6.72,-7.62
2025-12-02,EWT,-7.23,-7.17,-6.72,-7.62
2025-12-03,EWT,-7.01,-7.17,-6.72,-7.62
2025-12-04,EWT,-7.35,-7.17,-6.72,-7.62
2025-12-05,EWT,-6.51,-7.17,-6.72,-7.62
2025-12-01,EWU,-5.79,-5.51,-5.27,-5.75
2025-12-02,EWU,-5.71,-5.51,-5.27,-5.75
2025-12-03,EWU,-5.26,-5.51,-5.27,-5.75
2025-12-04,EWU,-5.3,-5.51,-5.27,-5.75
2025-12-05,EWU,-5.5,-5.51,-5.27,-5.75
2025-12-01,EWW,-0.09,0.07,0.24,-0.1
2025-12-02,EWW,0.16,0.07,0.24,-0.1
2025-12-03,EWW,-0.12,0.07,0.24,-0.1
2025-12-04,EWW,0.27,0.07,0.24,-0.1
2025-12-05,EWW,0.13,0.07,0.24,-0.1
2025-12-01,EWY,-12.23,-10.48,-9.11,-11.85
2025-12-02,EWY,-10.78,-10.48,-9.11,-11.85
2025-12-03,EWY,-9.85,-10.48,-9.11,-11.85
2025-12-04,EWY,-10.98,-10.48,-9.11,-11.85
2025-12-05,EWY,-8.55,-10.48,-9.11,-11.85
2025-12-01,EWZ,-6.02,-5.64,-4.8,-6.49
2025-12-02,EWZ,-5.39,-5.64,-4.8,-6.49
2025-12-03,EWZ,-5.22,-5.64,-4.8,-6.49
2025-12-04,EWZ,-4.7,-5.64,-4.8,-6.49
2025-12-05,EWZ,-6.89,-5.64,-4.8,-6.49
2025-12-01,EXC,-3.29,-4.39,-3.61,-5.17
2025-12-02,EXC,-3.98,-4.39,-3.61,-5.17
2025-12-03,EXC,-4.44,-4.39,-3.61,-5.17
2025-12-04,EXC,-5.07,-4.39,-3.61,-5.17
2025-12-05,EXC,-5.17,-4.39,-3.61,-5.17
2025-12-01,EXE,-29.71,-29.86,-27.72,-32.01
2025-12-02,EXE,-33.57,-29.86,-27.72,-32.01
2025-12-03,EXE,-28.4,-29.86,-27.72,-32.01
2025-12-04,EXE,-29.2,-29.86,-27.72,-32.01
2025-12-05,EXE,-28.43,-29.86,-27.72,-32.01
2025-12-01,EXPD,-19.12,-16.97,-14.67,-19.28
2025-12-02,EXPD,-19.09,-16.97,-14.67,-19.28
2025-12-03,EXPD,-17.48,-16.97,-14.67,-19.28
2025-12-04,EXPD,-15.07,-16.97,-14.67,-19.28
2025-12-05,EXPD,-14.1,-16.97,-14.67,-19.28
2025-12-01,EXPE,-14.49,-12.06,-9.54,-14.59
2025-12-02,EXPE,-9.74,-12.06,-9.54,-14.59
2025-12-03,EXPE,-11.02,-12.06,-9.54,-14.59
2025-12-04,EXPE,-15.06,-12.06,-9.54,-14.59
2025-12-05,EXPE,-10.01,-12.06,-9.54,-14.59
2025-12-01,EXR,-27.06,-27.53,-26.34,-28.72
2025-12-02,EXR,-26.48,-27.53,-26.34,-28.72
2025-12-03,EXR,-26.76,-27.53,-26.34,-28.72
2025-12-04,EXR,-27.91,-27.53,-26.34,-28.72
2025-12-05,EXR,-29.44,-27.53,-26.34,-28.72
2025-12-01,F,-0.74,-0.82,-0.74,-0.91
2025-12-02,F,-0.94,-0.82,-0.74,-0.91
2025-12-03,F,-0.81,-0.82,-0.74,-0.91
2025-12-04,F,-0.76,-0.82,-0.74,-0.91
2025-12-05,F,-0.87,-0.82,-0.74,-0.91
2025-12-01,FANG,1.78,3.35,4.92,1.77
2025-12-02,FANG,1.6,3.35,4.92,1.77
2025-12-03,FANG,4.0,3.35,4.92,1.77
2025-12-04,FANG,5.13,3.35,4.92,1.77
2025-12-05,FANG,4.22,3.35,4.92,1.77
2025-12-01,FAST,-5.8,-4.93,-4.25,-5.61
2025-12-02,FAST,-5.48,-4.93,-4.25,-5.61
2025-12-03,FAST,-4.73,-4.93,-4.25,-5.61
2025-12-04,FAST,-4.2,-4.93,-4.25,-5.61
2025-12-05,FAST,-4.45,-4.93,-4.25,-5.61
2025-12-01,FCX,-1.62,-0.61,0.38,-1.61
2025-12-02,FCX,-1.72,-0.61,0.38,-1.61
2025-12-03,FCX,-0.16,-0.61,0.38,-1.61
2025-12-04,FCX,-0.08,-0.61,0.38,-1.61
2025-12-05,FCX,0.51,-0.61,0.38,-1.61
2025-12-01,FDS,-39.1,-35.41,-29.87,-40.95
2025-12-02,FDS,-37.95,-35.41,-29.87,-40.95
2025-12-03,FDS,-37.08,-35.41,-29.87,-40.95
2025-12-04,FDS,-37.31,-35.41,-29.87,-40.95
2025-12-05,FDS,-25.6,-35.41,-29.87,-40.95
2025-12-01,FDX,-56.84,-57.68,-55.74,-59.62
2025-12-02,FDX,-59.81,-57.68,-55.74,-59.62
2025-12-03,FDX,-59.73,-57.68,-55.74,-59.62
2025-12-04,FDX,-56.13,-57.68,-55.74,-59.62
2025-12-05,FDX,-55.89,-57.68,-55.74,-59.62
2025-12-01,FE,-5.68,-6.64,-6.04,-7.24
2025-12-02,FE,-6.45,-6.64,-6.04,-7.24
2025-12-03,FE,-6.88,-6.64,-6.04,-7.24
2025-12-04,FE,-6.97,-6.64,-6.04,-7.24
2025-12-05,FE,-7.2,-6.64,-6.04,-7.24
2025-12-01,FFIV,-26.52,-23.26,-19.23,-27.28
2025-12-02,FFIV,-26.57,-23.26,-19.23,-27.28
2025-12-03,FFIV,-24.46,-23.26,-19.23,-27.28
2025-12-04,FFIV,-21.76,-23.26,-19.23,-27.28
2025-12-05,FFIV,-16.97,-23.26,-19.23,-27.28
2025-12-01,FICO,-1399.84,-1392.49,-1378.6,-1406.38
2025-12-02,FICO,-1389.81,-1392.49,-1378.6,-1406.38
2025-12-03,FICO,-1406.17,-1392.49,-1378.6,-1406.38
2025-12-04,FICO,-1396.65,-1392.49,-1378.6,-1406.38
2025-12-05,FICO,-1369.99,-1392.49,-1378.6,-1406.38
2025-12-01,FIS,-8.48,-8.5,-7.94,-9.07
2025-12-02,FIS,-7.88,-8.5,-7.94,-9.07
2025-12-03,FIS,-9.02,-8.5,-7.94,-9.07
2025-12-04,FIS,-9.12,-8.5,-7.94,-9.07
2025-12-05,FIS,-8.02,-8.5,-7.94,-9.07
2025-12-01,FISV,5.08,7.43,9.37,5.5
2025-12-02,FISV,5.63,7.43,9.37,5.5
2025-12-03,FISV,9.34,7.43,9.37,5.5
2025-12-04,FISV,8.45,7.43,9.37,5.5
2025-12-05,FISV,8.67,7.43,9.37,5.5
2025-12-01,FITB,-33.2,-32.31,-31.45,-33.17
2025-12-02,FITB,-33.24,-32.31,-31.45,-33.17
2025-12-03,FITB,-32.04,-32.31,-31.45,-33.17
2025-12-04,FITB,-31.51,-32.31,-31.45,-33.17
2025-12-05,FITB,-31.55,-32.31,-31.45,-33.17
2025-12-01,FOXA,-71.94,-71.27,-70.3,-72.25
2025-12-02,FOXA,-72.08,-71.27,-70.3,-72.25
2025-12-03,FOXA,-71.88,-71.27,-70.3,-72.25
2025-12-04,FOXA,-70.54,-71.27,-70.3,-72.25
2025-12-05,FOXA,-69.93,-71.27,-70.3,-72.25
2025-12-01,FRO,-4.17,-3.75,-3.47,-4.02
2025-12-02,FRO,-3.72,-3.75,-3.47,-4.02
2025-12-03,FRO,-3.42,-3.75,-3.47,-4.02
2025-12-04,FRO,-3.78,-3.75,-3.47,-4.02
2025-12-05,FRO,-3.64,-3.75,-3.47,-4.02
2025-12-01,FRT,0.73,0.04,0.53,-0.46
2025-12-02,FRT,0.01,0.04,0.53,-0.46
2025-12-03,FRT,0.29,0.04,0.53,-0.46
2025-12-04,FRT,-0.46,0.04,0.53,-0.46
2025-12-05,FRT,-0.39,0.04,0.53,-0.46
2025-12-01,FSLR,-42.53,-46.66,-43.27,-50.05
2025-12-02,FSLR,-43.51,-46.66,-43.27,-50.05
2025-12-03,FSLR,-50.01,-46.66,-43.27,-50.05
2025-12-04,FSLR,-48.79,-46.66,-43.27,-50.05
2025-12-05,FSLR,-48.46,-46.66,-43.27,-50.05
2025-12-01,FTI,-4.63,-4.24,-3.67,-4.81
2025-12-02,FTI,-4.95,-4.24,-3.67,-4.81
2025-12-03,FTI,-3.6,-4.24,-3.67,-4.81
2025-12-04,FTI,-3.76,-4.24,-3.67,-4.81
2025-12-05,FTI,-4.25,-4.24,-3.67,-4.81
2025-12-01,FTNT,-10.3,-8.2,-6.12,-10.28
2025-12-02,FTNT,-9.18,-8.2,-6.12,-10.28
2025-12-03,FTNT,-9.36,-8.2,-6.12,-10.28
2025-12-04,FTNT,-6.94,-8.2,-6.12,-10.28
2025-12-05,FTNT,-5.2,-8.2,-6.12,-10.28
2025-12-01,FTV,-0.27,0.26,0.62,-0.11
2025-12-02,FTV,0.1,0.26,0.62,-0.11
2025-12-03,FTV,0.41,0.26,0.62,-0.11
2025-12-04,FTV,0.34,0.26,0.62,-0.11
2025-12-05,FTV,0.71,0.26,0.62,-0.11
2025-12-01,FVX,0.11,0.11,0.14,0.08
2025-12-02,FVX,0.1,0.11,0.14,0.08
2025-12-03,FVX,0.06,0.11,0.14,0.08
2025-12-04,FVX,0.12,0.11,0.14,0.08
2025-12-05,FVX,0.16,0.11,0.14,0.08
2025-12-01,FXA,-0.82,-0.31,0.07,-0.7
2025-12-02,FXA,-0.57,-0.31,0.07,-0.7
2025-12-03,FXA,-0.22,-0.31,0.07,-0.7
2025-12-04,FXA,-0.11,-0.31,0.07,-0.7
2025-12-05,FXA,0.14,-0.31,0.07,-0.7
2025-12-01,FXB,1.17,1.9,2.57,1.23
2025-12-02,FXB,1.18,1.9,2.57,1.23
2025-12-03,FXB,2.5,1.9,2.57,1.23
2025-12-04,FXB,2.31,1.9,2.57,1.23
2025-12-05,FXB,2.35,1.9,2.57,1.23
2025-12-01,FXC,-7.76,-7.48,-7.14,-7.81
2025-12-02,FXC,-7.65,-7.48,-7.14,-7.81
2025-12-03,FXC,-7.53,-7.48,-7.14,-7.81
2025-12-04,FXC,-7.54,-7.48,-7.14,-7.81
2025-12-05,FXC,-6.9,-7.48,-7.14,-7.81
2025-12-01,FXE,-15.2,-14.91,-14.7,-15.12
2025-12-02,FXE,-15.02,-14.91,-14.7,-15.12
2025-12-03,FXE,-14.66,-14.91,-14.7,-15.12
2025-12-04,FXE,-14.82,-14.91,-14.7,-15.12
2025-12-05,FXE,-14.85,-14.91,-14.7,-15.12
2025-12-01,FXY,0.82,0.83,0.94,0.72
2025-12-02,FXY,0.64,0.83,0.94,0.72
2025-12-03,FXY,0.91,0.83,0.94,0.72
2025-12-04,FXY,0.92,0.83,0.94,0.72
2025-12-05,FXY,0.86,0.83,0.94,0.72
2025-12-01,GD,-134.34,-129.67,-126.27,-133.06
2025-12-02,GD,-130.92,-129.67,-126.27,-133.06
2025-12-03,GD,-128.64,-129.67,-126.27,-133.06
2025-12-04,GD,-125.02,-129.67,-126.27,-133.06
2025-12-05,GD,-129.41,-129.67,-126.27,-133.06
2025-12-01,GDDY,-17.9,-16.83,-15.75,-17.91
2025-12-02,GDDY,-17.53,-16.83,-15.75,-17.91
2025-12-03,GDDY,-15.76,-16.83,-15.75,-17.91
2025-12-04,GDDY,-15.58,-16.83,-15.75,-17.91
2025-12-05,GDDY,-17.38,-16.83,-15.75,-17.91
2025-12-01,GDX,-14.78,-16.02,-15.29,-16.75
2025-12-02,GDX,-15.99,-16.02,-15.29,-16.75
2025-12-03,GDX,-16.54,-16.02,-15.29,-16.75
2025-12-04,GDX,-16.21,-16.02,-15.29,-16.75
2025-12-05,GDX,-16.57,-16.02,-15.29,-16.75
2025-12-01,GDXJ,-34.73,-35.81,-35.16,-36.47
2025-12-02,GDXJ,-35.72,-35.81,-35.16,-36.47
2025-12-03,GDXJ,-36.26,-35.81,-35.16,-36.47
2025-12-04,GDXJ,-36.03,-35.81,-35.16,-36.47
2025-12-05,GDXJ,-36.33,-35.81,-35.16,-36.47
2025-12-01,GE,-59.33,-59.37,-56.51,-62.23
2025-12-02,GE,-58.46,-59.37,-56.51,-62.23
2025-12-03,GE,-59.29,-59.37,-56.51,-62.23
2025-12-04,GE,-55.92,-59.37,-56.51,-62.23
2025-12-05,GE,-63.84,-59.37,-56.51,-62.23
2025-12-01,GEHC,-8.09,-5.12,-2.61,-7.64
2025-12-02,GEHC,-7.11,-5.12,-2.61,-7.64
2025-12-03,GEHC,-3.74,-5.12,-2.61,-7.64
2025-12-04,GEHC,-4.81,-5.12,-2.61,-7.64
2025-12-05,GEHC,-1.87,-5.12,-2.61,-7.64
2025-12-01,GEN,-5.55,-5.06,-4.59,-5.52
2025-12-02,GEN,-5.58,-5.06,-4.59,-5.52
2025-12-03,GEN,-4.64,-5.06,-4.59,-5.52
2025-12-04,GEN,-4.77,-5.06,-4.59,-5.52
2025-12-05,GEN,-4.74,-5.06,-4.59,-5.52
2025-12-01,GEOS,-5.69,-4.78,-3.71,-5.85
2025-12-02,GEOS,-6.07,-4.78,-3.71,-5.85
2025-12-03,GEOS,-4.59,-4.78,-3.71,-5.85
2025-12-04,GEOS,-3.6,-4.78,-3.71,-5.85
2025-12-05,GEOS,-3.97,-4.78,-3.71,-5.85
2025-12-01,GEV,-313.92,-282.64,-260.09,-305.19
2025-12-02,GEV,-289.24,-282.64,-260.09,-305.19
2025-12-03,GEV,-288.85,-282.64,-260.09,-305.19
2025-12-04,GEV,-261.71,-282.64,-260.09,-305.19
2025-12-05,GEV,-259.5,-282.64,-260.09,-305.19
2025-12-01,GGB,-0.44,-0.41,-0.32,-0.5
2025-12-02,GGB,-0.43,-0.41,-0.32,-0.5
2025-12-03,GGB,-0.34,-0.41,-0.32,-0.5
2025-12-04,GGB,-0.31,-0.41,-0.32,-0.5
2025-12-05,GGB,-0.53,-0.41,-0.32,-0.5
2025-12-01,GILD,-41.04,-41.95,-40.45,-43.46
2025-12-02,GILD,-41.46,-41.95,-40.45,-43.46
2025-12-03,GILD,-40.37,-41.95,-40.45,-43.46
2025-12-04,GILD,-42.75,-41.95,-40.45,-43.46
2025-12-05,GILD,-44.15,-41.95,-40.45,-43.46
2025-12-01,GIS,1.74,0.89,1.38,0.4
2025-12-02,GIS,0.6,0.89,1.38,0.4
2025-12-03,GIS,0.87,0.89,1.38,0.4
2025-12-04,GIS,0.65,0.89,1.38,0.4
2025-12-05,GIS,0.6,0.89,1.38,0.4
2025-12-01,GL,1.88,0.69,1.39,-0.02
2025-12-02,GL,0.5,0.69,1.39,-0.02
2025-12-03,GL,0.17,0.69,1.39,-0.02
2025-12-04,GL,0.17,0.69,1.39,-0.02
2025-12-05,GL,0.72,0.69,1.39,-0.02
2025-12-01,GLATF,0.05,0.06,0.08,0.05
2025-12-02,GLATF,0.06,0.06,0.08,0.05
2025-12-03,GLATF,0.07,0.06,0.08,0.05
2025-12-04,GLATF,0.08,0.06,0.08,0.05
2025-12-05,GLATF,0.06,0.06,0.08,0.05
2025-12-01,GLD,-77.41,-79.67,-78.37,-80.97
2025-12-02,GLD,-79.92,-79.67,-78.37,-80.97
2025-12-03,GLD,-80.28,-79.67,-78.37,-80.97
2025-12-04,GLD,-80.03,-79.67,-78.37,-80.97
2025-12-05,GLD,-80.72,-79.67,-78.37,-80.97
2025-12-01,GLW,-21.48,-20.06,-18.74,-21.39
2025-12-02,GLW,-20.67,-20.06,-18.74,-21.39
2025-12-03,GLW,-20.83,-20.06,-18.74,-21.39
2025-12-04,GLW,-18.93,-20.06,-18.74,-21.39
2025-12-05,GLW,-18.41,-20.06,-18.74,-21.39
2025-12-01,GM,-30.18,-28.6,-27.36,-29.84
2025-12-02,GM,-29.47,-28.6,-27.36,-29.84
2025-12-03,GM,-28.44,-28.6,-27.36,-29.84
2025-12-04,GM,-27.84,-28.6,-27.36,-29.84
2025-12-05,GM,-27.08,-28.6,-27.36,-29.84
2025-12-01,GNK,-0.2,-0.03,0.16,-0.22
2025-12-02,GNK,-0.23,-0.03,0.16,-0.22
2025-12-03,GNK,0.01,-0.03,0.16,-0.22
2025-12-04,GNK,0.01,-0.03,0.16,-0.22
2025-12-05,GNK,0.24,-0.03,0.16,-0.22
2025-12-01,GNRC,-16.1,-7.47,-1.73,-13.21
2025-12-02,GNRC,-10.01,-7.47,-1.73,-13.21
2025-12-03,GNRC,-6.15,-7.47,-1.73,-13.21
2025-12-04,GNRC,-2.08,-7.47,-1.73,-13.21
2025-12-05,GNRC,-2.99,-7.47,-1.73,-13.21
2025-12-01,GOOGL,-95.8,-92.85,-90.21,-95.48
2025-12-02,GOOGL,-94.88,-92.85,-90.21,-95.48
2025-12-03,GOOGL,-91.06,-92.85,-90.21,-95.48
2025-12-04,GOOGL,-93.07,-92.85,-90.21,-95.48
2025-12-05,GOOGL,-89.42,-92.85,-90.21,-95.48
2025-12-01,GPC,-1.43,-1.59,-1.02,-2.17
2025-12-02,GPC,-2.43,-1.59,-1.02,-2.17
2025-12-03,GPC,-1.91,-1.59,-1.02,-2.17
2025-12-04,GPC,-1.05,-1.59,-1.02,-2.17
2025-12-05,GPC,-1.14,-1.59,-1.02,-2.17
2025-12-01,GPN,4.59,7.05,8.52,5.57
2025-12-02,GPN,7.04,7.05,8.52,5.57
2025-12-03,GPN,8.31,7.05,8.52,5.57
2025-12-04,GPN,8.09,7.05,8.52,5.57
2025-12-05,GPN,7.2,7.05,8.52,5.57
2025-12-01,GREK,-7.52,-7.39,-7.25,-7.54
2025-12-02,GREK,-7.16,-7.39,-7.25,-7.54
2025-12-03,GREK,-7.43,-7.39,-7.25,-7.54
2025-12-04,GREK,-7.5,-7.39,-7.25,-7.54
2025-12-05,GREK,-7.35,-7.39,-7.25,-7.54
2025-12-01,GRMN,-27.18,-24.22,-21.26,-27.18
2025-12-02,GRMN,-26.88,-24.22,-21.26,-27.18
2025-12-03,GRMN,-24.6,-24.22,-21.26,-27.18
2025-12-04,GRMN,-21.97,-24.22,-21.26,-27.18
2025-12-05,GRMN,-20.47,-24.22,-21.26,-27.18
2025-12-01,GS,-439.92,-419.77,-401.83,-437.72
2025-12-02,GS,-435.57,-419.77,-401.83,-437.72
2025-12-03,GS,-414.21,-419.77,-401.83,-437.72
2025-12-04,GS,-412.95,-419.77,-401.83,-437.72
2025-12-05,GS,-396.22,-419.77,-401.83,-437.72
2025-12-01,GWW,-50.21,-30.75,-18.69,-42.82
2025-12-02,GWW,-33.93,-30.75,-18.69,-42.82
2025-12-03,GWW,-23.92,-30.75,-18.69,-42.82
2025-12-04,GWW,-26.17,-30.75,-18.69,-42.82
2025-12-05,GWW,-19.54,-30.75,-18.69,-42.82
2025-12-01,HAL,-1.46,-0.65,0.08,-1.37
2025-12-02,HAL,-1.18,-0.65,0.08,-1.37
2025-12-03,HAL,-0.69,-0.65,0.08,-1.37
2025-12-04,HAL,-0.26,-0.65,0.08,-1.37
2025-12-05,HAL,0.36,-0.65,0.08,-1.37
2025-12-01,HAS,-4.92,-5.66,-5.02,-6.3
2025-12-02,HAS,-5.96,-5.66,-5.02,-6.3
2025-12-03,HAS,-5.14,-5.66,-5.02,-6.3
2025-12-04,HAS,-5.76,-5.66,-5.02,-6.3
2025-12-05,HAS,-6.51,-5.66,-5.02,-6.3
2025-12-01,HBAN,-6.35,-6.06,-5.8,-6.33
2025-12-02,HBAN,-6.33,-6.06,-5.8,-6.33
2025-12-03,HBAN,-5.85,-6.06,-5.8,-6.33
2025-12-04,HBAN,-5.79,-6.06,-5.8,-6.33
2025-12-05,HBAN,-5.99,-6.06,-5.8,-6.33
2025-12-01,HCA,-55.03,-65.14,-57.07,-73.21
2025-12-02,HCA,-57.72,-65.14,-57.07,-73.21
2025-12-03,HCA,-71.26,-65.14,-57.07,-73.21
2025-12-04,HCA,-70.37,-65.14,-57.07,-73.21
2025-12-05,HCA,-71.33,-65.14,-57.07,-73.21
2025-12-01,HD,-18.85,-21.17,-18.45,-23.89
2025-12-02,HD,-22.15,-21.17,-18.45,-23.89
2025-12-03,HD,-18.27,-21.17,-18.45,-23.89
2025-12-04,HD,-25.01,-21.17,-18.45,-23.89
2025-12-05,HD,-21.57,-21.17,-18.45,-23.89
2025-12-01,HIG,-25.73,-28.24,-25.76,-30.73
2025-12-02,HIG,-26.13,-28.24,-25.76,-30.73
2025-12-03,HIG,-28.19,-28.24,-25.76,-30.73
2025-12-04,HIG,-29.37,-28.24,-25.76,-30.73
2025-12-05,HIG,-31.8,-28.24,-25.76,-30.73
2025-12-01,HII,-64.54,-62.48,-58.14,-66.82
2025-12-02,HII,-63.99,-62.48,-58.14,-66.82
2025-12-03,HII,-61.96,-62.48,-58.14,-66.82
2025-12-04,HII,-55.31,-62.48,-58.14,-66.82
2025-12-05,HII,-66.61,-62.48,-58.14,-66.82
2025-12-01,HLT,-20.74,-25.75,-20.89,-30.6
2025-12-02,HLT,-22.6,-25.75,-20.89,-30.6
2025-12-03,HLT,-23.54,-25.75,-20.89,-30.6
2025-12-04,HLT,-30.33,-25.75,-20.89,-30.6
2025-12-05,HLT,-31.53,-25.75,-20.89,-30.6
2025-12-01,HLX,-0.16,0.22,0.5,-0.07
2025-12-02,HLX,0.01,0.22,0.5,-0.07
2025-12-03,HLX,0.33,0.22,0.5,-0.07
2025-12-04,HLX,0.54,0.22,0.5,-0.07
2025-12-05,HLX,0.36,0.22,0.5,-0.07
2025-12-01,HOLX,-17.83,-17.77,-17.69,-17.85
2025-12-02,HOLX,-17.85,-17.77,-17.69,-17.85
2025-12-03,HOLX,-17.66,-17.77,-17.69,-17.85
2025-12-04,HOLX,-17.81,-17.77,-17.69,-17.85
2025-12-05,HOLX,-17.7,-17.77,-17.69,-17.85
2025-12-01,HON,2.36,4.22,5.55,2.89
2025-12-02,HON,5.29,4.22,5.55,2.89
2025-12-03,HON,5.61,4.22,5.55,2.89
2025-12-04,HON,4.37,4.22,5.55,2.89
2025-12-05,HON,3.47,4.22,5.55,2.89
2025-12-01,HOOD,-55.16,-48.03,-42.36,-53.7
2025-12-02,HOOD,-52.45,-48.03,-42.36,-53.7
2025-12-03,HOOD,-44.76,-48.03,-42.36,-53.7
2025-12-04,HOOD,-41.32,-48.03,-42.36,-53.7
2025-12-05,HOOD,-46.45,-48.03,-42.36,-53.7
2025-12-01,HPE,-5.06,-4.53,-3.91,-5.15
2025-12-02,HPE,-5.08,-4.53,-3.91,-5.15
2025-12-03,HPE,-4.74,-4.53,-3.91,-5.15
2025-12-04,HPE,-4.1,-4.53,-3.91,-5.15
2025-12-05,HPE,-3.67,-4.53,-3.91,-5.15
2025-12-01,HPQ,-0.41,0.51,1.14,-0.12
2025-12-02,HPQ,0.35,0.51,1.14,-0.12
2025-12-03,HPQ,0.39,0.51,1.14,-0.12
2025-12-04,HPQ,1.1,0.51,1.14,-0.12
2025-12-05,HPQ,1.11,0.51,1.14,-0.12
2025-12-01,HRL,-3.03,-2.7,-2.12,-3.27
2025-12-02,HRL,-3.24,-2.7,-2.12,-3.27
2025-12-03,HRL,-3.06,-2.7,-2.12,-3.27
2025-12-04,HRL,-2.17,-2.7,-2.12,-3.27
2025-12-05,HRL,-1.99,-2.7,-2.12,-3.27
2025-12-01,HSIC,-13.33,-13.52,-12.76,-14.27
2025-12-02,HSIC,-14.77,-13.52,-12.76,-14.27
2025-12-03,HSIC,-13.56,-13.52,-12.76,-14.27
2025-12-04,HSIC,-13.1,-13.52,-12.76,-14.27
2025-12-05,HSIC,-12.82,-13.52,-12.76,-14.27
2025-12-01,HST,-1.1,-1.22,-1.01,-1.43
2025-12-02,HST,-1.12,-1.22,-1.01,-1.43
2025-12-03,HST,-0.99,-1.22,-1.01,-1.43
2025-12-04,HST,-1.49,-1.22,-1.01,-1.43
2025-12-05,HST,-1.39,-1.22,-1.01,-1.43
2025-12-01,HSY,-3.48,-5.91,-4.32,-7.51
2025-12-02,HSY,-5.79,-5.91,-4.32,-7.51
2025-12-03,HSY,-7.93,-5.91,-4.32,-7.51
2025-12-04,HSY,-6.1,-5.91,-4.32,-7.51
2025-12-05,HSY,-6.26,-5.91,-4.32,-7.51
2025-12-01,HUBB,-59.49,-54.76,-48.67,-60.85
2025-12-02,HUBB,-59.86,-54.76,-48.67,-60.85
2025-12-03,HUBB,-58.0,-54.76,-48.67,-60.85
2025-12-04,HUBB,-49.63,-54.76,-48.67,-60.85
2025-12-05,HUBB,-46.81,-54.76,-48.67,-60.85
2025-12-01,HUM,-5.37,2.8,10.59,-5.0
2025-12-02,HUM,-5.64,2.8,10.59,-5.0
2025-12-03,HUM,9.32,2.8,10.59,-5.0
2025-12-04,HUM,5.42,2.8,10.59,-5.0
2025-12-05,HUM,10.25,2.8,10.59,-5.0
2025-12-01,HWM,-47.16,-50.59,-47.7,-53.48
2025-12-02,HWM,-49.64,-50.59,-47.7,-53.48
2025-12-03,HWM,-51.61,-50.59,-47.7,-53.48
2025-12-04,HWM,-49.63,-50.59,-47.7,-53.48
2025-12-05,HWM,-54.92,-50.59,-47.7,-53.48
2025-12-01,HYD,-9.7,-9.75,-9.71,-9.8
2025-12-02,HYD,-9.82,-9.75,-9.71,-9.8
2025-12-03,HYD,-9.77,-9.75,-9.71,-9.8
2025-12-04,HYD,-9.73,-9.75,-9.71,-9.8
2025-12-05,HYD,-9.75,-9.75,-9.71,-9.8
2025-12-01,HYG,-7.2,-7.01,-6.9,-7.13
2025-12-02,HYG,-7.05,-7.01,-6.9,-7.13
2025-12-03,HYG,-6.98,-7.01,-6.9,-7.13
2025-12-04,HYG,-6.92,-7.01,-6.9,-7.13
2025-12-05,HYG,-6.92,-7.01,-6.9,-7.13
2025-12-01,IBKR,-23.99,-23.02,-22.01,-24.03
2025-12-02,IBKR,-23.94,-23.02,-22.01,-24.03
2025-12-03,IBKR,-22.57,-23.02,-22.01,-24.03
2025-12-04,IBKR,-21.58,-23.02,-22.01,-24.03
2025-12-05,IBKR,-23.03,-23.02,-22.01,-24.03
2025-12-01,IBM,-50.2,-50.67,-47.76,-53.58
2025-12-02,IBM,-54.09,-50.67,-47.76,-53.58
2025-12-03,IBM,-53.25,-50.67,-47.76,-53.58
2025-12-04,IBM,-47.88,-50.67,-47.76,-53.58
2025-12-05,IBM,-47.93,-50.67,-47.76,-53.58
2025-12-01,ICE,-1.54,-1.26,0.12,-2.64
2025-12-02,ICE,-3.12,-1.26,0.12,-2.64
2025-12-03,ICE,-1.63,-1.26,0.12,-2.64
2025-12-04,ICE,0.63,-1.26,0.12,-2.64
2025-12-05,ICE,-0.66,-1.26,0.12,-2.64
2025-12-01,ICL,-0.34,-0.55,-0.33,-0.77
2025-12-02,ICL,-0.29,-0.55,-0.33,-0.77
2025-12-03,ICL,-0.66,-0.55,-0.33,-0.77
2025-12-04,ICL,-0.73,-0.55,-0.33,-0.77
2025-12-05,ICL,-0.73,-0.55,-0.33,-0.77
2025-12-01,IDXX,-65.67,-70.8,-62.97,-78.63
2025-12-02,IDXX,-61.91,-70.8,-62.97,-78.63
2025-12-03,IDXX,-68.71,-70.8,-62.97,-78.63
2025-12-04,IDXX,-77.17,-70.8,-62.97,-78.63
2025-12-05,IDXX,-80.54,-70.8,-62.97,-78.63
2025-12-01,IEF,-7.05,-7.03,-6.85,-7.21
2025-12-02,IEF,-6.97,-7.03,-6.85,-7.21
2025-12-03,IEF,-6.77,-7.03,-6.85,-7.21
2025-12-04,IEF,-7.07,-7.03,-6.85,-7.21
2025-12-05,IEF,-7.27,-7.03,-6.85,-7.21
2025-12-01,IEX,-1.12,1.14,3.08,-0.79
2025-12-02,IEX,-0.66,1.14,3.08,-0.79
2025-12-03,IEX,2.45,1.14,3.08,-0.79
2025-12-04,IEX,3.27,1.14,3.08,-0.79
2025-12-05,IEX,1.78,1.14,3.08,-0.79
2025-12-01,IFF,-4.75,-6.3,-5.16,-7.44
2025-12-02,IFF,-5.48,-6.3,-5.16,-7.44
2025-12-03,IFF,-6.9,-6.3,-5.16,-7.44
2025-12-04,IFF,-7.53,-6.3,-5.16,-7.44
2025-12-05,IFF,-6.84,-6.3,-5.16,-7.44
2025-12-01,INCY,-14.58,-15.03,-14.26,-15.8
2025-12-02,INCY,-15.18,-15.03,-14.26,-15.8
2025-12-03,INCY,-15.12,-15.03,-14.26,-15.8
2025-12-04,INCY,-16.16,-15.03,-14.26,-15.8
2025-12-05,INCY,-14.1,-15.03,-14.26,-15.8
2025-12-01,INDA,-5.5,-5.96,-5.63,-6.29
2025-12-02,INDA,-5.95,-5.96,-5.63,-6.29
2025-12-03,INDA,-6.42,-5.96,-5.63,-6.29
2025-12-04,INDA,-6.07,-5.96,-5.63,-6.29
2025-12-05,INDA,-5.86,-5.96,-5.63,-6.29
2025-12-01,INTC,-2.28,-0.46,1.25,-2.17
2025-12-02,INTC,1.18,-0.46,1.25,-2.17
2025-12-03,INTC,1.47,-0.46,1.25,-2.17
2025-12-04,INTC,-1.79,-0.46,1.25,-2.17
2025-12-05,INTC,-0.88,-0.46,1.25,-2.17
2025-12-01,INTU,-63.21,-44.5,-26.62,-62.38
2025-12-02,INTU,-59.2,-44.5,-26.62,-62.38
2025-12-03,INTU,-47.15,-44.5,-26.62,-62.38
2025-12-04,INTU,-31.75,-44.5,-26.62,-62.38
2025-12-05,INTU,-21.2,-44.5,-26.62,-62.38
2025-12-01,INVH,-0.07,-0.29,0.02,-0.6
2025-12-02,INVH,0.04,-0.29,0.02,-0.6
2025-12-03,INVH,-0.2,-0.29,0.02,-0.6
2025-12-04,INVH,-0.48,-0.29,0.02,-0.6
2025-12-05,INVH,-0.72,-0.29,0.02,-0.6
2025-12-01,IP,-1.68,-1.98,-1.4,-2.56
2025-12-02,IP,-3.02,-1.98,-1.4,-2.56
2025-12-03,IP,-1.65,-1.98,-1.4,-2.56
2025-12-04,IP,-1.74,-1.98,-1.4,-2.56
2025-12-05,IP,-1.81,-1.98,-1.4,-2.56
2025-12-01,IQV,-56.05,-58.1,-56.68,-59.52
2025-12-02,IQV,-58.89,-58.1,-56.68,-59.52
2025-12-03,IQV,-57.28,-58.1,-56.68,-59.52
2025-12-04,IQV,-59.6,-58.1,-56.68,-59.52
2025-12-05,IQV,-58.67,-58.1,-56.68,-59.52
2025-12-01,IR,-3.72,-3.32,-2.93,-3.7
2025-12-02,IR,-3.73,-3.32,-2.93,-3.7
2025-12-03,IR,-3.16,-3.32,-2.93,-3.7
2025-12-04,IR,-2.92,-3.32,-2.93,-3.7
2025-12-05,IR,-3.05,-3.32,-2.93,-3.7
2025-12-01,IRM,-19.69,-18.68,-17.68,-19.68
2025-12-02,IRM,-19.75,-18.68,-17.68,-19.68
2025-12-03,IRM,-18.24,-18.68,-17.68,-19.68
2025-12-04,IRM,-17.49,-18.68,-17.68,-19.68
2025-12-05,IRM,-18.21,-18.68,-17.68,-19.68
2025-12-01,ISRG,-49.48,-47.1,-43.84,-50.35
2025-12-02,ISRG,-49.13,-47.1,-43.84,-50.35
2025-12-03,ISRG,-47.14,-47.1,-43.84,-50.35
2025-12-04,ISRG,-48.22,-47.1,-43.84,-50.35
2025-12-05,ISRG,-41.51,-47.1,-43.84,-50.35
2025-12-01,IT,10.96,10.82,12.28,9.35
2025-12-02,IT,8.8,10.82,12.28,9.35
2025-12-03,IT,12.09,10.82,12.28,9.35
2025-12-04,IT,12.28,10.82,12.28,9.35
2025-12-05,IT,9.95,10.82,12.28,9.35
2025-12-01,ITW,-1.46,0.05,1.09,-1.0
2025-12-02,ITW,-0.57,0.05,1.09,-1.0
2025-12-03,ITW,1.09,0.05,1.09,-1.0
2025-12-04,ITW,0.43,0.05,1.09,-1.0
2025-12-05,ITW,0.75,0.05,1.09,-1.0
2025-12-01,IVZ,-3.62,-3.33,-2.52,-4.14
2025-12-02,IVZ,-4.04,-3.33,-2.52,-4.14
2025-12-03,IVZ,-3.89,-3.33,-2.52,-4.14
2025-12-04,IVZ,-3.07,-3.33,-2.52,-4.14
2025-12-05,IVZ,-2.04,-3.33,-2.52,-4.14
2025-12-01,IWD,-23.12,-22.07,-21.04,-23.09
2025-12-02,IWD,-23.24,-22.07,-21.04,-23.09
2025-12-03,IWD,-21.34,-22.07,-21.04,-23.09
2025-12-04,IWD,-21.43,-22.07,-21.04,-23.09
2025-12-05,IWD,-21.2,-22.07,-21.04,-23.09
2025-12-01,IWF,-31.68,-29.62,-28.18,-31.07
2025-12-02,IWF,-29.59,-29.62,-28.18,-31.07
2025-12-03,IWF,-30.04,-29.62,-28.18,-31.07
2025-12-04,IWF,-29.09,-29.62,-28.18,-31.07
2025-12-05,IWF,-27.72,-29.62,-28.18,-31.07
2025-12-01,IWM,-52.31,-49.33,-46.3,-52.36
2025-12-02,IWM,-52.76,-49.33,-46.3,-52.36
2025-12-03,IWM,-48.3,-49.33,-46.3,-52.36
2025-12-04,IWM,-46.11,-49.33,-46.3,-52.36
2025-12-05,IWM,-47.16,-49.33,-46.3,-52.36
2025-12-01,J,-17.96,-13.29,-9.86,-16.73
2025-12-02,J,-15.78,-13.29,-9.86,-16.73
2025-12-03,J,-12.07,-13.29,-9.86,-16.73
2025-12-04,J,-10.07,-13.29,-9.86,-16.73
2025-12-05,J,-10.58,-13.29,-9.86,-16.73
2025-12-01,JBHT,-1.68,4.45,8.03,0.88
2025-12-02,JBHT,4.32,4.45,8.03,0.88
2025-12-03,JBHT,6.51,4.45,8.03,0.88
2025-12-04,JBHT,6.13,4.45,8.03,0.88
2025-12-05,JBHT,7.0,4.45,8.03,0.88
2025-12-01,JBL,-54.29,-49.31,-45.0,-53.61
2025-12-02,JBL,-52.23,-49.31,-45.0,-53.61
2025-12-03,JBL,-50.23,-49.31,-45.0,-53.61
2025-12-04,JBL,-45.56,-49.31,-45.0,-53.61
2025-12-05,JBL,-44.22,-49.31,-45.0,-53.61
2025-12-01,JCI,-15.83,-16.2,-15.69,-16.7
2025-12-02,JCI,-15.49,-16.2,-15.69,-16.7
2025-12-03,JCI,-16.55,-16.2,-15.69,-16.7
2025-12-04,JCI,-16.57,-16.2,-15.69,-16.7
2025-12-05,JCI,-16.54,-16.2,-15.69,-16.7
2025-12-01,JKHY,-41.67,-38.86,-34.97,-42.75
2025-12-02,JKHY,-43.19,-38.86,-34.97,-42.75
2025-12-03,JKHY,-39.74,-38.86,-34.97,-42.75
2025-12-04,JKHY,-35.53,-38.86,-34.97,-42.75
2025-12-05,JKHY,-34.16,-38.86,-34.97,-42.75
2025-12-01,JNJ,-48.57,-49.81,-48.07,-51.55
2025-12-02,JNJ,-48.49,-49.81,-48.07,-51.55
2025-12-03,JNJ,-48.58,-49.81,-48.07,-51.55
2025-12-04,JNJ,-51.43,-49.81,-48.07,-51.55
2025-12-05,JNJ,-51.98,-49.81,-48.07,-51.55
2025-12-01,JNK,-8.18,-7.96,-7.81,-8.1
2025-12-02,JNK,-8.03,-7.96,-7.81,-8.1
2025-12-03,JNK,-7.88,-7.96,-7.81,-8.1
2025-12-04,JNK,-7.85,-7.96,-7.81,-8.1
2025-12-05,JNK,-7.85,-7.96,-7.81,-8.1
2025-12-01,JPM,-126.32,-123.23,-119.6,-126.85
2025-12-02,JPM,-127.36,-123.23,-119.6,-126.85
2025-12-03,JPM,-123.11,-123.23,-119.6,-126.85
2025-12-04,JPM,-119.14,-123.23,-119.6,-126.85
2025-12-05,JPM,-120.2,-123.23,-119.6,-126.85
2025-12-01,K,-15.39,-15.33,-15.3,-15.37
2025-12-02,K,-15.33,-15.33,-15.3,-15.37
2025-12-03,K,-15.32,-15.33,-15.3,-15.37
2025-12-04,K,-15.31,-15.33,-15.3,-15.37
2025-12-05,K,-15.32,-15.33,-15.3,-15.37
2025-12-01,KDP,0.23,0.44,0.69,0.19
2025-12-02,KDP,0.19,0.44,0.69,0.19
2025-12-03,KDP,0.39,0.44,0.69,0.19
2025-12-04,KDP,0.64,0.44,0.69,0.19
2025-12-05,KDP,0.75,0.44,0.69,0.19
2025-12-01,KEY,-6.57,-6.39,-5.99,-6.78
2025-12-02,KEY,-6.91,-6.39,-5.99,-6.78
2025-12-03,KEY,-6.44,-6.39,-5.99,-6.78
2025-12-04,KEY,-6.08,-6.39,-5.99,-6.78
2025-12-05,KEY,-5.93,-6.39,-5.99,-6.78
2025-12-01,KEYS,-33.72,-26.24,-20.81,-31.67
2025-12-02,KEYS,-29.86,-26.24,-20.81,-31.67
2025-12-03,KEYS,-24.65,-26.24,-20.81,-31.67
2025-12-04,KEYS,-22.19,-26.24,-20.81,-31.67
2025-12-05,KEYS,-20.77,-26.24,-20.81,-31.67
2025-12-01,KHC,0.99,0.48,0.88,0.08
2025-12-02,KHC,0.58,0.48,0.88,0.08
2025-12-03,KHC,0.65,0.48,0.88,0.08
2025-12-04,KHC,0.21,0.48,0.88,0.08
2025-12-05,KHC,-0.04,0.48,0.88,0.08
2025-12-01,KIM,-0.28,-0.43,-0.3,-0.57
2025-12-02,KIM,-0.47,-0.43,-0.3,-0.57
2025-12-03,KIM,-0.36,-0.43,-0.3,-0.57
2025-12-04,KIM,-0.41,-0.43,-0.3,-0.57
2025-12-05,KIM,-0.64,-0.43,-0.3,-0.57
2025-12-01,KKR,-13.65,-10.0,-6.71,-13.29
2025-12-02,KKR,-13.16,-10.0,-6.71,-13.29
2025-12-03,KKR,-9.36,-10.0,-6.71,-13.29
2025-12-04,KKR,-7.41,-10.0,-6.71,-13.29
2025-12-05,KKR,-6.42,-10.0,-6.71,-13.29
2025-12-01,KLAC,-334.38,-295.29,-271.42,-319.16
2025-12-02,KLAC,-301.7,-295.29,-271.42,-319.16
2025-12-03,KLAC,-279.81,-295.29,-271.42,-319.16
2025-12-04,KLAC,-283.48,-295.29,-271.42,-319.16
2025-12-05,KLAC,-277.1,-295.29,-271.42,-319.16
2025-12-01,KMB,-14.79,-17.43,-15.32,-19.53
2025-12-02,KMB,-16.38,-17.43,-15.32,-19.53
2025-12-03,KMB,-17.2,-17.43,-15.32,-19.53
2025-12-04,KMB,-18.39,-17.43,-15.32,-19.53
2025-12-05,KMB,-20.37,-17.43,-15.32,-19.53
2025-12-01,KMI,-5.31,-5.22,-4.8,-5.63
2025-12-02,KMI,-5.75,-5.22,-4.8,-5.63
2025-12-03,KMI,-5.43,-5.22,-4.8,-5.63
2025-12-04,KMI,-4.76,-5.22,-4.8,-5.63
2025-12-05,KMI,-4.83,-5.22,-4.8,-5.63
2025-12-01,KMX,0.26,0.5,0.68,0.33
2025-12-02,KMX,0.41,0.5,0.68,0.33
2025-12-03,KMX,0.72,0.5,0.68,0.33
2025-12-04,KMX,0.6,0.5,0.68,0.33
2025-12-05,KMX,0.52,0.5,0.68,0.33
2025-12-01,KO,-3.12,-4.29,-3.57,-5.02
2025-12-02,KO,-4.4,-4.29,-3.57,-5.02
2025-12-03,KO,-4.26,-4.29,-3.57,-5.02
2025-12-04,KO,-4.62,-4.29,-3.57,-5.02
2025-12-05,KO,-5.07,-4.29,-3.57,-5.02
2025-12-01,KR,-48.48,-50.7,-48.45,-52.95
2025-12-02,KR,-49.0,-50.7,-48.45,-52.95
2025-12-03,KR,-49.83,-50.7,-48.45,-52.95
2025-12-04,KR,-52.89,-50.7,-48.45,-52.95
2025-12-05,KR,-53.32,-50.7,-48.45,-52.95
2025-12-01,KVUE,-1.56,-1.79,-1.65,-1.92
2025-12-02,KVUE,-1.92,-1.79,-1.65,-1.92
2025-12-03,KVUE,-1.81,-1.79,-1.65,-1.92
2025-12-04,KVUE,-1.79,-1.79,-1.65,-1.92
2025-12-05,KVUE,-1.85,-1.79,-1.65,-1.92
2025-12-01,L,-16.44,-17.69,-16.17,-19.2
2025-12-02,L,-16.53,-17.69,-16.17,-19.2
2025-12-03,L,-17.09,-17.69,-16.17,-19.2
2025-12-04,L,-18.35,-17.69,-16.17,-19.2
2025-12-05,L,-20.02,-17.69,-16.17,-19.2
2025-12-01,LDOS,-44.26,-44.05,-41.8,-46.29
2025-12-02,LDOS,-45.61,-44.05,-41.8,-46.29
2025-12-03,LDOS,-44.24,-44.05,-41.8,-46.29
2025-12-04,LDOS,-40.26,-44.05,-41.8,-46.29
2025-12-05,LDOS,-45.86,-44.05,-41.8,-46.29
2025-12-01,LEN,-15.78,-17.26,-13.73,-20.79
2025-12-02,LEN,-16.28,-17.26,-13.73,-20.79
2025-12-03,LEN,-12.88,-17.26,-13.73,-20.79
2025-12-04,LEN,-19.26,-17.26,-13.73,-20.79
2025-12-05,LEN,-22.1,-17.26,-13.73,-20.79
2025-12-01,LH,-28.97,-32.84,-29.02,-36.66
2025-12-02,LH,-30.77,-32.84,-29.02,-36.66
2025-12-03,LH,-30.94,-32.84,-29.02,-36.66
2025-12-04,LH,-35.22,-32.84,-29.02,-36.66
2025-12-05,LH,-38.31,-32.84,-29.02,-36.66
2025-12-01,LHX,-86.65,-82.36,-78.99,-85.73
2025-12-02,LHX,-85.0,-82.36,-78.99,-85.73
2025-12-03,LHX,-81.23,-82.36,-78.99,-85.73
2025-12-04,LHX,-78.46,-82.36,-78.99,-85.73
2025-12-05,LHX,-80.47,-82.36,-78.99,-85.73
2025-12-01,LII,-82.67,-73.51,-63.25,-83.76
2025-12-02,LII,-84.84,-73.51,-63.25,-83.76
2025-12-03,LII,-72.12,-73.51,-63.25,-83.76
2025-12-04,LII,-67.4,-73.51,-63.25,-83.76
2025-12-05,LII,-60.5,-73.51,-63.25,-83.76
2025-12-01,LIN,-46.41,-47.87,-43.84,-51.9
2025-12-02,LIN,-44.76,-47.87,-43.84,-51.9
2025-12-03,LIN,-44.4,-47.87,-43.84,-51.9
2025-12-04,LIN,-49.82,-47.87,-43.84,-51.9
2025-12-05,LIN,-53.98,-47.87,-43.84,-51.9
2025-12-01,LKQ,0.61,0.4,0.65,0.15
2025-12-02,LKQ,0.32,0.4,0.65,0.15
2025-12-03,LKQ,0.48,0.4,0.65,0.15
2025-12-04,LKQ,0.01,0.4,0.65,0.15
2025-12-05,LKQ,0.59,0.4,0.65,0.15
2025-12-01,LLY,-291.27,-316.69,-296.39,-336.98
2025-12-02,LLY,-303.04,-316.69,-296.39,-336.98
2025-12-03,LLY,-315.6,-316.69,-296.39,-336.98
2025-12-04,LLY,-334.67,-316.69,-296.39,-336.98
2025-12-05,LLY,-338.85,-316.69,-296.39,-336.98
2025-12-01,LMT,-65.34,-58.86,-53.66,-64.05
2025-12-02,LMT,-62.71,-58.86,-53.66,-64.05
2025-12-03,LMT,-57.73,-58.86,-53.66,-64.05
2025-12-04,LMT,-56.18,-58.86,-53.66,-64.05
2025-12-05,LMT,-52.33,-58.86,-53.66,-64.05
2025-12-01,LNT,-6.32,-7.58,-6.75,-8.4
2025-12-02,LNT,-7.39,-7.58,-6.75,-8.4
2025-12-03,LNT,-7.54,-7.58,-6.75,-8.4
2025-12-04,LNT,-8.21,-7.58,-6.75,-8.4
2025-12-05,LNT,-8.42,-7.58,-6.75,-8.4
2025-12-01,LOW,-74.56,-74.72,-72.79,-76.65
2025-12-02,LOW,-77.78,-74.72,-72.79,-76.65
2025-12-03,LOW,-74.01,-74.72,-72.79,-76.65
2025-12-04,LOW,-74.78,-74.72,-72.79,-76.65
2025-12-05,LOW,-72.48,-74.72,-72.79,-76.65
2025-12-01,LQD,-3.24,-3.14,-3.01,-3.27
2025-12-02,LQD,-3.17,-3.14,-3.01,-3.27
2025-12-03,LQD,-2.92,-3.14,-3.01,-3.27
2025-12-04,LQD,-3.12,-3.14,-3.01,-3.27
2025-12-05,LQD,-3.23,-3.14,-3.01,-3.27
2025-12-01,LRCX,-21.36,-18.45,-16.56,-20.34
2025-12-02,LRCX,-17.96,-18.45,-16.56,-20.34
2025-12-03,LRCX,-16.4,-18.45,-16.56,-20.34
2025-12-04,LRCX,-19.06,-18.45,-16.56,-20.34
2025-12-05,LRCX,-17.45,-18.45,-16.56,-20.34
2025-12-01,LULU,1.99,3.72,7.05,0.4
2025-12-02,LULU,1.98,3.72,7.05,0.4
2025-12-03,LULU,1.88,3.72,7.05,0.4
2025-12-04,LULU,3.18,3.72,7.05,0.4
2025-12-05,LULU,9.59,3.72,7.05,0.4
2025-12-01,LUV,-4.32,-3.18,-2.02,-4.34
2025-12-02,LUV,-3.66,-3.18,-2.02,-4.34
2025-12-03,LUV,-3.41,-3.18,-2.02,-4.34
2025-12-04,LUV,-3.28,-3.18,-2.02,-4.34
2025-12-05,LUV,-1.24,-3.18,-2.02,-4.34
2025-12-01,LVS,-6.31,-8.29,-6.87,-9.72
2025-12-02,LVS,-7.29,-8.29,-6.87,-9.72
2025-12-03,LVS,-8.92,-8.29,-6.87,-9.72
2025-12-04,LVS,-9.4,-8.29,-6.87,-9.72
2025-12-05,LVS,-9.55,-8.29,-6.87,-9.72
2025-12-01,LW,4.33,4.53,5.05,4.01
2025-12-02,LW,3.88,4.53,5.05,4.01
2025-12-03,LW,5.32,4.53,5.05,4.01
2025-12-04,LW,4.59,4.53,5.05,4.01
2025-12-05,LW,4.53,4.53,5.05,4.01
2025-12-01,LYB,-3.04,-5.31,-3.0,-7.62
2025-12-02,LYB,-3.18,-5.31,-3.0,-7.62
2025-12-03,LYB,-4.93,-5.31,-3.0,-7.62
2025-12-04,LYB,-7.8,-5.31,-3.0,-7.62
2025-12-05,LYB,-7.61,-5.31,-3.0,-7.62
2025-12-01,LYV,-42.81,-38.98,-34.01,-43.94
2025-12-02,LYV,-45.37,-38.98,-34.01,-43.94
2025-12-03,LYV,-37.9,-38.98,-34.01,-43.94
2025-12-04,LYV,-34.23,-38.98,-34.01,-43.94
2025-12-05,LYV,-34.58,-38.98,-34.01,-43.94
2025-12-01,MA,-34.19,-31.87,-27.48,-36.27
2025-12-02,MA,-32.25,-31.87,-27.48,-36.27
2025-12-03,MA,-24.43,-31.87,-27.48,-36.27
2025-12-04,MA,-35.85,-31.87,-27.48,-36.27
2025-12-05,MA,-32.64,-31.87,-27.48,-36.27
2025-12-01,MAA,-13.72,-15.15,-13.54,-16.77
2025-12-02,MAA,-13.83,-15.15,-13.54,-16.77
2025-12-03,MAA,-14.57,-15.15,-13.54,-16.77
2025-12-04,MAA,-16.23,-15.15,-13.54,-16.77
2025-12-05,MAA,-17.42,-15.15,-13.54,-16.77
2025-12-01,MAR,-33.37,-36.14,-30.09,-42.19
2025-12-02,MAR,-32.16,-36.14,-30.09,-42.19
2025-12-03,MAR,-30.16,-36.14,-30.09,-42.19
2025-12-04,MAR,-40.81,-36.14,-30.09,-42.19
2025-12-05,MAR,-44.22,-36.14,-30.09,-42.19
2025-12-01,MAS,-7.64,-8.16,-7.54,-8.78
2025-12-02,MAS,-8.14,-8.16,-7.54,-8.78
2025-12-03,MAS,-7.79,-8.16,-7.54,-8.78
2025-12-04,MAS,-8.01,-8.16,-7.54,-8.78
2025-12-05,MAS,-9.21,-8.16,-7.54,-8.78
2025-12-01,MCD,-50.82,-48.04,-43.86,-52.22
2025-12-02,MCD,-53.67,-48.04,-43.86,-52.22
2025-12-03,MCD,-46.68,-48.04,-43.86,-52.22
2025-12-04,MCD,-45.85,-48.04,-43.86,-52.22
2025-12-05,MCD,-43.16,-48.04,-43.86,-52.22
2025-12-01,MCHI,-7.22,-7.6,-7.23,-7.96
2025-12-02,MCHI,-7.64,-7.6,-7.23,-7.96
2025-12-03,MCHI,-8.0,-7.6,-7.23,-7.96
2025-12-04,MCHI,-7.9,-7.6,-7.23,-7.96
2025-12-05,MCHI,-7.22,-7.6,-7.23,-7.96
2025-12-01,MCHP,-12.53,-5.1,0.36,-10.57
2025-12-02,MCHP,-9.25,-5.1,0.36,-10.57
2025-12-03,MCHP,-2.35,-5.1,0.36,-10.57
2025-12-04,MCHP,-1.24,-5.1,0.36,-10.57
2025-12-05,MCHP,-0.15,-5.1,0.36,-10.57
2025-12-01,MCK,-153.11,-187.05,-165.9,-208.2
2025-12-02,MCK,-180.3,-187.05,-165.9,-208.2
2025-12-03,MCK,-204.63,-187.05,-165.9,-208.2
2025-12-04,MCK,-195.82,-187.05,-165.9,-208.2
2025-12-05,MCK,-201.38,-187.05,-165.9,-208.2
2025-12-01,MCO,-29.57,-26.2,-22.42,-29.97
2025-12-02,MCO,-28.97,-26.2,-22.42,-29.97
2025-12-03,MCO,-24.8,-26.2,-22.42,-29.97
2025-12-04,MCO,-27.33,-26.2,-22.42,-29.97
2025-12-05,MCO,-20.31,-26.2,-22.42,-29.97
2025-12-01,MDLZ,0.36,-0.21,0.34,-0.77
2025-12-02,MDLZ,-0.05,-0.21,0.34,-0.77
2025-12-03,MDLZ,-0.01,-0.21,0.34,-0.77
2025-12-04,MDLZ,-0.24,-0.21,0.34,-0.77
2025-12-05,MDLZ,-1.13,-0.21,0.34,-0.77
2025-12-01,MDT,-7.31,-8.51,-7.79,-9.24
2025-12-02,MDT,-8.62,-8.51,-7.79,-9.24
2025-12-03,MDT,-8.68,-8.51,-7.79,-9.24
2025-12-04,MDT,-8.66,-8.51,-7.79,-9.24
2025-12-05,MDT,-9.29,-8.51,-7.79,-9.24
2025-12-01,MDY,-93.69,-91.7,-88.53,-94.88
2025-12-02,MDY,-95.87,-91.7,-88.53,-94.88
2025-12-03,MDY,-91.7,-91.7,-88.53,-94.88
2025-12-04,MDY,-88.74,-91.7,-88.53,-94.88
2025-12-05,MDY,-88.51,-91.7,-88.53,-94.88
2025-12-01,MET,-9.31,-8.26,-7.21,-9.32
2025-12-02,MET,-9.35,-8.26,-7.21,-9.32
2025-12-03,MET,-8.11,-8.26,-7.21,-9.32
2025-12-04,MET,-7.59,-8.26,-7.21,-9.32
2025-12-05,MET,-6.96,-8.26,-7.21,-9.32
2025-12-01,META,-464.53,-452.9,-438.32,-467.47
2025-12-02,META,-458.3,-452.9,-438.32,-467.47
2025-12-03,META,-465.8,-452.9,-438.32,-467.47
2025-12-04,META,-443.87,-452.9,-438.32,-467.47
2025-12-05,META,-431.98,-452.9,-438.32,-467.47
2025-12-01,MGM,-5.3,-5.18,-4.89,-5.48
2025-12-02,MGM,-5.4,-5.18,-4.89,-5.48
2025-12-03,MGM,-5.2,-5.18,-4.89,-5.48
2025-12-04,MGM,-5.35,-5.18,-4.89,-5.48
2025-12-05,MGM,-4.67,-5.18,-4.89,-5.48
2025-12-01,MHK,-17.34,-19.21,-17.08,-21.34
2025-12-02,MHK,-18.2,-19.21,-17.08,-21.34
2025-12-03,MHK,-17.58,-19.21,-17.08,-21.34
2025-12-04,MHK,-20.83,-19.21,-17.08,-21.34
2025-12-05,MHK,-22.1,-19.21,-17.08,-21.34
2025-12-01,MKC,-3.25,-5.11,-3.77,-6.45
2025-12-02,MKC,-4.21,-5.11,-3.77,-6.45
2025-12-03,MKC,-5.53,-5.11,-3.77,-6.45
2025-12-04,MKC,-6.21,-5.11,-3.77,-6.45
2025-12-05,MKC,-6.35,-5.11,-3.77,-6.45
2025-12-01,MLM,-55.84,-54.64,-48.69,-60.59
2025-12-02,MLM,-63.1,-54.64,-48.69,-60.59
2025-12-03,MLM,-55.22,-54.64,-48.69,-60.59
2025-12-04,MLM,-52.31,-54.64,-48.69,-60.59
2025-12-05,MLM,-46.72,-54.64,-48.69,-60.59
2025-12-01,MMC,-22.23,-22.98,-22.11,-23.85
2025-12-02,MMC,-22.87,-22.98,-22.11,-23.85
2025-12-03,MMC,-22.36,-22.98,-22.11,-23.85
2025-12-04,MMC,-23.03,-22.98,-22.11,-23.85
2025-12-05,MMC,-24.41,-22.98,-22.11,-23.85
2025-12-01,MMM,-24.22,-24.32,-22.18,-26.47
2025-12-02,MMM,-23.14,-24.32,-22.18,-26.47
2025-12-03,MMM,-21.61,-24.32,-22.18,-26.47
2025-12-04,MMM,-25.43,-24.32,-22.18,-26.47
2025-12-05,MMM,-27.22,-24.32,-22.18,-26.47
2025-12-01,MNST,-8.04,-9.66,-8.61,-10.71
2025-12-02,MNST,-9.28,-9.66,-8.61,-10.71
2025-12-03,MNST,-10.0,-9.66,-8.61,-10.71
2025-12-04,MNST,-10.73,-9.66,-8.61,-10.71
2025-12-05,MNST,-10.25,-9.66,-8.61,-10.71
2025-12-01,MO,-28.67,-29.27,-28.82,-29.72
2025-12-02,MO,-28.99,-29.27,-28.82,-29.72
2025-12-03,MO,-29.4,-29.27,-28.82,-29.72
2025-12-04,MO,-29.47,-29.27,-28.82,-29.72
2025-12-05,MO,-29.82,-29.27,-28.82,-29.72
2025-12-01,MOH,14.75,18.25,21.19,15.31
2025-12-02,MOH,15.72,18.25,21.19,15.31
2025-12-03,MOH,18.84,18.25,21.19,15.31
2025-12-04,MOH,20.32,18.25,21.19,15.31
2025-12-05,MOH,21.61,18.25,21.19,15.31
2025-12-01,MOS,-0.9,-1.61,-1.12,-2.1
2025-12-02,MOS,-1.48,-1.61,-1.12,-2.1
2025-12-03,MOS,-1.65,-1.61,-1.12,-2.1
2025-12-04,MOS,-1.76,-1.61,-1.12,-2.1
2025-12-05,MOS,-2.25,-1.61,-1.12,-2.1
2025-12-01,MP,-24.38,-22.17,-20.36,-23.98
2025-12-02,MP,-21.64,-22.17,-20.36,-23.98
2025-12-03,MP,-23.77,-22.17,-20.36,-23.98
2025-12-04,MP,-20.68,-22.17,-20.36,-23.98
2025-12-05,MP,-20.39,-22.17,-20.36,-23.98
2025-12-01,MPC,-36.75,-41.1,-38.38,-43.82
2025-12-02,MPC,-40.19,-41.1,-38.38,-43.82
2025-12-03,MPC,-43.46,-41.1,-38.38,-43.82
2025-12-04,MPC,-42.74,-41.1,-38.38,-43.82
2025-12-05,MPC,-42.36,-41.1,-38.38,-43.82
2025-12-01,MPWR,-98.43,-75.87,-62.48,-89.26
2025-12-02,MPWR,-74.6,-75.87,-62.48,-89.26
2025-12-03,MPWR,-68.76,-75.87,-62.48,-89.26
2025-12-04,MPWR,-74.04,-75.87,-62.48,-89.26
2025-12-05,MPWR,-63.51,-75.87,-62.48,-89.26
2025-12-01,MRK,-4.28,-4.96,-3.98,-5.94
2025-12-02,MRK,-5.08,-4.96,-3.98,-5.94
2025-12-03,MRK,-3.84,-4.96,-3.98,-5.94
2025-12-04,MRK,-5.22,-4.96,-3.98,-5.94
2025-12-05,MRK,-6.39,-4.96,-3.98,-5.94
2025-12-01,MRNA,-2.77,-1.61,-0.14,-3.08
2025-12-02,MRNA,-2.87,-1.61,-0.14,-3.08
2025-12-03,MRNA,-1.75,-1.61,-0.14,-3.08
2025-12-04,MRNA,-1.44,-1.61,-0.14,-3.08
2025-12-05,MRNA,0.77,-1.61,-0.14,-3.08
2025-12-01,MS,-41.2,-37.13,-33.56,-40.71
2025-12-02,MS,-40.58,-37.13,-33.56,-40.71
2025-12-03,MS,-35.95,-37.13,-33.56,-40.71
2025-12-04,MS,-34.78,-37.13,-33.56,-40.71
2025-12-05,MS,-33.16,-37.13,-33.56,-40.71
2025-12-01,MSCI,-62.44,-75.78,-67.49,-84.06
2025-12-02,MSCI,-74.81,-75.78,-67.49,-84.06
2025-12-03,MSCI,-76.54,-75.78,-67.49,-84.06
2025-12-04,MSCI,-81.25,-75.78,-67.49,-84.06
2025-12-05,MSCI,-83.84,-75.78,-67.49,-84.06
2025-12-01,MSFT,-22.47,-25.52,-20.69,-30.34
2025-12-02,MSFT,-19.21,-25.52,-20.69,-30.34
2025-12-03,MSFT,-31.48,-25.52,-20.69,-30.34
2025-12-04,MSFT,-28.37,-25.52,-20.69,-30.34
2025-12-05,MSFT,-26.05,-25.52,-20.69,-30.34
2025-12-01,MSI,-69.28,-68.13,-65.83,-70.43
2025-12-02,MSI,-65.07,-68.13,-65.83,-70.43
2025-12-03,MSI,-66.94,-68.13,-65.83,-70.43
2025-12-04,MSI,-71.14,-68.13,-65.83,-70.43
2025-12-05,MSI,-68.24,-68.13,-65.83,-70.43
2025-12-01,MTB,-98.77,-95.49,-92.82,-98.16
2025-12-02,MTB,-98.01,-95.49,-92.82,-98.16
2025-12-03,MTB,-93.36,-95.49,-92.82,-98.16
2025-12-04,MTB,-93.42,-95.49,-92.82,-98.16
2025-12-05,MTB,-93.88,-95.49,-92.82,-98.16
2025-12-01,MTCH,-2.8,-2.65,-2.29,-3.01
2025-12-02,MTCH,-2.85,-2.65,-2.29,-3.01
2025-12-03,MTCH,-2.92,-2.65,-2.29,-3.01
2025-12-04,MTCH,-2.67,-2.65,-2.29,-3.01
2025-12-05,MTCH,-2.03,-2.65,-2.29,-3.01
2025-12-01,MTD,-404.54,-435.07,-414.07,-456.07
2025-12-02,MTD,-425.47,-435.07,-414.07,-456.07
2025-12-03,MTD,-437.75,-435.07,-414.07,-456.07
2025-12-04,MTD,-449.82,-435.07,-414.07,-456.07
2025-12-05,MTD,-457.77,-435.07,-414.07,-456.07
2025-12-01,MTUM,-13.46,-10.98,-8.9,-13.06
2025-12-02,MTUM,-12.3,-10.98,-8.9,-13.06
2025-12-03,MTUM,-11.31,-10.98,-8.9,-13.06
2025-12-04,MTUM,-9.51,-10.98,-8.9,-13.06
2025-12-05,MTUM,-8.32,-10.98,-8.9,-13.06
2025-12-01,MU,-57.43,-62.29,-56.74,-67.85
2025-12-02,MU,-58.4,-62.29,-56.74,-67.85
2025-12-03,MU,-63.73,-62.29,-56.74,-67.85
2025-12-04,MU,-71.24,-62.29,-56.74,-67.85
2025-12-05,MU,-60.67,-62.29,-56.74,-67.85
2025-12-01,MUB,1.78,1.77,1.81,1.74
2025-12-02,MUB,1.72,1.77,1.81,1.74
2025-12-03,MUB,1.78,1.77,1.81,1.74
2025-12-04,MUB,1.77,1.77,1.81,1.74
2025-12-05,MUB,1.82,1.77,1.81,1.74
2025-12-01,NCLH,-6.18,-6.04,-5.84,-6.24
2025-12-02,NCLH,-6.32,-6.04,-5.84,-6.24
2025-12-03,NCLH,-5.92,-6.04,-5.84,-6.24
2025-12-04,NCLH,-5.95,-6.04,-5.84,-6.24
2025-12-05,NCLH,-5.83,-6.04,-5.84,-6.24
2025-12-01,NDAQ,-19.34,-19.36,-18.44,-20.28
2025-12-02,NDAQ,-20.19,-19.36,-18.44,-20.28
2025-12-03,NDAQ,-20.38,-19.36,-18.44,-20.28
2025-12-04,NDAQ,-18.41,-19.36,-18.44,-20.28
2025-12-05,NDAQ,-18.48,-19.36,-18.44,-20.28
2025-12-01,NDSN,2.03,4.5,6.16,2.83
2025-12-02,NDSN,3.53,4.5,6.16,2.83
2025-12-03,NDSN,5.59,4.5,6.16,2.83
2025-12-04,NDSN,5.41,4.5,6.16,2.83
2025-12-05,NDSN,5.93,4.5,6.16,2.83
2025-12-01,NDX,-1952.65,-1739.7,-1610.13,-1869.27
2025-12-02,NDX,-1739.64,-1739.7,-1610.13,-1869.27
2025-12-03,NDX,-1688.96,-1739.7,-1610.13,-1869.27
2025-12-04,NDX,-1713.8,-1739.7,-1610.13,-1869.27
2025-12-05,NDX,-1603.45,-1739.7,-1610.13,-1869.27
2025-12-01,NEE,-19.59,-20.1,-19.28,-20.92
2025-12-02,NEE,-19.66,-20.1,-19.28,-20.92
2025-12-03,NEE,-19.29,-20.1,-19.28,-20.92
2025-12-04,NEE,-20.85,-20.1,-19.28,-20.92
2025-12-05,NEE,-21.11,-20.1,-19.28,-20.92
2025-12-01,NEM,-17.47,-18.81,-17.93,-19.69
2025-12-02,NEM,-18.82,-18.81,-17.93,-19.69
2025-12-03,NEM,-19.65,-18.81,-17.93,-19.69
2025-12-04,NEM,-18.58,-18.81,-17.93,-19.69
2025-12-05,NEM,-19.54,-18.81,-17.93,-19.69
2025-12-01,NFLX,-15.94,-19.89,-15.93,-23.85
2025-12-02,NFLX,-15.72,-19.89,-15.93,-23.85
2025-12-03,NFLX,-21.11,-19.89,-15.93,-23.85
2025-12-04,NFLX,-21.85,-19.89,-15.93,-23.85
2025-12-05,NFLX,-24.83,-19.89,-15.93,-23.85
2025-12-01,NI,-7.26,-8.05,-7.58,-8.52
2025-12-02,NI,-8.0,-8.05,-7.58,-8.52
2025-12-03,NI,-8.38,-8.05,-7.58,-8.52
2025-12-04,NI,-8.37,-8.05,-7.58,-8.52
2025-12-05,NI,-8.26,-8.05,-7.58,-8.52
2025-12-01,NKE,0.6,0.71,1.08,0.35
2025-12-02,NKE,0.14,0.71,1.08,0.35
2025-12-03,NKE,0.86,0.71,1.08,0.35
2025-12-04,NKE,0.9,0.71,1.08,0.35
2025-12-05,NKE,1.07,0.71,1.08,0.35
2025-12-01,NOC,-125.56,-121.52,-118.0,-125.03
2025-12-02,NOC,-124.1,-121.52,-118.0,-125.03
2025-12-03,NOC,-117.75,-121.52,-118.0,-125.03
2025-12-04,NOC,-118.07,-121.52,-118.0,-125.03
2025-12-05,NOC,-122.1,-121.52,-118.0,-125.03
2025-12-01,NORW,-0.82,-0.53,-0.29,-0.77
2025-12-02,NORW,-0.77,-0.53,-0.29,-0.77
2025-12-03,NORW,-0.38,-0.53,-0.29,-0.77
2025-12-04,NORW,-0.34,-0.53,-0.29,-0.77
2025-12-05,NORW,-0.35,-0.53,-0.29,-0.77
2025-12-01,NOV,-0.51,-0.03,0.46,-0.52
2025-12-02,NOV,-0.61,-0.03,0.46,-0.52
2025-12-03,NOV,0.38,-0.03,0.46,-0.52
2025-12-04,NOV,0.36,-0.03,0.46,-0.52
2025-12-05,NOV,0.23,-0.03,0.46,-0.52
2025-12-01,NOW,-11.49,0.96,13.93,-12.02
2025-12-02,NOW,-9.18,0.96,13.93,-12.02
2025-12-03,NOW,-0.66,0.96,13.93,-12.02
2025-12-04,NOW,5.31,0.96,13.93,-12.02
2025-12-05,NOW,20.8,0.96,13.93,-12.02
2025-12-01,NQ=F,-1945.83,-1748.63,-1625.88,-1871.38
2025-12-02,NQ=F,-1765.58,-1748.63,-1625.88,-1871.38
2025-12-03,NQ=F,-1695.58,-1748.63,-1625.88,-1871.38
2025-12-04,NQ=F,-1719.58,-1748.63,-1625.88,-1871.38
2025-12-05,NQ=F,-1616.58,-1748.63,-1625.88,-1871.38
2025-12-01,NRG,-50.51,-50.4,-47.92,-52.87
2025-12-02,NRG,-52.09,-50.4,-47.92,-52.87
2025-12-03,NRG,-49.4,-50.4,-47.92,-52.87
2025-12-04,NRG,-46.81,-50.4,-47.92,-52.87
2025-12-05,NRG,-53.17,-50.4,-47.92,-52.87
2025-12-01,NSC,-10.71,-7.55,-5.39,-9.71
2025-12-02,NSC,-8.79,-7.55,-5.39,-9.71
2025-12-03,NSC,-6.49,-7.55,-5.39,-9.71
2025-12-04,NSC,-5.41,-7.55,-5.39,-9.71
2025-12-05,NSC,-6.35,-7.55,-5.39,-9.71
2025-12-01,NTAP,-6.03,-3.1,-1.21,-4.98
2025-12-02,NTAP,-2.47,-3.1,-1.21,-4.98
2025-12-03,NTAP,-3.64,-3.1,-1.21,-4.98
2025-12-04,NTAP,-2.31,-3.1,-1.21,-4.98
2025-12-05,NTAP,-1.03,-3.1,-1.21,-4.98
2025-12-01,NTRS,-28.16,-27.14,-25.87,-28.41
2025-12-02,NTRS,-28.71,-27.14,-25.87,-28.41
2025-12-03,NTRS,-26.98,-27.14,-25.87,-28.41
2025-12-04,NTRS,-25.93,-27.14,-25.87,-28.41
2025-12-05,NTRS,-25.93,-27.14,-25.87,-28.41
2025-12-01,NUE,-9.86,-8.86,-6.85,-10.87
2025-12-02,NUE,-9.47,-8.86,-6.85,-10.87
2025-12-03,NUE,-5.85,-8.86,-6.85,-10.87
2025-12-04,NUE,-8.02,-8.86,-6.85,-10.87
2025-12-05,NUE,-11.11,-8.86,-6.85,-10.87
2025-12-01,NVDA,-34.54,-33.11,-31.5,-34.72
2025-12-02,NVDA,-33.0,-33.11,-31.5,-34.72
2025-12-03,NVDA,-34.87,-33.11,-31.5,-34.72
2025-12-04,NVDA,-31.08,-33.11,-31.5,-34.72
2025-12-05,NVDA,-32.05,-33.11,-31.5,-34.72
2025-12-01,NVR,-784.51,-730.53,-661.09,-799.96
2025-12-02,NVR,-700.5,-730.53,-661.09,-799.96
2025-12-03,NVR,-622.18,-730.53,-661.09,-799.96
2025-12-04,NVR,-781.93,-730.53,-661.09,-799.96
2025-12-05,NVR,-763.52,-730.53,-661.09,-799.96
2025-12-01,NWSA,-0.79,-0.68,-0.44,-0.92
2025-12-02,NWSA,-0.91,-0.68,-0.44,-0.92
2025-12-03,NWSA,-0.75,-0.68,-0.44,-0.92
2025-12-04,NWSA,-0.68,-0.68,-0.44,-0.92
2025-12-05,NWSA,-0.27,-0.68,-0.44,-0.92
2025-12-01,NXPI,-8.63,11.18,23.41,-1.05
2025-12-02,NXPI,7.23,11.18,23.41,-1.05
2025-12-03,NXPI,19.44,11.18,23.41,-1.05
2025-12-04,NXPI,18.04,11.18,23.41,-1.05
2025-12-05,NXPI,19.83,11.18,23.41,-1.05
2025-12-01,O,-1.19,-0.68,-0.22,-1.14
2025-12-02,O,-1.12,-0.68,-0.22,-1.14
2025-12-03,O,-0.53,-0.68,-0.22,-1.14
2025-12-04,O,-0.41,-0.68,-0.22,-1.14
2025-12-05,O,-0.14,-0.68,-0.22,-1.14
2025-12-01,ODFL,-20.6,-12.12,-5.01,-19.23
2025-12-02,ODFL,-18.81,-12.12,-5.01,-19.23
2025-12-03,ODFL,-9.33,-12.12,-5.01,-19.23
2025-12-04,ODFL,-6.76,-12.12,-5.01,-19.23
2025-12-05,ODFL,-5.12,-12.12,-5.01,-19.23
2025-12-01,OEF,-51.56,-50.11,-49.12,-51.1
2025-12-02,OEF,-50.59,-50.11,-49.12,-51.1
2025-12-03,OEF,-49.8,-50.11,-49.12,-51.1
2025-12-04,OEF,-49.62,-50.11,-49.12,-51.1
2025-12-05,OEF,-48.98,-50.11,-49.12,-51.1
2025-12-01,OKE,-30.42,-29.26,-27.82,-30.71
2025-12-02,OKE,-31.0,-29.26,-27.82,-30.71
2025-12-03,OKE,-29.21,-29.26,-27.82,-30.71
2025-12-04,OKE,-27.93,-29.26,-27.82,-30.71
2025-12-05,OKE,-27.76,-29.26,-27.82,-30.71
2025-12-01,OMC,-5.19,-5.38,-4.11,-6.65
2025-12-02,OMC,-4.73,-5.38,-4.11,-6.65
2025-12-03,OMC,-6.2,-5.38,-4.11,-6.65
2025-12-04,OMC,-7.03,-5.38,-4.11,-6.65
2025-12-05,OMC,-3.76,-5.38,-4.11,-6.65
2025-12-01,ON,-2.99,0.3,3.03,-2.43
2025-12-02,ON,-1.94,0.3,3.03,-2.43
2025-12-03,ON,3.73,0.3,3.03,-2.43
2025-12-04,ON,1.37,0.3,3.03,-2.43
2025-12-05,ON,1.32,0.3,3.03,-2.43
2025-12-01,ORCL,-44.13,-36.73,-29.17,-44.3
2025-12-02,ORCL,-43.97,-36.73,-29.17,-44.3
2025-12-03,ORCL,-37.34,-36.73,-29.17,-44.3
2025-12-04,ORCL,-30.74,-36.73,-29.17,-44.3
2025-12-05,ORCL,-27.49,-36.73,-29.17,-44.3
2025-12-01,ORLY,-30.32,-31.94,-30.91,-32.97
2025-12-02,ORLY,-31.72,-31.94,-30.91,-32.97
2025-12-03,ORLY,-32.95,-31.94,-30.91,-32.97
2025-12-04,ORLY,-32.05,-31.94,-30.91,-32.97
2025-12-05,ORLY,-32.67,-31.94,-30.91,-32.97
2025-12-01,OTIS,-7.3,-8.31,-7.68,-8.94
2025-12-02,OTIS,-8.21,-8.31,-7.68,-8.94
2025-12-03,OTIS,-8.51,-8.31,-7.68,-8.94
2025-12-04,OTIS,-8.54,-8.31,-7.68,-8.94
2025-12-05,OTIS,-9.0,-8.31,-7.68,-8.94
2025-12-01,OXY,0.71,0.74,1.0,0.49
2025-12-02,OXY,0.35,0.74,1.0,0.49
2025-12-03,OXY,0.82,0.74,1.0,0.49
2025-12-04,OXY,1.04,0.74,1.0,0.49
2025-12-05,OXY,0.8,0.74,1.0,0.49
2025-12-01,PAM,-12.33,-11.85,-10.76,-12.94
2025-12-02,PAM,-13.18,-11.85,-10.76,-12.94
2025-12-03,PAM,-10.27,-11.85,-10.76,-12.94
2025-12-04,PAM,-11.39,-11.85,-10.76,-12.94
2025-12-05,PAM,-12.08,-11.85,-10.76,-12.94
2025-12-01,PANW,-31.29,-25.87,-21.42,-30.31
2025-12-02,PANW,-29.14,-25.87,-21.42,-30.31
2025-12-03,PANW,-25.39,-25.87,-21.42,-30.31
2025-12-04,PANW,-23.34,-25.87,-21.42,-30.31
2025-12-05,PANW,-20.18,-25.87,-21.42,-30.31
2025-12-01,PAYC,-54.01,-51.78,-49.73,-53.84
2025-12-02,PAYC,-53.87,-51.78,-49.73,-53.84
2025-12-03,PAYC,-51.26,-51.78,-49.73,-53.84
2025-12-04,PAYC,-49.68,-51.78,-49.73,-53.84
2025-12-05,PAYC,-50.1,-51.78,-49.73,-53.84
2025-12-01,PAYX,-7.2,-6.03,-4.89,-7.17
2025-12-02,PAYX,-6.96,-6.03,-4.89,-7.17
2025-12-03,PAYX,-4.35,-6.03,-4.89,-7.17
2025-12-04,PAYX,-5.97,-6.03,-4.89,-7.17
2025-12-05,PAYX,-5.68,-6.03,-4.89,-7.17
2025-12-01,PBR,-1.87,-1.83,-1.53,-2.12
2025-12-02,PBR,-1.81,-1.83,-1.53,-2.12
2025-12-03,PBR,-1.62,-1.83,-1.53,-2.12
2025-12-04,PBR,-1.54,-1.83,-1.53,-2.12
2025-12-05,PBR,-2.29,-1.83,-1.53,-2.12
2025-12-01,PCAR,-21.85,-18.37,-15.87,-20.88
2025-12-02,PCAR,-19.93,-18.37,-15.87,-20.88
2025-12-03,PCAR,-17.28,-18.37,-15.87,-20.88
2025-12-04,PCAR,-17.32,-18.37,-15.87,-20.88
2025-12-05,PCAR,-15.49,-18.37,-15.87,-20.88
2025-12-01,PCG,-6.07,-6.53,-6.27,-6.8
2025-12-02,PCG,-6.59,-6.53,-6.27,-6.8
2025-12-03,PCG,-6.68,-6.53,-6.27,-6.8
2025-12-04,PCG,-6.58,-6.53,-6.27,-6.8
2025-12-05,PCG,-6.75,-6.53,-6.27,-6.8
2025-12-01,PEG,-16.31,-17.25,-16.54,-17.97
2025-12-02,PEG,-17.2,-17.25,-16.54,-17.97
2025-12-03,PEG,-17.34,-17.25,-16.54,-17.97
2025-12-04,PEG,-17.11,-17.25,-16.54,-17.97
2025-12-05,PEG,-18.31,-17.25,-16.54,-17.97
2025-12-01,PEP,-15.1,-16.99,-15.26,-18.72
2025-12-02,PEP,-16.0,-16.99,-15.26,-18.72
2025-12-03,PEP,-16.55,-16.99,-15.26,-18.72
2025-12-04,PEP,-17.7,-16.99,-15.26,-18.72
2025-12-05,PEP,-19.59,-16.99,-15.26,-18.72
2025-12-01,PFE,-0.61,-0.34,0.01,-0.69
2025-12-02,PFE,-0.73,-0.34,0.01,-0.69
2025-12-03,PFE,-0.31,-0.34,0.01,-0.69
2025-12-04,PFE,-0.18,-0.34,0.01,-0.69
2025-12-05,PFE,0.15,-0.34,0.01,-0.69
2025-12-01,PFF,-4.65,-4.5,-4.4,-4.59
2025-12-02,PFF,-4.47,-4.5,-4.4,-4.59
2025-12-03,PFF,-4.42,-4.5,-4.4,-4.59
2025-12-04,PFF,-4.51,-4.5,-4.4,-4.59
2025-12-05,PFF,-4.43,-4.5,-4.4,-4.59
2025-12-01,PFG,-29.49,-28.31,-27.0,-29.62
2025-12-02,PFG,-29.62,-28.31,-27.0,-29.62
2025-12-03,PFG,-28.0,-28.31,-27.0,-29.62
2025-12-04,PFG,-28.01,-28.31,-27.0,-29.62
2025-12-05,PFG,-26.42,-28.31,-27.0,-29.62
2025-12-01,PG,-0.15,-1.83,-0.31,-3.35
2025-12-02,PG,-1.73,-1.83,-0.31,-3.35
2025-12-03,PG,-0.88,-1.83,-0.31,-3.35
2025-12-04,PG,-2.23,-1.83,-0.31,-3.35
2025-12-05,PG,-4.14,-1.83,-0.31,-3.35
2025-12-01,PGR,-14.73,-15.8,-13.54,-18.06
2025-12-02,PGR,-13.79,-15.8,-13.54,-18.06
2025-12-03,PGR,-15.37,-15.8,-13.54,-18.06
2025-12-04,PGR,-15.46,-15.8,-13.54,-18.06
2025-12-05,PGR,-19.66,-15.8,-13.54,-18.06
2025-12-01,PH,-181.54,-170.08,-160.08,-180.07
2025-12-02,PH,-178.72,-170.08,-160.08,-180.07
2025-12-03,PH,-168.46,-170.08,-160.08,-180.07
2025-12-04,PH,-164.0,-170.08,-160.08,-180.07
2025-12-05,PH,-157.66,-170.08,-160.08,-180.07
2025-12-01,PHM,-7.37,-6.76,-5.26,-8.26
2025-12-02,PHM,-8.0,-6.76,-5.26,-8.26
2025-12-03,PHM,-4.22,-6.76,-5.26,-8.26
2025-12-04,PHM,-6.66,-6.76,-5.26,-8.26
2025-12-05,PHM,-7.56,-6.76,-5.26,-8.26
2025-12-01,PKG,-13.09,-18.56,-14.72,-22.4
2025-12-02,PKG,-23.78,-18.56,-14.72,-22.4
2025-12-03,PKG,-18.38,-18.56,-14.72,-22.4
2025-12-04,PKG,-19.7,-18.56,-14.72,-22.4
2025-12-05,PKG,-17.85,-18.56,-14.72,-22.4
2025-12-01,PLD,-0.59,-0.88,-0.35,-1.41
2025-12-02,PLD,-0.59,-0.88,-0.35,-1.41
2025-12-03,PLD,-0.33,-0.88,-0.35,-1.41
2025-12-04,PLD,-1.34,-0.88,-0.35,-1.41
2025-12-05,PLD,-1.54,-0.88,-0.35,-1.41
2025-12-01,PLTR,-56.03,-48.73,-43.03,-54.44
2025-12-02,PLTR,-52.83,-48.73,-43.03,-54.44
2025-12-03,PLTR,-47.44,-48.73,-43.03,-54.44
2025-12-04,PLTR,-45.6,-48.73,-43.03,-54.44
2025-12-05,PLTR,-41.76,-48.73,-43.03,-54.44
2025-12-01,PM,-37.87,-42.25,-38.6,-45.89
2025-12-02,PM,-39.4,-42.25,-38.6,-45.89
2025-12-03,PM,-42.31,-42.25,-38.6,-45.89
2025-12-04,PM,-45.44,-42.25,-38.6,-45.89
2025-12-05,PM,-46.21,-42.25,-38.6,-45.89
2025-12-01,PNC,-99.0,-95.68,-92.49,-98.88
2025-12-02,PNC,-99.35,-95.68,-92.49,-98.88
2025-12-03,PNC,-93.4,-95.68,-92.49,-98.88
2025-12-04,PNC,-93.13,-95.68,-92.49,-98.88
2025-12-05,PNC,-93.54,-95.68,-92.49,-98.88
2025-12-01,PNR,-13.25,-13.14,-12.33,-13.95
2025-12-02,PNR,-13.15,-13.14,-12.33,-13.95
2025-12-03,PNR,-11.84,-13.14,-12.33,-13.95
2025-12-04,PNR,-13.42,-13.14,-12.33,-13.95
2025-12-05,PNR,-14.06,-13.14,-12.33,-13.95
2025-12-01,PNW,-12.06,-12.83,-12.34,-13.32
2025-12-02,PNW,-12.84,-12.83,-12.34,-13.32
2025-12-03,PNW,-12.76,-12.83,-12.34,-13.32
2025-12-04,PNW,-13.3,-12.83,-12.34,-13.32
2025-12-05,PNW,-13.21,-12.83,-12.34,-13.32
2025-12-01,PODD,-41.85,-43.12,-38.87,-47.37
2025-12-02,PODD,-43.68,-43.12,-38.87,-47.37
2025-12-03,PODD,-45.12,-43.12,-38.87,-47.37
2025-12-04,PODD,-36.76,-43.12,-38.87,-47.37
2025-12-05,PODD,-48.19,-43.12,-38.87,-47.37
2025-12-01,POOL,3.3,3.03,5.55,0.52
2025-12-02,POOL,4.66,3.03,5.55,0.52
2025-12-03,POOL,5.91,3.03,5.55,0.52
2025-12-04,POOL,1.85,3.03,5.55,0.52
2025-12-05,POOL,-0.55,3.03,5.55,0.52
2025-12-01,POWA,-5.18,-5.14,-4.96,-5.32
2025-12-02,POWA,-5.41,-5.14,-4.96,-5.32
2025-12-03,POWA,-5.15,-5.14,-4.96,-5.32
2025-12-04,POWA,-5.05,-5.14,-4.96,-5.32
2025-12-05,POWA,-4.92,-5.14,-4.96,-5.32
2025-12-01,PPG,3.87,4.64,5.23,4.05
2025-12-02,PPG,4.26,4.64,5.23,4.05
2025-12-03,PPG,5.35,4.64,5.23,4.05
2025-12-04,PPG,4.68,4.64,5.23,4.05
2025-12-05,PPG,5.04,4.64,5.23,4.05
2025-12-01,PPL,-6.69,-7.72,-6.93,-8.51
2025-12-02,PPL,-7.27,-7.72,-6.93,-8.51
2025-12-03,PPL,-7.68,-7.72,-6.93,-8.51
2025-12-04,PPL,-8.33,-7.72,-6.93,-8.51
2025-12-05,PPL,-8.63,-7.72,-6.93,-8.51
2025-12-01,PPLT,-22.28,-23.15,-22.22,-24.08
2025-12-02,PPLT,-23.97,-23.15,-22.22,-24.08
2025-12-03,PPLT,-22.04,-23.15,-22.22,-24.08
2025-12-04,PPLT,-23.47,-23.15,-22.22,-24.08
2025-12-05,PPLT,-23.98,-23.15,-22.22,-24.08
2025-12-01,PRU,-14.01,-12.72,-11.16,-14.27
2025-12-02,PRU,-14.38,-12.72,-11.16,-14.27
2025-12-03,PRU,-12.66,-12.72,-11.16,-14.27
2025-12-04,PRU,-11.98,-12.72,-11.16,-14.27
2025-12-05,PRU,-10.55,-12.72,-11.16,-14.27
2025-12-01,PSA,-4.64,-1.54,1.51,-4.59
2025-12-02,PSA,-2.63,-1.54,1.51,-4.59
2025-12-03,PSA,2.46,-1.54,1.51,-4.59
2025-12-04,PSA,0.84,-1.54,1.51,-4.59
2025-12-05,PSA,-3.73,-1.54,1.51,-4.59
2025-12-01,PSKY,-5.22,-6.05,-5.06,-7.04
2025-12-02,PSKY,-5.11,-6.05,-5.06,-7.04
2025-12-03,PSKY,-6.26,-6.05,-5.06,-7.04
2025-12-04,PSKY,-6.11,-6.05,-5.06,-7.04
2025-12-05,PSKY,-7.57,-6.05,-5.06,-7.04
2025-12-01,PSX,-7.51,-8.08,-7.15,-9.01
2025-12-02,PSX,-9.7,-8.08,-7.15,-9.01
2025-12-03,PSX,-7.42,-8.08,-7.15,-9.01
2025-12-04,PSX,-7.85,-8.08,-7.15,-9.01
2025-12-05,PSX,-7.91,-8.08,-7.15,-9.01
2025-12-01,PTC,-54.39,-53.12,-51.14,-55.1
2025-12-02,PTC,-52.79,-53.12,-51.14,-55.1
2025-12-03,PTC,-51.9,-53.12,-51.14,-55.1
2025-12-04,PTC,-50.77,-53.12,-51.14,-55.1
2025-12-05,PTC,-55.75,-53.12,-51.14,-55.1
2025-12-01,PWR,-99.99,-94.53,-89.5,-99.56
2025-12-02,PWR,-97.5,-94.53,-89.5,-99.56
2025-12-03,PWR,-96.2,-94.53,-89.5,-99.56
2025-12-04,PWR,-87.38,-94.53,-89.5,-99.56
2025-12-05,PWR,-91.58,-94.53,-89.5,-99.56
2025-12-01,PYPL,-3.09,-3.52,-2.86,-4.19
2025-12-02,PYPL,-2.77,-3.52,-2.86,-4.19
2025-12-03,PYPL,-4.43,-3.52,-2.86,-4.19
2025-12-04,PYPL,-3.94,-3.52,-2.86,-4.19
2025-12-05,PYPL,-3.39,-3.52,-2.86,-4.19
2025-12-01,QAT,-3.72,-3.57,-3.47,-3.68
2025-12-02,QAT,-3.66,-3.57,-3.47,-3.68
2025-12-03,QAT,-3.5,-3.57,-3.47,-3.68
2025-12-04,QAT,-3.49,-3.57,-3.47,-3.68
2025-12-05,QAT,-3.5,-3.57,-3.47,-3.68
2025-12-01,QCOM,-14.56,-10.01,-6.91,-13.11
2025-12-02,QCOM,-11.9,-10.01,-6.91,-13.11
2025-12-03,QCOM,-7.53,-10.01,-6.91,-13.11
2025-12-04,QCOM,-8.25,-10.01,-6.91,-13.11
2025-12-05,QCOM,-7.79,-10.01,-6.91,-13.11
2025-12-01,QQQ,-43.14,-38.09,-34.99,-41.19
2025-12-02,QQQ,-38.31,-38.09,-34.99,-41.19
2025-12-03,QQQ,-36.79,-38.09,-34.99,-41.19
2025-12-04,QQQ,-37.37,-38.09,-34.99,-41.19
2025-12-05,QQQ,-34.83,-38.09,-34.99,-41.19
2025-12-01,QUAL,-29.73,-28.55,-27.73,-29.36
2025-12-02,QUAL,-28.97,-28.55,-27.73,-29.36
2025-12-03,QUAL,-28.28,-28.55,-27.73,-29.36
2025-12-04,QUAL,-28.12,-28.55,-27.73,-29.36
2025-12-05,QUAL,-27.64,-28.55,-27.73,-29.36
2025-12-01,RCL,-26.67,-30.39,-26.29,-34.5
2025-12-02,RCL,-28.19,-30.39,-26.29,-34.5
2025-12-03,RCL,-27.5,-30.39,-26.29,-34.5
2025-12-04,RCL,-34.0,-30.39,-26.29,-34.5
2025-12-05,RCL,-35.61,-30.39,-26.29,-34.5
2025-12-01,REG,-6.21,-7.33,-6.49,-8.18
2025-12-02,REG,-7.02,-7.33,-6.49,-8.18
2025-12-03,REG,-7.11,-7.33,-6.49,-8.18
2025-12-04,REG,-7.98,-7.33,-6.49,-8.18
2025-12-05,REG,-8.35,-7.33,-6.49,-8.18
2025-12-01,REGN,-56.45,-75.17,-61.33,-89.01
2025-12-02,REGN,-64.56,-75.17,-61.33,-89.01
2025-12-03,REGN,-82.89,-75.17,-61.33,-89.01
2025-12-04,REGN,-83.76,-75.17,-61.33,-89.01
2025-12-05,REGN,-88.2,-75.17,-61.33,-89.01
2025-12-01,RF,-3.87,-3.27,-2.76,-3.79
2025-12-02,RF,-3.79,-3.27,-2.76,-3.79
2025-12-03,RF,-3.0,-3.27,-2.76,-3.79
2025-12-04,RF,-2.79,-3.27,-2.76,-3.79
2025-12-05,RF,-2.92,-3.27,-2.76,-3.79
2025-12-01,RIG,0.17,0.22,0.28,0.15
2025-12-02,RIG,0.13,0.22,0.28,0.15
2025-12-03,RIG,0.27,0.22,0.28,0.15
2025-12-04,RIG,0.25,0.22,0.28,0.15
2025-12-05,RIG,0.26,0.22,0.28,0.15
2025-12-01,RJF,-112.39,-109.02,-105.44,-112.6
2025-12-02,RJF,-112.58,-109.02,-105.44,-112.6
2025-12-03,RJF,-109.43,-109.02,-105.44,-112.6
2025-12-04,RJF,-105.62,-109.02,-105.44,-112.6
2025-12-05,RJF,-105.09,-109.02,-105.44,-112.6
2025-12-01,RL,-83.43,-88.25,-82.56,-93.93
2025-12-02,RL,-93.42,-88.25,-82.56,-93.93
2025-12-03,RL,-91.16,-88.25,-82.56,-93.93
2025-12-04,RL,-92.34,-88.25,-82.56,-93.93
2025-12-05,RL,-80.89,-88.25,-82.56,-93.93
2025-12-01,RMD,-20.46,-17.09,-14.12,-20.07
2025-12-02,RMD,-17.99,-17.09,-14.12,-20.07
2025-12-03,RMD,-17.4,-17.09,-14.12,-20.07
2025-12-04,RMD,-17.33,-17.09,-14.12,-20.07
2025-12-05,RMD,-12.29,-17.09,-14.12,-20.07
2025-12-01,ROK,-79.72,-71.74,-64.83,-78.64
2025-12-02,ROK,-78.48,-71.74,-64.83,-78.64
2025-12-03,ROK,-69.31,-71.74,-64.83,-78.64
2025-12-04,ROK,-65.79,-71.74,-64.83,-78.64
2025-12-05,ROK,-65.39,-71.74,-64.83,-78.64
2025-12-01,ROKU,-9.49,-9.53,-6.69,-12.37
2025-12-02,ROKU,-7.75,-9.53,-6.69,-12.37
2025-12-03,ROKU,-13.03,-9.53,-6.69,-12.37
2025-12-04,ROKU,-11.47,-9.53,-6.69,-12.37
2025-12-05,ROKU,-5.92,-9.53,-6.69,-12.37
2025-12-01,ROL,-10.14,-10.43,-10.01,-10.86
2025-12-02,ROL,-10.42,-10.43,-10.01,-10.86
2025-12-03,ROL,-10.7,-10.43,-10.01,-10.86
2025-12-04,ROL,-10.98,-10.43,-10.01,-10.86
2025-12-05,ROL,-9.92,-10.43,-10.01,-10.86
2025-12-01,ROP,-257.0,-255.39,-253.81,-256.97
2025-12-02,ROP,-256.43,-255.39,-253.81,-256.97
2025-12-03,ROP,-254.69,-255.39,-253.81,-256.97
2025-12-04,ROP,-255.8,-255.39,-253.81,-256.97
2025-12-05,ROP,-253.02,-255.39,-253.81,-256.97
2025-12-01,ROST,-18.9,-18.79,-18.44,-19.15
2025-12-02,ROST,-18.83,-18.79,-18.44,-19.15
2025-12-03,ROST,-18.4,-18.79,-18.44,-19.15
2025-12-04,ROST,-19.31,-18.79,-18.44,-19.15
2025-12-05,ROST,-18.53,-18.79,-18.44,-19.15
2025-12-01,RSG,-141.74,-141.06,-139.6,-142.51
2025-12-02,RSG,-143.14,-141.06,-139.6,-142.51
2025-12-03,RSG,-140.44,-141.06,-139.6,-142.51
2025-12-04,RSG,-140.69,-141.06,-139.6,-142.51
2025-12-05,RSG,-139.28,-141.06,-139.6,-142.51
2025-12-01,RSP,-3.47,-2.63,-1.76,-3.5
2025-12-02,RSP,-3.65,-2.63,-1.76,-3.5
2025-12-03,RSP,-2.2,-2.63,-1.76,-3.5
2025-12-04,RSP,-2.14,-2.63,-1.76,-3.5
2025-12-05,RSP,-1.69,-2.63,-1.76,-3.5
2025-12-01,RTX,-31.56,-30.04,-28.49,-31.59
2025-12-02,RTX,-30.78,-30.04,-28.49,-31.59
2025-12-03,RTX,-31.13,-30.04,-28.49,-31.59
2025-12-04,RTX,-28.27,-30.04,-28.49,-31.59
2025-12-05,RTX,-28.48,-30.04,-28.49,-31.59
2025-12-01,RUT,-441.88,-411.23,-380.58,-441.89
2025-12-02,RUT,-446.03,-411.23,-380.58,-441.89
2025-12-03,RUT,-398.87,-411.23,-380.58,-441.89
2025-12-04,RUT,-379.85,-411.23,-380.58,-441.89
2025-12-05,RUT,-389.53,-411.23,-380.58,-441.89
2025-12-01,RVTY,-9.23,-9.31,-8.38,-10.24
2025-12-02,RVTY,-8.93,-9.31,-8.38,-10.24
2025-12-03,RVTY,-8.4,-9.31,-8.38,-10.24
2025-12-04,RVTY,-9.11,-9.31,-8.38,-10.24
2025-12-05,RVTY,-10.87,-9.31,-8.38,-10.24
2025-12-01,SBAC,-14.0,-14.08,-12.75,-15.41
2025-12-02,SBAC,-15.6,-14.08,-12.75,-15.41
2025-12-03,SBAC,-15.23,-14.08,-12.75,-15.41
2025-12-04,SBAC,-12.57,-14.08,-12.75,-15.41
2025-12-05,SBAC,-12.99,-14.08,-12.75,-15.41
2025-12-01,SBLK,0.03,0.25,0.57,-0.06
2025-12-02,SBLK,-0.18,0.25,0.57,-0.06
2025-12-03,SBLK,0.43,0.25,0.57,-0.06
2025-12-04,SBLK,0.52,0.25,0.57,-0.06
2025-12-05,SBLK,0.47,0.25,0.57,-0.06
2025-12-01,SBUX,-15.98,-15.42,-14.5,-16.35
2025-12-02,SBUX,-15.69,-15.42,-14.5,-16.35
2025-12-03,SBUX,-13.78,-15.42,-14.5,-16.35
2025-12-04,SBUX,-15.89,-15.42,-14.5,-16.35
2025-12-05,SBUX,-15.77,-15.42,-14.5,-16.35
2025-12-01,SCHP,-1.46,-1.44,-1.41,-1.47
2025-12-02,SCHP,-1.45,-1.44,-1.41,-1.47
2025-12-03,SCHP,-1.4,-1.44,-1.41,-1.47
2025-12-04,SCHP,-1.43,-1.44,-1.41,-1.47
2025-12-05,SCHP,-1.48,-1.44,-1.41,-1.47
2025-12-01,SCHW,-13.81,-12.98,-11.82,-14.14
2025-12-02,SCHW,-14.43,-12.98,-11.82,-14.14
2025-12-03,SCHW,-12.51,-12.98,-11.82,-14.14
2025-12-04,SCHW,-11.47,-12.98,-11.82,-14.14
2025-12-05,SCHW,-12.68,-12.98,-11.82,-14.14
2025-12-01,SD,-0.55,-0.21,0.19,-0.61
2025-12-02,SD,-0.73,-0.21,0.19,-0.61
2025-12-03,SD,0.05,-0.21,0.19,-0.61
2025-12-04,SD,0.02,-0.21,0.19,-0.61
2025-12-05,SD,0.15,-0.21,0.19,-0.61
2025-12-01,SDY,-10.73,-10.72,-10.31,-11.13
2025-12-02,SDY,-11.42,-10.72,-10.31,-11.13
2025-12-03,SDY,-10.4,-10.72,-10.31,-11.13
2025-12-04,SDY,-10.51,-10.72,-10.31,-11.13
2025-12-05,SDY,-10.54,-10.72,-10.31,-11.13
2025-12-01,SHW,-27.87,-32.02,-28.76,-35.28
2025-12-02,SHW,-31.87,-32.02,-28.76,-35.28
2025-12-03,SHW,-30.12,-32.02,-28.76,-35.28
2025-12-04,SHW,-33.99,-32.02,-28.76,-35.28
2025-12-05,SHW,-36.25,-32.02,-28.76,-35.28
2025-12-01,SHY,-1.25,-1.21,-1.17,-1.25
2025-12-02,SHY,-1.2,-1.21,-1.17,-1.25
2025-12-03,SHY,-1.15,-1.21,-1.17,-1.25
2025-12-04,SHY,-1.21,-1.21,-1.17,-1.25
2025-12-05,SHY,-1.24,-1.21,-1.17,-1.25
2025-12-01,SILJ,-6.65,-6.88,-6.68,-7.07
2025-12-02,SILJ,-6.69,-6.88,-6.68,-7.07
2025-12-03,SILJ,-6.91,-6.88,-6.68,-7.07
2025-12-04,SILJ,-7.06,-6.88,-6.68,-7.07
2025-12-05,SILJ,-7.07,-6.88,-6.68,-7.07
2025-12-01,SJM,-8.49,-10.75,-9.39,-12.1
2025-12-02,SJM,-10.58,-10.75,-9.39,-12.1
2025-12-03,SJM,-11.22,-10.75,-9.39,-12.1
2025-12-04,SJM,-11.97,-10.75,-9.39,-12.1
2025-12-05,SJM,-11.47,-10.75,-9.39,-12.1
2025-12-01,SLB,-1.62,-0.8,0.12,-1.72
2025-12-02,SLB,-1.86,-0.8,0.12,-1.72
2025-12-03,SLB,-0.67,-0.8,0.12,-1.72
2025-12-04,SLB,-0.1,-0.8,0.12,-1.72
2025-12-05,SLB,0.24,-0.8,0.12,-1.72
2025-12-01,SLV,-18.71,-18.54,-17.97,-19.11
2025-12-02,SLV,-18.1,-18.54,-17.97,-19.11
2025-12-03,SLV,-18.16,-18.54,-17.97,-19.11
2025-12-04,SLV,-19.47,-18.54,-17.97,-19.11
2025-12-05,SLV,-18.28,-18.54,-17.97,-19.11
2025-12-01,SMCI,-3.17,-2.79,-2.1,-3.49
2025-12-02,SMCI,-3.66,-2.79,-2.1,-3.49
2025-12-03,SMCI,-2.9,-2.79,-2.1,-3.49
2025-12-04,SMCI,-2.35,-2.79,-2.1,-3.49
2025-12-05,SMCI,-1.89,-2.79,-2.1,-3.49
2025-12-01,SMH,-48.94,-41.34,-36.61,-46.08
2025-12-02,SMH,-42.47,-41.34,-36.61,-46.08
2025-12-03,SMH,-37.53,-41.34,-36.61,-46.08
2025-12-04,SMH,-40.3,-41.34,-36.61,-46.08
2025-12-05,SMH,-37.48,-41.34,-36.61,-46.08
2025-12-01,SNA,-50.71,-45.83,-42.12,-49.55
2025-12-02,SNA,-48.6,-45.83,-42.12,-49.55
2025-12-03,SNA,-44.84,-45.83,-42.12,-49.55
2025-12-04,SNA,-43.05,-45.83,-42.12,-49.55
2025-12-05,SNA,-41.97,-45.83,-42.12,-49.55
2025-12-01,SNDK,-284.47,-284.3,-271.88,-296.73
2025-12-02,SNDK,-289.29,-284.3,-271.88,-296.73
2025-12-03,SNDK,-300.26,-284.3,-271.88,-296.73
2025-12-04,SNDK,-281.33,-284.3,-271.88,-296.73
2025-12-05,SNDK,-266.17,-284.3,-271.88,-296.73
2025-12-01,SNPS,-51.02,-32.39,-19.76,-45.03
2025-12-02,SNPS,-39.96,-32.39,-19.76,-45.03
2025-12-03,SNPS,-22.87,-32.39,-19.76,-45.03
2025-12-04,SNPS,-25.57,-32.39,-19.76,-45.03
2025-12-05,SNPS,-22.55,-32.39,-19.76,-45.03
2025-12-01,SO,-6.33,-7.41,-6.24,-8.58
2025-12-02,SO,-6.3,-7.41,-6.24,-8.58
2025-12-03,SO,-7.36,-7.41,-6.24,-8.58
2025-12-04,SO,-8.01,-7.41,-6.24,-8.58
2025-12-05,SO,-9.06,-7.41,-6.24,-8.58
2025-12-01,SOLV,-12.77,-12.91,-12.75,-13.07
2025-12-02,SOLV,-12.74,-12.91,-12.75,-13.07
2025-12-03,SOLV,-13.08,-12.91,-12.75,-13.07
2025-12-04,SOLV,-13.07,-12.91,-12.75,-13.07
2025-12-05,SOLV,-12.9,-12.91,-12.75,-13.07
2025-12-01,SOYB,-0.69,-0.86,-0.69,-1.03
2025-12-02,SOYB,-0.73,-0.86,-0.69,-1.03
2025-12-03,SOYB,-0.88,-0.86,-0.69,-1.03
2025-12-04,SOYB,-0.86,-0.86,-0.69,-1.03
2025-12-05,SOYB,-1.13,-0.86,-0.69,-1.03
2025-12-01,SPG,-17.61,-19.65,-18.43,-20.88
2025-12-02,SPG,-20.58,-19.65,-18.43,-20.88
2025-12-03,SPG,-20.45,-19.65,-18.43,-20.88
2025-12-04,SPG,-19.43,-19.65,-18.43,-20.88
2025-12-05,SPG,-20.19,-19.65,-18.43,-20.88
2025-12-01,SPGI,-66.14,-65.04,-61.68,-68.4
2025-12-02,SPGI,-70.2,-65.04,-61.68,-68.4
2025-12-03,SPGI,-61.53,-65.04,-61.68,-68.4
2025-12-04,SPGI,-64.42,-65.04,-61.68,-68.4
2025-12-05,SPGI,-62.89,-65.04,-61.68,-68.4
2025-12-01,SPHB,-84.96,-82.44,-80.56,-84.32
2025-12-02,SPHB,-83.83,-82.44,-80.56,-84.32
2025-12-03,SPHB,-81.64,-82.44,-80.56,-84.32
2025-12-04,SPHB,-81.31,-82.44,-80.56,-84.32
2025-12-05,SPHB,-80.45,-82.44,-80.56,-84.32
2025-12-01,SPLV,-9.94,-10.49,-10.13,-10.84
2025-12-02,SPLV,-10.44,-10.49,-10.13,-10.84
2025-12-03,SPLV,-10.47,-10.49,-10.13,-10.84
2025-12-04,SPLV,-10.7,-10.49,-10.13,-10.84
2025-12-05,SPLV,-10.89,-10.49,-10.13,-10.84
2025-12-01,SPX,-2226.38,-2195.16,-2172.25,-2218.07
2025-12-02,SPX,-2209.64,-2195.16,-2172.25,-2218.07
2025-12-03,SPX,-2189.29,-2195.16,-2172.25,-2218.07
2025-12-04,SPX,-2181.89,-2195.16,-2172.25,-2218.07
2025-12-05,SPX,-2168.61,-2195.16,-2172.25,-2218.07
2025-12-01,SPY,-205.61,-202.73,-200.52,-204.93
2025-12-02,SPY,-204.35,-202.73,-200.52,-204.93
2025-12-03,SPY,-201.99,-202.73,-200.52,-204.93
2025-12-04,SPY,-201.49,-202.73,-200.52,-204.93
2025-12-05,SPY,-200.19,-202.73,-200.52,-204.93
2025-12-01,SRE,-53.13,-53.85,-53.33,-54.36
2025-12-02,SRE,-53.68,-53.85,-53.33,-54.36
2025-12-03,SRE,-53.9,-53.85,-53.33,-54.36
2025-12-04,SRE,-54.56,-53.85,-53.33,-54.36
2025-12-05,SRE,-53.97,-53.85,-53.33,-54.36
2025-12-01,STE,-99.43,-101.14,-99.27,-103.02
2025-12-02,STE,-103.02,-101.14,-99.27,-103.02
2025-12-03,STE,-102.92,-101.14,-99.27,-103.02
2025-12-04,STE,-101.3,-101.14,-99.27,-103.02
2025-12-05,STE,-99.04,-101.14,-99.27,-103.02
2025-12-01,STIP,-4.41,-4.36,-4.32,-4.4
2025-12-02,STIP,-4.39,-4.36,-4.32,-4.4
2025-12-03,STIP,-4.32,-4.36,-4.32,-4.4
2025-12-04,STIP,-4.33,-4.36,-4.32,-4.4
2025-12-05,STIP,-4.35,-4.36,-4.32,-4.4
2025-12-01,STLA,0.18,0.92,1.51,0.33
2025-12-02,STLA,0.48,0.92,1.51,0.33
2025-12-03,STLA,0.99,0.92,1.51,0.33
2025-12-04,STLA,1.37,0.92,1.51,0.33
2025-12-05,STLA,1.58,0.92,1.51,0.33
2025-12-01,STLD,-40.15,-39.75,-37.5,-42.01
2025-12-02,STLD,-40.14,-39.75,-37.5,-42.01
2025-12-03,STLD,-36.27,-39.75,-37.5,-42.01
2025-12-04,STLD,-39.66,-39.75,-37.5,-42.01
2025-12-05,STLD,-42.55,-39.75,-37.5,-42.01
2025-12-01,STNG,-6.69,-6.19,-5.78,-6.59
2025-12-02,STNG,-5.9,-6.19,-5.78,-6.59
2025-12-03,STNG,-5.67,-6.19,-5.78,-6.59
2025-12-04,STNG,-6.31,-6.19,-5.78,-6.59
2025-12-05,STNG,-6.36,-6.19,-5.78,-6.59
2025-12-01,STT,-14.59,-12.01,-9.81,-14.21
2025-12-02,STT,-13.69,-12.01,-9.81,-14.21
2025-12-03,STT,-11.81,-12.01,-9.81,-14.21
2025-12-04,STT,-10.84,-12.01,-9.81,-14.21
2025-12-05,STT,-9.1,-12.01,-9.81,-14.21
2025-12-01,STX,-125.22,-127.31,-119.98,-134.64
2025-12-02,STX,-128.45,-127.31,-119.98,-134.64
2025-12-03,STX,-136.65,-127.31,-119.98,-134.64
2025-12-04,STX,-129.69,-127.31,-119.98,-134.64
2025-12-05,STX,-116.53,-127.31,-119.98,-134.64
2025-12-01,STZ,2.72,3.69,5.67,1.72
2025-12-02,STZ,2.71,3.69,5.67,1.72
2025-12-03,STZ,2.93,3.69,5.67,1.72
2025-12-04,STZ,2.88,3.69,5.67,1.72
2025-12-05,STZ,7.22,3.69,5.67,1.72
2025-12-01,SW,-1.76,-1.67,-0.89,-2.44
2025-12-02,SW,-2.96,-1.67,-0.89,-2.44
2025-12-03,SW,-1.29,-1.67,-0.89,-2.44
2025-12-04,SW,-0.96,-1.67,-0.89,-2.44
2025-12-05,SW,-1.37,-1.67,-0.89,-2.44
2025-12-01,SWK,1.56,2.8,3.67,1.94
2025-12-02,SWK,2.24,2.8,3.67,1.94
2025-12-03,SWK,3.53,2.8,3.67,1.94
2025-12-04,SWK,3.21,2.8,3.67,1.94
2025-12-05,SWK,3.47,2.8,3.67,1.94
2025-12-01,SWKS,2.09,4.61,6.1,3.13
2025-12-02,SWKS,4.5,4.61,6.1,3.13
2025-12-03,SWKS,5.63,4.61,6.1,3.13
2025-12-04,SWKS,5.27,4.61,6.1,3.13
2025-12-05,SWKS,5.58,4.61,6.1,3.13
2025-12-01,SYF,-7.88,-6.56,-5.55,-7.57
2025-12-02,SYF,-7.05,-6.56,-5.55,-7.57
2025-12-03,SYF,-6.78,-6.56,-5.55,-7.57
2025-12-04,SYF,-5.53,-6.56,-5.55,-7.57
2025-12-05,SYF,-5.57,-6.56,-5.55,-7.57
2025-12-01,SYK,-16.25,-21.91,-18.56,-25.25
2025-12-02,SYK,-21.89,-21.91,-18.56,-25.25
2025-12-03,SYK,-22.62,-21.91,-18.56,-25.25
2025-12-04,SYK,-24.22,-21.91,-18.56,-25.25
2025-12-05,SYK,-24.55,-21.91,-18.56,-25.25
2025-12-01,SYY,-3.64,-5.5,-4.34,-6.66
2025-12-02,SYY,-5.11,-5.5,-4.34,-6.66
2025-12-03,SYY,-6.19,-5.5,-4.34,-6.66
2025-12-04,SYY,-6.11,-5.5,-4.34,-6.66
2025-12-05,SYY,-6.45,-5.5,-4.34,-6.66
2025-12-01,T,-3.64,-3.97,-3.76,-4.18
2025-12-02,T,-3.91,-3.97,-3.76,-4.18
2025-12-03,T,-4.11,-3.97,-3.76,-4.18
2025-12-04,T,-4.04,-3.97,-3.76,-4.18
2025-12-05,T,-4.15,-3.97,-3.76,-4.18
2025-12-01,TAGS,-0.68,-0.68,-0.58,-0.77
2025-12-02,TAGS,-0.54,-0.68,-0.58,-0.77
2025-12-03,TAGS,-0.73,-0.68,-0.58,-0.77
2025-12-04,TAGS,-0.64,-0.68,-0.58,-0.77
2025-12-05,TAGS,-0.79,-0.68,-0.58,-0.77
2025-12-01,TAP,-0.27,-1.11,-0.39,-1.83
2025-12-02,TAP,-0.68,-1.11,-0.39,-1.83
2025-12-03,TAP,-0.94,-1.11,-0.39,-1.83
2025-12-04,TAP,-1.61,-1.11,-0.39,-1.83
2025-12-05,TAP,-2.05,-1.11,-0.39,-1.83
2025-12-01,TDG,-248.94,-255.24,-246.21,-264.27
2025-12-02,TDG,-260.15,-255.24,-246.21,-264.27
2025-12-03,TDG,-266.47,-255.24,-246.21,-264.27
2025-12-04,TDG,-243.7,-255.24,-246.21,-264.27
2025-12-05,TDG,-256.94,-255.24,-246.21,-264.27
2025-12-01,TDW,-4.35,-1.94,0.5,-4.39
2025-12-02,TDW,-4.58,-1.94,0.5,-4.39
2025-12-03,TDW,0.53,-1.94,0.5,-4.39
2025-12-04,TDW,0.28,-1.94,0.5,-4.39
2025-12-05,TDW,-1.59,-1.94,0.5,-4.39
2025-12-01,TDY,-95.45,-81.5,-68.28,-94.72
2025-12-02,TDY,-92.29,-81.5,-68.28,-94.72
2025-12-03,TDY,-84.05,-81.5,-68.28,-94.72
2025-12-04,TDY,-70.01,-81.5,-68.28,-94.72
2025-12-05,TDY,-65.71,-81.5,-68.28,-94.72
2025-12-01,TECH,-5.31,-5.92,-5.03,-6.81
2025-12-02,TECH,-6.12,-5.92,-5.03,-6.81
2025-12-03,TECH,-5.25,-5.92,-5.03,-6.81
2025-12-04,TECH,-5.53,-5.92,-5.03,-6.81
2025-12-05,TECH,-7.39,-5.92,-5.03,-6.81
2025-12-01,TECK,-1.04,-0.15,0.72,-1.02
2025-12-02,TECK,-1.11,-0.15,0.72,-1.02
2025-12-03,TECK,0.11,-0.15,0.72,-1.02
2025-12-04,TECK,0.54,-0.15,0.72,-1.02
2025-12-05,TECK,0.73,-0.15,0.72,-1.02
2025-12-01,TEL,-14.61,-9.59,-6.17,-13.0
2025-12-02,TEL,-10.81,-9.59,-6.17,-13.0
2025-12-03,TEL,-9.56,-9.59,-6.17,-13.0
2025-12-04,TEL,-6.95,-9.59,-6.17,-13.0
2025-12-05,TEL,-6.0,-9.59,-6.17,-13.0
2025-12-01,TER,-55.25,-42.07,-33.64,-50.5
2025-12-02,TER,-44.94,-42.07,-33.64,-50.5
2025-12-03,TER,-39.8,-42.07,-33.64,-50.5
2025-12-04,TER,-36.25,-42.07,-33.64,-50.5
2025-12-05,TER,-34.11,-42.07,-33.64,-50.5
2025-12-01,TFC,-6.44,-5.9,-5.37,-6.44
2025-12-02,TFC,-6.53,-5.9,-5.37,-6.44
2025-12-03,TFC,-5.59,-5.9,-5.37,-6.44
2025-12-04,TFC,-5.47,-5.9,-5.37,-6.44
2025-12-05,TFC,-5.48,-5.9,-5.37,-6.44
2025-12-01,TGT,4.48,4.43,5.08,3.77
2025-12-02,TGT,3.59,4.43,5.08,3.77
2025-12-03,TGT,4.04,4.43,5.08,3.77
2025-12-04,TGT,4.71,4.43,5.08,3.77
2025-12-05,TGT,5.31,4.43,5.08,3.77
2025-12-01,THD,-4.2,-4.29,-4.12,-4.45
2025-12-02,THD,-4.18,-4.29,-4.12,-4.45
2025-12-03,THD,-4.3,-4.29,-4.12,-4.45
2025-12-04,THD,-4.57,-4.29,-4.12,-4.45
2025-12-05,THD,-4.18,-4.29,-4.12,-4.45
2025-12-01,TIP,-7.94,-7.86,-7.73,-7.99
2025-12-02,TIP,-7.91,-7.86,-7.73,-7.99
2025-12-03,TIP,-7.66,-7.86,-7.73,-7.99
2025-12-04,TIP,-7.81,-7.86,-7.73,-7.99
2025-12-05,TIP,-7.99,-7.86,-7.73,-7.99
2025-12-01,TJX,-19.41,-19.58,-18.21,-20.95
2025-12-02,TJX,-20.52,-19.58,-18.21,-20.95
2025-12-03,TJX,-20.48,-19.58,-18.21,-20.95
2025-12-04,TJX,-20.24,-19.58,-18.21,-20.95
2025-12-05,TJX,-17.26,-19.58,-18.21,-20.95
2025-12-01,TKO,-95.17,-91.83,-87.93,-95.73
2025-12-02,TKO,-94.51,-91.83,-87.93,-95.73
2025-12-03,TKO,-94.25,-91.83,-87.93,-95.73
2025-12-04,TKO,-88.28,-91.83,-87.93,-95.73
2025-12-05,TKO,-86.93,-91.83,-87.93,-95.73
2025-12-01,TLT,-4.04,-4.13,-3.8,-4.46
2025-12-02,TLT,-4.0,-4.13,-3.8,-4.46
2025-12-03,TLT,-3.75,-4.13,-3.8,-4.46
2025-12-04,TLT,-4.23,-4.13,-3.8,-4.46
2025-12-05,TLT,-4.64,-4.13,-3.8,-4.46
2025-12-01,TMO,-98.08,-104.43,-99.57,-109.3
2025-12-02,TMO,-102.86,-104.43,-99.57,-109.3
2025-12-03,TMO,-102.78,-104.43,-99.57,-109.3
2025-12-04,TMO,-107.99,-104.43,-99.57,-109.3
2025-12-05,TMO,-110.46,-104.43,-99.57,-109.3
2025-12-01,TMUS,-12.69,-10.74,-9.36,-12.12
2025-12-02,TMUS,-9.19,-10.74,-9.36,-12.12
2025-12-03,TMUS,-10.81,-10.74,-9.36,-12.12
2025-12-04,TMUS,-11.31,-10.74,-9.36,-12.12
2025-12-05,TMUS,-9.69,-10.74,-9.36,-12.12
2025-12-01,TNX,0.05,0.05,0.08,0.02
2025-12-02,TNX,0.04,0.05,0.08,0.02
2025-12-03,TNX,0.01,0.05,0.08,0.02
2025-12-04,TNX,0.06,0.05,0.08,0.02
2025-12-05,TNX,0.09,0.05,0.08,0.02
2025-12-01,TPL,-236.19,-194.34,-160.7,-227.98
2025-12-02,TPL,-225.26,-194.34,-160.7,-227.98
2025-12-03,TPL,-175.21,-194.34,-160.7,-227.98
2025-12-04,TPL,-170.18,-194.34,-160.7,-227.98
2025-12-05,TPL,-164.85,-194.34,-160.7,-227.98
2025-12-01,TPR,-31.59,-30.76,-27.97,-33.55
2025-12-02,TPR,-34.43,-30.76,-27.97,-33.55
2025-12-03,TPR,-31.77,-30.76,-27.97,-33.55
2025-12-04,TPR,-28.63,-30.76,-27.97,-33.55
2025-12-05,TPR,-27.39,-30.76,-27.97,-33.55
2025-12-01,TRGP,-65.87,-65.56,-61.96,-69.16
2025-12-02,TRGP,-70.75,-65.56,-61.96,-69.16
2025-12-03,TRGP,-66.83,-65.56,-61.96,-69.16
2025-12-04,TRGP,-62.53,-65.56,-61.96,-69.16
2025-12-05,TRGP,-61.81,-65.56,-61.96,-69.16
2025-12-01,TRMB,-9.29,-8.55,-7.87,-9.23
2025-12-02,TRMB,-8.73,-8.55,-7.87,-9.23
2025-12-03,TRMB,-8.63,-8.55,-7.87,-9.23
2025-12-04,TRMB,-8.66,-8.55,-7.87,-9.23
2025-12-05,TRMB,-7.44,-8.55,-7.87,-9.23
2025-12-01,TROW,-9.73,-7.02,-4.86,-9.18
2025-12-02,TROW,-8.85,-7.02,-4.86,-9.18
2025-12-03,TROW,-6.27,-7.02,-4.86,-9.18
2025-12-04,TROW,-5.53,-7.02,-4.86,-9.18
2025-12-05,TROW,-4.74,-7.02,-4.86,-9.18
2025-12-01,TRV,-77.2,-82.29,-78.3,-86.29
2025-12-02,TRV,-79.18,-82.29,-78.3,-86.29
2025-12-03,TRV,-83.43,-82.29,-78.3,-86.29
2025-12-04,TRV,-84.85,-82.29,-78.3,-86.29
2025-12-05,TRV,-86.81,-82.29,-78.3,-86.29
2025-12-01,TS,-1.73,-1.55,-0.94,-2.16
2025-12-02,TS,-2.51,-1.55,-0.94,-2.16
2025-12-03,TS,-1.14,-1.55,-0.94,-2.16
2025-12-04,TS,-0.96,-1.55,-0.94,-2.16
2025-12-05,TS,-1.42,-1.55,-0.94,-2.16
2025-12-01,TSCO,-4.43,-4.21,-3.76,-4.66
2025-12-02,TSCO,-4.87,-4.21,-3.76,-4.66
2025-12-03,TSCO,-4.02,-4.21,-3.76,-4.66
2025-12-04,TSCO,-3.71,-4.21,-3.76,-4.66
2025-12-05,TSCO,-4.01,-4.21,-3.76,-4.66
2025-12-01,TSLA,-147.34,-134.35,-121.65,-147.05
2025-12-02,TSLA,-148.24,-134.35,-121.65,-147.05
2025-12-03,TSLA,-130.74,-134.35,-121.65,-147.05
2025-12-04,TSLA,-122.95,-134.35,-121.65,-147.05
2025-12-05,TSLA,-122.48,-134.35,-121.65,-147.05
2025-12-01,TSN,-14.65,-15.85,-15.05,-16.65
2025-12-02,TSN,-15.61,-15.85,-15.05,-16.65
2025-12-03,TSN,-16.17,-15.85,-15.05,-16.65
2025-12-04,TSN,-16.81,-15.85,-15.05,-16.65
2025-12-05,TSN,-16.03,-15.85,-15.05,-16.65
2025-12-01,TT,-100.73,-103.44,-99.42,-107.47
2025-12-02,TT,-99.67,-103.44,-99.42,-107.47
2025-12-03,TT,-101.82,-103.44,-99.42,-107.47
2025-12-04,TT,-105.54,-103.44,-99.42,-107.47
2025-12-05,TT,-109.46,-103.44,-99.42,-107.47
2025-12-01,TTD,1.95,1.88,2.45,1.3
2025-12-02,TTD,2.32,1.88,2.45,1.3
2025-12-03,TTD,0.98,1.88,2.45,1.3
2025-12-04,TTD,1.72,1.88,2.45,1.3
2025-12-05,TTD,2.42,1.88,2.45,1.3
2025-12-01,TTWO,-32.58,-34.62,-33.01,-36.22
2025-12-02,TTWO,-35.09,-34.62,-33.01,-36.22
2025-12-03,TTWO,-36.97,-34.62,-33.01,-36.22
2025-12-04,TTWO,-34.41,-34.62,-33.01,-36.22
2025-12-05,TTWO,-34.04,-34.62,-33.01,-36.22
2025-12-01,TUR,-5.46,-5.61,-5.4,-5.83
2025-12-02,TUR,-5.39,-5.61,-5.4,-5.83
2025-12-03,TUR,-5.62,-5.61,-5.4,-5.83
2025-12-04,TUR,-5.94,-5.61,-5.4,-5.83
2025-12-05,TUR,-5.65,-5.61,-5.4,-5.83
2025-12-01,TXN,-10.82,-1.24,4.88,-7.37
2025-12-02,TXN,-3.72,-1.24,4.88,-7.37
2025-12-03,TXN,3.62,-1.24,4.88,-7.37
2025-12-04,TXN,1.14,-1.24,4.88,-7.37
2025-12-05,TXN,3.56,-1.24,4.88,-7.37
2025-12-01,TXT,-14.2,-13.25,-12.54,-13.97
2025-12-02,TXT,-13.77,-13.25,-12.54,-13.97
2025-12-03,TXT,-12.5,-13.25,-12.54,-13.97
2025-12-04,TXT,-13.06,-13.25,-12.54,-13.97
2025-12-05,TXT,-12.73,-13.25,-12.54,-13.97
2025-12-01,TYL,-59.63,-60.2,-56.9,-63.51
2025-12-02,TYL,-63.65,-60.2,-56.9,-63.51
2025-12-03,TYL,-63.34,-60.2,-56.9,-63.51
2025-12-04,TYL,-58.55,-60.2,-56.9,-63.51
2025-12-05,TYL,-55.85,-60.2,-56.9,-63.51
2025-12-01,TYX,-0.08,-0.07,-0.04,-0.09
2025-12-02,TYX,-0.08,-0.07,-0.04,-0.09
2025-12-03,TYX,-0.1,-0.07,-0.04,-0.09
2025-12-04,TYX,-0.05,-0.07,-0.04,-0.09
2025-12-05,TYX,-0.03,-0.07,-0.04,-0.09
2025-12-01,UAL,-16.13,-12.52,-9.91,-15.13
2025-12-02,UAL,-12.87,-12.52,-9.91,-15.13
2025-12-03,UAL,-8.77,-12.52,-9.91,-15.13
2025-12-04,UAL,-12.52,-12.52,-9.91,-15.13
2025-12-05,UAL,-12.3,-12.52,-9.91,-15.13
2025-12-01,UBER,-24.37,-21.51,-19.32,-23.71
2025-12-02,UBER,-23.37,-21.51,-19.32,-23.71
2025-12-03,UBER,-20.26,-21.51,-19.32,-23.71
2025-12-04,UBER,-19.95,-21.51,-19.32,-23.71
2025-12-05,UBER,-19.62,-21.51,-19.32,-23.71
2025-12-01,UDR,-1.71,-2.09,-1.59,-2.59
2025-12-02,UDR,-1.51,-2.09,-1.59,-2.59
2025-12-03,UDR,-2.05,-2.09,-1.59,-2.59
2025-12-04,UDR,-2.58,-2.09,-1.59,-2.59
2025-12-05,UDR,-2.6,-2.09,-1.59,-2.59
2025-12-01,UHS,-14.95,-20.39,-15.75,-25.04
2025-12-02,UHS,-15.7,-20.39,-15.75,-25.04
2025-12-03,UHS,-24.23,-20.39,-15.75,-25.04
2025-12-04,UHS,-23.79,-20.39,-15.75,-25.04
2025-12-05,UHS,-23.3,-20.39,-15.75,-25.04
2025-12-01,ULTA,-155.53,-148.04,-121.5,-174.58
2025-12-02,ULTA,-155.12,-148.04,-121.5,-174.58
2025-12-03,ULTA,-158.65,-148.04,-121.5,-174.58
2025-12-04,ULTA,-169.22,-148.04,-121.5,-174.58
2025-12-05,ULTA,-101.67,-148.04,-121.5,-174.58
2025-12-01,UNG,-2.36,-2.04,-1.5,-2.57
2025-12-02,UNG,-2.61,-2.04,-1.5,-2.57
2025-12-03,UNG,-2.1,-2.04,-1.5,-2.57
2025-12-04,UNG,-1.91,-2.04,-1.5,-2.57
2025-12-05,UNG,-1.2,-2.04,-1.5,-2.57
2025-12-01,UNH,-45.37,-38.21,-31.45,-44.96
2025-12-02,UNH,-44.04,-38.21,-31.45,-44.96
2025-12-03,UNH,-28.87,-38.21,-31.45,-44.96
2025-12-04,UNH,-35.09,-38.21,-31.45,-44.96
2025-12-05,UNH,-37.67,-38.21,-31.45,-44.96
2025-12-01,UNP,-0.01,2.92,5.35,0.48
2025-12-02,UNP,0.87,2.92,5.35,0.48
2025-12-03,UNP,3.86,2.92,5.35,0.48
2025-12-04,UNP,5.92,2.92,5.35,0.48
2025-12-05,UNP,3.94,2.92,5.35,0.48
2025-12-01,UPS,-2.75,-2.24,-0.82,-3.67
2025-12-02,UPS,-2.39,-2.24,-0.82,-3.67
2025-12-03,UPS,0.24,-2.24,-0.82,-3.67
2025-12-04,UPS,-3.21,-2.24,-0.82,-3.67
2025-12-05,UPS,-3.1,-2.24,-0.82,-3.67
2025-12-01,URA,-13.95,-11.51,-9.51,-13.51
2025-12-02,URA,-12.89,-11.51,-9.51,-13.51
2025-12-03,URA,-11.53,-11.51,-9.51,-13.51
2025-12-04,URA,-8.95,-11.51,-9.51,-13.51
2025-12-05,URA,-10.23,-11.51,-9.51,-13.51
2025-12-01,URI,-324.21,-324.57,-318.15,-331.0
2025-12-02,URI,-328.62,-324.57,-318.15,-331.0
2025-12-03,URI,-315.79,-324.57,-318.15,-331.0
2025-12-04,URI,-321.71,-324.57,-318.15,-331.0
2025-12-05,URI,-332.54,-324.57,-318.15,-331.0
2025-12-01,URNM,-6.38,-3.7,-1.58,-5.81
2025-12-02,URNM,-5.15,-3.7,-1.58,-5.81
2025-12-03,URNM,-3.41,-3.7,-1.58,-5.81
2025-12-04,URNM,-1.02,-3.7,-1.58,-5.81
2025-12-05,URNM,-2.53,-3.7,-1.58,-5.81
2025-12-01,USB,-4.48,-3.36,-2.44,-4.28
2025-12-02,USB,-4.21,-3.36,-2.44,-4.28
2025-12-03,USB,-2.96,-3.36,-2.44,-4.28
2025-12-04,USB,-2.52,-3.36,-2.44,-4.28
2025-12-05,USB,-2.63,-3.36,-2.44,-4.28
2025-12-01,USO,-1.56,-1.57,-0.91,-2.23
2025-12-02,USO,-2.42,-1.57,-0.91,-2.23
2025-12-03,USO,-1.96,-1.57,-0.91,-2.23
2025-12-04,USO,-1.23,-1.57,-0.91,-2.23
2025-12-05,USO,-0.7,-1.57,-0.91,-2.23
2025-12-01,UUP,0.28,0.21,0.27,0.14
2025-12-02,UUP,0.27,0.21,0.27,0.14
2025-12-03,UUP,0.13,0.21,0.27,0.14
2025-12-04,UUP,0.19,0.21,0.27,0.14
2025-12-05,UUP,0.16,0.21,0.27,0.14
2025-12-01,V,-15.68,-16.48,-14.93,-18.02
2025-12-02,V,-16.45,-16.48,-14.93,-18.02
2025-12-03,V,-16.46,-16.48,-14.93,-18.02
2025-12-04,V,-18.97,-16.48,-14.93,-18.02
2025-12-05,V,-14.83,-16.48,-14.93,-18.02
2025-12-01,VAL,-1.15,0.15,1.69,-1.39
2025-12-02,VAL,-1.83,0.15,1.69,-1.39
2025-12-03,VAL,1.68,0.15,1.69,-1.39
2025-12-04,VAL,0.86,0.15,1.69,-1.39
2025-12-05,VAL,1.19,0.15,1.69,-1.39
2025-12-01,VICI,-1.37,-1.75,-1.4,-2.09
2025-12-02,VICI,-1.51,-1.75,-1.4,-2.09
2025-12-03,VICI,-1.66,-1.75,-1.4,-2.09
2025-12-04,VICI,-1.96,-1.75,-1.4,-2.09
2025-12-05,VICI,-2.23,-1.75,-1.4,-2.09
2025-12-01,VIX,-9.1,-10.12,-9.4,-10.84
2025-12-02,VIX,-9.75,-10.12,-9.4,-10.84
2025-12-03,VIX,-10.26,-10.12,-9.4,-10.84
2025-12-04,VIX,-10.56,-10.12,-9.4,-10.84
2025-12-05,VIX,-10.93,-10.12,-9.4,-10.84
2025-12-01,VLO,-14.94,-18.44,-15.83,-21.05
2025-12-02,VLO,-16.95,-18.44,-15.83,-21.05
2025-12-03,VLO,-18.43,-18.44,-15.83,-21.05
2025-12-04,VLO,-20.53,-18.44,-15.83,-21.05
2025-12-05,VLO,-21.34,-18.44,-15.83,-21.05
2025-12-01,VLTO,-9.61,-8.58,-7.88,-9.28
2025-12-02,VLTO,-8.78,-8.58,-7.88,-9.28
2025-12-03,VLTO,-8.4,-8.58,-7.88,-9.28
2025-12-04,VLTO,-7.69,-8.58,-7.88,-9.28
2025-12-05,VLTO,-8.42,-8.58,-7.88,-9.28
2025-12-01,VMC,-9.74,-9.03,-7.13,-10.93
2025-12-02,VMC,-11.75,-9.03,-7.13,-10.93
2025-12-03,VMC,-9.0,-9.03,-7.13,-10.93
2025-12-04,VMC,-7.94,-9.03,-7.13,-10.93
2025-12-05,VMC,-6.72,-9.03,-7.13,-10.93
2025-12-01,VNM,-1.71,-1.5,-1.37,-1.62
2025-12-02,VNM,-1.44,-1.5,-1.37,-1.62
2025-12-03,VNM,-1.4,-1.5,-1.37,-1.62
2025-12-04,VNM,-1.5,-1.5,-1.37,-1.62
2025-12-05,VNM,-1.44,-1.5,-1.37,-1.62
2025-12-01,VRSK,-11.64,-12.32,-10.73,-13.9
2025-12-02,VRSK,-10.8,-12.32,-10.73,-13.9
2025-12-03,VRSK,-11.17,-12.32,-10.73,-13.9
2025-12-04,VRSK,-13.56,-12.32,-10.73,-13.9
2025-12-05,VRSK,-14.41,-12.32,-10.73,-13.9
2025-12-01,VRSN,-9.02,-9.48,-7.54,-11.41
2025-12-02,VRSN,-6.37,-9.48,-7.54,-11.41
2025-12-03,VRSN,-10.1,-9.48,-7.54,-11.41
2025-12-04,VRSN,-11.4,-9.48,-7.54,-11.41
2025-12-05,VRSN,-10.5,-9.48,-7.54,-11.41
2025-12-01,VRTX,-49.26,-27.92,-11.41,-44.42
2025-12-02,VRTX,-41.71,-27.92,-11.41,-44.42
2025-12-03,VRTX,-11.73,-27.92,-11.41,-44.42
2025-12-04,VRTX,-17.5,-27.92,-11.41,-44.42
2025-12-05,VRTX,-19.38,-27.92,-11.41,-44.42
2025-12-01,VST,-70.14,-71.56,-68.29,-74.83
2025-12-02,VST,-71.23,-71.56,-68.29,-74.83
2025-12-03,VST,-72.13,-71.56,-68.29,-74.83
2025-12-04,VST,-67.71,-71.56,-68.29,-74.83
2025-12-05,VST,-76.61,-71.56,-68.29,-74.83
2025-12-01,VTR,-17.07,-17.15,-16.9,-17.41
2025-12-02,VTR,-17.38,-17.15,-16.9,-17.41
2025-12-03,VTR,-17.46,-17.15,-16.9,-17.41
2025-12-04,VTR,-17.01,-17.15,-16.9,-17.41
2025-12-05,VTR,-16.85,-17.15,-16.9,-17.41
2025-12-01,VTRS,-0.36,-0.27,-0.18,-0.37
2025-12-02,VTRS,-0.35,-0.27,-0.18,-0.37
2025-12-03,VTRS,-0.22,-0.27,-0.18,-0.37
2025-12-04,VTRS,-0.3,-0.27,-0.18,-0.37
2025-12-05,VTRS,-0.13,-0.27,-0.18,-0.37
2025-12-01,VXN,-0.5,-1.8,-0.85,-2.75
2025-12-02,VXN,-1.28,-1.8,-0.85,-2.75
2025-12-03,VXN,-1.91,-1.8,-0.85,-2.75
2025-12-04,VXN,-2.37,-1.8,-0.85,-2.75
2025-12-05,VXN,-2.94,-1.8,-0.85,-2.75
2025-12-01,VZ,-3.84,-3.59,-3.12,-4.05
2025-12-02,VZ,-3.97,-3.59,-3.12,-4.05
2025-12-03,VZ,-3.91,-3.59,-3.12,-4.05
2025-12-04,VZ,-3.32,-3.59,-3.12,-4.05
2025-12-05,VZ,-2.89,-3.59,-3.12,-4.05
2025-12-01,WAB,-37.64,-34.4,-31.26,-37.53
2025-12-02,WAB,-37.91,-34.4,-31.26,-37.53
2025-12-03,WAB,-32.84,-34.4,-31.26,-37.53
2025-12-04,WAB,-32.25,-34.4,-31.26,-37.53
2025-12-05,WAB,-31.34,-34.4,-31.26,-37.53
2025-12-01,WAT,-129.4,-130.15,-128.66,-131.63
2025-12-02,WAT,-128.57,-130.15,-128.66,-131.63
2025-12-03,WAT,-129.57,-130.15,-128.66,-131.63
2025-12-04,WAT,-130.82,-130.15,-128.66,-131.63
2025-12-05,WAT,-132.38,-130.15,-128.66,-131.63
2025-12-01,WBD,-5.75,-4.9,-4.09,-5.72
2025-12-02,WBD,-5.09,-4.9,-4.09,-5.72
2025-12-03,WBD,-5.05,-4.9,-4.09,-5.72
2025-12-04,WBD,-5.08,-4.9,-4.09,-5.72
2025-12-05,WBD,-3.54,-4.9,-4.09,-5.72
2025-12-01,WDAY,-8.48,-6.26,-3.43,-9.1
2025-12-02,WDAY,-8.77,-6.26,-3.43,-9.1
2025-12-03,WDAY,-6.99,-6.26,-3.43,-9.1
2025-12-04,WDAY,-5.21,-6.26,-3.43,-9.1
2025-12-05,WDAY,-1.87,-6.26,-3.43,-9.1
2025-12-01,WDC,-46.97,-48.71,-43.81,-53.6
2025-12-02,WDC,-50.52,-48.71,-43.81,-53.6
2025-12-03,WDC,-54.92,-48.71,-43.81,-53.6
2025-12-04,WDC,-49.51,-48.71,-43.81,-53.6
2025-12-05,WDC,-41.62,-48.71,-43.81,-53.6
2025-12-01,WEAT,-1.22,-1.15,-1.06,-1.24
2025-12-02,WEAT,-1.05,-1.15,-1.06,-1.24
2025-12-03,WEAT,-1.11,-1.15,-1.06,-1.24
2025-12-04,WEAT,-1.09,-1.15,-1.06,-1.24
2025-12-05,WEAT,-1.26,-1.15,-1.06,-1.24
2025-12-01,WEC,-4.56,-6.56,-5.11,-8.0
2025-12-02,WEC,-5.81,-6.56,-5.11,-8.0
2025-12-03,WEC,-6.61,-6.56,-5.11,-8.0
2025-12-04,WEC,-7.62,-6.56,-5.11,-8.0
2025-12-05,WEC,-8.19,-6.56,-5.11,-8.0
2025-12-01,WELL,-53.86,-54.32,-53.38,-55.26
2025-12-02,WELL,-54.56,-54.32,-53.38,-55.26
2025-12-03,WELL,-55.84,-54.32,-53.38,-55.26
2025-12-04,WELL,-53.89,-54.32,-53.38,-55.26
2025-12-05,WELL,-53.45,-54.32,-53.38,-55.26
2025-12-01,WFC,-16.69,-13.87,-11.67,-16.07
2025-12-02,WFC,-15.77,-13.87,-11.67,-16.07
2025-12-03,WFC,-12.74,-13.87,-11.67,-16.07
2025-12-04,WFC,-11.88,-13.87,-11.67,-16.07
2025-12-05,WFC,-12.26,-13.87,-11.67,-16.07
2025-12-01,WM,-17.67,-18.72,-17.6,-19.84
2025-12-02,WM,-19.06,-18.72,-17.6,-19.84
2025-12-03,WM,-17.45,-18.72,-17.6,-19.84
2025-12-04,WM,-19.41,-18.72,-17.6,-19.84
2025-12-05,WM,-20.02,-18.72,-17.6,-19.84
2025-12-01,WMB,-13.92,-13.43,-12.09,-14.76
2025-12-02,WMB,-15.15,-13.43,-12.09,-14.76
2025-12-03,WMB,-13.81,-13.43,-12.09,-14.76
2025-12-04,WMB,-11.7,-13.43,-12.09,-14.76
2025-12-05,WMB,-12.55,-13.43,-12.09,-14.76
2025-12-01,WMT,-15.45,-13.32,-11.73,-14.91
2025-12-02,WMT,-14.57,-13.32,-11.73,-14.91
2025-12-03,WMT,-12.57,-13.32,-11.73,-14.91
2025-12-04,WMT,-12.14,-13.32,-11.73,-14.91
2025-12-05,WMT,-11.87,-13.32,-11.73,-14.91
2025-12-01,WRB,-32.48,-34.46,-31.91,-37.0
2025-12-02,WRB,-32.66,-34.46,-31.91,-37.0
2025-12-03,WRB,-33.81,-34.46,-31.91,-37.0
2025-12-04,WRB,-34.59,-34.46,-31.91,-37.0
2025-12-05,WRB,-38.74,-34.46,-31.91,-37.0
2025-12-01,WSM,-15.79,-19.26,-17.09,-21.42
2025-12-02,WSM,-20.17,-19.26,-17.09,-21.42
2025-12-03,WSM,-19.89,-19.26,-17.09,-21.42
2025-12-04,WSM,-21.57,-19.26,-17.09,-21.42
2025-12-05,WSM,-18.87,-19.26,-17.09,-21.42
2025-12-01,WST,-4.02,0.54,5.44,-4.37
2025-12-02,WST,-5.13,0.54,5.44,-4.37
2025-12-03,WST,6.15,0.54,5.44,-4.37
2025-12-04,WST,3.61,0.54,5.44,-4.37
2025-12-05,WST,2.07,0.54,5.44,-4.37
2025-12-01,WTW,-40.41,-42.46,-40.02,-44.9
2025-12-02,WTW,-45.51,-42.46,-40.02,-44.9
2025-12-03,WTW,-44.67,-42.46,-40.02,-44.9
2025-12-04,WTW,-41.2,-42.46,-40.02,-44.9
2025-12-05,WTW,-40.5,-42.46,-40.02,-44.9
2025-12-01,WY,-2.71,-3.04,-2.77,-3.3
2025-12-02,WY,-2.94,-3.04,-2.77,-3.3
2025-12-03,WY,-2.96,-3.04,-2.77,-3.3
2025-12-04,WY,-3.43,-3.04,-2.77,-3.3
2025-12-05,WY,-3.14,-3.04,-2.77,-3.3
2025-12-01,WYNN,-42.19,-45.24,-41.44,-49.03
2025-12-02,WYNN,-41.87,-45.24,-41.44,-49.03
2025-12-03,WYNN,-43.43,-45.24,-41.44,-49.03
2025-12-04,WYNN,-49.24,-45.24,-41.44,-49.03
2025-12-05,WYNN,-49.45,-45.24,-41.44,-49.03
2025-12-01,XEL,-4.4,-5.71,-4.7,-6.72
2025-12-02,XEL,-5.09,-5.71,-4.7,-6.72
2025-12-03,XEL,-5.74,-5.71,-4.7,-6.72
2025-12-04,XEL,-6.36,-5.71,-4.7,-6.72
2025-12-05,XEL,-6.95,-5.71,-4.7,-6.72
2025-12-01,XES,-1.47,1.31,3.8,-1.17
2025-12-02,XES,-1.3,1.31,3.8,-1.17
2025-12-03,XES,2.7,1.31,3.8,-1.17
2025-12-04,XES,3.58,1.31,3.8,-1.17
2025-12-05,XES,3.06,1.31,3.8,-1.17
2025-12-01,XLB,-1.15,-1.42,-1.21,-1.63
2025-12-02,XLB,-1.55,-1.42,-1.21,-1.63
2025-12-03,XLB,-1.25,-1.42,-1.21,-1.63
2025-12-04,XLB,-1.51,-1.42,-1.21,-1.63
2025-12-05,XLB,-1.65,-1.42,-1.21,-1.63
2025-12-01,XLC,-25.03,-24.25,-23.35,-25.16
2025-12-02,XLC,-24.65,-24.25,-23.35,-25.16
2025-12-03,XLC,-24.75,-24.25,-23.35,-25.16
2025-12-04,XLC,-24.09,-24.25,-23.35,-25.16
2025-12-05,XLC,-22.75,-24.25,-23.35,-25.16
2025-12-01,XLE,-1.75,-1.67,-1.27,-2.08
2025-12-02,XLE,-2.34,-1.67,-1.27,-2.08
2025-12-03,XLE,-1.49,-1.67,-1.27,-2.08
2025-12-04,XLE,-1.3,-1.67,-1.27,-2.08
2025-12-05,XLE,-1.49,-1.67,-1.27,-2.08
2025-12-01,XLF,-10.99,-10.56,-10.13,-10.98
2025-12-02,XLF,-11.04,-10.56,-10.13,-10.98
2025-12-03,XLF,-10.33,-10.56,-10.13,-10.98
2025-12-04,XLF,-10.22,-10.56,-10.13,-10.98
2025-12-05,XLF,-10.2,-10.56,-10.13,-10.98
2025-12-01,XLI,-22.84,-20.68,-19.21,-22.15
2025-12-02,XLI,-21.52,-20.68,-19.21,-22.15
2025-12-03,XLI,-20.07,-20.68,-19.21,-22.15
2025-12-04,XLI,-19.27,-20.68,-19.21,-22.15
2025-12-05,XLI,-19.7,-20.68,-19.21,-22.15
2025-12-01,XLK,-6.91,-5.1,-3.84,-6.35
2025-12-02,XLK,-5.44,-5.1,-3.84,-6.35
2025-12-03,XLK,-5.09,-5.1,-3.84,-6.35
2025-12-04,XLK,-4.56,-5.1,-3.84,-6.35
2025-12-05,XLK,-3.49,-5.1,-3.84,-6.35
2025-12-01,XLP,-0.02,-0.55,-0.21,-0.89
2025-12-02,XLP,-0.54,-0.55,-0.21,-0.89
2025-12-03,XLP,-0.48,-0.55,-0.21,-0.89
2025-12-04,XLP,-0.86,-0.55,-0.21,-0.89
2025-12-05,XLP,-0.85,-0.55,-0.21,-0.89
2025-12-01,XLRE,-7.24,-7.3,-7.25,-7.35
2025-12-02,XLRE,-7.34,-7.3,-7.25,-7.35
2025-12-03,XLRE,-7.26,-7.3,-7.25,-7.35
2025-12-04,XLRE,-7.33,-7.3,-7.25,-7.35
2025-12-05,XLRE,-7.34,-7.3,-7.25,-7.35
2025-12-01,XLU,-4.38,-4.83,-4.48,-5.18
2025-12-02,XLU,-4.69,-4.83,-4.48,-5.18
2025-12-03,XLU,-4.83,-4.83,-4.48,-5.18
2025-12-04,XLU,-4.92,-4.83,-4.48,-5.18
2025-12-05,XLU,-5.33,-4.83,-4.48,-5.18
2025-12-01,XLV,-6.43,-7.34,-6.5,-8.18
2025-12-02,XLV,-7.36,-7.34,-6.5,-8.18
2025-12-03,XLV,-6.64,-7.34,-6.5,-8.18
2025-12-04,XLV,-7.82,-7.34,-6.5,-8.18
2025-12-05,XLV,-8.46,-7.34,-6.5,-8.18
2025-12-01,XLY,-13.32,-12.66,-11.97,-13.34
2025-12-02,XLY,-13.4,-12.66,-11.97,-13.34
2025-12-03,XLY,-12.13,-12.66,-11.97,-13.34
2025-12-04,XLY,-12.55,-12.66,-11.97,-13.34
2025-12-05,XLY,-11.89,-12.66,-11.97,-13.34
2025-12-01,XOM,-57.0,-56.93,-56.04,-57.82
2025-12-02,XOM,-58.25,-56.93,-56.04,-57.82
2025-12-03,XOM,-55.83,-56.93,-56.04,-57.82
2025-12-04,XOM,-56.49,-56.93,-56.04,-57.82
2025-12-05,XOM,-57.09,-56.93,-56.04,-57.82
2025-12-01,XOP,-2.6,-2.12,-0.58,-3.67
2025-12-02,XOP,-4.63,-2.12,-0.58,-3.67
2025-12-03,XOP,-1.2,-2.12,-0.58,-3.67
2025-12-04,XOP,-1.2,-2.12,-0.58,-3.67
2025-12-05,XOP,-0.99,-2.12,-0.58,-3.67
2025-12-01,XYL,-11.98,-11.47,-10.58,-12.36
2025-12-02,XYL,-11.97,-11.47,-10.58,-12.36
2025-12-03,XYL,-10.5,-11.47,-10.58,-12.36
2025-12-04,XYL,-10.52,-11.47,-10.58,-12.36
2025-12-05,XYL,-12.38,-11.47,-10.58,-12.36
2025-12-01,XYZ,-0.39,-2.97,-1.35,-4.58
2025-12-02,XYZ,-4.63,-2.97,-1.35,-4.58
2025-12-03,XYZ,-3.63,-2.97,-1.35,-4.58
2025-12-04,XYZ,-2.55,-2.97,-1.35,-4.58
2025-12-05,XYZ,-3.63,-2.97,-1.35,-4.58
2025-12-01,YUM,0.15,-2.97,-0.73,-5.21
2025-12-02,YUM,-2.87,-2.97,-0.73,-5.21
2025-12-03,YUM,-1.97,-2.97,-0.73,-5.21
2025-12-04,YUM,-4.63,-2.97,-0.73,-5.21
2025-12-05,YUM,-5.53,-2.97,-0.73,-5.21
2025-12-01,ZBH,-1.4,-2.27,-1.54,-3.0
2025-12-02,ZBH,-2.02,-2.27,-1.54,-3.0
2025-12-03,ZBH,-3.06,-2.27,-1.54,-3.0
2025-12-04,ZBH,-3.0,-2.27,-1.54,-3.0
2025-12-05,ZBH,-1.88,-2.27,-1.54,-3.0
2025-12-01,ZBRA,-36.02,-28.94,-23.03,-34.84
2025-12-02,ZBRA,-33.94,-28.94,-23.03,-34.84
2025-12-03,ZBRA,-27.97,-28.94,-23.03,-34.84
2025-12-04,ZBRA,-24.26,-28.94,-23.03,-34.84
2025-12-05,ZBRA,-22.5,-28.94,-23.03,-34.84
2025-12-01,ZTS,9.42,4.83,8.2,1.47
2025-12-02,ZTS,6.61,4.83,8.2,1.47
2025-12-03,ZTS,4.74,4.83,8.2,1.47
2025-12-04,ZTS,2.58,4.83,8.2,1.47
2025-12-05,ZTS,0.82,4.83,8.2,1.47
