Date,Ticker,daily_return_pct,daily_return_avg_pct,daily_return_hi_pct,daily_return_lo_pct
2025-12-02,A,-0.0086,-0.0078,0.0013,-0.0168
2025-12-03,A,0.003,-0.0078,0.0013,-0.0168
2025-12-04,A,-0.0063,-0.0078,0.0013,-0.0168
2025-12-05,A,-0.0191,-0.0078,0.0013,-0.0168
2025-12-02,AAPL,0.0109,-0.0038,0.0063,-0.0139
2025-12-03,AAPL,-0.0071,-0.0038,0.0063,-0.0139
2025-12-04,AAPL,-0.0121,-0.0038,0.0063,-0.0139
2025-12-05,AAPL,-0.0068,-0.0038,0.0063,-0.0139
2025-12-02,ABBV,-0.0033,0.0012,0.0182,-0.0158
2025-12-03,ABBV,0.0262,0.0012,0.0182,-0.0158
2025-12-04,ABBV,-0.0066,0.0012,0.0182,-0.0158
2025-12-05,ABBV,-0.0115,0.0012,0.0182,-0.0158
2025-12-02,ABNB,-0.0025,0.0115,0.0249,-0.0019
2025-12-03,ABNB,0.0138,0.0115,0.0249,-0.0019
2025-12-04,ABNB,0.0057,0.0115,0.0249,-0.0019
2025-12-05,ABNB,0.029,0.0115,0.0249,-0.0019
2025-12-02,ABT,-0.0132,-0.0058,0.0004,-0.012
2025-12-03,ABT,-0.0082,-0.0058,0.0004,-0.012
2025-12-04,ABT,0.0009,-0.0058,0.0004,-0.012
2025-12-05,ABT,-0.0026,-0.0058,0.0004,-0.012
2025-12-02,ACGL,-0.005,-0.0039,-0.0007,-0.0071
2025-12-03,ACGL,0.0003,-0.0039,-0.0007,-0.0071
2025-12-04,ACGL,-0.0036,-0.0039,-0.0007,-0.0071
2025-12-05,ACGL,-0.0073,-0.0039,-0.0007,-0.0071
2025-12-02,ACN,0.0139,0.009,0.036,-0.018
2025-12-03,ACN,0.0453,0.009,0.036,-0.018
2025-12-04,ACN,-0.0129,0.009,0.036,-0.018
2025-12-05,ACN,-0.0102,0.009,0.036,-0.018
2025-12-02,ADBE,-0.0001,0.0179,0.042,-0.0063
2025-12-03,ADBE,0.0123,0.0179,0.042,-0.0063
2025-12-04,ADBE,0.006,0.0179,0.042,-0.0063
2025-12-05,ADBE,0.0533,0.0179,0.042,-0.0063
2025-12-02,ADI,0.0242,0.0136,0.0257,0.0015
2025-12-03,ADI,0.0193,0.0136,0.0257,0.0015
2025-12-04,ADI,-0.0035,0.0136,0.0257,0.0015
2025-12-05,ADI,0.0145,0.0136,0.0257,0.0015
2025-12-02,ADM,-0.0035,-0.0063,-0.0042,-0.0085
2025-12-03,ADM,-0.0085,-0.0063,-0.0042,-0.0085
2025-12-04,ADM,-0.0074,-0.0063,-0.0042,-0.0085
2025-12-05,ADM,-0.0059,-0.0063,-0.0042,-0.0085
2025-12-02,ADP,0.0052,0.0056,0.0121,-0.0009
2025-12-03,ADP,0.0118,0.0056,0.0121,-0.0009
2025-12-04,ADP,-0.0032,0.0056,0.0121,-0.0009
2025-12-05,ADP,0.0086,0.0056,0.0121,-0.0009
2025-12-02,ADSK,0.0168,0.0014,0.0129,-0.0101
2025-12-03,ADSK,-0.0097,0.0014,0.0129,-0.0101
2025-12-04,ADSK,-0.0045,0.0014,0.0129,-0.0101
2025-12-05,ADSK,0.0029,0.0014,0.0129,-0.0101
2025-12-02,AEE,-0.0145,-0.0077,-0.0017,-0.0137
2025-12-03,AEE,-0.0004,-0.0077,-0.0017,-0.0137
2025-12-04,AEE,-0.0061,-0.0077,-0.0017,-0.0137
2025-12-05,AEE,-0.0098,-0.0077,-0.0017,-0.0137
2025-12-02,AEP,-0.0106,-0.0062,-0.0013,-0.0111
2025-12-03,AEP,-0.0098,-0.0062,-0.0013,-0.0111
2025-12-04,AEP,-0.0002,-0.0062,-0.0013,-0.0111
2025-12-05,AEP,-0.0042,-0.0062,-0.0013,-0.0111
2025-12-02,AES,-0.0021,-0.0012,0.0127,-0.015
2025-12-03,AES,-0.0179,-0.0012,0.0127,-0.015
2025-12-04,AES,0.016,-0.0012,0.0127,-0.015
2025-12-05,AES,-0.0007,-0.0012,0.0127,-0.015
2025-12-02,AFL,-0.0066,-0.0006,0.0034,-0.0047
2025-12-03,AFL,0.0019,-0.0006,0.0034,-0.0047
2025-12-04,AFL,0.0018,-0.0006,0.0034,-0.0047
2025-12-05,AFL,0.0004,-0.0006,0.0034,-0.0047
2025-12-02,AIG,0.0044,0.0014,0.0046,-0.0019
2025-12-03,AIG,0.0016,0.0014,0.0046,-0.0019
2025-12-04,AIG,0.0027,0.0014,0.0046,-0.0019
2025-12-05,AIG,-0.0032,0.0014,0.0046,-0.0019
2025-12-02,AIZ,-0.018,-0.0028,0.0091,-0.0147
2025-12-03,AIZ,0.0043,-0.0028,0.0091,-0.0147
2025-12-04,AIZ,0.0087,-0.0028,0.0091,-0.0147
2025-12-05,AIZ,-0.0062,-0.0028,0.0091,-0.0147
2025-12-02,AJG,-0.0076,-0.0065,0.0058,-0.0187
2025-12-03,AJG,0.0047,-0.0065,0.0058,-0.0187
2025-12-04,AJG,0.0002,-0.0065,0.0058,-0.0187
2025-12-05,AJG,-0.0232,-0.0065,0.0058,-0.0187
2025-12-02,AKAM,-0.01,-0.0121,0.0081,-0.0323
2025-12-03,AKAM,0.0131,-0.0121,0.0081,-0.0323
2025-12-04,AKAM,-0.0156,-0.0121,0.0081,-0.0323
2025-12-05,AKAM,-0.0359,-0.0121,0.0081,-0.0323
2025-12-02,ALB,-0.0015,-0.0054,0.0393,-0.0502
2025-12-03,ALB,-0.0129,-0.0054,0.0393,-0.0502
2025-12-04,ALB,-0.0581,-0.0054,0.0393,-0.0502
2025-12-05,ALB,0.0508,-0.0054,0.0393,-0.0502
2025-12-02,ALGN,0.0287,0.0175,0.0301,0.0049
2025-12-03,ALGN,0.027,0.0175,0.0301,0.0049
2025-12-04,ALGN,0.0119,0.0175,0.0301,0.0049
2025-12-05,ALGN,0.0024,0.0175,0.0301,0.0049
2025-12-02,ALL,-0.0052,-0.0093,-0.0013,-0.0174
2025-12-03,ALL,-0.0014,-0.0093,-0.0013,-0.0174
2025-12-04,ALL,-0.0108,-0.0093,-0.0013,-0.0174
2025-12-05,ALL,-0.0199,-0.0093,-0.0013,-0.0174
2025-12-02,ALLE,-0.0061,-0.0093,-0.0014,-0.0172
2025-12-03,ALLE,-0.0008,-0.0093,-0.0014,-0.0172
2025-12-04,ALLE,-0.0194,-0.0093,-0.0014,-0.0172
2025-12-05,ALLE,-0.011,-0.0093,-0.0014,-0.0172
2025-12-02,AMAT,0.0415,0.0129,0.0333,-0.0075
2025-12-03,AMAT,0.0124,0.0129,0.0333,-0.0075
2025-12-04,AMAT,0.003,0.0129,0.0333,-0.0075
2025-12-05,AMAT,-0.0053,0.0129,0.0333,-0.0075
2025-12-02,AMCR,-0.0164,-0.0071,0.0045,-0.0186
2025-12-03,AMCR,0.0071,-0.0071,0.0045,-0.0186
2025-12-04,AMCR,-0.0165,-0.0071,0.0045,-0.0186
2025-12-05,AMCR,-0.0024,-0.0071,0.0045,-0.0186
2025-12-02,AMD,-0.0206,-0.002,0.013,-0.0169
2025-12-03,AMD,0.011,-0.002,0.013,-0.0169
2025-12-04,AMD,-0.0074,-0.002,0.013,-0.0169
2025-12-05,AMD,0.0092,-0.002,0.013,-0.0169
2025-12-02,AME,0.0086,0.0053,0.01,0.0007
2025-12-03,AME,0.0098,0.0053,0.01,0.0007
2025-12-05,AME,0.0029,0.0053,0.01,0.0007
2025-12-02,AMGN,0.0026,-0.0055,0.0166,-0.0276
2025-12-03,AMGN,0.0209,-0.0055,0.0166,-0.0276
2025-12-04,AMGN,-0.0152,-0.0055,0.0166,-0.0276
2025-12-05,AMGN,-0.0302,-0.0055,0.0166,-0.0276
2025-12-02,AMP,0.0041,0.012,0.0236,0.0004
2025-12-03,AMP,0.0292,0.012,0.0236,0.0004
2025-12-04,AMP,0.0085,0.012,0.0236,0.0004
2025-12-05,AMP,0.0062,0.012,0.0236,0.0004
2025-12-02,AMT,-0.0026,0.0037,0.0115,-0.0041
2025-12-03,AMT,0.0021,0.0037,0.0115,-0.0041
2025-12-04,AMT,0.015,0.0037,0.0115,-0.0041
2025-12-05,AMT,0.0002,0.0037,0.0115,-0.0041
2025-12-02,AMZN,0.0023,-0.0047,0.0034,-0.0127
2025-12-03,AMZN,-0.0087,-0.0047,0.0034,-0.0127
2025-12-04,AMZN,-0.0141,-0.0047,0.0034,-0.0127
2025-12-05,AMZN,0.0018,-0.0047,0.0034,-0.0127
2025-12-02,ANET,-0.0069,0.001,0.0067,-0.0048
2025-12-03,ANET,0.0046,0.001,0.0067,-0.0048
2025-12-04,ANET,0.0059,0.001,0.0067,-0.0048
2025-12-05,ANET,0.0003,0.001,0.0067,-0.0048
2025-12-02,AON,-0.0156,-0.0042,0.0062,-0.0147
2025-12-03,AON,-0.0036,-0.0042,0.0062,-0.0147
2025-12-04,AON,0.0095,-0.0042,0.0062,-0.0147
2025-12-05,AON,-0.0072,-0.0042,0.0062,-0.0147
2025-12-02,AOS,-0.0009,0.0076,0.0184,-0.0033
2025-12-03,AOS,0.0206,0.0076,0.0184,-0.0033
2025-12-04,AOS,-0.0018,0.0076,0.0184,-0.0033
2025-12-05,AOS,0.0124,0.0076,0.0184,-0.0033
2025-12-02,APA,0.0067,0.0178,0.0469,-0.0112
2025-12-03,APA,0.0589,0.0178,0.0469,-0.0112
2025-12-04,APA,-0.0089,0.0178,0.0469,-0.0112
2025-12-05,APA,0.0146,0.0178,0.0469,-0.0112
2025-12-02,APD,-0.0157,-0.0001,0.0125,-0.0127
2025-12-03,APD,0.0139,-0.0001,0.0125,-0.0127
2025-12-04,APD,0.0049,-0.0001,0.0125,-0.0127
2025-12-05,APD,-0.0036,-0.0001,0.0125,-0.0127
2025-12-02,APH,0.0163,0.0003,0.0156,-0.015
2025-12-03,APH,-0.0201,0.0003,0.0156,-0.015
2025-12-04,APH,0.0058,0.0003,0.0156,-0.015
2025-12-05,APH,-0.0007,0.0003,0.0156,-0.015
2025-12-02,APO,0.0053,0.0126,0.0186,0.0066
2025-12-03,APO,0.0183,0.0126,0.0186,0.0066
2025-12-04,APO,0.0167,0.0126,0.0186,0.0066
2025-12-05,APO,0.0101,0.0126,0.0186,0.0066
2025-12-02,APP,0.0472,0.0265,0.0431,0.0098
2025-12-03,APP,0.0141,0.0265,0.0431,0.0098
2025-12-04,APP,0.0326,0.0265,0.0431,0.0098
2025-12-05,APP,0.0119,0.0265,0.0431,0.0098
2025-12-02,APTV,0.007,-0.0018,0.0117,-0.0153
2025-12-03,APTV,0.0079,-0.0018,0.0117,-0.0153
2025-12-04,APTV,-0.0211,-0.0018,0.0117,-0.0153
2025-12-05,APTV,-0.0009,-0.0018,0.0117,-0.0153
2025-12-02,ARE,0.0137,-0.0371,0.0104,-0.0846
2025-12-03,ARE,-0.1005,-0.0371,0.0104,-0.0846
2025-12-04,ARE,-0.0378,-0.0371,0.0104,-0.0846
2025-12-05,ARE,-0.0238,-0.0371,0.0104,-0.0846
2025-12-02,ASC,0.0025,-0.0047,0.0113,-0.0208
2025-12-03,ASC,0.0132,-0.0047,0.0113,-0.0208
2025-12-04,ASC,-0.0237,-0.0047,0.0113,-0.0208
2025-12-05,ASC,-0.0109,-0.0047,0.0113,-0.0208
2025-12-02,ATO,-0.0096,-0.0006,0.0061,-0.0074
2025-12-03,ATO,0.0063,-0.0006,0.0061,-0.0074
2025-12-04,ATO,-0.0012,-0.0006,0.0061,-0.0074
2025-12-05,ATO,0.002,-0.0006,0.0061,-0.0074
2025-12-02,AVB,0.0082,-0.0022,0.0068,-0.0113
2025-12-03,AVB,0.0022,-0.0022,0.0068,-0.0113
2025-12-04,AVB,-0.0116,-0.0022,0.0068,-0.0113
2025-12-05,AVB,-0.0078,-0.0022,0.0068,-0.0113
2025-12-02,AVGO,-0.0117,0.0028,0.018,-0.0125
2025-12-03,AVGO,-0.0025,0.0028,0.018,-0.0125
2025-12-04,AVGO,0.0011,0.0028,0.018,-0.0125
2025-12-05,AVGO,0.0242,0.0028,0.018,-0.0125
2025-12-02,AVY,-0.0018,0.0098,0.0244,-0.0048
2025-12-03,AVY,0.0196,0.0098,0.0244,-0.0048
2025-12-04,AVY,-0.0036,0.0098,0.0244,-0.0048
2025-12-05,AVY,0.025,0.0098,0.0244,-0.0048
2025-12-02,AWK,-0.0019,-0.0028,0.006,-0.0117
2025-12-03,AWK,0.0017,-0.0028,0.006,-0.0117
2025-12-04,AWK,-0.0156,-0.0028,0.006,-0.0117
2025-12-05,AWK,0.0044,-0.0028,0.006,-0.0117
2025-12-02,AXON,0.0085,0.0082,0.0136,0.0028
2025-12-03,AXON,0.0108,0.0082,0.0136,0.0028
2025-12-04,AXON,0.013,0.0082,0.0136,0.0028
2025-12-05,AXON,0.0006,0.0082,0.0136,0.0028
2025-12-02,AXP,0.0011,0.0069,0.017,-0.0032
2025-12-03,AXP,0.0206,0.0069,0.017,-0.0032
2025-12-04,AXP,0.0082,0.0069,0.017,-0.0032
2025-12-05,AXP,-0.0022,0.0069,0.017,-0.0032
2025-12-02,AZO,-0.0305,-0.0079,0.0077,-0.0234
2025-12-03,AZO,-0.001,-0.0079,0.0077,-0.0234
2025-12-04,AZO,0.0046,-0.0079,0.0077,-0.0234
2025-12-05,AZO,-0.0046,-0.0079,0.0077,-0.0234
2025-12-02,BA,0.1015,0.0211,0.075,-0.0328
2025-12-03,BA,-0.0138,0.0211,0.075,-0.0328
2025-12-04,BA,-0.0033,0.0211,0.075,-0.0328
2025-12-05,BA,0.0001,0.0211,0.075,-0.0328
2025-12-02,BAC,-0.0009,0.0033,0.0126,-0.0059
2025-12-03,BAC,0.0169,0.0033,0.0126,-0.0059
2025-12-04,BAC,0.0013,0.0033,0.0126,-0.0059
2025-12-05,BAC,-0.0039,0.0033,0.0126,-0.0059
2025-12-02,BALL,-0.0126,0.0,0.0088,-0.0088
2025-12-03,BALL,0.0076,0.0,0.0088,-0.0088
2025-12-04,BALL,0.0014,0.0,0.0088,-0.0088
2025-12-05,BALL,0.0037,0.0,0.0088,-0.0088
2025-12-02,BAX,-0.0126,-0.0071,0.0051,-0.0193
2025-12-03,BAX,0.0027,-0.0071,0.0051,-0.0193
2025-12-04,BAX,-0.0217,-0.0071,0.0051,-0.0193
2025-12-05,BAX,0.0032,-0.0071,0.0051,-0.0193
2025-12-02,BBY,-0.0304,-0.01,0.004,-0.024
2025-12-03,BBY,-0.0068,-0.01,0.004,-0.024
2025-12-04,BBY,-0.0043,-0.01,0.004,-0.024
2025-12-05,BBY,0.0015,-0.01,0.004,-0.024
2025-12-02,BDX,-0.007,0.0028,0.0126,-0.0069
2025-12-03,BDX,0.0163,0.0028,0.0126,-0.0069
2025-12-04,BDX,0.001,0.0028,0.0126,-0.0069
2025-12-05,BDX,0.001,0.0028,0.0126,-0.0069
2025-12-02,BEN,-0.0053,0.0095,0.0226,-0.0037
2025-12-03,BEN,0.0263,0.0095,0.0226,-0.0037
2025-12-04,BEN,0.0056,0.0095,0.0226,-0.0037
2025-12-05,BEN,0.0112,0.0095,0.0226,-0.0037
2025-12-02,BF.B,0.0057,0.0058,0.0207,-0.0092
2025-12-03,BF.B,0.0067,0.0058,0.0207,-0.0092
2025-12-04,BF.B,-0.013,0.0058,0.0207,-0.0092
2025-12-05,BF.B,0.0236,0.0058,0.0207,-0.0092
2025-12-02,BG,-0.0038,-0.0073,-0.0049,-0.0097
2025-12-03,BG,-0.0079,-0.0073,-0.0049,-0.0097
2025-12-04,BG,-0.0094,-0.0073,-0.0049,-0.0097
2025-12-05,BG,-0.0081,-0.0073,-0.0049,-0.0097
2025-12-02,BIIB,0.0135,0.0049,0.0121,-0.0022
2025-12-03,BIIB,0.0032,0.0049,0.0121,-0.0022
2025-12-04,BIIB,0.0068,0.0049,0.0121,-0.0022
2025-12-05,BIIB,-0.0037,0.0049,0.0121,-0.0022
2025-12-02,BK,0.0024,0.0049,0.0089,0.0009
2025-12-03,BK,0.009,0.0049,0.0089,0.0009
2025-12-04,BK,0.0076,0.0049,0.0089,0.0009
2025-12-05,BK,0.0006,0.0049,0.0089,0.0009
2025-12-02,BKNG,0.0497,0.0156,0.0469,-0.0157
2025-12-03,BKNG,-0.0171,0.0156,0.0469,-0.0157
2025-12-04,BKNG,-0.004,0.0156,0.0469,-0.0157
2025-12-05,BKNG,0.0338,0.0156,0.0469,-0.0157
2025-12-02,BKR,-0.0136,-0.0047,0.0161,-0.0255
2025-12-03,BKR,0.0204,-0.0047,0.0161,-0.0255
2025-12-04,BKR,0.0024,-0.0047,0.0161,-0.0255
2025-12-05,BKR,-0.0279,-0.0047,0.0161,-0.0255
2025-12-02,BLDR,-0.0095,-0.0069,0.0141,-0.0279
2025-12-03,BLDR,0.0209,-0.0069,0.0141,-0.0279
2025-12-04,BLDR,-0.03,-0.0069,0.0141,-0.0279
2025-12-05,BLDR,-0.009,-0.0069,0.0141,-0.0279
2025-12-02,BLK,-0.0013,0.0078,0.0291,-0.0135
2025-12-03,BLK,0.0397,0.0078,0.0291,-0.0135
2025-12-04,BLK,-0.004,0.0078,0.0291,-0.0135
2025-12-05,BLK,-0.0032,0.0078,0.0291,-0.0135
2025-12-02,BMY,-0.0189,0.0152,0.0467,-0.0164
2025-12-03,BMY,0.0562,0.0152,0.0467,-0.0164
2025-12-04,BMY,0.0194,0.0152,0.0467,-0.0164
2025-12-05,BMY,0.0039,0.0152,0.0467,-0.0164
2025-12-02,BR,0.0047,0.006,0.0105,0.0014
2025-12-03,BR,0.0125,0.006,0.0105,0.0014
2025-12-04,BR,0.0018,0.006,0.0105,0.0014
2025-12-05,BR,0.0049,0.006,0.0105,0.0014
2025-12-02,BRK.B,-0.0037,-0.002,0.0015,-0.0056
2025-12-03,BRK.B,-0.006,-0.002,0.0015,-0.0056
2025-12-04,BRK.B,-0.0007,-0.002,0.0015,-0.0056
2025-12-05,BRK.B,0.0022,-0.002,0.0015,-0.0056
2025-12-02,BRO,-0.0165,-0.0087,-0.0,-0.0174
2025-12-03,BRO,-0.0024,-0.0087,-0.0,-0.0174
2025-12-04,BRO,-0.0001,-0.0087,-0.0,-0.0174
2025-12-05,BRO,-0.0159,-0.0087,-0.0,-0.0174
2025-12-02,BSX,-0.0197,-0.0087,-0.0009,-0.0165
2025-12-03,BSX,-0.0045,-0.0087,-0.0009,-0.0165
2025-12-04,BSX,-0.0086,-0.0087,-0.0009,-0.0165
2025-12-05,BSX,-0.002,-0.0087,-0.0009,-0.0165
2025-12-02,BTC=F,0.0578,0.0083,0.047,-0.0305
2025-12-03,BTC=F,0.0173,0.0083,0.047,-0.0305
2025-12-04,BTC=F,-0.0097,0.0083,0.047,-0.0305
2025-12-05,BTC=F,-0.0324,0.0083,0.047,-0.0305
2025-12-02,BTI,-0.0034,-0.0048,0.0063,-0.0159
2025-12-03,BTI,-0.0073,-0.0048,0.0063,-0.0159
2025-12-04,BTI,0.0092,-0.0048,0.0063,-0.0159
2025-12-05,BTI,-0.0177,-0.0048,0.0063,-0.0159
2025-12-02,BTU,0.031,0.0211,0.0574,-0.0153
2025-12-03,BTU,0.0671,0.0211,0.0574,-0.0153
2025-12-04,BTU,0.0027,0.0211,0.0574,-0.0153
2025-12-05,BTU,-0.0166,0.0211,0.0574,-0.0153
2025-12-02,BX,0.0027,0.0099,0.0252,-0.0055
2025-12-03,BX,0.0326,0.0099,0.0252,-0.0055
2025-12-04,BX,-0.0009,0.0099,0.0252,-0.0055
2025-12-05,BX,0.005,0.0099,0.0252,-0.0055
2025-12-02,BXP,-0.0031,-0.0095,-0.0032,-0.0157
2025-12-03,BXP,-0.0084,-0.0095,-0.0032,-0.0157
2025-12-04,BXP,-0.0083,-0.0095,-0.0032,-0.0157
2025-12-05,BXP,-0.0181,-0.0095,-0.0032,-0.0157
2025-12-02,C,0.005,0.0148,0.028,0.0017
2025-12-03,C,0.0342,0.0148,0.028,0.0017
2025-12-04,C,0.01,0.0148,0.028,0.0017
2025-12-05,C,0.0101,0.0148,0.028,0.0017
2025-12-02,CAG,-0.0255,-0.0088,0.0045,-0.0222
2025-12-03,CAG,-0.0035,-0.0088,0.0045,-0.0222
2025-12-04,CAG,-0.0122,-0.0088,0.0045,-0.0222
2025-12-05,CAG,0.0059,-0.0088,0.0045,-0.0222
2025-12-02,CAH,-0.0138,-0.0112,0.0004,-0.0227
2025-12-03,CAH,-0.0264,-0.0112,0.0004,-0.0227
2025-12-04,CAH,-0.0026,-0.0112,0.0004,-0.0227
2025-12-05,CAH,-0.0018,-0.0112,0.0004,-0.0227
2025-12-02,CALM,-0.0254,0.0034,0.0277,-0.0209
2025-12-03,CALM,0.0142,0.0034,0.0277,-0.0209
2025-12-04,CALM,0.0307,0.0034,0.0277,-0.0209
2025-12-05,CALM,-0.0059,0.0034,0.0277,-0.0209
2025-12-02,CANE,0.0116,0.0017,0.0085,-0.0052
2025-12-03,CANE,-0.0021,0.0017,0.0085,-0.0052
2025-12-04,CANE,0.0005,0.0017,0.0085,-0.0052
2025-12-05,CANE,-0.0034,0.0017,0.0085,-0.0052
2025-12-02,CARR,-0.0079,0.0002,0.0103,-0.0098
2025-12-03,CARR,0.0149,0.0002,0.0103,-0.0098
2025-12-04,CARR,-0.0022,0.0002,0.0103,-0.0098
2025-12-05,CARR,-0.0039,0.0002,0.0103,-0.0098
2025-12-02,CAT,0.0254,0.0151,0.0229,0.0074
2025-12-03,CAT,0.0155,0.0151,0.0229,0.0074
2025-12-04,CAT,0.013,0.0151,0.0229,0.0074
2025-12-05,CAT,0.0067,0.0151,0.0229,0.0074
2025-12-02,CB,0.0021,0.0009,0.0026,-0.0007
2025-12-03,CB,0.0019,0.0009,0.0026,-0.0007
2025-12-04,CB,-0.0014,0.0009,0.0026,-0.0007
2025-12-05,CB,0.0012,0.0009,0.0026,-0.0007
2025-12-02,CBOE,-0.0036,-0.0025,0.0027,-0.0076
2025-12-03,CBOE,-0.0018,-0.0025,0.0027,-0.0076
2025-12-04,CBOE,0.004,-0.0025,0.0027,-0.0076
2025-12-05,CBOE,-0.0085,-0.0025,0.0027,-0.0076
2025-12-02,CBRE,-0.0001,0.0024,0.0133,-0.0085
2025-12-03,CBRE,0.0185,0.0024,0.0133,-0.0085
2025-12-04,CBRE,-0.005,0.0024,0.0133,-0.0085
2025-12-05,CBRE,-0.0038,0.0024,0.0133,-0.0085
2025-12-02,CCI,-0.0025,0.0022,0.0065,-0.002
2025-12-03,CCI,0.0006,0.0022,0.0065,-0.002
2025-12-04,CCI,0.0032,0.0022,0.0065,-0.002
2025-12-05,CCI,0.0076,0.0022,0.0065,-0.002
2025-12-02,CCJ,0.008,0.0109,0.0444,-0.0226
2025-12-03,CCJ,0.0138,0.0109,0.0444,-0.0226
2025-12-04,CCJ,0.0519,0.0109,0.0444,-0.0226
2025-12-05,CCJ,-0.03,0.0109,0.0444,-0.0226
2025-12-02,CCL,-0.0035,-0.0006,0.0064,-0.0075
2025-12-03,CCL,0.0077,-0.0006,0.0064,-0.0075
2025-12-04,CCL,-0.0084,-0.0006,0.0064,-0.0075
2025-12-05,CCL,0.0019,-0.0006,0.0064,-0.0075
2025-12-02,CDNS,0.0269,0.0221,0.0482,-0.0041
2025-12-03,CDNS,0.0571,0.0221,0.0482,-0.0041
2025-12-04,CDNS,0.0035,0.0221,0.0482,-0.0041
2025-12-05,CDNS,0.0007,0.0221,0.0482,-0.0041
2025-12-02,CDW,0.0079,0.0056,0.012,-0.0008
2025-12-03,CDW,-0.0033,0.0056,0.012,-0.0008
2025-12-04,CDW,0.006,0.0056,0.012,-0.0008
2025-12-05,CDW,0.0118,0.0056,0.012,-0.0008
2025-12-02,CEG,0.0129,0.0007,0.0207,-0.0193
2025-12-03,CEG,-0.0066,0.0007,0.0207,-0.0193
2025-12-04,CEG,0.0204,0.0007,0.0207,-0.0193
2025-12-05,CEG,-0.0239,0.0007,0.0207,-0.0193
2025-12-02,CF,-0.0104,-0.0059,0.0122,-0.024
2025-12-03,CF,0.0041,-0.0059,0.0122,-0.024
2025-12-04,CF,0.0119,-0.0059,0.0122,-0.024
2025-12-05,CF,-0.0293,-0.0059,0.0122,-0.024
2025-12-02,CFG,0.0015,0.0041,0.0149,-0.0068
2025-12-03,CFG,0.0187,0.0041,0.0149,-0.0068
2025-12-04,CFG,0.0036,0.0041,0.0149,-0.0068
2025-12-05,CFG,-0.0075,0.0041,0.0149,-0.0068
2025-12-02,CHD,-0.0123,-0.0002,0.0084,-0.0087
2025-12-03,CHD,0.0044,-0.0002,0.0084,-0.0087
2025-12-04,CHD,0.0005,-0.0002,0.0084,-0.0087
2025-12-05,CHD,0.0068,-0.0002,0.0084,-0.0087
2025-12-02,CHRW,-0.0043,-0.0049,-0.0013,-0.0085
2025-12-03,CHRW,-0.0006,-0.0049,-0.0013,-0.0085
2025-12-04,CHRW,-0.0093,-0.0049,-0.0013,-0.0085
2025-12-05,CHRW,-0.0053,-0.0049,-0.0013,-0.0085
2025-12-02,CHTR,0.004,0.0103,0.0215,-0.001
2025-12-03,CHTR,0.0113,0.0103,0.0215,-0.001
2025-12-04,CHTR,0.0001,0.0103,0.0215,-0.001
2025-12-05,CHTR,0.0256,0.0103,0.0215,-0.001
2025-12-02,CI,0.0019,-0.0075,-0.0006,-0.0144
2025-12-03,CI,-0.0138,-0.0075,-0.0006,-0.0144
2025-12-04,CI,-0.007,-0.0075,-0.0006,-0.0144
2025-12-05,CI,-0.0111,-0.0075,-0.0006,-0.0144
2025-12-02,CINF,-0.0136,-0.0056,0.0004,-0.0117
2025-12-03,CINF,-0.0057,-0.0056,0.0004,-0.0117
2025-12-04,CINF,0.0011,-0.0056,0.0004,-0.0117
2025-12-05,CINF,-0.0044,-0.0056,0.0004,-0.0117
2025-12-02,CIVI,-0.0138,0.006,0.0281,-0.0162
2025-12-03,CIVI,0.0376,0.006,0.0281,-0.0162
2025-12-04,CIVI,0.0023,0.006,0.0281,-0.0162
2025-12-05,CIVI,-0.0023,0.006,0.0281,-0.0162
2025-12-02,CL,-0.014,-0.0059,0.0026,-0.0144
2025-12-03,CL,-0.0079,-0.0059,0.0026,-0.0144
2025-12-04,CL,-0.0077,-0.0059,0.0026,-0.0144
2025-12-05,CL,0.0061,-0.0059,0.0026,-0.0144
2025-12-02,CLX,-0.0049,-0.0036,-0.0008,-0.0064
2025-12-03,CLX,-0.0068,-0.0036,-0.0008,-0.0064
2025-12-04,CLX,-0.0007,-0.0036,-0.0008,-0.0064
2025-12-05,CLX,-0.0019,-0.0036,-0.0008,-0.0064
2025-12-02,CMBT,0.0169,0.0041,0.0226,-0.0144
2025-12-03,CMBT,0.0231,0.0041,0.0226,-0.0144
2025-12-04,CMBT,-0.0126,0.0041,0.0226,-0.0144
2025-12-05,CMBT,-0.011,0.0041,0.0226,-0.0144
2025-12-02,CMCSA,0.0166,0.0069,0.0185,-0.0048
2025-12-03,CMCSA,0.0152,0.0069,0.0185,-0.0048
2025-12-04,CMCSA,-0.0084,0.0069,0.0185,-0.0048
2025-12-05,CMCSA,0.004,0.0069,0.0185,-0.0048
2025-12-02,CME,-0.0054,-0.0074,-0.0041,-0.0106
2025-12-03,CME,-0.0114,-0.0074,-0.0041,-0.0106
2025-12-04,CME,-0.0042,-0.0074,-0.0041,-0.0106
2025-12-05,CME,-0.0085,-0.0074,-0.0041,-0.0106
2025-12-02,CMG,-0.0029,-0.0022,0.0038,-0.0082
2025-12-03,CMG,-0.0062,-0.0022,0.0038,-0.0082
2025-12-04,CMG,0.0065,-0.0022,0.0038,-0.0082
2025-12-05,CMG,-0.0061,-0.0022,0.0038,-0.0082
2025-12-02,CMI,0.0108,0.0073,0.013,0.0015
2025-12-03,CMI,0.0126,0.0073,0.013,0.0015
2025-12-04,CMI,0.0058,0.0073,0.013,0.0015
2025-12-05,CMI,-0.0002,0.0073,0.013,0.0015
2025-12-02,CMRE,0.0187,0.0096,0.0246,-0.0054
2025-12-03,CMRE,0.0202,0.0096,0.0246,-0.0054
2025-12-04,CMRE,0.0118,0.0096,0.0246,-0.0054
2025-12-05,CMRE,-0.0122,0.0096,0.0246,-0.0054
2025-12-02,CMS,-0.0071,-0.0072,-0.0062,-0.0081
2025-12-03,CMS,-0.0062,-0.0072,-0.0062,-0.0081
2025-12-04,CMS,-0.0068,-0.0072,-0.0062,-0.0081
2025-12-05,CMS,-0.0085,-0.0072,-0.0062,-0.0081
2025-12-02,CNC,0.0243,0.003,0.0186,-0.0125
2025-12-04,CNC,0.001,0.003,0.0186,-0.0125
2025-12-05,CNC,-0.0131,0.003,0.0186,-0.0125
2025-12-02,CNP,-0.0199,-0.0045,0.0063,-0.0152
2025-12-03,CNP,0.0008,-0.0045,0.0063,-0.0152
2025-12-04,CNP,0.0042,-0.0045,0.0063,-0.0152
2025-12-05,CNP,-0.0029,-0.0045,0.0063,-0.0152
2025-12-02,CNR,0.0063,0.019,0.0499,-0.0119
2025-12-03,CNR,0.0626,0.019,0.0499,-0.0119
2025-12-04,CNR,0.0164,0.019,0.0499,-0.0119
2025-12-05,CNR,-0.0092,0.019,0.0499,-0.0119
2025-12-02,COF,0.0165,0.0115,0.0169,0.0061
2025-12-03,COF,0.0145,0.0115,0.0169,0.0061
2025-12-04,COF,0.0109,0.0115,0.0169,0.0061
2025-12-05,COF,0.0042,0.0115,0.0169,0.0061
2025-12-02,COIN,0.0132,0.0097,0.0405,-0.0211
2025-12-03,COIN,0.0519,0.0097,0.0405,-0.0211
2025-12-04,COIN,-0.0104,0.0097,0.0405,-0.0211
2025-12-05,COIN,-0.0158,0.0097,0.0405,-0.0211
2025-12-02,COMT,-0.0037,0.0023,0.0063,-0.0018
2025-12-03,COMT,0.0032,0.0023,0.0063,-0.0018
2025-12-04,COMT,0.004,0.0023,0.0063,-0.0018
2025-12-05,COMT,0.0055,0.0023,0.0063,-0.0018
2025-12-02,COO,-0.0203,0.013,0.0454,-0.0194
2025-12-03,COO,0.0018,0.013,0.0454,-0.0194
2025-12-04,COO,0.0138,0.013,0.0454,-0.0194
2025-12-05,COO,0.0567,0.013,0.0454,-0.0194
2025-12-02,COP,-0.0107,0.0095,0.0257,-0.0068
2025-12-03,COP,0.0282,0.0095,0.0257,-0.0068
2025-12-04,COP,0.0143,0.0095,0.0257,-0.0068
2025-12-05,COP,0.0061,0.0095,0.0257,-0.0068
2025-12-02,COR,-0.0262,-0.0143,0.0107,-0.0393
2025-12-03,COR,-0.0438,-0.0143,0.0107,-0.0393
2025-12-04,COR,0.0069,-0.0143,0.0107,-0.0393
2025-12-05,COR,0.006,-0.0143,0.0107,-0.0393
2025-12-02,CORN,0.008,-0.0007,0.0086,-0.0101
2025-12-03,CORN,-0.0133,-0.0007,0.0086,-0.0101
2025-12-04,CORN,0.0045,-0.0007,0.0086,-0.0101
2025-12-05,CORN,-0.0022,-0.0007,0.0086,-0.0101
2025-12-02,COST,0.011,-0.0047,0.0122,-0.0215
2025-12-03,COST,0.0002,-0.0047,0.0122,-0.0215
2025-12-04,COST,-0.0286,-0.0047,0.0122,-0.0215
2025-12-05,COST,-0.0013,-0.0047,0.0122,-0.0215
2025-12-02,CPAY,-0.0045,0.0121,0.0364,-0.0122
2025-12-03,CPAY,0.0167,0.0121,0.0364,-0.0122
2025-12-04,CPAY,-0.0083,0.0121,0.0364,-0.0122
2025-12-05,CPAY,0.0446,0.0121,0.0364,-0.0122
2025-12-02,CPB,-0.0229,-0.0081,0.0059,-0.0221
2025-12-03,CPB,-0.0017,-0.0081,0.0059,-0.0221
2025-12-04,CPB,-0.0161,-0.0081,0.0059,-0.0221
2025-12-05,CPB,0.0082,-0.0081,0.0059,-0.0221
2025-12-02,CPER,-0.0046,0.0082,0.0245,-0.0081
2025-12-03,CPER,0.0277,0.0082,0.0245,-0.0081
2025-12-04,CPER,-0.0058,0.0082,0.0245,-0.0081
2025-12-05,CPER,0.0155,0.0082,0.0245,-0.0081
2025-12-02,CPRT,-0.0049,-0.0028,-0.0012,-0.0043
2025-12-03,CPRT,-0.0028,-0.0028,-0.0012,-0.0043
2025-12-04,CPRT,-0.0013,-0.0028,-0.0012,-0.0043
2025-12-05,CPRT,-0.0021,-0.0028,-0.0012,-0.0043
2025-12-02,CPT,-0.0006,-0.0052,-0.0013,-0.009
2025-12-03,CPT,-0.0042,-0.0052,-0.0013,-0.009
2025-12-04,CPT,-0.0099,-0.0052,-0.0013,-0.009
2025-12-05,CPT,-0.006,-0.0052,-0.0013,-0.009
2025-12-02,CRESY,-0.0139,0.0,0.024,-0.024
2025-12-03,CRESY,0.0353,0.0,0.024,-0.024
2025-12-04,CRESY,-0.0051,0.0,0.024,-0.024
2025-12-05,CRESY,-0.0163,0.0,0.024,-0.024
2025-12-02,CRL,-0.0076,0.0118,0.042,-0.0184
2025-12-03,CRL,0.0567,0.0118,0.042,-0.0184
2025-12-04,CRL,-0.0034,0.0118,0.042,-0.0184
2025-12-05,CRL,0.0015,0.0118,0.042,-0.0184
2025-12-02,CRM,0.0081,0.0287,0.0488,0.0086
2025-12-03,CRM,0.0171,0.0287,0.0488,0.0086
2025-12-04,CRM,0.0366,0.0287,0.0488,0.0086
2025-12-05,CRM,0.053,0.0287,0.0488,0.0086
2025-12-02,CRWD,0.0246,0.0041,0.0241,-0.016
2025-12-03,CRWD,0.0148,0.0041,0.0241,-0.016
2025-12-04,CRWD,-0.0211,0.0041,0.0241,-0.016
2025-12-05,CRWD,-0.0021,0.0041,0.0241,-0.016
2025-12-02,CSCO,0.0109,0.0063,0.012,0.0005
2025-12-03,CSCO,0.0114,0.0063,0.012,0.0005
2025-12-04,CSCO,0.0001,0.0063,0.012,0.0005
2025-12-05,CSCO,0.0027,0.0063,0.012,0.0005
2025-12-02,CSGP,0.0026,0.0,0.01,-0.01
2025-12-03,CSGP,0.012,0.0,0.01,-0.01
2025-12-04,CSGP,-0.012,0.0,0.01,-0.01
2025-12-05,CSGP,-0.0026,0.0,0.01,-0.01
2025-12-02,CSX,0.0034,0.0103,0.0222,-0.0016
2025-12-03,CSX,0.028,0.0103,0.0222,-0.0016
2025-12-04,CSX,0.0064,0.0103,0.0222,-0.0016
2025-12-05,CSX,0.0033,0.0103,0.0222,-0.0016
2025-12-02,CTAS,-0.0067,0.0018,0.0113,-0.0077
2025-12-03,CTAS,0.0028,0.0018,0.0113,-0.0077
2025-12-04,CTAS,-0.0037,0.0018,0.0113,-0.0077
2025-12-05,CTAS,0.0148,0.0018,0.0113,-0.0077
2025-12-02,CTRA,-0.0208,0.0042,0.0247,-0.0163
2025-12-03,CTRA,0.0292,0.0042,0.0247,-0.0163
2025-12-04,CTRA,0.0066,0.0042,0.0247,-0.0163
2025-12-05,CTRA,0.0018,0.0042,0.0247,-0.0163
2025-12-02,CTSH,0.0034,0.0105,0.0178,0.0032
2025-12-03,CTSH,0.02,0.0105,0.0178,0.0032
2025-12-04,CTSH,0.0121,0.0105,0.0178,0.0032
2025-12-05,CTSH,0.0065,0.0105,0.0178,0.0032
2025-12-02,CTVA,-0.0141,-0.002,0.0103,-0.0143
2025-12-03,CTVA,-0.0046,-0.002,0.0103,-0.0143
2025-12-04,CTVA,0.0152,-0.002,0.0103,-0.0143
2025-12-05,CTVA,-0.0044,-0.002,0.0103,-0.0143
2025-12-02,CVS,-0.0187,-0.011,0.0133,-0.0352
2025-12-03,CVS,-0.0338,-0.011,0.0133,-0.0352
2025-12-04,CVS,0.0233,-0.011,0.0133,-0.0352
2025-12-05,CVS,-0.0146,-0.011,0.0133,-0.0352
2025-12-02,CVX,-0.015,-0.0041,0.0085,-0.0167
2025-12-03,CVX,0.0089,-0.0041,0.0085,-0.0167
2025-12-04,CVX,0.0044,-0.0041,0.0085,-0.0167
2025-12-05,CVX,-0.0148,-0.0041,0.0085,-0.0167
2025-12-02,D,-0.0074,-0.0096,-0.0008,-0.0184
2025-12-03,D,-0.0053,-0.0096,-0.0008,-0.0184
2025-12-04,D,-0.0032,-0.0096,-0.0008,-0.0184
2025-12-05,D,-0.0226,-0.0096,-0.0008,-0.0184
2025-12-02,DAL,0.0154,0.0114,0.03,-0.0072
2025-12-03,DAL,0.0361,0.0114,0.03,-0.0072
2025-12-04,DAL,-0.0037,0.0114,0.03,-0.0072
2025-12-05,DAL,-0.0021,0.0114,0.03,-0.0072
2025-12-02,DASH,0.0555,0.0231,0.0484,-0.0023
2025-12-03,DASH,0.0253,0.0231,0.0484,-0.0023
2025-12-04,DASH,-0.0058,0.0231,0.0484,-0.0023
2025-12-05,DASH,0.0172,0.0231,0.0484,-0.0023
2025-12-02,DAY,-0.0001,-0.0002,0.0001,-0.0005
2025-12-03,DAY,-0.0001,-0.0002,0.0001,-0.0005
2025-12-04,DAY,0.0001,-0.0002,0.0001,-0.0005
2025-12-05,DAY,-0.0006,-0.0002,0.0001,-0.0005
2025-12-02,DBA,0.0046,0.0022,0.0046,-0.0002
2025-12-03,DBA,-0.0011,0.0022,0.0046,-0.0002
2025-12-04,DBA,0.003,0.0022,0.0046,-0.0002
2025-12-05,DBA,0.0023,0.0022,0.0046,-0.0002
2025-12-02,DBB,-0.0055,0.0048,0.0147,-0.0051
2025-12-03,DBB,0.016,0.0048,0.0147,-0.0051
2025-12-04,DBB,-0.0013,0.0048,0.0147,-0.0051
2025-12-05,DBB,0.0099,0.0048,0.0147,-0.0051
2025-12-02,DBC,-0.0043,0.0023,0.0069,-0.0023
2025-12-03,DBC,0.0048,0.0023,0.0069,-0.0023
2025-12-04,DBC,0.0026,0.0023,0.0069,-0.0023
2025-12-05,DBC,0.006,0.0023,0.0069,-0.0023
2025-12-02,DD,-0.0098,0.0038,0.0148,-0.0073
2025-12-03,DD,0.0035,0.0038,0.0148,-0.0073
2025-12-04,DD,0.004,0.0038,0.0148,-0.0073
2025-12-05,DD,0.0173,0.0038,0.0148,-0.0073
2025-12-02,DDOG,-0.009,-0.0104,-0.0046,-0.0163
2025-12-03,DDOG,-0.0042,-0.0104,-0.0046,-0.0163
2025-12-04,DDOG,-0.0182,-0.0104,-0.0046,-0.0163
2025-12-05,DDOG,-0.0104,-0.0104,-0.0046,-0.0163
2025-12-02,DE,0.0022,0.0038,0.0216,-0.014
2025-12-03,DE,0.027,0.0038,0.0216,-0.014
2025-12-04,DE,0.0025,0.0038,0.0216,-0.014
2025-12-05,DE,-0.0164,0.0038,0.0216,-0.014
2025-12-02,DECK,-0.0027,0.0204,0.0389,0.0019
2025-12-03,DECK,0.0349,0.0204,0.0389,0.0019
2025-12-04,DECK,0.0135,0.0204,0.0389,0.0019
2025-12-05,DECK,0.0358,0.0204,0.0389,0.0019
2025-12-02,DELL,0.0292,0.0129,0.0393,-0.0135
2025-12-03,DELL,-0.0171,0.0129,0.0393,-0.0135
2025-12-04,DELL,0.0401,0.0129,0.0393,-0.0135
2025-12-05,DELL,-0.0006,0.0129,0.0393,-0.0135
2025-12-02,DG,0.0063,0.0504,0.1155,-0.0147
2025-12-03,DG,-0.0013,0.0504,0.1155,-0.0147
2025-12-04,DG,0.1401,0.0504,0.1155,-0.0147
2025-12-05,DG,0.0565,0.0504,0.1155,-0.0147
2025-12-02,DGX,-0.0066,-0.0017,0.0062,-0.0096
2025-12-03,DGX,0.0003,-0.0017,0.0062,-0.0096
2025-12-04,DGX,0.0086,-0.0017,0.0062,-0.0096
2025-12-05,DGX,-0.0091,-0.0017,0.0062,-0.0096
2025-12-02,DHI,0.0069,0.0023,0.0316,-0.027
2025-12-03,DHI,0.0413,0.0023,0.0316,-0.027
2025-12-04,DHI,-0.0259,0.0023,0.0316,-0.027
2025-12-05,DHI,-0.0131,0.0023,0.0316,-0.027
2025-12-02,DHR,0.0109,0.0024,0.0108,-0.0061
2025-12-03,DHR,0.0083,0.0024,0.0108,-0.0061
2025-12-04,DHR,-0.0058,0.0024,0.0108,-0.0061
2025-12-05,DHR,-0.0039,0.0024,0.0108,-0.0061
2025-12-02,DHT,-0.0047,-0.0027,0.0056,-0.011
2025-12-03,DHT,0.0062,-0.0027,0.0056,-0.011
2025-12-04,DHT,-0.0132,-0.0027,0.0056,-0.011
2025-12-05,DHT,0.0008,-0.0027,0.0056,-0.011
2025-12-02,DIA,0.0041,0.0035,0.0075,-0.0004
2025-12-03,DIA,0.0087,0.0035,0.0075,-0.0004
2025-12-04,DIA,-0.0007,0.0035,0.0075,-0.0004
2025-12-05,DIA,0.002,0.0035,0.0075,-0.0004
2025-12-02,DIS,-0.0182,-0.0034,0.0077,-0.0145
2025-12-03,DIS,0.0087,-0.0034,0.0077,-0.0145
2025-12-04,DIS,-0.0026,-0.0034,0.0077,-0.0145
2025-12-05,DIS,-0.0016,-0.0034,0.0077,-0.0145
2025-12-02,DJI,0.0039,0.0035,0.0074,-0.0004
2025-12-03,DJI,0.0086,0.0035,0.0074,-0.0004
2025-12-04,DJI,-0.0007,0.0035,0.0074,-0.0004
2025-12-05,DJI,0.0022,0.0035,0.0074,-0.0004
2025-12-02,DLR,0.0007,0.0131,0.0236,0.0026
2025-12-03,DLR,0.0204,0.0131,0.0236,0.0026
2025-12-04,DLR,0.0083,0.0131,0.0236,0.0026
2025-12-05,DLR,0.023,0.0131,0.0236,0.0026
2025-12-02,DLTR,-0.0082,0.0277,0.0548,0.0006
2025-12-03,DLTR,0.0361,0.0277,0.0548,0.0006
2025-12-04,DLTR,0.0261,0.0277,0.0548,0.0006
2025-12-05,DLTR,0.0567,0.0277,0.0548,0.0006
2025-12-02,DOC,-0.0082,-0.0164,0.0005,-0.0332
2025-12-03,DOC,-0.0416,-0.0164,0.0005,-0.0332
2025-12-04,DOC,-0.0064,-0.0164,0.0005,-0.0332
2025-12-05,DOC,-0.0093,-0.0164,0.0005,-0.0332
2025-12-02,DOV,0.014,0.0083,0.0154,0.0012
2025-12-03,DOV,0.0149,0.0083,0.0154,0.0012
2025-12-04,DOV,0.0019,0.0083,0.0154,0.0012
2025-12-05,DOV,0.0024,0.0083,0.0154,0.0012
2025-12-02,DOW,0.0008,-0.0093,0.0099,-0.0284
2025-12-03,DOW,-0.0042,-0.0093,0.0099,-0.0284
2025-12-04,DOW,-0.0375,-0.0093,0.0099,-0.0284
2025-12-05,DOW,0.0039,-0.0093,0.0099,-0.0284
2025-12-02,DPZ,0.0019,-0.0042,0.0134,-0.0218
2025-12-03,DPZ,0.0166,-0.0042,0.0134,-0.0218
2025-12-04,DPZ,-0.0107,-0.0042,0.0134,-0.0218
2025-12-05,DPZ,-0.0246,-0.0042,0.0134,-0.0218
2025-12-02,DRI,0.004,0.0054,0.0143,-0.0035
2025-12-03,DRI,0.0153,0.0054,0.0143,-0.0035
2025-12-04,DRI,-0.006,0.0054,0.0143,-0.0035
2025-12-05,DRI,0.0083,0.0054,0.0143,-0.0035
2025-12-02,DTE,-0.0129,-0.0038,0.0073,-0.0149
2025-12-03,DTE,0.0124,-0.0038,0.0073,-0.0149
2025-12-04,DTE,-0.0077,-0.0038,0.0073,-0.0149
2025-12-05,DTE,-0.007,-0.0038,0.0073,-0.0149
2025-12-02,DUK,-0.0088,-0.0089,-0.0061,-0.0117
2025-12-03,DUK,-0.0089,-0.0089,-0.0061,-0.0117
2025-12-04,DUK,-0.0055,-0.0089,-0.0061,-0.0117
2025-12-05,DUK,-0.0123,-0.0089,-0.0061,-0.0117
2025-12-02,DVA,-0.0005,-0.0039,0.0009,-0.0087
2025-12-03,DVA,-0.0078,-0.0039,0.0009,-0.0087
2025-12-04,DVA,-0.0082,-0.0039,0.0009,-0.0087
2025-12-05,DVA,0.0009,-0.0039,0.0009,-0.0087
2025-12-02,DVN,-0.0158,-0.0026,0.009,-0.0141
2025-12-03,DVN,0.0115,-0.0026,0.009,-0.0141
2025-12-04,DVN,0.0005,-0.0026,0.009,-0.0141
2025-12-05,DVN,-0.0064,-0.0026,0.009,-0.0141
2025-12-02,DXCM,0.0146,0.0077,0.0124,0.0029
2025-12-03,DXCM,0.0062,0.0077,0.0124,0.0029
2025-12-04,DXCM,0.0062,0.0077,0.0124,0.0029
2025-12-05,DXCM,0.0037,0.0077,0.0124,0.0029
2025-12-02,EA,0.0031,0.0016,0.003,0.0002
2025-12-03,EA,-0.0001,0.0016,0.003,0.0002
2025-12-04,EA,0.0011,0.0016,0.003,0.0002
2025-12-05,EA,0.0024,0.0016,0.003,0.0002
2025-12-02,EBAY,0.0022,-0.0008,0.0061,-0.0077
2025-12-03,EBAY,-0.011,-0.0008,0.0061,-0.0077
2025-12-04,EBAY,0.0016,-0.0008,0.0061,-0.0077
2025-12-05,EBAY,0.0041,-0.0008,0.0061,-0.0077
2025-12-02,EC,-0.004,-0.0014,0.0153,-0.0181
2025-12-03,EC,0.0222,-0.0014,0.0153,-0.0181
2025-12-04,EC,-0.0069,-0.0014,0.0153,-0.0181
2025-12-05,EC,-0.0169,-0.0014,0.0153,-0.0181
2025-12-02,ECH,0.0159,0.0033,0.0143,-0.0078
2025-12-03,ECH,0.0086,0.0033,0.0143,-0.0078
2025-12-04,ECH,-0.0028,0.0033,0.0143,-0.0078
2025-12-05,ECH,-0.0086,0.0033,0.0143,-0.0078
2025-12-02,ECL,-0.0072,-0.0122,-0.0013,-0.0232
2025-12-03,ECL,-0.0242,-0.0122,-0.0013,-0.0232
2025-12-04,ECL,0.0003,-0.0122,-0.0013,-0.0232
2025-12-05,ECL,-0.0179,-0.0122,-0.0013,-0.0232
2025-12-02,ED,-0.0103,-0.0033,0.0026,-0.0091
2025-12-03,ED,-0.0043,-0.0033,0.0026,-0.0091
2025-12-04,ED,-0.0024,-0.0033,0.0026,-0.0091
2025-12-05,ED,0.0039,-0.0033,0.0026,-0.0091
2025-12-02,EDEN,0.0028,0.0034,0.0053,0.0015
2025-12-03,EDEN,0.0055,0.0034,0.0053,0.0015
2025-12-04,EDEN,0.0043,0.0034,0.0053,0.0015
2025-12-05,EDEN,0.001,0.0034,0.0053,0.0015
2025-12-02,EDV,0.0007,-0.0027,0.0028,-0.0082
2025-12-03,EDV,0.0033,-0.0027,0.0028,-0.0082
2025-12-04,EDV,-0.0072,-0.0027,0.0028,-0.0082
2025-12-05,EDV,-0.0076,-0.0027,0.0028,-0.0082
2025-12-02,EFNL,0.0046,0.0037,0.0102,-0.0028
2025-12-03,EFNL,0.0124,0.0037,0.0102,-0.0028
2025-12-04,EFNL,0.0004,0.0037,0.0102,-0.0028
2025-12-05,EFNL,-0.0026,0.0037,0.0102,-0.0028
2025-12-02,EFX,-0.0013,0.0031,0.007,-0.0008
2025-12-03,EFX,0.0052,0.0031,0.007,-0.0008
2025-12-04,EFX,0.0073,0.0031,0.007,-0.0008
2025-12-05,EFX,0.0011,0.0031,0.007,-0.0008
2025-12-02,EG,0.0004,-0.0017,0.0057,-0.0091
2025-12-03,EG,0.0058,-0.0017,0.0057,-0.0091
2025-12-04,EG,-0.001,-0.0017,0.0057,-0.0091
2025-12-05,EG,-0.0119,-0.0017,0.0057,-0.0091
2025-12-02,EIDO,0.0069,0.0004,0.0055,-0.0047
2025-12-03,EIDO,-0.0048,0.0004,0.0055,-0.0047
2025-12-04,EIDO,-0.0021,0.0004,0.0055,-0.0047
2025-12-05,EIDO,0.0016,0.0004,0.0055,-0.0047
2025-12-02,EIRL,-0.0075,-0.0026,0.0022,-0.0075
2025-12-03,EIRL,0.0023,-0.0026,0.0022,-0.0075
2025-12-04,EIRL,-0.006,-0.0026,0.0022,-0.0075
2025-12-05,EIRL,0.0007,-0.0026,0.0022,-0.0075
2025-12-02,EIS,0.0161,0.0084,0.0167,0.0
2025-12-03,EIS,0.0147,0.0084,0.0167,0.0
2025-12-04,EIS,0.0036,0.0084,0.0167,0.0
2025-12-05,EIS,-0.0009,0.0084,0.0167,0.0
2025-12-02,EIX,-0.017,-0.0001,0.0115,-0.0117
2025-12-03,EIX,0.0028,-0.0001,0.0115,-0.0117
2025-12-04,EIX,0.0044,-0.0001,0.0115,-0.0117
2025-12-05,EIX,0.0094,-0.0001,0.0115,-0.0117
2025-12-02,EL,0.0521,0.0266,0.0442,0.0089
2025-12-03,EL,0.024,0.0266,0.0442,0.0089
2025-12-04,EL,0.0175,0.0266,0.0442,0.0089
2025-12-05,EL,0.0126,0.0266,0.0442,0.0089
2025-12-02,ELV,0.0038,0.0008,0.0079,-0.0062
2025-12-03,ELV,-0.0005,0.0008,0.0079,-0.0062
2025-12-04,ELV,0.0083,0.0008,0.0079,-0.0062
2025-12-05,ELV,-0.0082,0.0008,0.0079,-0.0062
2025-12-02,EME,-0.0023,0.0067,0.0306,-0.0172
2025-12-03,EME,0.0093,0.0067,0.0306,-0.0172
2025-12-04,EME,0.0382,0.0067,0.0306,-0.0172
2025-12-05,EME,-0.0185,0.0067,0.0306,-0.0172
2025-12-02,EMN,-0.0155,-0.0016,0.0141,-0.0174
2025-12-03,EMN,0.0095,-0.0016,0.0141,-0.0174
2025-12-04,EMN,-0.0148,-0.0016,0.0141,-0.0174
2025-12-05,EMN,0.0143,-0.0016,0.0141,-0.0174
2025-12-02,EMR,-0.0008,0.0102,0.0205,-0.0001
2025-12-03,EMR,0.0231,0.0102,0.0205,-0.0001
2025-12-04,EMR,0.013,0.0102,0.0205,-0.0001
2025-12-05,EMR,0.0055,0.0102,0.0205,-0.0001
2025-12-02,ENZL,0.0074,0.0028,0.0084,-0.0027
2025-12-03,ENZL,0.0076,0.0028,0.0084,-0.0027
2025-12-04,ENZL,-0.0035,0.0028,0.0084,-0.0027
2025-12-05,ENZL,-0.0002,0.0028,0.0084,-0.0027
2025-12-02,EOG,-0.0059,0.0056,0.0178,-0.0066
2025-12-03,EOG,0.0225,0.0056,0.0178,-0.0066
2025-12-04,EOG,0.0058,0.0056,0.0178,-0.0066
2025-12-05,EOG,0.0001,0.0056,0.0178,-0.0066
2025-12-02,EPAM,0.0135,0.0169,0.0301,0.0038
2025-12-03,EPAM,0.0363,0.0169,0.0301,0.0038
2025-12-04,EPAM,0.0075,0.0169,0.0301,0.0038
2025-12-05,EPAM,0.0104,0.0169,0.0301,0.0038
2025-12-02,EPHE,-0.0071,-0.005,0.0137,-0.0236
2025-12-03,EPHE,-0.0152,-0.005,0.0137,-0.0236
2025-12-04,EPHE,-0.0194,-0.005,0.0137,-0.0236
2025-12-05,EPHE,0.0219,-0.005,0.0137,-0.0236
2025-12-02,EPOL,-0.0074,-0.0034,-0.0007,-0.0062
2025-12-03,EPOL,-0.0012,-0.0034,-0.0007,-0.0062
2025-12-04,EPOL,-0.0024,-0.0034,-0.0007,-0.0062
2025-12-05,EPOL,-0.0027,-0.0034,-0.0007,-0.0062
2025-12-02,EPU,0.0015,0.0094,0.0195,-0.0007
2025-12-03,EPU,0.021,0.0094,0.0195,-0.0007
2025-12-04,EPU,0.0147,0.0094,0.0195,-0.0007
2025-12-05,EPU,0.0004,0.0094,0.0195,-0.0007
2025-12-02,EQIX,-0.008,0.0029,0.0173,-0.0115
2025-12-03,EQIX,0.0073,0.0029,0.0173,-0.0115
2025-12-04,EQIX,-0.009,0.0029,0.0173,-0.0115
2025-12-05,EQIX,0.0213,0.0029,0.0173,-0.0115
2025-12-02,EQR,0.0088,-0.0015,0.0065,-0.0096
2025-12-03,EQR,0.0008,-0.0015,0.0065,-0.0096
2025-12-04,EQR,-0.0068,-0.0015,0.0065,-0.0096
2025-12-05,EQR,-0.0089,-0.0015,0.0065,-0.0096
2025-12-02,EQT,-0.0317,0.0011,0.0345,-0.0323
2025-12-03,EQT,0.0439,0.0011,0.0345,-0.0323
2025-12-04,EQT,-0.018,0.0011,0.0345,-0.0323
2025-12-05,EQT,0.0102,0.0011,0.0345,-0.0323
2025-12-02,ERIE,0.0075,0.0023,0.0124,-0.0077
2025-12-03,ERIE,0.0009,0.0023,0.0124,-0.0077
2025-12-04,ERIE,0.0121,0.0023,0.0124,-0.0077
2025-12-05,ERIE,-0.0111,0.0023,0.0124,-0.0077
2025-12-02,ES,-0.0036,0.0008,0.0113,-0.0098
2025-12-03,ES,-0.0051,0.0008,0.0113,-0.0098
2025-12-04,ES,0.0165,0.0008,0.0113,-0.0098
2025-12-05,ES,-0.0048,0.0008,0.0113,-0.0098
2025-12-02,ES=F,0.0019,0.002,0.0034,0.0005
2025-12-03,ES=F,0.0038,0.002,0.0034,0.0005
2025-12-04,ES=F,0.0003,0.002,0.0034,0.0005
2025-12-05,ES=F,0.0018,0.002,0.0034,0.0005
2025-12-02,ESS,0.0019,-0.0047,0.0003,-0.0096
2025-12-03,ESS,-0.0036,-0.0047,0.0003,-0.0096
2025-12-04,ESS,-0.0085,-0.0047,0.0003,-0.0096
2025-12-05,ESS,-0.0085,-0.0047,0.0003,-0.0096
2025-12-02,ETN,-0.0194,-0.0014,0.012,-0.0148
2025-12-03,ETN,0.0074,-0.0014,0.012,-0.0148
2025-12-04,ETN,0.01,-0.0014,0.012,-0.0148
2025-12-05,ETN,-0.0037,-0.0014,0.012,-0.0148
2025-12-02,ETR,-0.0171,-0.0009,0.0119,-0.0137
2025-12-03,ETR,0.0137,-0.0009,0.0119,-0.0137
2025-12-04,ETR,0.0023,-0.0009,0.0119,-0.0137
2025-12-05,ETR,-0.0025,-0.0009,0.0119,-0.0137
2025-12-02,EVRG,-0.0131,-0.0075,-0.0034,-0.0116
2025-12-03,EVRG,-0.0032,-0.0075,-0.0034,-0.0116
2025-12-04,EVRG,-0.0065,-0.0075,-0.0034,-0.0116
2025-12-05,EVRG,-0.0072,-0.0075,-0.0034,-0.0116
2025-12-02,EW,-0.0066,0.0028,0.0165,-0.011
2025-12-03,EW,-0.0086,0.0028,0.0165,-0.011
2025-12-04,EW,0.0214,0.0028,0.0165,-0.011
2025-12-05,EW,0.0048,0.0028,0.0165,-0.011
2025-12-02,EWA,0.0078,0.0059,0.0086,0.0031
2025-12-03,EWA,0.0077,0.0059,0.0086,0.0031
2025-12-04,EWA,0.0061,0.0059,0.0086,0.0031
2025-12-05,EWA,0.0019,0.0059,0.0086,0.0031
2025-12-02,EWC,-0.0008,0.0052,0.0103,0.0002
2025-12-03,EWC,0.0063,0.0052,0.0103,0.0002
2025-12-04,EWC,0.0114,0.0052,0.0103,0.0002
2025-12-05,EWC,0.0041,0.0052,0.0103,0.0002
2025-12-02,EWD,0.0006,0.0041,0.0069,0.0014
2025-12-03,EWD,0.0034,0.0041,0.0069,0.0014
2025-12-04,EWD,0.0067,0.0041,0.0069,0.0014
2025-12-05,EWD,0.0058,0.0041,0.0069,0.0014
2025-12-02,EWG,0.0091,0.0055,0.0087,0.0022
2025-12-03,EWG,0.0015,0.0055,0.0087,0.0022
2025-12-04,EWG,0.0046,0.0055,0.0087,0.0022
2025-12-05,EWG,0.0066,0.0055,0.0087,0.0022
2025-12-02,EWH,-0.0036,-0.0024,0.0014,-0.0061
2025-12-03,EWH,0.0023,-0.0024,0.0014,-0.0061
2025-12-04,EWH,-0.0067,-0.0024,0.0014,-0.0061
2025-12-05,EWH,-0.0014,-0.0024,0.0014,-0.0061
2025-12-02,EWI,0.0065,0.0016,0.0067,-0.0036
2025-12-03,EWI,0.0055,0.0016,0.0067,-0.0036
2025-12-04,EWI,-0.0026,0.0016,0.0067,-0.0036
2025-12-05,EWI,-0.0032,0.0016,0.0067,-0.0036
2025-12-02,EWJ,-0.0007,0.0036,0.0094,-0.0023
2025-12-03,EWJ,0.0017,0.0036,0.0094,-0.0023
2025-12-04,EWJ,0.0122,0.0036,0.0094,-0.0023
2025-12-05,EWJ,0.001,0.0036,0.0094,-0.0023
2025-12-03,EWK,0.0041,0.0021,0.0062,-0.0021
2025-12-04,EWK,-0.0026,0.0021,0.0062,-0.0021
2025-12-05,EWK,0.0067,0.0021,0.0062,-0.0021
2025-12-02,EWL,0.0091,0.0027,0.0075,-0.0022
2025-12-03,EWL,0.0022,0.0027,0.0075,-0.0022
2025-12-04,EWL,-0.0028,0.0027,0.0075,-0.0022
2025-12-05,EWL,0.0021,0.0027,0.0075,-0.0022
2025-12-02,EWM,0.0026,0.0004,0.0041,-0.0033
2025-12-03,EWM,0.0023,0.0004,0.0041,-0.0033
2025-12-04,EWM,-0.0052,0.0004,0.0041,-0.0033
2025-12-05,EWM,0.0019,0.0004,0.0041,-0.0033
2025-12-02,EWN,0.0043,0.001,0.0088,-0.0068
2025-12-03,EWN,0.0104,0.001,0.0088,-0.0068
2025-12-04,EWN,-0.0068,0.001,0.0088,-0.0068
2025-12-05,EWN,-0.0039,0.001,0.0088,-0.0068
2025-12-02,EWO,0.0118,0.0037,0.0101,-0.0027
2025-12-03,EWO,0.0012,0.0037,0.0101,-0.0027
2025-12-04,EWO,0.0051,0.0037,0.0101,-0.0027
2025-12-05,EWO,-0.0033,0.0037,0.0101,-0.0027
2025-12-02,EWP,0.0087,0.0035,0.0093,-0.0023
2025-12-03,EWP,0.0075,0.0035,0.0093,-0.0023
2025-12-04,EWP,0.0015,0.0035,0.0093,-0.0023
2025-12-05,EWP,-0.0038,0.0035,0.0093,-0.0023
2025-12-02,EWQ,0.0007,0.0012,0.0059,-0.0035
2025-12-03,EWQ,0.0079,0.0012,0.0059,-0.0035
2025-12-04,EWQ,-0.0009,0.0012,0.0059,-0.0035
2025-12-05,EWQ,-0.0029,0.0012,0.0059,-0.0035
2025-12-02,EWS,0.0075,-0.0015,0.0049,-0.0079
2025-12-03,EWS,-0.0018,-0.0015,0.0049,-0.0079
2025-12-04,EWS,-0.0046,-0.0015,0.0049,-0.0079
2025-12-05,EWS,-0.0071,-0.0015,0.0049,-0.0079
2025-12-02,EWT,0.0078,0.0048,0.0125,-0.003
2025-12-03,EWT,0.0034,0.0048,0.0125,-0.003
2025-12-04,EWT,-0.0052,0.0048,0.0125,-0.003
2025-12-05,EWT,0.013,0.0048,0.0125,-0.003
2025-12-02,EWU,0.0019,0.0017,0.0082,-0.0047
2025-12-03,EWU,0.0105,0.0017,0.0082,-0.0047
2025-12-04,EWU,-0.0009,0.0017,0.0082,-0.0047
2025-12-05,EWU,-0.0046,0.0017,0.0082,-0.0047
2025-12-02,EWW,0.0037,0.0008,0.0055,-0.0038
2025-12-03,EWW,-0.0041,0.0008,0.0055,-0.0038
2025-12-04,EWW,0.0057,0.0008,0.0055,-0.0038
2025-12-05,EWW,-0.002,0.0008,0.0055,-0.0038
2025-12-02,EWY,0.016,0.0101,0.0264,-0.0062
2025-12-03,EWY,0.0101,0.0101,0.0264,-0.0062
2025-12-04,EWY,-0.0122,0.0101,0.0264,-0.0062
2025-12-05,EWY,0.0265,0.0101,0.0264,-0.0062
2025-12-02,EWZ,0.0189,-0.006,0.0325,-0.0445
2025-12-03,EWZ,0.005,-0.006,0.0325,-0.0445
2025-12-04,EWZ,0.0152,-0.006,0.0325,-0.0445
2025-12-05,EWZ,-0.0631,-0.006,0.0325,-0.0445
2025-12-02,EXC,-0.0151,-0.0104,-0.0046,-0.0162
2025-12-03,EXC,-0.0102,-0.0104,-0.0046,-0.0162
2025-12-04,EXC,-0.0141,-0.0104,-0.0046,-0.0162
2025-12-05,EXC,-0.0023,-0.0104,-0.0046,-0.0162
2025-12-02,EXE,-0.0317,0.003,0.0345,-0.0285
2025-12-03,EXE,0.0439,0.003,0.0345,-0.0285
2025-12-04,EXE,-0.0065,0.003,0.0345,-0.0285
2025-12-05,EXE,0.0063,0.003,0.0345,-0.0285
2025-12-02,EXPD,0.0002,0.0085,0.0153,0.0016
2025-12-03,EXPD,0.011,0.0085,0.0153,0.0016
2025-12-04,EXPD,0.0163,0.0085,0.0153,0.0016
2025-12-05,EXPD,0.0064,0.0085,0.0153,0.0016
2025-12-02,EXPE,0.0183,0.0044,0.0217,-0.0129
2025-12-03,EXPE,-0.0049,0.0044,0.0217,-0.0129
2025-12-04,EXPE,-0.0154,0.0044,0.0217,-0.0129
2025-12-05,EXPE,0.0195,0.0044,0.0217,-0.0129
2025-12-02,EXR,0.0044,-0.0045,0.0027,-0.0117
2025-12-03,EXR,-0.0021,-0.0045,0.0027,-0.0117
2025-12-04,EXR,-0.0087,-0.0045,0.0027,-0.0117
2025-12-05,EXR,-0.0117,-0.0045,0.0027,-0.0117
2025-12-02,F,-0.0152,-0.0025,0.009,-0.0139
2025-12-03,F,0.01,-0.0025,0.009,-0.0139
2025-12-04,F,0.0038,-0.0025,0.009,-0.0139
2025-12-05,F,-0.0084,-0.0025,0.009,-0.0139
2025-12-02,FANG,-0.0012,0.0039,0.0132,-0.0054
2025-12-03,FANG,0.0154,0.0039,0.0132,-0.0054
2025-12-04,FANG,0.0071,0.0039,0.0132,-0.0054
2025-12-05,FANG,-0.0057,0.0039,0.0132,-0.0054
2025-12-02,FAST,0.008,0.0084,0.0188,-0.0021
2025-12-03,FAST,0.0185,0.0084,0.0188,-0.0021
2025-12-04,FAST,0.0129,0.0084,0.0188,-0.0021
2025-12-05,FAST,-0.006,0.0084,0.0188,-0.0021
2025-12-02,FCX,-0.0023,0.0123,0.0296,-0.0051
2025-12-03,FCX,0.0363,0.0123,0.0296,-0.0051
2025-12-04,FCX,0.0018,0.0123,0.0296,-0.0051
2025-12-05,FCX,0.0132,0.0123,0.0296,-0.0051
2025-12-02,FDS,0.0042,0.0121,0.0322,-0.0079
2025-12-03,FDS,0.0031,0.0121,0.0322,-0.0079
2025-12-04,FDS,-0.0008,0.0121,0.0322,-0.0079
2025-12-05,FDS,0.042,0.0121,0.0322,-0.0079
2025-12-02,FDX,-0.0109,0.0009,0.0108,-0.009
2025-12-03,FDX,0.0003,0.0009,0.0108,-0.009
2025-12-04,FDX,0.0133,0.0009,0.0108,-0.009
2025-12-05,FDX,0.0009,0.0009,0.0108,-0.009
2025-12-02,FE,-0.0166,-0.0083,-0.0019,-0.0146
2025-12-03,FE,-0.0094,-0.0083,-0.0019,-0.0146
2025-12-04,FE,-0.002,-0.0083,-0.0019,-0.0146
2025-12-05,FE,-0.0051,-0.0083,-0.0019,-0.0146
2025-12-02,FFIV,-0.0002,0.0099,0.0181,0.0017
2025-12-03,FFIV,0.0088,0.0099,0.0181,0.0017
2025-12-04,FFIV,0.0112,0.0099,0.0181,0.0017
2025-12-05,FFIV,0.0197,0.0099,0.0181,0.0017
2025-12-02,FICO,0.0057,0.0042,0.0142,-0.0058
2025-12-03,FICO,-0.0092,0.0042,0.0142,-0.0058
2025-12-04,FICO,0.0054,0.0042,0.0142,-0.0058
2025-12-05,FICO,0.015,0.0042,0.0142,-0.0058
2025-12-02,FIS,0.0091,0.0018,0.0165,-0.0129
2025-12-03,FIS,-0.0171,0.0018,0.0165,-0.0129
2025-12-04,FIS,-0.0015,0.0018,0.0165,-0.0129
2025-12-05,FIS,0.0168,0.0018,0.0165,-0.0129
2025-12-02,FISV,0.0088,0.0144,0.0454,-0.0166
2025-12-03,FISV,0.0587,0.0144,0.0454,-0.0166
2025-12-04,FISV,-0.0133,0.0144,0.0454,-0.0166
2025-12-05,FISV,0.0033,0.0144,0.0454,-0.0166
2025-12-02,FITB,-0.0009,0.0094,0.0228,-0.0041
2025-12-03,FITB,0.0274,0.0094,0.0228,-0.0041
2025-12-04,FITB,0.0118,0.0094,0.0228,-0.0041
2025-12-05,FITB,-0.0009,0.0094,0.0228,-0.0041
2025-12-02,FOXA,-0.0021,0.0075,0.0171,-0.0021
2025-12-03,FOXA,0.003,0.0075,0.0171,-0.0021
2025-12-04,FOXA,0.0202,0.0075,0.0171,-0.0021
2025-12-05,FOXA,0.009,0.0075,0.0171,-0.0021
2025-12-02,FRO,0.0197,0.0058,0.021,-0.0093
2025-12-03,FRO,0.0129,0.0058,0.021,-0.0093
2025-12-04,FRO,-0.0153,0.0058,0.021,-0.0093
2025-12-05,FRO,0.006,0.0058,0.021,-0.0093
2025-12-02,FRT,-0.0073,-0.0029,0.0026,-0.0083
2025-12-03,FRT,0.0029,-0.0029,0.0026,-0.0083
2025-12-04,FRT,-0.0077,-0.0029,0.0026,-0.0083
2025-12-05,FRT,0.0007,-0.0029,0.0026,-0.0083
2025-12-02,FSLR,-0.0037,-0.0056,0.0077,-0.0189
2025-12-03,FSLR,-0.0248,-0.0056,0.0077,-0.0189
2025-12-04,FSLR,0.0048,-0.0056,0.0077,-0.0189
2025-12-05,FSLR,0.0013,-0.0056,0.0077,-0.0189
2025-12-02,FTI,-0.007,0.0022,0.0208,-0.0164
2025-12-03,FTI,0.0298,0.0022,0.0208,-0.0164
2025-12-04,FTI,-0.0034,0.0022,0.0208,-0.0164
2025-12-05,FTI,-0.0105,0.0022,0.0208,-0.0164
2025-12-02,FTNT,0.0137,0.0153,0.0285,0.002
2025-12-03,FTNT,-0.0022,0.0153,0.0285,0.002
2025-12-04,FTNT,0.0292,0.0153,0.0285,0.002
2025-12-05,FTNT,0.0204,0.0153,0.0285,0.002
2025-12-02,FTV,0.007,0.0046,0.0086,0.0006
2025-12-03,FTV,0.0058,0.0046,0.0086,0.0006
2025-12-04,FTV,-0.0013,0.0046,0.0086,0.0006
2025-12-05,FTV,0.0069,0.0046,0.0086,0.0006
2025-12-02,FVX,-0.0038,0.0029,0.0146,-0.0088
2025-12-03,FVX,-0.0096,0.0029,0.0146,-0.0088
2025-12-04,FVX,0.016,0.0029,0.0146,-0.0088
2025-12-05,FVX,0.009,0.0029,0.0146,-0.0088
2025-12-02,FXA,0.0039,0.0037,0.0053,0.0021
2025-12-03,FXA,0.0054,0.0037,0.0053,0.0021
2025-12-04,FXA,0.0016,0.0037,0.0053,0.0021
2025-12-05,FXA,0.0039,0.0037,0.0053,0.0021
2025-12-02,FXB,0.0001,0.0023,0.0078,-0.0031
2025-12-03,FXB,0.0104,0.0023,0.0078,-0.0031
2025-12-04,FXB,-0.0015,0.0023,0.0078,-0.0031
2025-12-05,FXB,0.0003,0.0023,0.0078,-0.0031
2025-12-02,FXC,0.0016,0.0031,0.0072,-0.001
2025-12-03,FXC,0.0018,0.0031,0.0072,-0.001
2025-12-04,FXC,-0.0002,0.0031,0.0072,-0.001
2025-12-05,FXC,0.0091,0.0031,0.0072,-0.001
2025-12-02,FXE,0.0017,0.0008,0.003,-0.0013
2025-12-03,FXE,0.0034,0.0008,0.003,-0.0013
2025-12-04,FXE,-0.0015,0.0008,0.003,-0.0013
2025-12-05,FXE,-0.0003,0.0008,0.003,-0.0013
2025-12-02,FXY,-0.003,0.0002,0.0034,-0.003
2025-12-03,FXY,0.0046,0.0002,0.0034,-0.003
2025-12-04,FXY,0.0002,0.0002,0.0034,-0.003
2025-12-05,FXY,-0.0009,0.0002,0.0034,-0.003
2025-12-02,GD,0.0103,0.0037,0.0149,-0.0074
2025-12-03,GD,0.0068,0.0037,0.0149,-0.0074
2025-12-04,GD,0.0107,0.0037,0.0149,-0.0074
2025-12-05,GD,-0.0128,0.0037,0.0149,-0.0074
2025-12-02,GDDY,0.0029,0.0011,0.0124,-0.0103
2025-12-03,GDDY,0.0138,0.0011,0.0124,-0.0103
2025-12-04,GDDY,0.0014,0.0011,0.0124,-0.0103
2025-12-05,GDDY,-0.0138,0.0011,0.0124,-0.0103
2025-12-02,GDX,-0.0146,-0.0054,0.0023,-0.0131
2025-12-03,GDX,-0.0067,-0.0054,0.0023,-0.0131
2025-12-04,GDX,0.0041,-0.0054,0.0023,-0.0131
2025-12-05,GDX,-0.0044,-0.0054,0.0023,-0.0131
2025-12-02,GDXJ,-0.0091,-0.0037,0.001,-0.0084
2025-12-03,GDXJ,-0.005,-0.0037,0.001,-0.0084
2025-12-04,GDXJ,0.0022,-0.0037,0.001,-0.0084
2025-12-05,GDXJ,-0.0028,-0.0037,0.001,-0.0084
2025-12-02,GE,0.003,-0.0038,0.0128,-0.0205
2025-12-03,GE,-0.0029,-0.0038,0.0128,-0.0205
2025-12-04,GE,0.0117,-0.0038,0.0128,-0.0205
2025-12-05,GE,-0.0271,-0.0038,0.0128,-0.0205
2025-12-02,GEHC,0.0124,0.0193,0.0442,-0.0056
2025-12-03,GEHC,0.042,0.0193,0.0442,-0.0056
2025-12-04,GEHC,-0.0128,0.0193,0.0442,-0.0056
2025-12-05,GEHC,0.0356,0.0193,0.0442,-0.0056
2025-12-02,GEN,-0.0011,0.0078,0.0266,-0.0111
2025-12-03,GEN,0.0358,0.0078,0.0266,-0.0111
2025-12-04,GEN,-0.0048,0.0078,0.0266,-0.0111
2025-12-05,GEN,0.0011,0.0078,0.0266,-0.0111
2025-12-02,GEOS,-0.0291,0.0333,0.1054,-0.0387
2025-12-03,GEOS,0.1169,0.0333,0.1054,-0.0387
2025-12-04,GEOS,0.07,0.0333,0.1054,-0.0387
2025-12-05,GEOS,-0.0245,0.0333,0.1054,-0.0387
2025-12-02,GEV,0.0428,0.023,0.0472,-0.0012
2025-12-03,GEV,0.0006,0.023,0.0472,-0.0012
2025-12-04,GEV,0.0451,0.023,0.0472,-0.0012
2025-12-05,GEV,0.0035,0.023,0.0472,-0.0012
2025-12-02,GGB,0.0028,-0.0058,0.0312,-0.0429
2025-12-03,GGB,0.0251,-0.0058,0.0312,-0.0429
2025-12-04,GGB,0.0082,-0.0058,0.0312,-0.0429
2025-12-05,GGB,-0.0595,-0.0058,0.0312,-0.0429
2025-12-02,GILD,-0.0034,-0.0063,0.0056,-0.0181
2025-12-03,GILD,0.0088,-0.0063,0.0056,-0.0181
2025-12-04,GILD,-0.019,-0.0063,0.0056,-0.0181
2025-12-05,GILD,-0.0114,-0.0063,0.0056,-0.0181
2025-12-02,GIS,-0.0242,-0.0061,0.0068,-0.0189
2025-12-03,GIS,0.0059,-0.0061,0.0068,-0.0189
2025-12-04,GIS,-0.0048,-0.0061,0.0068,-0.0189
2025-12-05,GIS,-0.0011,-0.0061,0.0068,-0.0189
2025-12-02,GL,-0.0104,-0.0022,0.004,-0.0083
2025-12-03,GL,-0.0025,-0.0022,0.004,-0.0083
2025-12-05,GL,0.0042,-0.0022,0.004,-0.0083
2025-12-02,GLATF,0.027,0.0092,0.0521,-0.0338
2025-12-03,GLATF,0.0176,0.0092,0.0521,-0.0338
2025-12-04,GLATF,0.045,0.0092,0.0521,-0.0338
2025-12-05,GLATF,-0.053,0.0092,0.0521,-0.0338
2025-12-02,GLD,-0.0064,-0.0021,0.0009,-0.0051
2025-12-03,GLD,-0.0009,-0.0021,0.0009,-0.0051
2025-12-04,GLD,0.0006,-0.0021,0.0009,-0.0051
2025-12-05,GLD,-0.0018,-0.0021,0.0009,-0.0051
2025-12-02,GLW,0.0098,0.0092,0.0194,-0.0011
2025-12-03,GLW,-0.0019,0.0092,0.0194,-0.0011
2025-12-04,GLW,0.0227,0.0092,0.0194,-0.0011
2025-12-05,GLW,0.0061,0.0092,0.0194,-0.0011
2025-12-02,GM,0.0097,0.0104,0.013,0.0079
2025-12-03,GM,0.014,0.0104,0.013,0.0079
2025-12-04,GM,0.008,0.0104,0.013,0.0079
2025-12-05,GM,0.0101,0.0104,0.013,0.0079
2025-12-02,GNK,-0.0016,0.0058,0.0134,-0.0019
2025-12-03,GNK,0.0127,0.0058,0.0134,-0.0019
2025-12-05,GNK,0.012,0.0058,0.0134,-0.0019
2025-12-02,GNRC,0.0408,0.0214,0.0409,0.002
2025-12-03,GNRC,0.0249,0.0214,0.0409,0.002
2025-12-04,GNRC,0.0256,0.0214,0.0409,0.002
2025-12-05,GNRC,-0.0056,0.0214,0.0409,0.002
2025-12-02,GOOGL,0.0029,0.0051,0.0137,-0.0036
2025-12-03,GOOGL,0.0121,0.0051,0.0137,-0.0036
2025-12-04,GOOGL,-0.0063,0.0051,0.0137,-0.0036
2025-12-05,GOOGL,0.0115,0.0051,0.0137,-0.0036
2025-12-02,GPC,-0.0077,0.0005,0.0068,-0.0057
2025-12-03,GPC,0.004,0.0005,0.0068,-0.0057
2025-12-04,GPC,0.0066,0.0005,0.0068,-0.0057
2025-12-05,GPC,-0.0007,0.0005,0.0068,-0.0057
2025-12-02,GPN,0.0321,0.0085,0.028,-0.0109
2025-12-03,GPN,0.0161,0.0085,0.028,-0.0109
2025-12-04,GPN,-0.0028,0.0085,0.028,-0.0109
2025-12-05,GPN,-0.0112,0.0085,0.028,-0.0109
2025-12-02,GREK,0.0054,0.0006,0.0047,-0.0035
2025-12-03,GREK,-0.0041,0.0006,0.0047,-0.0035
2025-12-04,GREK,-0.0011,0.0006,0.0047,-0.0035
2025-12-05,GREK,0.0023,0.0006,0.0047,-0.0035
2025-12-02,GRMN,0.0015,0.0084,0.0136,0.0032
2025-12-03,GRMN,0.0116,0.0084,0.0136,0.0032
2025-12-04,GRMN,0.0132,0.0084,0.0136,0.0032
2025-12-05,GRMN,0.0074,0.0084,0.0136,0.0032
2025-12-02,GS,0.0054,0.0133,0.025,0.0015
2025-12-03,GS,0.0262,0.0133,0.025,0.0015
2025-12-04,GS,0.0015,0.0133,0.025,0.0015
2025-12-05,GS,0.02,0.0133,0.025,0.0015
2025-12-02,GWW,0.0172,0.008,0.0161,-0.0001
2025-12-03,GWW,0.0104,0.008,0.0161,-0.0001
2025-12-04,GWW,-0.0023,0.008,0.0161,-0.0001
2025-12-05,GWW,0.0068,0.008,0.0161,-0.0001
2025-12-02,HAL,0.0105,0.0167,0.0216,0.0117
2025-12-03,HAL,0.0182,0.0167,0.0216,0.0117
2025-12-04,HAL,0.0157,0.0167,0.0216,0.0117
2025-12-05,HAL,0.0223,0.0167,0.0216,0.0117
2025-12-02,HAS,-0.0126,-0.0048,0.0053,-0.0149
2025-12-03,HAS,0.01,-0.0048,0.0053,-0.0149
2025-12-04,HAS,-0.0075,-0.0048,0.0053,-0.0149
2025-12-05,HAS,-0.0092,-0.0048,0.0053,-0.0149
2025-12-02,HBAN,0.0012,0.0055,0.0225,-0.0115
2025-12-03,HBAN,0.029,0.0055,0.0225,-0.0115
2025-12-04,HBAN,0.0035,0.0055,0.0225,-0.0115
2025-12-05,HBAN,-0.0117,0.0055,0.0225,-0.0115
2025-12-02,HCA,-0.0053,-0.0081,0.0048,-0.0211
2025-12-03,HCA,-0.0271,-0.0081,0.0048,-0.0211
2025-12-04,HCA,0.0018,-0.0081,0.0048,-0.0211
2025-12-05,HCA,-0.002,-0.0081,0.0048,-0.0211
2025-12-02,HD,-0.0092,-0.0018,0.0128,-0.0164
2025-12-03,HD,0.011,-0.0018,0.0128,-0.0164
2025-12-04,HD,-0.0188,-0.0018,0.0128,-0.0164
2025-12-05,HD,0.0098,-0.0018,0.0128,-0.0164
2025-12-02,HIG,-0.003,-0.0114,-0.0045,-0.0182
2025-12-03,HIG,-0.0152,-0.0114,-0.0045,-0.0182
2025-12-04,HIG,-0.0089,-0.0114,-0.0045,-0.0182
2025-12-05,HIG,-0.0184,-0.0114,-0.0045,-0.0182
2025-12-02,HII,0.0018,-0.0015,0.0229,-0.0258
2025-12-03,HII,0.0066,-0.0015,0.0229,-0.0258
2025-12-04,HII,0.0215,-0.0015,0.0229,-0.0258
2025-12-05,HII,-0.0358,-0.0015,0.0229,-0.0258
2025-12-02,HLT,-0.0066,-0.0096,0.0002,-0.0194
2025-12-03,HLT,-0.0033,-0.0096,0.0002,-0.0194
2025-12-04,HLT,-0.0242,-0.0096,0.0002,-0.0194
2025-12-05,HLT,-0.0044,-0.0096,0.0002,-0.0194
2025-12-02,HLX,0.025,0.0189,0.0489,-0.0111
2025-12-03,HLX,0.0458,0.0189,0.0489,-0.0111
2025-12-04,HLX,0.0288,0.0189,0.0489,-0.0111
2025-12-05,HLX,-0.024,0.0189,0.0489,-0.0111
2025-12-02,HOLX,-0.0003,0.0004,0.0024,-0.0016
2025-12-03,HOLX,0.0025,0.0004,0.0024,-0.0016
2025-12-04,HOLX,-0.002,0.0004,0.0024,-0.0016
2025-12-05,HOLX,0.0015,0.0004,0.0024,-0.0016
2025-12-02,HON,0.0154,0.0015,0.0114,-0.0084
2025-12-03,HON,0.0017,0.0015,0.0114,-0.0084
2025-12-04,HON,-0.0064,0.0015,0.0114,-0.0084
2025-12-05,HON,-0.0047,0.0015,0.0114,-0.0084
2025-12-02,HOOD,0.022,0.0179,0.0587,-0.023
2025-12-03,HOOD,0.0611,0.0179,0.0587,-0.023
2025-12-04,HOOD,0.0257,0.0179,0.0587,-0.023
2025-12-05,HOOD,-0.0374,0.0179,0.0587,-0.023
2025-12-02,HPE,-0.0009,0.0156,0.0279,0.0032
2025-12-03,HPE,0.0155,0.0156,0.0279,0.0032
2025-12-04,HPE,0.0288,0.0156,0.0279,0.0032
2025-12-05,HPE,0.0188,0.0156,0.0279,0.0032
2025-12-02,HPQ,0.0312,0.0154,0.032,-0.0013
2025-12-03,HPQ,0.0016,0.0154,0.032,-0.0013
2025-12-04,HPQ,0.0282,0.0154,0.032,-0.0013
2025-12-05,HPQ,0.0004,0.0154,0.032,-0.0013
2025-12-02,HRL,-0.009,0.0111,0.0308,-0.0086
2025-12-03,HRL,0.0078,0.0111,0.0308,-0.0086
2025-12-04,HRL,0.0382,0.0111,0.0308,-0.0086
2025-12-05,HRL,0.0075,0.0111,0.0308,-0.0086
2025-12-02,HSIC,-0.0197,0.0018,0.0173,-0.0136
2025-12-03,HSIC,0.0169,0.0018,0.0173,-0.0136
2025-12-04,HSIC,0.0063,0.0018,0.0173,-0.0136
2025-12-05,HSIC,0.0038,0.0018,0.0173,-0.0136
2025-12-02,HST,-0.0011,-0.0041,0.0125,-0.0206
2025-12-03,HST,0.0074,-0.0041,0.0125,-0.0206
2025-12-04,HST,-0.0283,-0.0041,0.0125,-0.0206
2025-12-05,HST,0.0058,-0.0041,0.0125,-0.0206
2025-12-02,HSY,-0.0125,-0.0038,0.0069,-0.0144
2025-12-03,HSY,-0.0117,-0.0038,0.0069,-0.0144
2025-12-04,HSY,0.0101,-0.0038,0.0069,-0.0144
2025-12-05,HSY,-0.0009,-0.0038,0.0069,-0.0144
2025-12-02,HUBB,-0.0009,0.0074,0.016,-0.0013
2025-12-03,HUBB,0.0044,0.0074,0.016,-0.0013
2025-12-04,HUBB,0.0195,0.0074,0.016,-0.0013
2025-12-05,HUBB,0.0064,0.0074,0.016,-0.0013
2025-12-02,HUM,-0.0011,0.0162,0.0497,-0.0174
2025-12-03,HUM,0.0618,0.0162,0.0497,-0.0174
2025-12-04,HUM,-0.0152,0.0162,0.0497,-0.0174
2025-12-05,HUM,0.0191,0.0162,0.0497,-0.0174
2025-12-02,HWM,-0.0125,-0.0098,0.0055,-0.0251
2025-12-03,HWM,-0.01,-0.0098,0.0055,-0.0251
2025-12-04,HWM,0.0102,-0.0098,0.0055,-0.0251
2025-12-05,HWM,-0.027,-0.0098,0.0055,-0.0251
2025-12-02,HYD,-0.0024,-0.0002,0.0013,-0.0018
2025-12-03,HYD,0.001,-0.0002,0.0013,-0.0018
2025-12-04,HYD,0.0008,-0.0002,0.0013,-0.0018
2025-12-05,HYD,-0.0003,-0.0002,0.0013,-0.0018
2025-12-02,HYG,0.0019,0.0009,0.0017,0.0001
2025-12-03,HYG,0.0009,0.0009,0.0017,0.0001
2025-12-04,HYG,0.0007,0.0009,0.0017,0.0001
2025-12-02,IBKR,0.0008,0.0039,0.0232,-0.0154
2025-12-03,IBKR,0.0215,0.0039,0.0232,-0.0154
2025-12-04,IBKR,0.0152,0.0039,0.0232,-0.0154
2025-12-05,IBKR,-0.022,0.0039,0.0232,-0.0154
2025-12-02,IBM,-0.0127,0.0019,0.0144,-0.0106
2025-12-03,IBM,0.0028,0.0019,0.0144,-0.0106
2025-12-04,IBM,0.0177,0.0019,0.0144,-0.0106
2025-12-05,IBM,-0.0002,0.0019,0.0144,-0.0106
2025-12-02,ICE,-0.0101,0.0014,0.0138,-0.0109
2025-12-03,ICE,0.0096,0.0014,0.0138,-0.0109
2025-12-04,ICE,0.0144,0.0014,0.0138,-0.0109
2025-12-05,ICE,-0.0081,0.0014,0.0138,-0.0109
2025-12-02,ICL,0.009,-0.0175,0.0159,-0.051
2025-12-03,ICL,-0.0658,-0.0175,0.0159,-0.051
2025-12-04,ICL,-0.0133,-0.0175,0.0159,-0.051
2025-12-02,IDXX,0.0052,-0.0051,0.0023,-0.0126
2025-12-03,IDXX,-0.0093,-0.0051,0.0023,-0.0126
2025-12-04,IDXX,-0.0117,-0.0051,0.0023,-0.0126
2025-12-05,IDXX,-0.0047,-0.0051,0.0023,-0.0126
2025-12-02,IEF,0.0008,-0.0006,0.0019,-0.003
2025-12-03,IEF,0.0021,-0.0006,0.0019,-0.003
2025-12-04,IEF,-0.0031,-0.0006,0.0019,-0.003
2025-12-05,IEF,-0.0021,-0.0006,0.0019,-0.003
2025-12-02,IEX,0.0026,0.0042,0.0149,-0.0065
2025-12-03,IEX,0.0178,0.0042,0.0149,-0.0065
2025-12-04,IEX,0.0046,0.0042,0.0149,-0.0065
2025-12-05,IEX,-0.0083,0.0042,0.0149,-0.0065
2025-12-02,IFF,-0.0105,-0.0076,0.0055,-0.0206
2025-12-03,IFF,-0.0207,-0.0076,0.0055,-0.0206
2025-12-04,IFF,-0.0094,-0.0076,0.0055,-0.0206
2025-12-05,IFF,0.0104,-0.0076,0.0055,-0.0206
2025-12-02,INCY,-0.0059,0.0013,0.0148,-0.0123
2025-12-03,INCY,0.0006,0.0013,0.0148,-0.0123
2025-12-04,INCY,-0.0102,0.0013,0.0148,-0.0123
2025-12-05,INCY,0.0205,0.0013,0.0148,-0.0123
2025-12-02,INDA,-0.0083,-0.0016,0.0064,-0.0096
2025-12-03,INDA,-0.0087,-0.0016,0.0064,-0.0096
2025-12-04,INDA,0.0066,-0.0016,0.0064,-0.0096
2025-12-05,INDA,0.0039,-0.0016,0.0064,-0.0096
2025-12-02,INTC,0.0865,0.0103,0.0765,-0.0559
2025-12-03,INTC,0.0067,0.0103,0.0765,-0.0559
2025-12-04,INTC,-0.0745,0.0103,0.0765,-0.0559
2025-12-05,INTC,0.0225,0.0103,0.0765,-0.0559
2025-12-02,INTU,0.0063,0.0163,0.0236,0.0089
2025-12-03,INTU,0.019,0.0163,0.0236,0.0089
2025-12-04,INTU,0.0238,0.0163,0.0236,0.0089
2025-12-05,INTU,0.0159,0.0163,0.0236,0.0089
2025-12-02,INVH,0.004,-0.0059,0.0007,-0.0125
2025-12-03,INVH,-0.0086,-0.0059,0.0007,-0.0125
2025-12-04,INVH,-0.0101,-0.0059,0.0007,-0.0125
2025-12-05,INVH,-0.0088,-0.0059,0.0007,-0.0125
2025-12-02,IP,-0.0342,-0.0005,0.0283,-0.0293
2025-12-03,IP,0.0362,-0.0005,0.0283,-0.0293
2025-12-04,IP,-0.0023,-0.0005,0.0283,-0.0293
2025-12-05,IP,-0.0018,-0.0005,0.0283,-0.0293
2025-12-02,IQV,-0.0124,-0.0029,0.007,-0.0127
2025-12-03,IQV,0.0071,-0.0029,0.007,-0.0127
2025-12-04,IQV,-0.0102,-0.0029,0.007,-0.0127
2025-12-05,IQV,0.0041,-0.0029,0.007,-0.0127
2025-12-02,IR,-0.0001,0.0021,0.006,-0.0018
2025-12-03,IR,0.0072,0.0021,0.006,-0.0018
2025-12-04,IR,0.003,0.0021,0.006,-0.0018
2025-12-05,IR,-0.0016,0.0021,0.006,-0.0018
2025-12-02,IRM,-0.0007,0.0045,0.0161,-0.0071
2025-12-03,IRM,0.0182,0.0045,0.0161,-0.0071
2025-12-04,IRM,0.0089,0.0045,0.0161,-0.0071
2025-12-05,IRM,-0.0085,0.0045,0.0161,-0.0071
2025-12-02,ISRG,0.0006,0.0035,0.0095,-0.0025
2025-12-03,ISRG,0.0035,0.0035,0.0095,-0.0025
2025-12-04,ISRG,-0.0019,0.0035,0.0095,-0.0025
2025-12-05,ISRG,0.0118,0.0035,0.0095,-0.0025
2025-12-02,IT,-0.0094,-0.0011,0.0104,-0.0125
2025-12-03,IT,0.0144,-0.0011,0.0104,-0.0125
2025-12-04,IT,0.0008,-0.0011,0.0104,-0.0125
2025-12-05,IT,-0.01,-0.0011,0.0104,-0.0125
2025-12-02,ITW,0.0036,0.0023,0.0062,-0.0017
2025-12-03,ITW,0.0067,0.0023,0.0062,-0.0017
2025-12-04,ITW,-0.0026,0.0023,0.0062,-0.0017
2025-12-05,ITW,0.0013,0.0023,0.0062,-0.0017
2025-12-02,IVZ,-0.017,0.0159,0.0425,-0.0106
2025-12-03,IVZ,0.0062,0.0159,0.0425,-0.0106
2025-12-04,IVZ,0.0336,0.0159,0.0425,-0.0106
2025-12-05,IVZ,0.0409,0.0159,0.0425,-0.0106
2025-12-02,IWD,-0.0006,0.0023,0.0069,-0.0023
2025-12-03,IWD,0.0091,0.0023,0.0069,-0.0023
2025-12-04,IWD,-0.0004,0.0023,0.0069,-0.0023
2025-12-05,IWD,0.0011,0.0023,0.0069,-0.0023
2025-12-02,IWF,0.0044,0.0021,0.0043,-0.0001
2025-12-03,IWF,-0.0009,0.0021,0.0043,-0.0001
2025-12-04,IWF,0.002,0.0021,0.0043,-0.0001
2025-12-05,IWF,0.0029,0.0021,0.0043,-0.0001
2025-12-02,IWM,-0.0018,0.0053,0.0156,-0.0051
2025-12-03,IWM,0.0182,0.0053,0.0156,-0.0051
2025-12-04,IWM,0.0088,0.0053,0.0156,-0.0051
2025-12-05,IWM,-0.0042,0.0053,0.0156,-0.0051
2025-12-02,J,0.0164,0.0137,0.0266,0.0008
2025-12-03,J,0.0275,0.0137,0.0266,0.0008
2025-12-04,J,0.0144,0.0137,0.0266,0.0008
2025-12-05,J,-0.0036,0.0137,0.0266,0.0008
2025-12-02,JBHT,0.0334,0.012,0.0273,-0.0034
2025-12-03,JBHT,0.0118,0.012,0.0273,-0.0034
2025-12-04,JBHT,-0.002,0.012,0.0273,-0.0034
2025-12-05,JBHT,0.0047,0.012,0.0273,-0.0034
2025-12-02,JBL,0.0098,0.0118,0.0187,0.0049
2025-12-03,JBL,0.0094,0.0118,0.0187,0.0049
2025-12-04,JBL,0.0218,0.0118,0.0187,0.0049
2025-12-05,JBL,0.0061,0.0118,0.0187,0.0049
2025-12-02,JCI,0.003,-0.0015,0.0038,-0.0068
2025-12-03,JCI,-0.0092,-0.0015,0.0038,-0.0068
2025-12-04,JCI,-0.0002,-0.0015,0.0038,-0.0068
2025-12-05,JCI,0.0003,-0.0015,0.0038,-0.0068
2025-12-02,JKHY,-0.0087,0.0107,0.0254,-0.004
2025-12-03,JKHY,0.02,0.0107,0.0254,-0.004
2025-12-04,JKHY,0.0239,0.0107,0.0254,-0.004
2025-12-05,JKHY,0.0076,0.0107,0.0254,-0.004
2025-12-02,JNJ,0.0004,-0.0042,0.0025,-0.0108
2025-12-03,JNJ,-0.0004,-0.0042,0.0025,-0.0108
2025-12-04,JNJ,-0.0139,-0.0042,0.0025,-0.0108
2025-12-05,JNJ,-0.0027,-0.0042,0.0025,-0.0108
2025-12-02,JNK,0.0015,0.0008,0.0016,0.0
2025-12-03,JNK,0.0015,0.0008,0.0016,0.0
2025-12-04,JNK,0.0003,0.0008,0.0016,0.0
2025-12-02,JPM,-0.0034,0.0049,0.0145,-0.0047
2025-12-03,JPM,0.0138,0.0049,0.0145,-0.0047
2025-12-04,JPM,0.0127,0.0049,0.0145,-0.0047
2025-12-05,JPM,-0.0034,0.0049,0.0145,-0.0047
2025-12-02,K,0.0007,0.0002,0.0005,-0.0001
2025-12-03,K,0.0001,0.0002,0.0005,-0.0001
2025-12-04,K,0.0001,0.0002,0.0005,-0.0001
2025-12-05,K,-0.0001,0.0002,0.0005,-0.0001
2025-12-02,KDP,-0.0014,0.0046,0.0091,0.0001
2025-12-03,KDP,0.0071,0.0046,0.0091,0.0001
2025-12-04,KDP,0.0088,0.0046,0.0091,0.0001
2025-12-05,KDP,0.0038,0.0046,0.0091,0.0001
2025-12-02,KEY,-0.0183,0.0086,0.028,-0.0108
2025-12-03,KEY,0.0257,0.0086,0.028,-0.0108
2025-12-04,KEY,0.0192,0.0086,0.028,-0.0108
2025-12-05,KEY,0.0078,0.0086,0.028,-0.0108
2025-12-02,KEYS,0.0195,0.016,0.0244,0.0076
2025-12-03,KEYS,0.0259,0.016,0.0244,0.0076
2025-12-04,KEYS,0.0119,0.016,0.0244,0.0076
2025-12-05,KEYS,0.0068,0.016,0.0244,0.0076
2025-12-02,KHC,-0.0162,-0.0103,-0.001,-0.0196
2025-12-03,KHC,0.0028,-0.0103,-0.001,-0.0196
2025-12-04,KHC,-0.0176,-0.0103,-0.001,-0.0196
2025-12-05,KHC,-0.0102,-0.0103,-0.001,-0.0196
2025-12-02,KIM,-0.0093,-0.0044,0.0031,-0.012
2025-12-03,KIM,0.0054,-0.0044,0.0031,-0.012
2025-12-04,KIM,-0.0025,-0.0044,0.0031,-0.012
2025-12-05,KIM,-0.0113,-0.0044,0.0031,-0.012
2025-12-02,KKR,0.004,0.0145,0.0265,0.0026
2025-12-03,KKR,0.031,0.0145,0.0265,0.0026
2025-12-04,KKR,0.0154,0.0145,0.0265,0.0026
2025-12-05,KKR,0.0077,0.0145,0.0265,0.0026
2025-12-02,KLAC,0.0282,0.0122,0.026,-0.0016
2025-12-03,KLAC,0.0184,0.0122,0.026,-0.0016
2025-12-04,KLAC,-0.003,0.0122,0.026,-0.0016
2025-12-05,KLAC,0.0053,0.0122,0.026,-0.0016
2025-12-02,KMB,-0.0146,-0.0131,-0.0083,-0.0179
2025-12-03,KMB,-0.0077,-0.0131,-0.0083,-0.0179
2025-12-04,KMB,-0.0112,-0.0131,-0.0083,-0.0179
2025-12-05,KMB,-0.0189,-0.0131,-0.0083,-0.0179
2025-12-02,KMI,-0.0161,0.0045,0.0222,-0.0132
2025-12-03,KMI,0.0119,0.0045,0.0222,-0.0132
2025-12-04,KMI,0.0247,0.0045,0.0222,-0.0132
2025-12-05,KMI,-0.0025,0.0045,0.0222,-0.0132
2025-12-02,KMX,0.0039,0.0017,0.0069,-0.0036
2025-12-03,KMX,0.008,0.0017,0.0069,-0.0036
2025-12-04,KMX,-0.0031,0.0017,0.0069,-0.0036
2025-12-05,KMX,-0.0021,0.0017,0.0069,-0.0036
2025-12-02,KO,-0.0178,-0.0068,0.0014,-0.015
2025-12-03,KO,0.002,-0.0068,0.0014,-0.015
2025-12-04,KO,-0.0051,-0.0068,0.0014,-0.015
2025-12-05,KO,-0.0064,-0.0068,0.0014,-0.015
2025-12-02,KR,-0.0077,-0.0183,0.0005,-0.0371
2025-12-03,KR,-0.0124,-0.0183,0.0005,-0.0371
2025-12-04,KR,-0.0462,-0.0183,0.0005,-0.0371
2025-12-05,KR,-0.0068,-0.0183,0.0005,-0.0371
2025-12-02,KVUE,-0.0209,-0.0042,0.0077,-0.016
2025-12-03,KVUE,0.0065,-0.0042,0.0077,-0.016
2025-12-04,KVUE,0.0012,-0.0042,0.0077,-0.016
2025-12-05,KVUE,-0.0035,-0.0042,0.0077,-0.016
2025-12-02,L,-0.0008,-0.0085,-0.0017,-0.0153
2025-12-03,L,-0.0053,-0.0085,-0.0017,-0.0153
2025-12-04,L,-0.0119,-0.0085,-0.0017,-0.0153
2025-12-05,L,-0.016,-0.0085,-0.0017,-0.0153
2025-12-02,LDOS,-0.0072,-0.002,0.0195,-0.0234
2025-12-03,LDOS,0.0073,-0.002,0.0195,-0.0234
2025-12-04,LDOS,0.0211,-0.002,0.0195,-0.0234
2025-12-05,LDOS,-0.0291,-0.002,0.0195,-0.0234
2025-12-02,LEN,-0.0038,-0.012,0.0192,-0.0432
2025-12-03,LEN,0.0262,-0.012,0.0192,-0.0432
2025-12-04,LEN,-0.0479,-0.012,0.0192,-0.0432
2025-12-05,LEN,-0.0224,-0.012,0.0192,-0.0432
2025-12-02,LH,-0.0067,-0.0088,-0.0021,-0.0155
2025-12-03,LH,-0.0006,-0.0088,-0.0021,-0.0155
2025-12-04,LH,-0.0161,-0.0088,-0.0021,-0.0155
2025-12-05,LH,-0.0118,-0.0088,-0.0021,-0.0155
2025-12-02,LHX,0.0061,0.0057,0.0148,-0.0035
2025-12-03,LHX,0.0138,0.0057,0.0148,-0.0035
2025-12-04,LHX,0.01,0.0057,0.0148,-0.0035
2025-12-05,LHX,-0.0072,0.0057,0.0148,-0.0035
2025-12-02,LII,-0.0044,0.0112,0.0238,-0.0014
2025-12-03,LII,0.0261,0.0112,0.0238,-0.0014
2025-12-04,LII,0.0094,0.0112,0.0238,-0.0014
2025-12-05,LII,0.0137,0.0112,0.0238,-0.0014
2025-12-02,LIN,0.0041,-0.0046,0.0038,-0.013
2025-12-03,LIN,0.0009,-0.0046,0.0038,-0.013
2025-12-04,LIN,-0.0132,-0.0046,0.0038,-0.013
2025-12-05,LIN,-0.0103,-0.0046,0.0038,-0.013
2025-12-02,LKQ,-0.0098,-0.0,0.0161,-0.0162
2025-12-03,LKQ,0.0055,-0.0,0.0161,-0.0162
2025-12-04,LKQ,-0.016,-0.0,0.0161,-0.0162
2025-12-05,LKQ,0.0201,-0.0,0.0161,-0.0162
2025-12-02,LLY,-0.0111,-0.0114,-0.0055,-0.0173
2025-12-03,LLY,-0.012,-0.0114,-0.0055,-0.0173
2025-12-04,LLY,-0.0185,-0.0114,-0.0055,-0.0173
2025-12-05,LLY,-0.0041,-0.0114,-0.0055,-0.0173
2025-12-02,LMT,0.006,0.0074,0.0107,0.004
2025-12-03,LMT,0.0113,0.0074,0.0107,0.004
2025-12-04,LMT,0.0035,0.0074,0.0107,0.004
2025-12-05,LMT,0.0086,0.0074,0.0107,0.004
2025-12-02,LNT,-0.0158,-0.0079,-0.0015,-0.0142
2025-12-03,LNT,-0.0023,-0.0079,-0.0015,-0.0142
2025-12-04,LNT,-0.0101,-0.0079,-0.0015,-0.0142
2025-12-05,LNT,-0.0032,-0.0079,-0.0015,-0.0142
2025-12-02,LOW,-0.0131,0.0021,0.0149,-0.0106
2025-12-03,LOW,0.0155,0.0021,0.0149,-0.0106
2025-12-04,LOW,-0.0031,0.0021,0.0149,-0.0106
2025-12-05,LOW,0.0093,0.0021,0.0149,-0.0106
2025-12-02,LQD,0.0006,0.0,0.0018,-0.0018
2025-12-03,LQD,0.0023,0.0,0.0018,-0.0018
2025-12-04,LQD,-0.0018,0.0,0.0018,-0.0018
2025-12-05,LQD,-0.001,0.0,0.0018,-0.0018
2025-12-02,LRCX,0.022,0.0064,0.0227,-0.01
2025-12-03,LRCX,0.0099,0.0064,0.0227,-0.01
2025-12-04,LRCX,-0.0167,0.0064,0.0227,-0.01
2025-12-05,LRCX,0.0102,0.0064,0.0227,-0.01
2025-12-02,LULU,-0.0001,0.0104,0.0271,-0.0064
2025-12-03,LULU,-0.0005,0.0104,0.0271,-0.0064
2025-12-04,LULU,0.0071,0.0104,0.0271,-0.0064
2025-12-05,LULU,0.0349,0.0104,0.0271,-0.0064
2025-12-02,LUV,0.019,0.0217,0.0461,-0.0028
2025-12-03,LUV,0.0071,0.0217,0.0461,-0.0028
2025-12-04,LUV,0.0036,0.0217,0.0461,-0.0028
2025-12-05,LUV,0.057,0.0217,0.0461,-0.0028
2025-12-02,LVS,-0.0141,-0.0119,-0.0025,-0.0212
2025-12-03,LVS,-0.0238,-0.0119,-0.0025,-0.0212
2025-12-04,LVS,-0.0072,-0.0119,-0.0025,-0.0212
2025-12-05,LVS,-0.0023,-0.0119,-0.0025,-0.0212
2025-12-02,LW,-0.0076,0.0009,0.0172,-0.0154
2025-12-03,LW,0.0244,0.0009,0.0172,-0.0154
2025-12-04,LW,-0.0121,0.0009,0.0172,-0.0154
2025-12-05,LW,-0.001,0.0009,0.0172,-0.0154
2025-12-02,LYB,-0.0029,-0.0244,0.0066,-0.0554
2025-12-03,LYB,-0.0366,-0.0244,0.0066,-0.0554
2025-12-04,LYB,-0.0624,-0.0244,0.0066,-0.0554
2025-12-05,LYB,0.0044,-0.0244,0.0066,-0.0554
2025-12-02,LYV,-0.0195,0.0158,0.0499,-0.0184
2025-12-03,LYV,0.0581,0.0158,0.0499,-0.0184
2025-12-04,LYV,0.027,0.0158,0.0499,-0.0184
2025-12-05,LYV,-0.0025,0.0158,0.0499,-0.0184
2025-12-02,MA,0.0036,0.0008,0.0158,-0.0142
2025-12-03,MA,0.0143,0.0008,0.0158,-0.0142
2025-12-04,MA,-0.0206,0.0008,0.0158,-0.0142
2025-12-05,MA,0.0059,0.0008,0.0158,-0.0142
2025-12-02,MAA,-0.0008,-0.0069,-0.002,-0.0118
2025-12-03,MAA,-0.0055,-0.0069,-0.002,-0.0118
2025-12-04,MAA,-0.0123,-0.0069,-0.002,-0.0118
2025-12-05,MAA,-0.009,-0.0069,-0.002,-0.0118
2025-12-02,MAR,0.004,-0.0089,0.0101,-0.0279
2025-12-03,MAR,0.0066,-0.0089,0.0101,-0.0279
2025-12-04,MAR,-0.0347,-0.0089,0.0101,-0.0279
2025-12-05,MAR,-0.0115,-0.0089,0.0101,-0.0279
2025-12-02,MAS,-0.0077,-0.0061,0.0039,-0.016
2025-12-03,MAS,0.0054,-0.0061,0.0039,-0.016
2025-12-04,MAS,-0.0034,-0.0061,0.0039,-0.016
2025-12-05,MAS,-0.0186,-0.0061,0.0039,-0.016
2025-12-02,MCD,-0.0094,0.0063,0.0199,-0.0073
2025-12-03,MCD,0.0232,0.0063,0.0199,-0.0073
2025-12-04,MCD,0.0027,0.0063,0.0199,-0.0073
2025-12-05,MCD,0.0087,0.0063,0.0199,-0.0073
2025-12-02,MCHI,-0.0067,0.0,0.0082,-0.0082
2025-12-03,MCHI,-0.0058,0.0,0.0082,-0.0082
2025-12-04,MCHI,0.0016,0.0,0.0082,-0.0082
2025-12-05,MCHI,0.011,0.0,0.0082,-0.0082
2025-12-02,MCHP,0.0614,0.0544,0.1039,0.0048
2025-12-03,MCHP,0.1217,0.0544,0.1039,0.0048
2025-12-04,MCHP,0.0175,0.0544,0.1039,0.0048
2025-12-05,MCHP,0.0168,0.0544,0.1039,0.0048
2025-12-02,MCK,-0.0317,-0.0142,0.0059,-0.0344
2025-12-03,MCK,-0.0293,-0.0142,0.0059,-0.0344
2025-12-04,MCK,0.0109,-0.0142,0.0059,-0.0344
2025-12-05,MCK,-0.0068,-0.0142,0.0059,-0.0344
2025-12-02,MCO,0.0012,0.0047,0.0132,-0.0037
2025-12-03,MCO,0.0085,0.0047,0.0132,-0.0037
2025-12-04,MCO,-0.0051,0.0047,0.0132,-0.0037
2025-12-05,MCO,0.0143,0.0047,0.0132,-0.0037
2025-12-02,MDLZ,-0.0073,-0.0067,0.0004,-0.0137
2025-12-03,MDLZ,0.0007,-0.0067,0.0004,-0.0137
2025-12-04,MDLZ,-0.0041,-0.0067,0.0004,-0.0137
2025-12-05,MDLZ,-0.016,-0.0067,0.0004,-0.0137
2025-12-02,MDT,-0.0127,-0.0048,0.0011,-0.0108
2025-12-03,MDT,-0.0006,-0.0048,0.0011,-0.0108
2025-12-04,MDT,0.0002,-0.0048,0.0011,-0.0108
2025-12-05,MDT,-0.0062,-0.0048,0.0011,-0.0108
2025-12-02,MDY,-0.0036,0.0022,0.0069,-0.0026
2025-12-03,MDY,0.007,0.0022,0.0069,-0.0026
2025-12-04,MDY,0.0049,0.0022,0.0069,-0.0026
2025-12-05,MDY,0.0004,0.0022,0.0069,-0.0026
2025-12-02,MET,-0.0005,0.0077,0.0145,0.0008
2025-12-03,MET,0.0163,0.0077,0.0145,0.0008
2025-12-04,MET,0.0067,0.0077,0.0145,0.0008
2025-12-05,MET,0.0081,0.0077,0.0145,0.0008
2025-12-02,META,0.0097,0.0126,0.0317,-0.0065
2025-12-03,META,-0.0116,0.0126,0.0317,-0.0065
2025-12-04,META,0.0343,0.0126,0.0317,-0.0065
2025-12-05,META,0.018,0.0126,0.0317,-0.0065
2025-12-02,MGM,-0.0028,0.0045,0.0152,-0.0063
2025-12-03,MGM,0.0057,0.0045,0.0152,-0.0063
2025-12-04,MGM,-0.0042,0.0045,0.0152,-0.0063
2025-12-05,MGM,0.0192,0.0045,0.0152,-0.0063
2025-12-02,MHK,-0.0074,-0.0104,0.0035,-0.0242
2025-12-03,MHK,0.0054,-0.0104,0.0035,-0.0242
2025-12-04,MHK,-0.0282,-0.0104,0.0035,-0.0242
2025-12-05,MHK,-0.0113,-0.0104,0.0035,-0.0242
2025-12-02,MKC,-0.0145,-0.0119,-0.0043,-0.0194
2025-12-03,MKC,-0.0202,-0.0119,-0.0043,-0.0194
2025-12-04,MKC,-0.0106,-0.0119,-0.0043,-0.0194
2025-12-05,MKC,-0.0022,-0.0119,-0.0043,-0.0194
2025-12-02,MLM,-0.0118,0.0037,0.0146,-0.0072
2025-12-03,MLM,0.013,0.0037,0.0146,-0.0072
2025-12-04,MLM,0.0047,0.0037,0.0146,-0.0072
2025-12-05,MLM,0.009,0.0037,0.0146,-0.0072
2025-12-02,MMC,-0.0035,-0.003,0.0013,-0.0072
2025-12-03,MMC,0.0028,-0.003,0.0013,-0.0072
2025-12-04,MMC,-0.0036,-0.003,0.0013,-0.0072
2025-12-05,MMC,-0.0075,-0.003,0.0013,-0.0072
2025-12-02,MMM,0.0063,-0.0044,0.0103,-0.019
2025-12-03,MMM,0.0089,-0.0044,0.0103,-0.019
2025-12-04,MMM,-0.0221,-0.0044,0.0103,-0.019
2025-12-05,MMM,-0.0106,-0.0044,0.0103,-0.019
2025-12-02,MNST,-0.0163,-0.0073,0.0025,-0.0171
2025-12-03,MNST,-0.0097,-0.0073,0.0025,-0.0171
2025-12-04,MNST,-0.0098,-0.0073,0.0025,-0.0171
2025-12-05,MNST,0.0066,-0.0073,0.0025,-0.0171
2025-12-02,MO,-0.0054,-0.0049,-0.0023,-0.0075
2025-12-03,MO,-0.007,-0.0049,-0.0023,-0.0075
2025-12-04,MO,-0.0012,-0.0049,-0.0023,-0.0075
2025-12-05,MO,-0.006,-0.0049,-0.0023,-0.0075
2025-12-02,MOH,0.0067,0.0117,0.0183,0.005
2025-12-03,MOH,0.0214,0.0117,0.0183,0.005
2025-12-04,MOH,0.0099,0.0117,0.0183,0.005
2025-12-05,MOH,0.0086,0.0117,0.0183,0.005
2025-12-02,MOS,-0.0232,-0.0137,-0.0044,-0.0231
2025-12-03,MOS,-0.007,-0.0137,-0.0044,-0.0231
2025-12-04,MOS,-0.0045,-0.0137,-0.0044,-0.0231
2025-12-05,MOS,-0.0203,-0.0137,-0.0044,-0.0231
2025-12-02,MP,0.0472,0.0174,0.0583,-0.0236
2025-12-03,MP,-0.035,0.0174,0.0583,-0.0236
2025-12-04,MP,0.0526,0.0174,0.0583,-0.0236
2025-12-05,MP,0.0047,0.0174,0.0583,-0.0236
2025-12-02,MPC,-0.0175,-0.0072,0.0045,-0.0188
2025-12-03,MPC,-0.017,-0.0072,0.0045,-0.0188
2025-12-04,MPC,0.0038,-0.0072,0.0045,-0.0188
2025-12-05,MPC,0.002,-0.0072,0.0045,-0.0188
2025-12-02,MPWR,0.0257,0.0094,0.0223,-0.0036
2025-12-03,MPWR,0.0061,0.0094,0.0223,-0.0036
2025-12-04,MPWR,-0.0055,0.0094,0.0223,-0.0036
2025-12-05,MPWR,0.0111,0.0094,0.0223,-0.0036
2025-12-02,MRK,-0.0079,-0.0052,0.0067,-0.0171
2025-12-03,MRK,0.0123,-0.0052,0.0067,-0.0171
2025-12-04,MRK,-0.0135,-0.0052,0.0067,-0.0171
2025-12-05,MRK,-0.0116,-0.0052,0.0067,-0.0171
2025-12-02,MRNA,-0.0041,0.0354,0.0756,-0.0048
2025-12-03,MRNA,0.0466,0.0354,0.0756,-0.0048
2025-12-04,MRNA,0.0123,0.0354,0.0756,-0.0048
2025-12-05,MRNA,0.0867,0.0354,0.0756,-0.0048
2025-12-02,MS,0.0037,0.0118,0.0224,0.0011
2025-12-03,MS,0.0274,0.0118,0.0224,0.0011
2025-12-04,MS,0.0067,0.0118,0.0224,0.0011
2025-12-05,MS,0.0093,0.0118,0.0224,0.0011
2025-12-02,MSCI,-0.0221,-0.0097,-0.0011,-0.0183
2025-12-03,MSCI,-0.0032,-0.0097,-0.0011,-0.0183
2025-12-04,MSCI,-0.0086,-0.0097,-0.0011,-0.0183
2025-12-05,MSCI,-0.0048,-0.0097,-0.0011,-0.0183
2025-12-02,MSFT,0.0067,-0.0018,0.0138,-0.0173
2025-12-03,MSFT,-0.025,-0.0018,0.0138,-0.0173
2025-12-04,MSFT,0.0065,-0.0018,0.0138,-0.0173
2025-12-05,MSFT,0.0048,-0.0018,0.0138,-0.0173
2025-12-02,MSI,0.0113,0.0007,0.0113,-0.0099
2025-12-03,MSI,-0.005,0.0007,0.0113,-0.0099
2025-12-04,MSI,-0.0112,0.0007,0.0113,-0.0099
2025-12-05,MSI,0.0078,0.0007,0.0113,-0.0099
2025-12-02,MTB,0.004,0.0064,0.0186,-0.0058
2025-12-03,MTB,0.0243,0.0064,0.0186,-0.0058
2025-12-04,MTB,-0.0003,0.0064,0.0186,-0.0058
2025-12-05,MTB,-0.0024,0.0064,0.0186,-0.0058
2025-12-02,MTCH,-0.0015,0.0057,0.0155,-0.0042
2025-12-03,MTCH,-0.0021,0.0057,0.0155,-0.0042
2025-12-04,MTCH,0.0074,0.0057,0.0155,-0.0042
2025-12-05,MTCH,0.0189,0.0057,0.0155,-0.0042
2025-12-02,MTD,-0.0143,-0.0092,-0.0055,-0.0129
2025-12-03,MTD,-0.0085,-0.0092,-0.0055,-0.0129
2025-12-04,MTD,-0.0084,-0.0092,-0.0055,-0.0129
2025-12-05,MTD,-0.0056,-0.0092,-0.0055,-0.0129
2025-12-02,MTUM,0.0047,0.0051,0.0066,0.0037
2025-12-03,MTUM,0.004,0.0051,0.0066,0.0037
2025-12-04,MTUM,0.0072,0.0051,0.0066,0.0037
2025-12-05,MTUM,0.0047,0.0051,0.0066,0.0037
2025-12-02,MU,-0.004,-0.0029,0.0321,-0.038
2025-12-03,MU,-0.0223,-0.0029,0.0321,-0.038
2025-12-04,MU,-0.0321,-0.0029,0.0321,-0.038
2025-12-05,MU,0.0466,-0.0029,0.0321,-0.038
2025-12-02,MUB,-0.0006,0.0001,0.0007,-0.0005
2025-12-03,MUB,0.0006,0.0001,0.0007,-0.0005
2025-12-04,MUB,-0.0001,0.0001,0.0007,-0.0005
2025-12-05,MUB,0.0005,0.0001,0.0007,-0.0005
2025-12-02,NCLH,-0.0075,0.0048,0.0174,-0.0079
2025-12-03,NCLH,0.0217,0.0048,0.0174,-0.0079
2025-12-04,NCLH,-0.0016,0.0048,0.0174,-0.0079
2025-12-05,NCLH,0.0064,0.0048,0.0174,-0.0079
2025-12-02,NDAQ,-0.0095,0.0025,0.0162,-0.0113
2025-12-03,NDAQ,-0.0021,0.0025,0.0162,-0.0113
2025-12-04,NDAQ,0.0223,0.0025,0.0162,-0.0113
2025-12-05,NDAQ,-0.0008,0.0025,0.0162,-0.0113
2025-12-02,NDSN,0.0064,0.0041,0.0084,-0.0001
2025-12-03,NDSN,0.0087,0.0041,0.0084,-0.0001
2025-12-04,NDSN,-0.0008,0.0041,0.0084,-0.0001
2025-12-05,NDSN,0.0022,0.0041,0.0084,-0.0001
2025-12-02,NDX,0.0084,0.0034,0.0074,-0.0005
2025-12-03,NDX,0.002,0.0034,0.0074,-0.0005
2025-12-04,NDX,-0.001,0.0034,0.0074,-0.0005
2025-12-05,NDX,0.0043,0.0034,0.0074,-0.0005
2025-12-02,NEE,-0.0008,-0.0045,0.0053,-0.0143
2025-12-03,NEE,0.0044,-0.0045,0.0053,-0.0143
2025-12-04,NEE,-0.0184,-0.0045,0.0053,-0.0143
2025-12-05,NEE,-0.0031,-0.0045,0.0053,-0.0143
2025-12-02,NEM,-0.0147,-0.0056,0.0063,-0.0176
2025-12-03,NEM,-0.0092,-0.0056,0.0063,-0.0176
2025-12-04,NEM,0.0119,-0.0056,0.0063,-0.0176
2025-12-05,NEM,-0.0106,-0.0056,0.0063,-0.0176
2025-12-02,NFLX,0.002,-0.0208,0.0022,-0.0438
2025-12-03,NFLX,-0.0493,-0.0208,0.0022,-0.0438
2025-12-04,NFLX,-0.0071,-0.0208,0.0022,-0.0438
2025-12-05,NFLX,-0.0289,-0.0208,0.0022,-0.0438
2025-12-02,NI,-0.0172,-0.0059,0.0032,-0.0149
2025-12-03,NI,-0.009,-0.0059,0.0032,-0.0149
2025-12-04,NI,0.0002,-0.0059,0.0032,-0.0149
2025-12-05,NI,0.0026,-0.0059,0.0032,-0.0149
2025-12-02,NKE,-0.007,0.0018,0.0093,-0.0056
2025-12-03,NKE,0.0111,0.0018,0.0093,-0.0056
2025-12-04,NKE,0.0006,0.0018,0.0093,-0.0056
2025-12-05,NKE,0.0026,0.0018,0.0093,-0.0056
2025-12-02,NOC,0.0027,0.0016,0.0095,-0.0063
2025-12-03,NOC,0.0116,0.0016,0.0095,-0.0063
2025-12-04,NOC,-0.0006,0.0016,0.0095,-0.0063
2025-12-05,NOC,-0.0073,0.0016,0.0095,-0.0063
2025-12-02,NORW,0.0019,0.0041,0.0103,-0.0021
2025-12-03,NORW,0.0133,0.0041,0.0103,-0.0021
2025-12-04,NORW,0.0014,0.0041,0.0103,-0.0021
2025-12-05,NORW,-0.0002,0.0041,0.0103,-0.0021
2025-12-02,NOV,-0.0065,0.0122,0.0473,-0.0228
2025-12-03,NOV,0.0646,0.0122,0.0473,-0.0228
2025-12-04,NOV,-0.0012,0.0122,0.0473,-0.0228
2025-12-05,NOV,-0.008,0.0122,0.0473,-0.0228
2025-12-02,NOW,0.0028,0.0097,0.0163,0.0031
2025-12-03,NOW,0.0103,0.0097,0.0163,0.0031
2025-12-04,NOW,0.0072,0.0097,0.0163,0.0031
2025-12-05,NOW,0.0185,0.0097,0.0163,0.0031
2025-12-02,NQ=F,0.0071,0.0032,0.0065,-0.0001
2025-12-03,NQ=F,0.0027,0.0032,0.0065,-0.0001
2025-12-04,NQ=F,-0.0009,0.0032,0.0065,-0.0001
2025-12-05,NQ=F,0.004,0.0032,0.0065,-0.0001
2025-12-02,NRG,-0.0095,-0.0038,0.0217,-0.0293
2025-12-03,NRG,0.0164,-0.0038,0.0217,-0.0293
2025-12-04,NRG,0.0155,-0.0038,0.0217,-0.0293
2025-12-05,NRG,-0.0376,-0.0038,0.0217,-0.0293
2025-12-02,NSC,0.0066,0.0038,0.0087,-0.0012
2025-12-03,NSC,0.0079,0.0038,0.0087,-0.0012
2025-12-04,NSC,0.0037,0.0038,0.0087,-0.0012
2025-12-05,NSC,-0.0032,0.0038,0.0087,-0.0012
2025-12-02,NTAP,0.0317,0.0111,0.0281,-0.006
2025-12-03,NTAP,-0.0101,0.0111,0.0281,-0.006
2025-12-04,NTAP,0.0116,0.0111,0.0281,-0.006
2025-12-05,NTAP,0.011,0.0111,0.0281,-0.006
2025-12-02,NTRS,-0.0042,0.0043,0.0121,-0.0036
2025-12-03,NTRS,0.0133,0.0043,0.0121,-0.0036
2025-12-04,NTRS,0.0079,0.0043,0.0121,-0.0036
2025-12-02,NUE,0.0024,-0.0018,0.0167,-0.0204
2025-12-03,NUE,0.0225,-0.0018,0.0167,-0.0204
2025-12-04,NUE,-0.0132,-0.0018,0.0167,-0.0204
2025-12-05,NUE,-0.019,-0.0018,0.0167,-0.0204
2025-12-02,NVDA,0.0086,0.0035,0.0177,-0.0107
2025-12-03,NVDA,-0.0103,0.0035,0.0177,-0.0107
2025-12-04,NVDA,0.0211,0.0035,0.0177,-0.0107
2025-12-05,NVDA,-0.0053,0.0035,0.0177,-0.0107
2025-12-02,NVR,0.0112,0.0008,0.0157,-0.0141
2025-12-03,NVR,0.0103,0.0008,0.0157,-0.0141
2025-12-04,NVR,-0.0208,0.0008,0.0157,-0.0141
2025-12-05,NVR,0.0024,0.0008,0.0157,-0.0141
2025-12-02,NWSA,-0.0047,0.0051,0.0137,-0.0035
2025-12-03,NWSA,0.0063,0.0051,0.0137,-0.0035
2025-12-04,NWSA,0.0027,0.0051,0.0137,-0.0035
2025-12-05,NWSA,0.016,0.0051,0.0137,-0.0035
2025-12-02,NXPI,0.0795,0.0345,0.0748,-0.0059
2025-12-03,NXPI,0.0567,0.0345,0.0748,-0.0059
2025-12-04,NXPI,-0.0062,0.0345,0.0748,-0.0059
2025-12-05,NXPI,0.0079,0.0345,0.0748,-0.0059
2025-12-02,O,0.0012,0.0046,0.0086,0.0005
2025-12-03,O,0.0103,0.0046,0.0086,0.0005
2025-12-04,O,0.0021,0.0046,0.0086,0.0005
2025-12-05,O,0.0046,0.0046,0.0086,0.0005
2025-12-02,ODFL,0.0128,0.0269,0.0538,-0.0
2025-12-03,ODFL,0.0671,0.0269,0.0538,-0.0
2025-12-04,ODFL,0.017,0.0269,0.0538,-0.0
2025-12-05,ODFL,0.0107,0.0269,0.0538,-0.0
2025-12-02,OEF,0.0028,0.0019,0.0029,0.0009
2025-12-03,OEF,0.0023,0.0019,0.0029,0.0009
2025-12-04,OEF,0.0005,0.0019,0.0029,0.0009
2025-12-05,OEF,0.0019,0.0019,0.0029,0.0009
2025-12-02,OKE,-0.0079,0.009,0.0236,-0.0056
2025-12-03,OKE,0.0245,0.009,0.0236,-0.0056
2025-12-04,OKE,0.0171,0.009,0.0236,-0.0056
2025-12-05,OKE,0.0022,0.009,0.0236,-0.0056
2025-12-02,OMC,0.0064,0.0053,0.035,-0.0245
2025-12-03,OMC,-0.0203,0.0053,0.035,-0.0245
2025-12-04,OMC,-0.0117,0.0053,0.035,-0.0245
2025-12-05,OMC,0.0466,0.0053,0.035,-0.0245
2025-12-02,ON,0.0208,0.0222,0.0862,-0.0418
2025-12-03,ON,0.1101,0.0222,0.0862,-0.0418
2025-12-04,ON,-0.0413,0.0222,0.0862,-0.0418
2025-12-05,ON,-0.0009,0.0222,0.0862,-0.0418
2025-12-02,ORCL,0.0008,0.0202,0.0355,0.0049
2025-12-03,ORCL,0.033,0.0202,0.0355,0.0049
2025-12-04,ORCL,0.0318,0.0202,0.0355,0.0049
2025-12-05,ORCL,0.0152,0.0202,0.0355,0.0049
2025-12-02,ORLY,-0.0138,-0.0058,0.0047,-0.0163
2025-12-03,ORLY,-0.0123,-0.0058,0.0047,-0.0163
2025-12-04,ORLY,0.0091,-0.0058,0.0047,-0.0163
2025-12-05,ORLY,-0.0062,-0.0058,0.0047,-0.0163
2025-12-02,OTIS,-0.0103,-0.0048,-0.0006,-0.009
2025-12-03,OTIS,-0.0034,-0.0048,-0.0006,-0.009
2025-12-04,OTIS,-0.0003,-0.0048,-0.0006,-0.009
2025-12-05,OTIS,-0.0053,-0.0048,-0.0006,-0.009
2025-12-02,OXY,-0.0085,0.0006,0.0098,-0.0086
2025-12-03,OXY,0.0112,0.0006,0.0098,-0.0086
2025-12-04,OXY,0.0052,0.0006,0.0098,-0.0086
2025-12-05,OXY,-0.0056,0.0006,0.0098,-0.0086
2025-12-02,PAM,-0.0094,0.0009,0.0221,-0.0204
2025-12-03,PAM,0.0326,0.0009,0.0221,-0.0204
2025-12-04,PAM,-0.0121,0.0009,0.0221,-0.0204
2025-12-05,PAM,-0.0076,0.0009,0.0221,-0.0204
2025-12-02,PANW,0.0115,0.0145,0.0187,0.0102
2025-12-03,PANW,0.0197,0.0145,0.0187,0.0102
2025-12-04,PANW,0.0106,0.0145,0.0187,0.0102
2025-12-05,PANW,0.0161,0.0145,0.0187,0.0102
2025-12-02,PAYC,0.0009,0.006,0.0145,-0.0024
2025-12-03,PAYC,0.0161,0.006,0.0145,-0.0024
2025-12-04,PAYC,0.0096,0.006,0.0145,-0.0024
2025-12-05,PAYC,-0.0025,0.006,0.0145,-0.0024
2025-12-02,PAYX,0.0022,0.0035,0.0191,-0.012
2025-12-03,PAYX,0.0236,0.0035,0.0191,-0.012
2025-12-04,PAYX,-0.0143,0.0035,0.0191,-0.012
2025-12-05,PAYX,0.0026,0.0035,0.0191,-0.012
2025-12-02,PBR,0.0048,-0.008,0.0258,-0.0418
2025-12-03,PBR,0.0151,-0.008,0.0258,-0.0418
2025-12-04,PBR,0.0063,-0.008,0.0258,-0.0418
2025-12-05,PBR,-0.0582,-0.008,0.0258,-0.0418
2025-12-02,PCAR,0.0185,0.015,0.0258,0.0042
2025-12-03,PCAR,0.025,0.015,0.0258,0.0042
2025-12-04,PCAR,-0.0004,0.015,0.0258,0.0042
2025-12-05,PCAR,0.0169,0.015,0.0258,0.0042
2025-12-02,PCG,-0.0328,-0.0108,0.0056,-0.0272
2025-12-03,PCG,-0.0059,-0.0108,0.0056,-0.0272
2025-12-04,PCG,0.0066,-0.0108,0.0056,-0.0272
2025-12-05,PCG,-0.0111,-0.0108,0.0056,-0.0272
2025-12-02,PEG,-0.0109,-0.0062,0.002,-0.0143
2025-12-03,PEG,-0.0017,-0.0062,0.002,-0.0143
2025-12-04,PEG,0.0029,-0.0062,0.002,-0.0143
2025-12-05,PEG,-0.0149,-0.0062,0.002,-0.0143
2025-12-02,PEP,-0.006,-0.0076,-0.0037,-0.0115
2025-12-03,PEP,-0.0037,-0.0076,-0.0037,-0.0115
2025-12-04,PEP,-0.0078,-0.0076,-0.0037,-0.0115
2025-12-05,PEP,-0.0129,-0.0076,-0.0037,-0.0115
2025-12-02,PFE,-0.0047,0.0075,0.0169,-0.002
2025-12-03,PFE,0.0167,0.0075,0.0169,-0.002
2025-12-04,PFE,0.0051,0.0075,0.0169,-0.002
2025-12-05,PFE,0.0128,0.0075,0.0169,-0.002
2025-12-02,PFF,0.0059,0.0018,0.0055,-0.0019
2025-12-03,PFF,0.0016,0.0018,0.0055,-0.0019
2025-12-04,PFF,-0.0031,0.0018,0.0055,-0.0019
2025-12-05,PFF,0.0028,0.0018,0.0055,-0.0019
2025-12-02,PFG,-0.0015,0.009,0.0204,-0.0023
2025-12-03,PFG,0.0192,0.009,0.0204,-0.0023
2025-12-04,PFG,-0.0001,0.009,0.0204,-0.0023
2025-12-05,PFG,0.0185,0.009,0.0204,-0.0023
2025-12-02,PG,-0.0107,-0.0068,0.0018,-0.0154
2025-12-03,PG,0.0058,-0.0068,0.0018,-0.0154
2025-12-04,PG,-0.0092,-0.0068,0.0018,-0.0154
2025-12-05,PG,-0.0131,-0.0068,0.0018,-0.0154
2025-12-02,PGR,0.0041,-0.0054,0.0044,-0.0152
2025-12-03,PGR,-0.0069,-0.0054,0.0044,-0.0152
2025-12-04,PGR,-0.0004,-0.0054,0.0044,-0.0152
2025-12-05,PGR,-0.0185,-0.0054,0.0044,-0.0152
2025-12-02,PH,0.0033,0.0069,0.0106,0.0032
2025-12-03,PH,0.0119,0.0069,0.0106,0.0032
2025-12-04,PH,0.0051,0.0069,0.0106,0.0032
2025-12-05,PH,0.0073,0.0069,0.0106,0.0032
2025-12-02,PHM,-0.005,-0.0002,0.0208,-0.0212
2025-12-03,PHM,0.0299,-0.0002,0.0208,-0.0212
2025-12-04,PHM,-0.0187,-0.0002,0.0208,-0.0212
2025-12-05,PHM,-0.007,-0.0002,0.0208,-0.0212
2025-12-02,PKG,-0.0526,-0.0055,0.029,-0.0399
2025-12-03,PKG,0.028,-0.0055,0.029,-0.0399
2025-12-04,PKG,-0.0067,-0.0055,0.029,-0.0399
2025-12-05,PKG,0.0094,-0.0055,0.029,-0.0399
2025-12-03,PLD,0.002,-0.0019,0.0024,-0.0061
2025-12-04,PLD,-0.0078,-0.0019,0.0024,-0.0061
2025-12-05,PLD,-0.0016,-0.0019,0.0024,-0.0061
2025-12-02,PLTR,0.0191,0.0207,0.0294,0.012
2025-12-03,PLTR,0.0316,0.0207,0.0294,0.012
2025-12-04,PLTR,0.0104,0.0207,0.0294,0.012
2025-12-05,PLTR,0.0216,0.0207,0.0294,0.012
2025-12-02,PM,-0.0098,-0.0136,-0.0063,-0.0209
2025-12-03,PM,-0.0188,-0.0136,-0.0063,-0.0209
2025-12-04,PM,-0.0206,-0.0136,-0.0063,-0.0209
2025-12-05,PM,-0.0052,-0.0136,-0.0063,-0.0209
2025-12-02,PNC,-0.0018,0.0071,0.0231,-0.0089
2025-12-03,PNC,0.031,0.0071,0.0231,-0.0089
2025-12-04,PNC,0.0014,0.0071,0.0231,-0.0089
2025-12-05,PNC,-0.0021,0.0071,0.0231,-0.0089
2025-12-02,PNR,0.001,-0.0019,0.0097,-0.0134
2025-12-03,PNR,0.0125,-0.0019,0.0097,-0.0134
2025-12-04,PNR,-0.0148,-0.0019,0.0097,-0.0134
2025-12-05,PNR,-0.0061,-0.0019,0.0097,-0.0134
2025-12-02,PNW,-0.0087,-0.0032,0.0017,-0.0082
2025-12-03,PNW,0.0009,-0.0032,0.0017,-0.0082
2025-12-04,PNW,-0.0061,-0.0032,0.0017,-0.0082
2025-12-05,PNW,0.001,-0.0032,0.0017,-0.0082
2025-12-02,PODD,-0.0059,-0.0049,0.021,-0.0308
2025-12-03,PODD,-0.0047,-0.0049,0.021,-0.0308
2025-12-04,PODD,0.0272,-0.0049,0.021,-0.0308
2025-12-05,PODD,-0.0362,-0.0049,0.021,-0.0308
2025-12-02,POOL,0.0056,-0.0039,0.0071,-0.015
2025-12-03,POOL,0.0051,-0.0039,0.0071,-0.015
2025-12-04,POOL,-0.0165,-0.0039,0.0071,-0.015
2025-12-05,POOL,-0.0099,-0.0039,0.0071,-0.015
2025-12-02,POWA,-0.0025,0.0007,0.003,-0.0016
2025-12-03,POWA,0.0029,0.0007,0.003,-0.0016
2025-12-04,POWA,0.001,0.0007,0.003,-0.0016
2025-12-05,POWA,0.0014,0.0007,0.003,-0.0016
2025-12-02,PPG,0.0039,0.003,0.0102,-0.0043
2025-12-03,PPG,0.0109,0.003,0.0102,-0.0043
2025-12-04,PPG,-0.0066,0.003,0.0102,-0.0043
2025-12-05,PPG,0.0036,0.003,0.0102,-0.0043
2025-12-02,PPL,-0.0162,-0.0138,-0.0094,-0.0183
2025-12-03,PPL,-0.0116,-0.0138,-0.0094,-0.0183
2025-12-04,PPL,-0.0187,-0.0138,-0.0094,-0.0183
2025-12-05,PPL,-0.0088,-0.0138,-0.0094,-0.0183
2025-12-02,PPLT,-0.0112,-0.0028,0.0082,-0.0137
2025-12-03,PPLT,0.0129,-0.0028,0.0082,-0.0137
2025-12-04,PPLT,-0.0094,-0.0028,0.0082,-0.0137
2025-12-05,PPLT,-0.0034,-0.0028,0.0082,-0.0137
2025-12-02,PRU,-0.0034,0.0079,0.0165,-0.0006
2025-12-03,PRU,0.0159,0.0079,0.0165,-0.0006
2025-12-04,PRU,0.0062,0.0079,0.0165,-0.0006
2025-12-05,PRU,0.013,0.0079,0.0165,-0.0006
2025-12-02,PSA,0.0074,0.0009,0.0162,-0.0144
2025-12-03,PSA,0.0186,0.0009,0.0162,-0.0144
2025-12-04,PSA,-0.0058,0.0009,0.0162,-0.0144
2025-12-05,PSA,-0.0165,0.0009,0.0162,-0.0144
2025-12-02,PSKY,0.007,-0.0384,0.0169,-0.0937
2025-12-03,PSKY,-0.0727,-0.0384,0.0169,-0.0937
2025-12-04,PSKY,0.0102,-0.0384,0.0169,-0.0937
2025-12-05,PSKY,-0.0982,-0.0384,0.0169,-0.0937
2025-12-02,PSX,-0.0157,-0.0006,0.0126,-0.0139
2025-12-03,PSX,0.0166,-0.0006,0.0126,-0.0139
2025-12-04,PSX,-0.0031,-0.0006,0.0126,-0.0139
2025-12-05,PSX,-0.0004,-0.0006,0.0126,-0.0139
2025-12-02,PTC,0.0091,-0.0019,0.0156,-0.0193
2025-12-03,PTC,0.005,-0.0019,0.0156,-0.0193
2025-12-04,PTC,0.0064,-0.0019,0.0156,-0.0193
2025-12-05,PTC,-0.0279,-0.0019,0.0156,-0.0193
2025-12-02,PWR,0.0055,0.0047,0.0163,-0.0069
2025-12-03,PWR,0.0029,0.0047,0.0163,-0.0069
2025-12-04,PWR,0.0193,0.0047,0.0163,-0.0069
2025-12-05,PWR,-0.009,0.0047,0.0163,-0.0069
2025-12-02,PYPL,0.0051,-0.0011,0.0158,-0.018
2025-12-03,PYPL,-0.0264,-0.0011,0.0158,-0.018
2025-12-04,PYPL,0.008,-0.0011,0.0158,-0.018
2025-12-05,PYPL,0.0089,-0.0011,0.0158,-0.018
2025-12-02,QAT,0.0035,0.003,0.0069,-0.001
2025-12-03,QAT,0.0083,0.003,0.0069,-0.001
2025-12-04,QAT,0.0005,0.003,0.0069,-0.001
2025-12-05,QAT,-0.0005,0.003,0.0069,-0.001
2025-12-02,QCOM,0.0158,0.01,0.0233,-0.0033
2025-12-03,QCOM,0.0256,0.01,0.0233,-0.0033
2025-12-04,QCOM,-0.0041,0.01,0.0233,-0.0033
2025-12-05,QCOM,0.0026,0.01,0.0233,-0.0033
2025-12-02,QQQ,0.0078,0.0034,0.007,-0.0003
2025-12-03,QQQ,0.0024,0.0034,0.007,-0.0003
2025-12-04,QQQ,-0.0009,0.0034,0.007,-0.0003
2025-12-05,QQQ,0.0041,0.0034,0.007,-0.0003
2025-12-02,QUAL,0.0038,0.0026,0.004,0.0013
2025-12-03,QUAL,0.0035,0.0026,0.004,0.0013
2025-12-04,QUAL,0.0008,0.0026,0.004,0.0013
2025-12-05,QUAL,0.0024,0.0026,0.004,0.0013
2025-12-02,RCL,-0.0057,-0.0084,0.003,-0.0199
2025-12-03,RCL,0.0026,-0.0084,0.003,-0.0199
2025-12-04,RCL,-0.0245,-0.0084,0.003,-0.0199
2025-12-05,RCL,-0.0062,-0.0084,0.003,-0.0199
2025-12-02,REG,-0.0114,-0.0077,-0.0025,-0.0128
2025-12-03,REG,-0.0014,-0.0077,-0.0025,-0.0128
2025-12-04,REG,-0.0124,-0.0077,-0.0025,-0.0128
2025-12-05,REG,-0.0054,-0.0077,-0.0025,-0.0128
2025-12-02,REGN,-0.0108,-0.0107,-0.0006,-0.0208
2025-12-03,REGN,-0.0247,-0.0107,-0.0006,-0.0208
2025-12-04,REGN,-0.0012,-0.0107,-0.0006,-0.0208
2025-12-05,REGN,-0.0061,-0.0107,-0.0006,-0.0208
2025-12-02,RF,0.0032,0.0093,0.0248,-0.0061
2025-12-03,RF,0.0311,0.0093,0.0248,-0.0061
2025-12-04,RF,0.008,0.0093,0.0248,-0.0061
2025-12-05,RF,-0.0049,0.0093,0.0248,-0.0061
2025-12-02,RIG,-0.0092,0.0053,0.024,-0.0135
2025-12-03,RIG,0.0325,0.0053,0.024,-0.0135
2025-12-04,RIG,-0.0045,0.0053,0.024,-0.0135
2025-12-05,RIG,0.0023,0.0053,0.024,-0.0135
2025-12-02,RJF,-0.0012,0.0116,0.024,-0.0008
2025-12-03,RJF,0.0202,0.0116,0.024,-0.0008
2025-12-04,RJF,0.024,0.0116,0.024,-0.0008
2025-12-05,RJF,0.0033,0.0116,0.024,-0.0008
2025-12-02,RL,-0.0273,0.002,0.0266,-0.0226
2025-12-03,RL,0.0064,0.002,0.0266,-0.0226
2025-12-04,RL,-0.0033,0.002,0.0266,-0.0226
2025-12-05,RL,0.0321,0.002,0.0266,-0.0226
2025-12-02,RMD,0.0099,0.0082,0.0171,-0.0008
2025-12-03,RMD,0.0024,0.0082,0.0171,-0.0008
2025-12-04,RMD,0.0003,0.0082,0.0171,-0.0008
2025-12-05,RMD,0.02,0.0082,0.0171,-0.0008
2025-12-02,ROK,0.0032,0.0091,0.0192,-0.001
2025-12-03,ROK,0.0234,0.0091,0.0192,-0.001
2025-12-04,ROK,0.0088,0.0091,0.0192,-0.001
2025-12-05,ROK,0.001,0.0091,0.0192,-0.001
2025-12-02,ROKU,0.018,0.01,0.0566,-0.0367
2025-12-03,ROKU,-0.0537,0.01,0.0566,-0.0367
2025-12-04,ROKU,0.0168,0.01,0.0566,-0.0367
2025-12-05,ROKU,0.0587,0.01,0.0566,-0.0367
2025-12-02,ROL,-0.0046,0.001,0.0121,-0.0102
2025-12-03,ROL,-0.0046,0.001,0.0121,-0.0102
2025-12-04,ROL,-0.0046,0.001,0.0121,-0.0102
2025-12-05,ROL,0.0176,0.001,0.0121,-0.0102
2025-12-02,ROP,0.0013,0.0023,0.006,-0.0015
2025-12-03,ROP,0.0039,0.0023,0.006,-0.0015
2025-12-04,ROP,-0.0025,0.0023,0.006,-0.0015
2025-12-05,ROP,0.0063,0.0023,0.006,-0.0015
2025-12-02,ROST,0.0004,0.0005,0.0046,-0.0036
2025-12-03,ROST,0.0024,0.0005,0.0046,-0.0036
2025-12-04,ROST,-0.0051,0.0005,0.0046,-0.0036
2025-12-05,ROST,0.0044,0.0005,0.0046,-0.0036
2025-12-02,RSG,-0.0065,0.0029,0.0114,-0.0056
2025-12-03,RSG,0.0127,0.0029,0.0114,-0.0056
2025-12-04,RSG,-0.0012,0.0029,0.0114,-0.0056
2025-12-05,RSG,0.0066,0.0029,0.0114,-0.0056
2025-12-02,RSP,-0.0009,0.0023,0.0061,-0.0014
2025-12-03,RSP,0.0076,0.0023,0.0061,-0.0014
2025-12-04,RSP,0.0003,0.0023,0.0061,-0.0014
2025-12-05,RSP,0.0023,0.0023,0.0061,-0.0014
2025-12-02,RTX,0.0046,0.0046,0.0134,-0.0042
2025-12-03,RTX,-0.0021,0.0046,0.0134,-0.0042
2025-12-04,RTX,0.017,0.0046,0.0134,-0.0042
2025-12-05,RTX,-0.0012,0.0046,0.0134,-0.0042
2025-12-02,RUT,-0.0017,0.0053,0.0157,-0.0051
2025-12-03,RUT,0.0191,0.0053,0.0157,-0.0051
2025-12-04,RUT,0.0076,0.0053,0.0157,-0.0051
2025-12-05,RUT,-0.0038,0.0053,0.0157,-0.0051
2025-12-02,RVTY,0.0029,-0.004,0.0062,-0.0142
2025-12-03,RVTY,0.0052,-0.004,0.0062,-0.0142
2025-12-04,RVTY,-0.0069,-0.004,0.0062,-0.0142
2025-12-05,RVTY,-0.0172,-0.004,0.0062,-0.0142
2025-12-02,SBAC,-0.0085,0.0014,0.011,-0.0082
2025-12-03,SBAC,0.002,0.0014,0.011,-0.0082
2025-12-04,SBAC,0.0142,0.0014,0.011,-0.0082
2025-12-05,SBAC,-0.0022,0.0014,0.011,-0.0082
2025-12-02,SBLK,-0.0105,0.0056,0.0235,-0.0123
2025-12-03,SBLK,0.0308,0.0056,0.0235,-0.0123
2025-12-04,SBLK,0.0044,0.0056,0.0235,-0.0123
2025-12-05,SBLK,-0.0024,0.0056,0.0235,-0.0123
2025-12-02,SBUX,0.0034,0.0008,0.0199,-0.0184
2025-12-03,SBUX,0.0224,0.0008,0.0199,-0.0184
2025-12-04,SBUX,-0.0242,0.0008,0.0199,-0.0184
2025-12-05,SBUX,0.0014,0.0008,0.0199,-0.0184
2025-12-02,SCHP,0.0004,-0.0002,0.0015,-0.0019
2025-12-03,SCHP,0.0019,-0.0002,0.0015,-0.0019
2025-12-04,SCHP,-0.0011,-0.0002,0.0015,-0.0019
2025-12-05,SCHP,-0.0019,-0.0002,0.0015,-0.0019
2025-12-02,SCHW,-0.0067,0.0031,0.0187,-0.0124
2025-12-03,SCHW,0.0209,0.0031,0.0187,-0.0124
2025-12-04,SCHW,0.0111,0.0031,0.0187,-0.0124
2025-12-05,SCHW,-0.0127,0.0031,0.0187,-0.0124
2025-12-02,SD,-0.0124,0.0121,0.0416,-0.0173
2025-12-03,SD,0.0544,0.0121,0.0416,-0.0173
2025-12-04,SD,-0.002,0.0121,0.0416,-0.0173
2025-12-05,SD,0.0086,0.0121,0.0416,-0.0173
2025-12-02,SDY,-0.0049,0.0004,0.0054,-0.0047
2025-12-03,SDY,0.0073,0.0004,0.0054,-0.0047
2025-12-04,SDY,-0.0008,0.0004,0.0054,-0.0047
2025-12-05,SDY,-0.0002,0.0004,0.0054,-0.0047
2025-12-02,SHW,-0.0117,-0.0062,0.0018,-0.0141
2025-12-03,SHW,0.0052,-0.0062,0.0018,-0.0141
2025-12-04,SHW,-0.0114,-0.0062,0.0018,-0.0141
2025-12-05,SHW,-0.0067,-0.0062,0.0018,-0.0141
2025-12-02,SHY,0.0006,0.0,0.0007,-0.0007
2025-12-03,SHY,0.0006,0.0,0.0007,-0.0007
2025-12-04,SHY,-0.0007,0.0,0.0007,-0.0007
2025-12-05,SHY,-0.0004,0.0,0.0007,-0.0007
2025-12-02,SILJ,-0.0015,-0.004,-0.0003,-0.0078
2025-12-03,SILJ,-0.0084,-0.004,-0.0003,-0.0078
2025-12-04,SILJ,-0.0058,-0.004,-0.0003,-0.0078
2025-12-05,SILJ,-0.0004,-0.004,-0.0003,-0.0078
2025-12-02,SJM,-0.0203,-0.0073,0.0031,-0.0176
2025-12-03,SJM,-0.0063,-0.0073,0.0031,-0.0176
2025-12-04,SJM,-0.0075,-0.0073,0.0031,-0.0176
2025-12-05,SJM,0.005,-0.0073,0.0031,-0.0176
2025-12-02,SLB,-0.0066,0.0125,0.0288,-0.0037
2025-12-03,SLB,0.0327,0.0125,0.0288,-0.0037
2025-12-04,SLB,0.0152,0.0125,0.0288,-0.0037
2025-12-05,SLB,0.0089,0.0125,0.0288,-0.0037
2025-12-02,SLV,0.0116,0.0022,0.0227,-0.0183
2025-12-03,SLV,-0.0011,0.0022,0.0227,-0.0183
2025-12-04,SLV,-0.0247,0.0022,0.0227,-0.0183
2025-12-05,SLV,0.023,0.0022,0.0227,-0.0183
2025-12-02,SMCI,-0.0147,0.0095,0.0262,-0.0071
2025-12-03,SMCI,0.0231,0.0095,0.0262,-0.0071
2025-12-04,SMCI,0.0163,0.0095,0.0262,-0.0071
2025-12-05,SMCI,0.0134,0.0095,0.0262,-0.0071
2025-12-02,SMH,0.0183,0.0081,0.0193,-0.0032
2025-12-03,SMH,0.0137,0.0081,0.0193,-0.0032
2025-12-04,SMH,-0.0076,0.0081,0.0193,-0.0032
2025-12-05,SMH,0.0078,0.0081,0.0193,-0.0032
2025-12-02,SNA,0.0062,0.0064,0.0097,0.003
2025-12-03,SNA,0.011,0.0064,0.0097,0.003
2025-12-04,SNA,0.0052,0.0064,0.0097,0.003
2025-12-05,SNA,0.0031,0.0064,0.0097,0.003
2025-12-02,SNDK,-0.0229,0.023,0.0956,-0.0495
2025-12-03,SNDK,-0.0534,0.023,0.0956,-0.0495
2025-12-04,SNDK,0.0974,0.023,0.0956,-0.0495
2025-12-05,SNDK,0.0711,0.023,0.0956,-0.0495
2025-12-02,SNPS,0.0252,0.016,0.0354,-0.0035
2025-12-03,SNPS,0.038,0.016,0.0354,-0.0035
2025-12-04,SNPS,-0.0058,0.016,0.0354,-0.0035
2025-12-05,SNPS,0.0065,0.016,0.0354,-0.0035
2025-12-02,SO,0.0003,-0.0078,-0.002,-0.0135
2025-12-03,SO,-0.0119,-0.0078,-0.002,-0.0135
2025-12-04,SO,-0.0074,-0.0078,-0.002,-0.0135
2025-12-05,SO,-0.012,-0.0078,-0.002,-0.0135
2025-12-02,SOLV,0.0004,-0.0004,0.0022,-0.0029
2025-12-03,SOLV,-0.004,-0.0004,0.0022,-0.0029
2025-12-04,SOLV,0.0001,-0.0004,0.0022,-0.0029
2025-12-05,SOLV,0.002,-0.0004,0.0022,-0.0029
2025-12-02,SOYB,-0.0017,-0.0047,0.0008,-0.0102
2025-12-03,SOYB,-0.0064,-0.0047,0.0008,-0.0102
2025-12-04,SOYB,0.0009,-0.0047,0.0008,-0.0102
2025-12-05,SOYB,-0.0116,-0.0047,0.0008,-0.0102
2025-12-02,SPG,-0.016,-0.0035,0.0058,-0.0127
2025-12-03,SPG,0.0007,-0.0035,0.0058,-0.0127
2025-12-04,SPG,0.0056,-0.0035,0.0058,-0.0127
2025-12-05,SPG,-0.0041,-0.0035,0.0058,-0.0127
2025-12-02,SPGI,-0.0082,0.0017,0.0134,-0.01
2025-12-03,SPGI,0.0177,0.0017,0.0134,-0.01
2025-12-04,SPGI,-0.0058,0.0017,0.0134,-0.01
2025-12-05,SPGI,0.0031,0.0017,0.0134,-0.01
2025-12-02,SPHB,0.01,0.0098,0.0168,0.0029
2025-12-03,SPHB,0.0192,0.0098,0.0168,0.0029
2025-12-04,SPHB,0.0028,0.0098,0.0168,0.0029
2025-12-05,SPHB,0.0074,0.0098,0.0168,0.0029
2025-12-02,SPLV,-0.0069,-0.0033,-0.0006,-0.006
2025-12-03,SPLV,-0.0004,-0.0033,-0.0006,-0.006
2025-12-04,SPLV,-0.0032,-0.0033,-0.0006,-0.006
2025-12-05,SPLV,-0.0027,-0.0033,-0.0006,-0.006
2025-12-02,SPX,0.0025,0.0021,0.0029,0.0013
2025-12-03,SPX,0.003,0.0021,0.0029,0.0013
2025-12-04,SPX,0.0011,0.0021,0.0029,0.0013
2025-12-05,SPX,0.0019,0.0021,0.0029,0.0013
2025-12-02,SPY,0.0019,0.002,0.0031,0.0009
2025-12-03,SPY,0.0035,0.002,0.0031,0.0009
2025-12-04,SPY,0.0007,0.002,0.0031,0.0009
2025-12-05,SPY,0.0019,0.002,0.0031,0.0009
2025-12-02,SRE,-0.006,-0.0023,0.004,-0.0085
2025-12-03,SRE,-0.0024,-0.0023,0.004,-0.0085
2025-12-04,SRE,-0.0073,-0.0023,0.004,-0.0085
2025-12-05,SRE,0.0066,-0.0023,0.004,-0.0085
2025-12-02,STE,-0.0137,0.0004,0.0104,-0.0096
2025-12-03,STE,0.0004,0.0004,0.0104,-0.0096
2025-12-04,STE,0.0062,0.0004,0.0104,-0.0096
2025-12-05,STE,0.0087,0.0004,0.0104,-0.0096
2025-12-02,STIP,0.0002,0.0001,0.0006,-0.0003
2025-12-03,STIP,0.0007,0.0001,0.0006,-0.0003
2025-12-04,STIP,-0.0001,0.0001,0.0006,-0.0003
2025-12-05,STIP,-0.0002,0.0001,0.0006,-0.0003
2025-12-02,STLA,0.0282,0.0314,0.0434,0.0194
2025-12-03,STLA,0.0466,0.0314,0.0434,0.0194
2025-12-04,STLA,0.0332,0.0314,0.0434,0.0194
2025-12-05,STLA,0.0177,0.0314,0.0434,0.0194
2025-12-02,STLD,0.0001,-0.0035,0.0163,-0.0232
2025-12-03,STLD,0.0231,-0.0035,0.0163,-0.0232
2025-12-04,STLD,-0.0198,-0.0035,0.0163,-0.0232
2025-12-05,STLD,-0.0172,-0.0035,0.0163,-0.0232
2025-12-02,STNG,0.0142,0.0015,0.0121,-0.0091
2025-12-03,STNG,0.0041,0.0015,0.0121,-0.0091
2025-12-04,STNG,-0.0113,0.0015,0.0121,-0.0091
2025-12-05,STNG,-0.0009,0.0015,0.0121,-0.0091
2025-12-02,STT,0.0076,0.0114,0.0157,0.0072
2025-12-03,STT,0.0158,0.0114,0.0157,0.0072
2025-12-04,STT,0.008,0.0114,0.0157,0.0072
2025-12-05,STT,0.0143,0.0114,0.0157,0.0072
2025-12-02,STX,-0.012,0.0084,0.0448,-0.028
2025-12-03,STX,-0.0307,0.0084,0.0448,-0.028
2025-12-04,STX,0.0269,0.0084,0.0448,-0.028
2025-12-05,STX,0.0495,0.0084,0.0448,-0.028
2025-12-02,STZ,-0.0001,0.0081,0.0237,-0.0074
2025-12-03,STZ,0.0016,0.0081,0.0237,-0.0074
2025-12-04,STZ,-0.0004,0.0081,0.0237,-0.0074
2025-12-05,STZ,0.0314,0.0081,0.0237,-0.0074
2025-12-02,SW,-0.0337,0.0032,0.0381,-0.0317
2025-12-03,SW,0.0485,0.0032,0.0381,-0.0317
2025-12-04,SW,0.0091,0.0032,0.0381,-0.0317
2025-12-05,SW,-0.0112,0.0032,0.0381,-0.0317
2025-12-02,SWK,0.0096,0.0067,0.0162,-0.0028
2025-12-03,SWK,0.0181,0.0067,0.0162,-0.0028
2025-12-04,SWK,-0.0044,0.0067,0.0162,-0.0028
2025-12-05,SWK,0.0036,0.0067,0.0162,-0.0028
2025-12-02,SWKS,0.0366,0.0131,0.0311,-0.0049
2025-12-03,SWKS,0.0166,0.0131,0.0311,-0.0049
2025-12-04,SWKS,-0.0052,0.0131,0.0311,-0.0049
2025-12-05,SWKS,0.0045,0.0131,0.0311,-0.0049
2025-12-02,SYF,0.0106,0.0073,0.0146,0.0
2025-12-03,SYF,0.0034,0.0073,0.0146,0.0
2025-12-04,SYF,0.0158,0.0073,0.0146,0.0
2025-12-05,SYF,-0.0005,0.0073,0.0146,0.0
2025-12-02,SYK,-0.0151,-0.0056,0.0009,-0.0121
2025-12-03,SYK,-0.002,-0.0056,0.0009,-0.0121
2025-12-04,SYK,-0.0044,-0.0056,0.0009,-0.0121
2025-12-05,SYK,-0.0009,-0.0056,0.0009,-0.0121
2025-12-02,SYY,-0.0194,-0.0094,-0.0001,-0.0186
2025-12-03,SYY,-0.0145,-0.0094,-0.0001,-0.0186
2025-12-04,SYY,0.0011,-0.0094,-0.0001,-0.0186
2025-12-05,SYY,-0.0046,-0.0094,-0.0001,-0.0186
2025-12-02,T,-0.0105,-0.0049,0.0008,-0.0107
2025-12-03,T,-0.0078,-0.0049,0.0008,-0.0107
2025-12-04,T,0.0028,-0.0049,0.0008,-0.0107
2025-12-05,T,-0.0043,-0.0049,0.0008,-0.0107
2025-12-02,TAGS,0.0061,-0.0012,0.0061,-0.0085
2025-12-03,TAGS,-0.0085,-0.0012,0.0061,-0.0085
2025-12-04,TAGS,0.004,-0.0012,0.0061,-0.0085
2025-12-05,TAGS,-0.0064,-0.0012,0.0061,-0.0085
2025-12-02,TAP,-0.0087,-0.0096,-0.0059,-0.0133
2025-12-03,TAP,-0.0056,-0.0096,-0.0059,-0.0133
2025-12-04,TAP,-0.0145,-0.0096,-0.0059,-0.0133
2025-12-05,TAP,-0.0097,-0.0096,-0.0059,-0.0133
2025-12-02,TDG,-0.0083,-0.0014,0.011,-0.0139
2025-12-03,TDG,-0.0047,-0.0014,0.011,-0.0139
2025-12-04,TDG,0.017,-0.0014,0.011,-0.0139
2025-12-05,TDG,-0.0097,-0.0014,0.011,-0.0139
2025-12-02,TDW,-0.0042,0.0134,0.0683,-0.0415
2025-12-03,TDW,0.0935,0.0134,0.0683,-0.0415
2025-12-04,TDW,-0.0042,0.0134,0.0683,-0.0415
2025-12-05,TDW,-0.0314,0.0134,0.0683,-0.0415
2025-12-02,TDY,0.0064,0.0148,0.0246,0.005
2025-12-03,TDY,0.0166,0.0148,0.0246,0.005
2025-12-04,TDY,0.0279,0.0148,0.0246,0.005
2025-12-05,TDY,0.0083,0.0148,0.0246,0.005
2025-12-02,TECH,-0.0127,-0.0081,0.0098,-0.0261
2025-12-03,TECH,0.0138,-0.0081,0.0098,-0.0261
2025-12-04,TECH,-0.0044,-0.0081,0.0098,-0.0261
2025-12-05,TECH,-0.0293,-0.0081,0.0098,-0.0261
2025-12-02,TECK,-0.0016,0.0101,0.023,-0.0028
2025-12-03,TECK,0.0282,0.0101,0.023,-0.0028
2025-12-04,TECK,0.0097,0.0101,0.023,-0.0028
2025-12-05,TECK,0.0042,0.0101,0.023,-0.0028
2025-12-02,TEL,0.0168,0.0094,0.0152,0.0036
2025-12-03,TEL,0.0054,0.0094,0.0152,0.0036
2025-12-04,TEL,0.0113,0.0094,0.0152,0.0036
2025-12-05,TEL,0.0041,0.0094,0.0152,0.0036
2025-12-02,TER,0.0574,0.0284,0.0488,0.0079
2025-12-03,TER,0.0271,0.0284,0.0488,0.0079
2025-12-04,TER,0.0182,0.0284,0.0488,0.0079
2025-12-05,TER,0.0108,0.0284,0.0488,0.0079
2025-12-02,TFC,-0.0019,0.0052,0.0153,-0.005
2025-12-03,TFC,0.0202,0.0052,0.0153,-0.005
2025-12-04,TFC,0.0025,0.0052,0.0153,-0.005
2025-12-05,TFC,-0.0002,0.0052,0.0153,-0.005
2025-12-02,TGT,-0.0097,0.0023,0.0104,-0.0058
2025-12-03,TGT,0.005,0.0023,0.0104,-0.0058
2025-12-04,TGT,0.0074,0.0023,0.0104,-0.0058
2025-12-05,TGT,0.0066,0.0023,0.0104,-0.0058
2025-12-02,THD,0.0003,0.0001,0.0048,-0.0046
2025-12-03,THD,-0.002,0.0001,0.0048,-0.0046
2025-12-04,THD,-0.0045,0.0001,0.0048,-0.0046
2025-12-05,THD,0.0065,0.0001,0.0048,-0.0046
2025-12-02,TIP,0.0003,-0.0001,0.0017,-0.0019
2025-12-03,TIP,0.0023,-0.0001,0.0017,-0.0019
2025-12-04,TIP,-0.0014,-0.0001,0.0017,-0.0019
2025-12-05,TIP,-0.0016,-0.0001,0.0017,-0.0019
2025-12-02,TJX,-0.0073,0.0036,0.0151,-0.0079
2025-12-03,TJX,0.0003,0.0036,0.0151,-0.0079
2025-12-04,TJX,0.0016,0.0036,0.0151,-0.0079
2025-12-05,TJX,0.0198,0.0036,0.0151,-0.0079
2025-12-02,TKO,0.0034,0.0105,0.0241,-0.0031
2025-12-03,TKO,0.0013,0.0105,0.0241,-0.0031
2025-12-04,TKO,0.0306,0.0105,0.0241,-0.0031
2025-12-05,TKO,0.0067,0.0105,0.0241,-0.0031
2025-12-02,TLT,0.0005,-0.0017,0.0023,-0.0056
2025-12-03,TLT,0.0028,-0.0017,0.0023,-0.0056
2025-12-04,TLT,-0.0054,-0.0017,0.0023,-0.0056
2025-12-05,TLT,-0.0046,-0.0017,0.0023,-0.0056
2025-12-02,TMO,-0.0082,-0.0054,-0.0012,-0.0095
2025-12-03,TMO,0.0001,-0.0054,-0.0012,-0.0095
2025-12-04,TMO,-0.009,-0.0054,-0.0012,-0.0095
2025-12-05,TMO,-0.0043,-0.0054,-0.0012,-0.0095
2025-12-02,TMUS,0.0169,0.0036,0.0146,-0.0073
2025-12-03,TMUS,-0.0077,0.0036,0.0146,-0.0073
2025-12-04,TMUS,-0.0024,0.0036,0.0146,-0.0073
2025-12-05,TMUS,0.0078,0.0036,0.0146,-0.0073
2025-12-02,TNX,-0.0024,0.0027,0.0117,-0.0064
2025-12-03,TNX,-0.0071,0.0027,0.0117,-0.0064
2025-12-04,TNX,0.0126,0.0027,0.0117,-0.0064
2025-12-05,TNX,0.0075,0.0027,0.0117,-0.0064
2025-12-02,TPL,0.0128,0.0205,0.0457,-0.0047
2025-12-03,TPL,0.0579,0.0205,0.0457,-0.0047
2025-12-04,TPL,0.0055,0.0205,0.0457,-0.0047
2025-12-05,TPL,0.0058,0.0205,0.0457,-0.0047
2025-12-02,TPR,-0.0253,0.0095,0.0338,-0.0149
2025-12-03,TPR,0.0243,0.0095,0.0338,-0.0149
2025-12-04,TPR,0.0281,0.0095,0.0338,-0.0149
2025-12-05,TPR,0.0108,0.0095,0.0338,-0.0149
2025-12-02,TRGP,-0.0276,0.0059,0.0301,-0.0183
2025-12-03,TRGP,0.0228,0.0059,0.0301,-0.0183
2025-12-04,TRGP,0.0245,0.0059,0.0301,-0.0183
2025-12-05,TRGP,0.004,0.0059,0.0301,-0.0183
2025-12-02,TRMB,0.0069,0.0056,0.0125,-0.0012
2025-12-03,TRMB,0.0013,0.0056,0.0125,-0.0012
2025-12-04,TRMB,-0.0004,0.0056,0.0125,-0.0012
2025-12-05,TRMB,0.0148,0.0056,0.0125,-0.0012
2025-12-02,TROW,0.0087,0.0121,0.0209,0.0033
2025-12-03,TROW,0.0252,0.0121,0.0209,0.0033
2025-12-04,TROW,0.007,0.0121,0.0209,0.0033
2025-12-05,TROW,0.0075,0.0121,0.0209,0.0033
2025-12-02,TRV,-0.0068,-0.0084,-0.004,-0.0127
2025-12-03,TRV,-0.0147,-0.0084,-0.004,-0.0127
2025-12-04,TRV,-0.005,-0.0084,-0.004,-0.0127
2025-12-05,TRV,-0.0069,-0.0084,-0.004,-0.0127
2025-12-02,TS,-0.0192,0.0021,0.0258,-0.0215
2025-12-03,TS,0.0344,0.0021,0.0258,-0.0215
2025-12-04,TS,0.0044,0.0021,0.0258,-0.0215
2025-12-05,TS,-0.0111,0.0021,0.0258,-0.0215
2025-12-02,TSCO,-0.0082,0.002,0.0131,-0.0091
2025-12-03,TSCO,0.016,0.002,0.0131,-0.0091
2025-12-04,TSCO,0.0057,0.002,0.0131,-0.0091
2025-12-05,TSCO,-0.0055,0.002,0.0131,-0.0091
2025-12-02,TSLA,-0.0021,0.0143,0.0339,-0.0054
2025-12-03,TSLA,0.0408,0.0143,0.0339,-0.0054
2025-12-04,TSLA,0.0174,0.0143,0.0339,-0.0054
2025-12-05,TSLA,0.001,0.0143,0.0339,-0.0054
2025-12-02,TSN,-0.0165,-0.0059,0.0076,-0.0194
2025-12-03,TSN,-0.0098,-0.0059,0.0076,-0.0194
2025-12-04,TSN,-0.0113,-0.0059,0.0076,-0.0194
2025-12-05,TSN,0.0139,-0.0059,0.0076,-0.0194
2025-12-02,TT,0.0026,-0.0054,0.0003,-0.011
2025-12-03,TT,-0.0052,-0.0054,0.0003,-0.011
2025-12-04,TT,-0.0091,-0.0054,0.0003,-0.011
2025-12-05,TT,-0.0097,-0.0054,0.0003,-0.011
2025-12-02,TTD,0.0093,0.0032,0.0281,-0.0217
2025-12-03,TTD,-0.0335,0.0032,0.0281,-0.0217
2025-12-04,TTD,0.0192,0.0032,0.0281,-0.0217
2025-12-05,TTD,0.0178,0.0032,0.0281,-0.0217
2025-12-02,TTWO,-0.0101,-0.0014,0.008,-0.0108
2025-12-03,TTWO,-0.0076,-0.0014,0.008,-0.0108
2025-12-04,TTWO,0.0105,-0.0014,0.008,-0.0108
2025-12-05,TTWO,0.0015,-0.0014,0.008,-0.0108
2025-12-02,TUR,0.0021,-0.0014,0.0069,-0.0096
2025-12-03,TUR,-0.0067,-0.0014,0.0069,-0.0096
2025-12-04,TUR,-0.0094,-0.0014,0.0069,-0.0096
2025-12-05,TUR,0.0086,-0.0014,0.0069,-0.0096
2025-12-02,TXN,0.0422,0.021,0.0477,-0.0057
2025-12-03,TXN,0.0419,0.021,0.0477,-0.0057
2025-12-04,TXN,-0.0136,0.021,0.0477,-0.0057
2025-12-05,TXN,0.0134,0.021,0.0477,-0.0057
2025-12-02,TXT,0.0052,0.0045,0.0135,-0.0046
2025-12-03,TXT,0.0154,0.0045,0.0135,-0.0046
2025-12-04,TXT,-0.0067,0.0045,0.0135,-0.0046
2025-12-05,TXT,0.004,0.0045,0.0135,-0.0046
2025-12-02,TYL,-0.0086,0.0021,0.0102,-0.0061
2025-12-03,TYL,0.0007,0.0021,0.0102,-0.0061
2025-12-04,TYL,0.0104,0.0021,0.0102,-0.0061
2025-12-05,TYL,0.0058,0.0021,0.0102,-0.0061
2025-12-02,TYX,-0.0006,0.0026,0.008,-0.0029
2025-12-03,TYX,-0.0034,0.0026,0.008,-0.0029
2025-12-04,TYX,0.0085,0.0026,0.008,-0.0029
2025-12-05,TYX,0.0057,0.0026,0.008,-0.0029
2025-12-02,UAL,0.0322,0.0098,0.0434,-0.0239
2025-12-03,UAL,0.0393,0.0098,0.0434,-0.0239
2025-12-04,UAL,-0.0346,0.0098,0.0434,-0.0239
2025-12-05,UAL,0.0021,0.0098,0.0434,-0.0239
2025-12-02,UBER,0.0116,0.0135,0.0287,-0.0016
2025-12-03,UBER,0.0355,0.0135,0.0287,-0.0016
2025-12-04,UBER,0.0034,0.0135,0.0287,-0.0016
2025-12-05,UBER,0.0036,0.0135,0.0287,-0.0016
2025-12-02,UDR,0.0055,-0.0062,0.0041,-0.0165
2025-12-03,UDR,-0.0149,-0.0062,0.0041,-0.0165
2025-12-04,UDR,-0.0148,-0.0062,0.0041,-0.0165
2025-12-05,UDR,-0.0006,-0.0062,0.0041,-0.0165
2025-12-02,UHS,-0.0031,-0.0087,0.0095,-0.0269
2025-12-03,UHS,-0.0357,-0.0087,0.0095,-0.0269
2025-12-04,UHS,0.0019,-0.0087,0.0095,-0.0269
2025-12-05,UHS,0.0021,-0.0087,0.0095,-0.0269
2025-12-02,ULTA,0.0007,0.0254,0.0933,-0.0426
2025-12-03,ULTA,-0.0064,0.0254,0.0933,-0.0426
2025-12-04,ULTA,-0.0194,0.0254,0.0933,-0.0426
2025-12-05,ULTA,0.1265,0.0254,0.0933,-0.0426
2025-12-02,UNG,-0.0164,0.0188,0.046,-0.0084
2025-12-03,UNG,0.0341,0.0188,0.046,-0.0084
2025-12-04,UNG,0.0123,0.0188,0.046,-0.0084
2025-12-05,UNG,0.0453,0.0188,0.046,-0.0084
2025-12-02,UNH,0.0041,0.0062,0.0347,-0.0223
2025-12-03,UNH,0.0467,0.0062,0.0347,-0.0223
2025-12-04,UNH,-0.0183,0.0062,0.0347,-0.0223
2025-12-05,UNH,-0.0077,0.0062,0.0347,-0.0223
2025-12-02,UNP,0.0038,0.0043,0.0135,-0.0049
2025-12-03,UNP,0.0129,0.0043,0.0135,-0.0049
2025-12-04,UNP,0.0088,0.0043,0.0135,-0.0049
2025-12-05,UNP,-0.0083,0.0043,0.0135,-0.0049
2025-12-02,UPS,0.0038,-0.0006,0.0252,-0.0265
2025-12-03,UPS,0.0275,-0.0006,0.0252,-0.0265
2025-12-04,UPS,-0.0351,-0.0006,0.0252,-0.0265
2025-12-05,UPS,0.0012,-0.0006,0.0252,-0.0265
2025-12-02,URA,0.024,0.0208,0.0549,-0.0132
2025-12-03,URA,0.03,0.0208,0.0549,-0.0132
2025-12-04,URA,0.0553,0.0208,0.0549,-0.0132
2025-12-05,URA,-0.026,0.0208,0.0549,-0.0132
2025-12-02,URI,-0.0055,-0.0026,0.0103,-0.0154
2025-12-03,URI,0.016,-0.0026,0.0103,-0.0154
2025-12-04,URI,-0.0073,-0.0026,0.0103,-0.0154
2025-12-05,URI,-0.0134,-0.0026,0.0103,-0.0154
2025-12-02,URNM,0.0225,0.0175,0.0469,-0.0119
2025-12-03,URNM,0.0311,0.0175,0.0469,-0.0119
2025-12-04,URNM,0.0414,0.0175,0.0469,-0.0119
2025-12-05,URNM,-0.0251,0.0175,0.0469,-0.0119
2025-12-02,USB,0.0055,0.0093,0.0208,-0.0022
2025-12-03,USB,0.0252,0.0093,0.0208,-0.0022
2025-12-04,USB,0.0086,0.0093,0.0208,-0.0022
2025-12-05,USB,-0.0021,0.0093,0.0208,-0.0022
2025-12-02,USO,-0.0121,0.0031,0.0133,-0.0072
2025-12-03,USO,0.0066,0.0031,0.0133,-0.0072
2025-12-04,USO,0.0103,0.0031,0.0133,-0.0072
2025-12-05,USO,0.0074,0.0031,0.0133,-0.0072
2025-12-02,UUP,-0.0004,-0.0011,0.0018,-0.004
2025-12-03,UUP,-0.005,-0.0011,0.0018,-0.004
2025-12-04,UUP,0.0021,-0.0011,0.0018,-0.004
2025-12-05,UUP,-0.0011,-0.0011,0.0018,-0.004
2025-12-02,V,-0.0023,0.0007,0.0093,-0.0079
2025-12-04,V,-0.0076,0.0007,0.0093,-0.0079
2025-12-05,V,0.0127,0.0007,0.0093,-0.0079
2025-12-02,VAL,-0.0118,0.0104,0.0457,-0.0248
2025-12-03,VAL,0.0617,0.0104,0.0457,-0.0248
2025-12-04,VAL,-0.0136,0.0104,0.0457,-0.0248
2025-12-05,VAL,0.0055,0.0104,0.0457,-0.0248
2025-12-02,VICI,-0.0049,-0.0076,-0.0047,-0.0105
2025-12-03,VICI,-0.0053,-0.0076,-0.0047,-0.0105
2025-12-04,VICI,-0.0106,-0.0076,-0.0047,-0.0105
2025-12-05,VICI,-0.0096,-0.0076,-0.0047,-0.0105
2025-12-02,VIX,-0.0377,-0.0276,-0.0193,-0.036
2025-12-03,VIX,-0.0307,-0.0276,-0.0193,-0.036
2025-12-04,VIX,-0.0187,-0.0276,-0.0193,-0.036
2025-12-05,VIX,-0.0234,-0.0276,-0.0193,-0.036
2025-12-02,VLO,-0.0111,-0.009,-0.0057,-0.0123
2025-12-03,VLO,-0.0083,-0.009,-0.0057,-0.0123
2025-12-04,VLO,-0.0119,-0.009,-0.0057,-0.0123
2025-12-05,VLO,-0.0046,-0.009,-0.0057,-0.0123
2025-12-02,VLTO,0.0082,0.0029,0.0099,-0.004
2025-12-03,VLTO,0.0037,0.0029,0.0099,-0.004
2025-12-04,VLTO,0.0069,0.0029,0.0099,-0.004
2025-12-05,VLTO,-0.0071,0.0029,0.0099,-0.004
2025-12-02,VMC,-0.0069,0.0026,0.0095,-0.0043
2025-12-03,VMC,0.0095,0.0026,0.0095,-0.0043
2025-12-04,VMC,0.0036,0.0026,0.0095,-0.0043
2025-12-05,VMC,0.0042,0.0026,0.0095,-0.0043
2025-12-02,VNM,0.0147,0.0036,0.0119,-0.0046
2025-12-03,VNM,0.0021,0.0036,0.0119,-0.0046
2025-12-04,VNM,-0.0054,0.0036,0.0119,-0.0046
2025-12-05,VNM,0.0032,0.0036,0.0119,-0.0046
2025-12-02,VRSK,0.0038,-0.0031,0.0029,-0.009
2025-12-03,VRSK,-0.0016,-0.0031,0.0029,-0.009
2025-12-04,VRSK,-0.0106,-0.0031,0.0029,-0.009
2025-12-05,VRSK,-0.0038,-0.0031,0.0029,-0.009
2025-12-02,VRSN,0.0106,-0.0014,0.0095,-0.0124
2025-12-03,VRSN,-0.0147,-0.0014,0.0095,-0.0124
2025-12-04,VRSN,-0.0052,-0.0014,0.0095,-0.0124
2025-12-05,VRSN,0.0036,-0.0014,0.0095,-0.0124
2025-12-02,VRTX,0.0177,0.0176,0.0543,-0.0191
2025-12-03,VRTX,0.0692,0.0176,0.0543,-0.0191
2025-12-04,VRTX,-0.0125,0.0176,0.0543,-0.0191
2025-12-05,VRTX,-0.0041,0.0176,0.0543,-0.0191
2025-12-02,VST,-0.0063,-0.0091,0.0223,-0.0404
2025-12-03,VST,-0.0052,-0.0091,0.0223,-0.0404
2025-12-04,VST,0.0258,-0.0091,0.0223,-0.0404
2025-12-05,VST,-0.0505,-0.0091,0.0223,-0.0404
2025-12-02,VTR,-0.0039,0.0007,0.0047,-0.0034
2025-12-03,VTR,-0.001,0.0007,0.0047,-0.0034
2025-12-04,VTR,0.0056,0.0007,0.0047,-0.0034
2025-12-05,VTR,0.002,0.0007,0.0047,-0.0034
2025-12-02,VTRS,0.0009,0.0054,0.016,-0.0053
2025-12-03,VTRS,0.0121,0.0054,0.016,-0.0053
2025-12-04,VTRS,-0.0074,0.0054,0.016,-0.0053
2025-12-05,VTRS,0.0158,0.0054,0.016,-0.0053
2025-12-02,VXN,-0.0354,-0.0289,-0.0235,-0.0343
2025-12-03,VXN,-0.0296,-0.0289,-0.0235,-0.0343
2025-12-04,VXN,-0.0223,-0.0289,-0.0235,-0.0343
2025-12-05,VXN,-0.0282,-0.0289,-0.0235,-0.0343
2025-12-02,VZ,-0.0032,0.0058,0.0139,-0.0023
2025-12-03,VZ,0.0015,0.0058,0.0139,-0.0023
2025-12-04,VZ,0.0145,0.0058,0.0139,-0.0023
2025-12-05,VZ,0.0104,0.0058,0.0139,-0.0023
2025-12-02,WAB,-0.0013,0.0075,0.019,-0.0039
2025-12-03,WAB,0.0243,0.0075,0.019,-0.0039
2025-12-04,WAB,0.0028,0.0075,0.019,-0.0039
2025-12-05,WAB,0.0043,0.0075,0.019,-0.0039
2025-12-02,WAT,0.0021,-0.0019,0.0008,-0.0045
2025-12-03,WAT,-0.0025,-0.0019,0.0008,-0.0045
2025-12-04,WAT,-0.0031,-0.0019,0.0008,-0.0045
2025-12-05,WAT,-0.0039,-0.0019,0.0008,-0.0045
2025-12-02,WBD,0.0277,0.0227,0.0524,-0.007
2025-12-03,WBD,0.0016,0.0227,0.0524,-0.007
2025-12-04,WBD,-0.0012,0.0227,0.0524,-0.007
2025-12-05,WBD,0.0628,0.0227,0.0524,-0.007
2025-12-02,WDAY,-0.0014,0.0077,0.0146,0.0008
2025-12-03,WDAY,0.0084,0.0077,0.0146,0.0008
2025-12-04,WDAY,0.0083,0.0077,0.0146,0.0008
2025-12-05,WDAY,0.0154,0.0077,0.0146,0.0008
2025-12-02,WDC,-0.0217,0.0087,0.0476,-0.0303
2025-12-03,WDC,-0.0275,0.0087,0.0476,-0.0303
2025-12-04,WDC,0.0348,0.0087,0.0476,-0.0303
2025-12-05,WDC,0.049,0.0087,0.0476,-0.0303
2025-12-02,WEAT,0.0082,-0.0004,0.0064,-0.0073
2025-12-03,WEAT,-0.0029,-0.0004,0.0064,-0.0073
2025-12-04,WEAT,0.001,-0.0004,0.0064,-0.0073
2025-12-05,WEAT,-0.0081,-0.0004,0.0064,-0.0073
2025-12-02,WEC,-0.0114,-0.0084,-0.0058,-0.011
2025-12-03,WEC,-0.0074,-0.0084,-0.0058,-0.011
2025-12-04,WEC,-0.0094,-0.0084,-0.0058,-0.011
2025-12-05,WEC,-0.0054,-0.0084,-0.0058,-0.011
2025-12-02,WELL,-0.0034,0.0006,0.0076,-0.0065
2025-12-03,WELL,-0.0063,0.0006,0.0076,-0.0065
2025-12-04,WELL,0.0097,0.0006,0.0076,-0.0065
2025-12-05,WELL,0.0022,0.0006,0.0076,-0.0065
2025-12-02,WFC,0.0108,0.0128,0.0292,-0.0035
2025-12-03,WFC,0.0351,0.0128,0.0292,-0.0035
2025-12-04,WFC,0.0096,0.0128,0.0292,-0.0035
2025-12-05,WFC,-0.0042,0.0128,0.0292,-0.0035
2025-12-02,WM,-0.0064,-0.0027,0.0046,-0.01
2025-12-03,WM,0.0075,-0.0027,0.0046,-0.01
2025-12-04,WM,-0.0091,-0.0027,0.0046,-0.01
2025-12-05,WM,-0.0028,-0.0027,0.0046,-0.01
2025-12-02,WMB,-0.02,0.0058,0.0324,-0.0208
2025-12-03,WMB,0.0223,0.0058,0.0324,-0.0208
2025-12-04,WMB,0.0343,0.0058,0.0324,-0.0208
2025-12-05,WMB,-0.0134,0.0058,0.0324,-0.0208
2025-12-02,WMT,0.0079,0.008,0.0149,0.001
2025-12-03,WMT,0.0178,0.008,0.0149,0.001
2025-12-04,WMT,0.0038,0.008,0.0149,0.001
2025-12-05,WMT,0.0024,0.008,0.0149,0.001
2025-12-02,WRB,-0.0025,-0.022,0.0031,-0.047
2025-12-03,WRB,-0.0158,-0.022,0.0031,-0.047
2025-12-04,WRB,-0.0109,-0.022,0.0031,-0.047
2025-12-05,WRB,-0.0586,-0.022,0.0031,-0.047
2025-12-02,WSM,-0.024,-0.0041,0.0125,-0.0208
2025-12-03,WSM,0.0016,-0.0041,0.0125,-0.0208
2025-12-04,WSM,-0.0094,-0.0041,0.0125,-0.0208
2025-12-05,WSM,0.0153,-0.0041,0.0125,-0.0208
2025-12-02,WST,-0.004,0.0057,0.0295,-0.0181
2025-12-03,WST,0.0413,0.0057,0.0295,-0.0181
2025-12-04,WST,-0.0089,0.0057,0.0295,-0.0181
2025-12-05,WST,-0.0055,0.0057,0.0295,-0.0181
2025-12-02,WTW,-0.0159,-0.0,0.0113,-0.0113
2025-12-03,WTW,0.0027,-0.0,0.0113,-0.0113
2025-12-04,WTW,0.011,-0.0,0.0113,-0.0113
2025-12-05,WTW,0.0022,-0.0,0.0113,-0.0113
2025-12-02,WY,-0.0104,-0.0048,0.0101,-0.0197
2025-12-03,WY,-0.0009,-0.0048,0.0101,-0.0197
2025-12-04,WY,-0.0215,-0.0048,0.0101,-0.0197
2025-12-05,WY,0.0136,-0.0048,0.0101,-0.0197
2025-12-02,WYNN,0.0024,-0.0138,0.0073,-0.0349
2025-12-03,WYNN,-0.0117,-0.0138,0.0073,-0.0349
2025-12-04,WYNN,-0.0442,-0.0138,0.0073,-0.0349
2025-12-05,WYNN,-0.0017,-0.0138,0.0073,-0.0349
2025-12-02,XEL,-0.0087,-0.0081,-0.0076,-0.0086
2025-12-03,XEL,-0.0082,-0.0081,-0.0076,-0.0086
2025-12-04,XEL,-0.0079,-0.0081,-0.0076,-0.0086
2025-12-05,XEL,-0.0076,-0.0081,-0.0076,-0.0086
2025-12-02,XES,0.0021,0.0137,0.0379,-0.0104
2025-12-03,XES,0.0486,0.0137,0.0379,-0.0104
2025-12-04,XES,0.0102,0.0137,0.0379,-0.0104
2025-12-05,XES,-0.006,0.0137,0.0379,-0.0104
2025-12-02,XLB,-0.0091,-0.0028,0.0042,-0.0098
2025-12-03,XLB,0.007,-0.0028,0.0042,-0.0098
2025-12-04,XLB,-0.0058,-0.0028,0.0042,-0.0098
2025-12-05,XLB,-0.0033,-0.0028,0.0042,-0.0098
2025-12-02,XLC,0.0033,0.0049,0.0101,-0.0003
2025-12-03,XLC,-0.0009,0.0049,0.0101,-0.0003
2025-12-04,XLC,0.0057,0.0049,0.0101,-0.0003
2025-12-05,XLC,0.0116,0.0049,0.0101,-0.0003
2025-12-02,XLE,-0.0129,0.0015,0.0149,-0.012
2025-12-03,XLE,0.0187,0.0015,0.0149,-0.012
2025-12-04,XLE,0.0042,0.0015,0.0149,-0.012
2025-12-05,XLE,-0.0041,0.0015,0.0149,-0.012
2025-12-02,XLF,-0.0009,0.0038,0.0103,-0.0028
2025-12-03,XLF,0.0134,0.0038,0.0103,-0.0028
2025-12-04,XLF,0.0021,0.0038,0.0103,-0.0028
2025-12-05,XLF,0.0004,0.0038,0.0103,-0.0028
2025-12-02,XLI,0.0087,0.0052,0.0108,-0.0005
2025-12-03,XLI,0.0095,0.0052,0.0108,-0.0005
2025-12-04,XLI,0.0052,0.0052,0.0108,-0.0005
2025-12-05,XLI,-0.0028,0.0052,0.0108,-0.0005
2025-12-02,XLK,0.0103,0.0059,0.0095,0.0023
2025-12-03,XLK,0.0024,0.0059,0.0095,0.0023
2025-12-04,XLK,0.0037,0.0059,0.0095,0.0023
2025-12-05,XLK,0.0073,0.0059,0.0095,0.0023
2025-12-02,XLP,-0.0066,-0.0026,0.001,-0.0063
2025-12-03,XLP,0.0008,-0.0026,0.001,-0.0063
2025-12-04,XLP,-0.0048,-0.0026,0.001,-0.0063
2025-12-05,XLP,0.0001,-0.0026,0.001,-0.0063
2025-12-02,XLRE,-0.0024,-0.0006,0.0014,-0.0025
2025-12-03,XLRE,0.002,-0.0006,0.0014,-0.0025
2025-12-04,XLRE,-0.0017,-0.0006,0.0014,-0.0025
2025-12-05,XLRE,-0.0002,-0.0006,0.0014,-0.0025
2025-12-02,XLU,-0.0071,-0.0055,-0.0021,-0.0088
2025-12-03,XLU,-0.0032,-0.0055,-0.0021,-0.0088
2025-12-04,XLU,-0.0021,-0.0055,-0.0021,-0.0088
2025-12-05,XLU,-0.0094,-0.0055,-0.0021,-0.0088
2025-12-02,XLV,-0.006,-0.0033,0.0022,-0.0088
2025-12-03,XLV,0.0047,-0.0033,0.0022,-0.0088
2025-12-04,XLV,-0.0076,-0.0033,0.0022,-0.0088
2025-12-05,XLV,-0.0042,-0.0033,0.0022,-0.0088
2025-12-02,XLY,-0.0007,0.003,0.0094,-0.0034
2025-12-03,XLY,0.0108,0.003,0.0094,-0.0034
2025-12-04,XLY,-0.0036,0.003,0.0094,-0.0034
2025-12-05,XLY,0.0055,0.003,0.0094,-0.0034
2025-12-02,XOM,-0.0107,-0.0001,0.0142,-0.0144
2025-12-03,XOM,0.021,-0.0001,0.0142,-0.0144
2025-12-04,XOM,-0.0056,-0.0001,0.0142,-0.0144
2025-12-05,XOM,-0.0051,-0.0001,0.0142,-0.0144
2025-12-02,XOP,-0.015,0.0031,0.02,-0.0138
2025-12-03,XOP,0.0258,0.0031,0.02,-0.0138
2025-12-05,XOP,0.0015,0.0031,0.02,-0.0138
2025-12-02,XYL,0.0001,-0.0007,0.009,-0.0104
2025-12-03,XYL,0.0105,-0.0007,0.009,-0.0104
2025-12-04,XYL,-0.0001,-0.0007,0.009,-0.0104
2025-12-05,XYL,-0.0132,-0.0007,0.009,-0.0104
2025-12-02,XYZ,-0.0659,-0.0122,0.0271,-0.0516
2025-12-03,XYZ,0.0166,-0.0122,0.0271,-0.0516
2025-12-04,XYZ,0.0177,-0.0122,0.0271,-0.0516
2025-12-05,XYZ,-0.0174,-0.0122,0.0271,-0.0516
2025-12-02,YUM,-0.02,-0.0095,0.0025,-0.0215
2025-12-03,YUM,0.0061,-0.0095,0.0025,-0.0215
2025-12-04,YUM,-0.0179,-0.0095,0.0025,-0.0215
2025-12-05,YUM,-0.0062,-0.0095,0.0025,-0.0215
2025-12-02,ZBH,-0.0065,-0.0012,0.0088,-0.0113
2025-12-03,ZBH,-0.011,-0.0012,0.0088,-0.0113
2025-12-04,ZBH,0.0006,-0.0012,0.0088,-0.0113
2025-12-05,ZBH,0.012,-0.0012,0.0088,-0.0113
2025-12-02,ZBRA,0.0083,0.0132,0.0209,0.0056
2025-12-03,ZBRA,0.0236,0.0132,0.0209,0.0056
2025-12-04,ZBRA,0.0143,0.0132,0.0209,0.0056
2025-12-05,ZBRA,0.0067,0.0132,0.0209,0.0056
2025-12-02,ZTS,-0.0221,-0.0173,-0.0139,-0.0208
2025-12-03,ZTS,-0.015,-0.0173,-0.0139,-0.0208
2025-12-04,ZTS,-0.0176,-0.0173,-0.0139,-0.0208
2025-12-05,ZTS,-0.0146,-0.0173,-0.0139,-0.0208
