Date,Ticker,prem_disc,prem_disc_avg,prem_disc_hi,prem_disc_lo
2025-12-01,A,,1.2291,1.7928,0.6653
2025-12-02,A,,1.2291,1.7928,0.6653
2025-12-03,A,0.937,1.2291,1.7928,0.6653
2025-12-04,A,1.8789,1.2291,1.7928,0.6653
2025-12-05,A,0.8713,1.2291,1.7928,0.6653
2025-12-01,AAPL,,0.0849,0.204,-0.0341
2025-12-02,AAPL,,0.0849,0.204,-0.0341
2025-12-03,AAPL,0.0142,0.0849,0.204,-0.0341
2025-12-04,AAPL,0.0182,0.0849,0.204,-0.0341
2025-12-05,AAPL,0.2224,0.0849,0.204,-0.0341
2025-12-01,ABBV,,-0.1538,-0.073,-0.2346
2025-12-02,ABBV,,-0.1538,-0.073,-0.2346
2025-12-03,ABBV,-0.2407,-0.1538,-0.073,-0.2346
2025-12-04,ABBV,-0.1397,-0.1538,-0.073,-0.2346
2025-12-05,ABBV,-0.0809,-0.1538,-0.073,-0.2346
2025-12-01,ABNB,,0.551,0.8152,0.2868
2025-12-02,ABNB,,0.551,0.8152,0.2868
2025-12-03,ABNB,0.4342,0.551,0.8152,0.2868
2025-12-04,ABNB,0.8534,0.551,0.8152,0.2868
2025-12-05,ABNB,0.3653,0.551,0.8152,0.2868
2025-12-01,ABT,,1.2726,2.0456,0.4997
2025-12-02,ABT,,1.2726,2.0456,0.4997
2025-12-03,ABT,2.1647,1.2726,2.0456,0.4997
2025-12-04,ABT,0.8519,1.2726,2.0456,0.4997
2025-12-05,ABT,0.8013,1.2726,2.0456,0.4997
2025-12-01,ACGL,,2.6843,3.1637,2.2049
2025-12-02,ACGL,,2.6843,3.1637,2.2049
2025-12-03,ACGL,2.1364,2.6843,3.1637,2.2049
2025-12-04,ACGL,3.0269,2.6843,3.1637,2.2049
2025-12-05,ACGL,2.8895,2.6843,3.1637,2.2049
2025-12-01,ACN,,-0.0157,0.1405,-0.172
2025-12-02,ACN,,-0.0157,0.1405,-0.172
2025-12-03,ACN,0.163,-0.0157,0.1405,-0.172
2025-12-04,ACN,-0.1261,-0.0157,0.1405,-0.172
2025-12-05,ACN,-0.0841,-0.0157,0.1405,-0.172
2025-12-01,ADBE,,1.8896,3.5666,0.2126
2025-12-02,ADBE,,1.8896,3.5666,0.2126
2025-12-03,ADBE,2.1762,1.8896,3.5666,0.2126
2025-12-04,ADBE,3.4048,1.8896,3.5666,0.2126
2025-12-05,ADBE,0.0878,1.8896,3.5666,0.2126
2025-12-01,ADI,,1.4153,3.427,-0.5964
2025-12-02,ADI,,1.4153,3.427,-0.5964
2025-12-03,ADI,3.73,1.4153,3.427,-0.5964
2025-12-04,ADI,0.0884,1.4153,3.427,-0.5964
2025-12-05,ADI,0.4276,1.4153,3.427,-0.5964
2025-12-01,ADM,,5.2494,6.6584,3.8404
2025-12-02,ADM,,5.2494,6.6584,3.8404
2025-12-03,ADM,3.9184,5.2494,6.6584,3.8404
2025-12-04,ADM,5.1047,5.2494,6.6584,3.8404
2025-12-05,ADM,6.7252,5.2494,6.6584,3.8404
2025-12-01,ADP,,1.1849,1.8281,0.5416
2025-12-02,ADP,,1.1849,1.8281,0.5416
2025-12-03,ADP,1.9122,1.1849,1.8281,0.5416
2025-12-04,ADP,0.6907,1.1849,1.8281,0.5416
2025-12-05,ADP,0.9518,1.1849,1.8281,0.5416
2025-12-01,ADSK,,0.0311,0.2748,-0.2125
2025-12-02,ADSK,,0.0311,0.2748,-0.2125
2025-12-03,ADSK,-0.2111,0.0311,0.2748,-0.2125
2025-12-04,ADSK,0.0282,0.0311,0.2748,-0.2125
2025-12-05,ADSK,0.2762,0.0311,0.2748,-0.2125
2025-12-01,AEE,,0.7138,1.1321,0.2954
2025-12-02,AEE,,0.7138,1.1321,0.2954
2025-12-03,AEE,0.2409,0.7138,1.1321,0.2954
2025-12-04,AEE,1.0357,0.7138,1.1321,0.2954
2025-12-05,AEE,0.8647,0.7138,1.1321,0.2954
2025-12-01,AEP,,6.112,15.2907,-3.0667
2025-12-02,AEP,,6.112,15.2907,-3.0667
2025-12-03,AEP,16.7088,6.112,15.2907,-3.0667
2025-12-04,AEP,0.6442,6.112,15.2907,-3.0667
2025-12-05,AEP,0.983,6.112,15.2907,-3.0667
2025-12-01,AES,,1.591,3.0019,0.18
2025-12-02,AES,,1.591,3.0019,0.18
2025-12-03,AES,3.0067,1.591,3.0019,0.18
2025-12-04,AES,1.5814,1.591,3.0019,0.18
2025-12-05,AES,0.1848,1.591,3.0019,0.18
2025-12-01,AFL,,0.9659,1.3323,0.5996
2025-12-02,AFL,,0.9659,1.3323,0.5996
2025-12-03,AFL,0.5434,0.9659,1.3323,0.5996
2025-12-04,AFL,1.1953,0.9659,1.3323,0.5996
2025-12-05,AFL,1.1591,0.9659,1.3323,0.5996
2025-12-01,AIG,,5.3876,7.8175,2.9576
2025-12-02,AIG,,5.3876,7.8175,2.9576
2025-12-03,AIG,5.386,5.3876,7.8175,2.9576
2025-12-04,AIG,7.8183,5.3876,7.8175,2.9576
2025-12-05,AIG,2.9584,5.3876,7.8175,2.9576
2025-12-01,AIZ,,-0.1751,-0.0318,-0.3185
2025-12-02,AIZ,,-0.1751,-0.0318,-0.3185
2025-12-03,AIZ,-0.2972,-0.1751,-0.0318,-0.3185
2025-12-04,AIZ,-0.2109,-0.1751,-0.0318,-0.3185
2025-12-05,AIZ,-0.0173,-0.1751,-0.0318,-0.3185
2025-12-01,AJG,,0.9768,1.7303,0.2234
2025-12-02,AJG,,0.9768,1.7303,0.2234
2025-12-03,AJG,0.9328,0.9768,1.7303,0.2234
2025-12-04,AJG,1.7513,0.9768,1.7303,0.2234
2025-12-05,AJG,0.2463,0.9768,1.7303,0.2234
2025-12-01,AKAM,,0.0051,0.1547,-0.1446
2025-12-02,AKAM,,0.0051,0.1547,-0.1446
2025-12-03,AKAM,0.0562,0.0051,0.1547,-0.1446
2025-12-04,AKAM,0.1224,0.0051,0.1547,-0.1446
2025-12-05,AKAM,-0.1634,0.0051,0.1547,-0.1446
2025-12-01,ALB,,1.1285,3.0187,-0.7617
2025-12-02,ALB,,1.1285,3.0187,-0.7617
2025-12-03,ALB,3.2919,1.1285,3.0187,-0.7617
2025-12-04,ALB,0.2977,1.1285,3.0187,-0.7617
2025-12-05,ALB,-0.2041,1.1285,3.0187,-0.7617
2025-12-01,ALGN,,6.6094,16.1801,-2.9613
2025-12-02,ALGN,,6.6094,16.1801,-2.9613
2025-12-03,ALGN,17.6559,6.6094,16.1801,-2.9613
2025-12-04,ALGN,1.3655,6.6094,16.1801,-2.9613
2025-12-05,ALGN,0.8067,6.6094,16.1801,-2.9613
2025-12-01,ALL,,1.7384,3.3421,0.1347
2025-12-02,ALL,,1.7384,3.3421,0.1347
2025-12-03,ALL,3.5066,1.7384,3.3421,0.1347
2025-12-04,ALL,1.3308,1.7384,3.3421,0.1347
2025-12-05,ALL,0.3779,1.7384,3.3421,0.1347
2025-12-01,ALLE,,1.1363,2.2395,0.0331
2025-12-02,ALLE,,1.1363,2.2395,0.0331
2025-12-03,ALLE,2.4091,1.1363,2.2395,0.0331
2025-12-04,ALLE,0.5452,1.1363,2.2395,0.0331
2025-12-05,ALLE,0.4546,1.1363,2.2395,0.0331
2025-12-01,AMAT,,0.1611,0.1887,0.1334
2025-12-02,AMAT,,0.1611,0.1887,0.1334
2025-12-03,AMAT,0.1335,0.1611,0.1887,0.1334
2025-12-04,AMAT,0.1609,0.1611,0.1887,0.1334
2025-12-05,AMAT,0.1888,0.1611,0.1887,0.1334
2025-12-01,AMCR,,0.3349,0.3777,0.292
2025-12-02,AMCR,,0.3349,0.3777,0.292
2025-12-03,AMCR,0.2995,0.3349,0.3777,0.292
2025-12-04,AMCR,0.3825,0.3349,0.3777,0.292
2025-12-05,AMCR,0.3226,0.3349,0.3777,0.292
2025-12-01,AMD,,0.8177,1.1923,0.443
2025-12-02,AMD,,0.8177,1.1923,0.443
2025-12-03,AMD,0.3886,0.8177,1.1923,0.443
2025-12-04,AMD,0.9845,0.8177,1.1923,0.443
2025-12-05,AMD,1.08,0.8177,1.1923,0.443
2025-12-01,AME,,6.242,14.9796,-2.4956
2025-12-02,AME,,6.242,14.9796,-2.4956
2025-12-03,AME,16.3308,6.242,14.9796,-2.4956
2025-12-04,AME,1.1163,6.242,14.9796,-2.4956
2025-12-05,AME,1.2789,6.242,14.9796,-2.4956
2025-12-01,AMGN,,-0.1229,0.1319,-0.3778
2025-12-02,AMGN,,-0.1229,0.1319,-0.3778
2025-12-03,AMGN,0.1614,-0.1229,0.1319,-0.3778
2025-12-04,AMGN,-0.1993,-0.1229,0.1319,-0.3778
2025-12-05,AMGN,-0.3309,-0.1229,0.1319,-0.3778
2025-12-01,AMP,,-0.0696,0.171,-0.3102
2025-12-02,AMP,,-0.0696,0.171,-0.3102
2025-12-03,AMP,-0.3151,-0.0696,0.171,-0.3102
2025-12-04,AMP,-0.0593,-0.0696,0.171,-0.3102
2025-12-05,AMP,0.1657,-0.0696,0.171,-0.3102
2025-12-01,AMT,,1.7533,3.2941,0.2125
2025-12-02,AMT,,1.7533,3.2941,0.2125
2025-12-03,AMT,3.5252,1.7533,3.2941,0.2125
2025-12-04,AMT,0.7287,1.7533,3.2941,0.2125
2025-12-05,AMT,1.0058,1.7533,3.2941,0.2125
2025-12-01,AMZN,,1.2111,1.3247,1.0975
2025-12-02,AMZN,,1.2111,1.3247,1.0975
2025-12-03,AMZN,1.3423,1.2111,1.3247,1.0975
2025-12-04,AMZN,1.1476,1.2111,1.3247,1.0975
2025-12-05,AMZN,1.1435,1.2111,1.3247,1.0975
2025-12-01,ANET,,3.1197,3.8413,2.3981
2025-12-02,ANET,,3.1197,3.8413,2.3981
2025-12-03,ANET,2.3464,3.1197,3.8413,2.3981
2025-12-04,ANET,3.2377,3.1197,3.8413,2.3981
2025-12-05,ANET,3.775,3.1197,3.8413,2.3981
2025-12-01,AON,,0.1537,0.3505,-0.0432
2025-12-02,AON,,0.1537,0.3505,-0.0432
2025-12-03,AON,0.3376,0.1537,0.3505,-0.0432
2025-12-04,AON,-0.054,0.1537,0.3505,-0.0432
2025-12-05,AON,0.1773,0.1537,0.3505,-0.0432
2025-12-01,AOS,,-0.0305,0.0383,-0.0993
2025-12-02,AOS,,-0.0305,0.0383,-0.0993
2025-12-03,AOS,-0.0727,-0.0305,0.0383,-0.0993
2025-12-04,AOS,-0.0677,-0.0305,0.0383,-0.0993
2025-12-05,AOS,0.0489,-0.0305,0.0383,-0.0993
2025-12-01,APA,,-0.2139,-0.1242,-0.3036
2025-12-02,APA,,-0.2139,-0.1242,-0.3036
2025-12-03,APA,-0.3116,-0.2139,-0.1242,-0.3036
2025-12-04,APA,-0.1351,-0.2139,-0.1242,-0.3036
2025-12-05,APA,-0.1951,-0.2139,-0.1242,-0.3036
2025-12-01,APD,,0.0036,0.2843,-0.277
2025-12-02,APD,,0.0036,0.2843,-0.277
2025-12-03,APD,-0.3016,0.0036,0.2843,-0.277
2025-12-04,APD,0.0621,0.0036,0.2843,-0.277
2025-12-05,APD,0.2505,0.0036,0.2843,-0.277
2025-12-01,APH,,0.1957,0.4895,-0.098
2025-12-02,APH,,0.1957,0.4895,-0.098
2025-12-03,APH,-0.1039,0.1957,0.4895,-0.098
2025-12-04,APH,0.2079,0.1957,0.4895,-0.098
2025-12-05,APH,0.4832,0.1957,0.4895,-0.098
2025-12-01,APO,,1.7119,2.2453,1.1786
2025-12-02,APO,,1.7119,2.2453,1.1786
2025-12-03,APO,1.1259,1.7119,2.2453,1.1786
2025-12-04,APO,1.841,1.7119,2.2453,1.1786
2025-12-05,APO,2.1689,1.7119,2.2453,1.1786
2025-12-01,APP,,1.0108,1.3867,0.6348
2025-12-02,APP,,1.0108,1.3867,0.6348
2025-12-03,APP,0.5918,1.0108,1.3867,0.6348
2025-12-04,APP,1.3187,1.0108,1.3867,0.6348
2025-12-05,APP,1.1218,1.0108,1.3867,0.6348
2025-12-01,APTV,,11.0866,29.7182,-7.545
2025-12-02,APTV,,11.0866,29.7182,-7.545
2025-12-03,APTV,32.6003,11.0866,29.7182,-7.545
2025-12-04,APTV,0.2471,11.0866,29.7182,-7.545
2025-12-05,APTV,0.4124,11.0866,29.7182,-7.545
2025-12-01,ARE,,-0.5428,-0.4115,-0.6742
2025-12-02,ARE,,-0.5428,-0.4115,-0.6742
2025-12-03,ARE,-0.6812,-0.5428,-0.4115,-0.6742
2025-12-04,ARE,-0.5273,-0.5428,-0.4115,-0.6742
2025-12-05,ARE,-0.42,-0.5428,-0.4115,-0.6742
2025-12-01,ASC,,0.9211,2.0076,-0.1653
2025-12-02,ASC,,0.9211,2.0076,-0.1653
2025-12-03,ASC,2.1592,0.9211,2.0076,-0.1653
2025-12-04,ASC,0.127,0.9211,2.0076,-0.1653
2025-12-05,ASC,0.4771,0.9211,2.0076,-0.1653
2025-12-01,ATO,,0.1189,0.428,-0.1901
2025-12-02,ATO,,0.1189,0.428,-0.1901
2025-12-03,ATO,-0.238,0.1189,0.428,-0.1901
2025-12-04,ATO,0.298,0.1189,0.428,-0.1901
2025-12-05,ATO,0.2967,0.1189,0.428,-0.1901
2025-12-01,AVB,,1.057,2.2284,-0.1145
2025-12-02,AVB,,1.057,2.2284,-0.1145
2025-12-03,AVB,2.4039,1.057,2.2284,-0.1145
2025-12-04,AVB,0.276,1.057,2.2284,-0.1145
2025-12-05,AVB,0.4909,1.057,2.2284,-0.1145
2025-12-01,AVGO,,2.7779,4.2567,1.2991
2025-12-02,AVGO,,2.7779,4.2567,1.2991
2025-12-03,AVGO,3.6509,2.7779,4.2567,1.2991
2025-12-04,AVGO,3.6122,2.7779,4.2567,1.2991
2025-12-05,AVGO,1.0705,2.7779,4.2567,1.2991
2025-12-01,AVY,,-0.1074,-0.043,-0.1718
2025-12-02,AVY,,-0.1074,-0.043,-0.1718
2025-12-03,AVY,-0.1535,-0.1074,-0.043,-0.1718
2025-12-04,AVY,-0.0338,-0.1074,-0.043,-0.1718
2025-12-05,AVY,-0.1349,-0.1074,-0.043,-0.1718
2025-12-01,AWK,,1.4675,3.336,-0.4011
2025-12-02,AWK,,1.4675,3.336,-0.4011
2025-12-03,AWK,3.6247,1.4675,3.336,-0.4011
2025-12-04,AWK,0.3544,1.4675,3.336,-0.4011
2025-12-05,AWK,0.4233,1.4675,3.336,-0.4011
2025-12-01,AXON,,9.3677,15.0181,3.7173
2025-12-02,AXON,,9.3677,15.0181,3.7173
2025-12-03,AXON,14.6917,9.3677,15.0181,3.7173
2025-12-04,AXON,9.9719,9.3677,15.0181,3.7173
2025-12-05,AXON,3.4395,9.3677,15.0181,3.7173
2025-12-01,AXP,,0.4138,0.6678,0.1598
2025-12-02,AXP,,0.4138,0.6678,0.1598
2025-12-03,AXP,0.1206,0.4138,0.6678,0.1598
2025-12-04,AXP,0.5639,0.4138,0.6678,0.1598
2025-12-05,AXP,0.5571,0.4138,0.6678,0.1598
2025-12-01,AZO,,-0.0175,0.1458,-0.1809
2025-12-02,AZO,,-0.0175,0.1458,-0.1809
2025-12-03,AZO,-0.1703,-0.0175,0.1458,-0.1809
2025-12-04,AZO,-0.037,-0.0175,0.1458,-0.1809
2025-12-05,AZO,0.1546,-0.0175,0.1458,-0.1809
2025-12-01,BA,,-0.7216,-0.6649,-0.7783
2025-12-02,BA,,-0.7216,-0.6649,-0.7783
2025-12-03,BA,-0.7791,-0.7216,-0.6649,-0.7783
2025-12-04,BA,-0.7198,-0.7216,-0.6649,-0.7783
2025-12-05,BA,-0.6658,-0.7216,-0.6649,-0.7783
2025-12-01,BAC,,0.3447,0.5264,0.1631
2025-12-02,BAC,,0.3447,0.5264,0.1631
2025-12-03,BAC,0.1414,0.3447,0.5264,0.1631
2025-12-04,BAC,0.4909,0.3447,0.5264,0.1631
2025-12-05,BAC,0.402,0.3447,0.5264,0.1631
2025-12-01,BALL,,0.5521,0.8106,0.2936
2025-12-02,BALL,,0.5521,0.8106,0.2936
2025-12-03,BALL,0.2971,0.5521,0.8106,0.2936
2025-12-04,BALL,0.5453,0.5521,0.8106,0.2936
2025-12-05,BALL,0.814,0.5521,0.8106,0.2936
2025-12-01,BAX,,1.4573,2.2672,0.6473
2025-12-02,BAX,,1.4573,2.2672,0.6473
2025-12-03,BAX,2.3822,1.4573,2.2672,0.6473
2025-12-04,BAX,1.1146,1.4573,2.2672,0.6473
2025-12-05,BAX,0.8749,1.4573,2.2672,0.6473
2025-12-01,BBY,,0.4488,0.5866,0.311
2025-12-02,BBY,,0.4488,0.5866,0.311
2025-12-03,BBY,0.3072,0.4488,0.5866,0.311
2025-12-04,BBY,0.4567,0.4488,0.5866,0.311
2025-12-05,BBY,0.5825,0.4488,0.5866,0.311
2025-12-01,BDX,,0.1606,0.5079,-0.1867
2025-12-02,BDX,,0.1606,0.5079,-0.1867
2025-12-03,BDX,-0.2044,0.1606,0.5079,-0.1867
2025-12-04,BDX,0.1993,0.1606,0.5079,-0.1867
2025-12-05,BDX,0.4869,0.1606,0.5079,-0.1867
2025-12-01,BEN,,-0.0212,0.3058,-0.3482
2025-12-02,BEN,,-0.0212,0.3058,-0.3482
2025-12-03,BEN,-0.3758,-0.0212,0.3058,-0.3482
2025-12-04,BEN,0.0438,-0.0212,0.3058,-0.3482
2025-12-05,BEN,0.2685,-0.0212,0.3058,-0.3482
2025-12-01,BF.B,,16.3662,43.392,-10.6597
2025-12-02,BF.B,,16.3662,43.392,-10.6597
2025-12-03,BF.B,47.5705,16.3662,43.392,-10.6597
2025-12-04,BF.B,1.1004,16.3662,43.392,-10.6597
2025-12-05,BF.B,0.4276,16.3662,43.392,-10.6597
2025-12-01,BG,,4.9907,5.5193,4.4621
2025-12-02,BG,,4.9907,5.5193,4.4621
2025-12-03,BG,5.3694,4.9907,5.5193,4.4621
2025-12-04,BG,4.3868,4.9907,5.5193,4.4621
2025-12-05,BG,5.216,4.9907,5.5193,4.4621
2025-12-01,BIIB,,2.0638,2.6336,1.4939
2025-12-02,BIIB,,2.0638,2.6336,1.4939
2025-12-03,BIIB,1.7925,2.0638,2.6336,1.4939
2025-12-04,BIIB,2.7186,2.0638,2.6336,1.4939
2025-12-05,BIIB,1.6802,2.0638,2.6336,1.4939
2025-12-01,BK,,2.7112,3.3528,2.0696
2025-12-02,BK,,2.7112,3.3528,2.0696
2025-12-03,BK,2.0281,2.7112,3.3528,2.0696
2025-12-04,BK,3.3012,2.7112,3.3528,2.0696
2025-12-05,BK,2.8043,2.7112,3.3528,2.0696
2025-12-01,BKNG,,-0.5738,-0.4966,-0.651
2025-12-02,BKNG,,-0.5738,-0.4966,-0.651
2025-12-03,BKNG,-0.6607,-0.5738,-0.4966,-0.651
2025-12-04,BKNG,-0.548,-0.5738,-0.4966,-0.651
2025-12-05,BKNG,-0.5129,-0.5738,-0.4966,-0.651
2025-12-01,BKR,,-0.086,0.0208,-0.1928
2025-12-02,BKR,,-0.086,0.0208,-0.1928
2025-12-03,BKR,0.0372,-0.086,0.0208,-0.1928
2025-12-04,BKR,-0.1527,-0.086,0.0208,-0.1928
2025-12-05,BKR,-0.1424,-0.086,0.0208,-0.1928
2025-12-01,BLDR,,0.2035,0.405,0.002
2025-12-02,BLDR,,0.2035,0.405,0.002
2025-12-03,BLDR,0.2838,0.2035,0.405,0.002
2025-12-04,BLDR,-0.0258,0.2035,0.405,0.002
2025-12-05,BLDR,0.3524,0.2035,0.405,0.002
2025-12-01,BLK,,-0.3627,-0.2645,-0.4609
2025-12-02,BLK,,-0.3627,-0.2645,-0.4609
2025-12-03,BLK,-0.4744,-0.3627,-0.2645,-0.4609
2025-12-04,BLK,-0.3238,-0.3627,-0.2645,-0.4609
2025-12-05,BLK,-0.2899,-0.3627,-0.2645,-0.4609
2025-12-01,BMY,,-0.5326,-0.366,-0.6993
2025-12-02,BMY,,-0.5326,-0.366,-0.6993
2025-12-03,BMY,-0.72,-0.5326,-0.366,-0.6993
2025-12-04,BMY,-0.4771,-0.5326,-0.366,-0.6993
2025-12-05,BMY,-0.4008,-0.5326,-0.366,-0.6993
2025-12-01,BR,,1.5174,1.7546,1.2803
2025-12-02,BR,,1.5174,1.7546,1.2803
2025-12-03,BR,1.5073,1.5174,1.7546,1.2803
2025-12-04,BR,1.2855,1.5174,1.7546,1.2803
2025-12-05,BR,1.7595,1.5174,1.7546,1.2803
2025-12-01,BRK.B,,3.1458,4.9008,1.3907
2025-12-02,BRK.B,,3.1458,4.9008,1.3907
2025-12-03,BRK.B,5.0927,3.1458,4.9008,1.3907
2025-12-04,BRK.B,2.6594,3.1458,4.9008,1.3907
2025-12-05,BRK.B,1.6852,3.1458,4.9008,1.3907
2025-12-01,BRO,,0.7524,0.8715,0.6334
2025-12-02,BRO,,0.7524,0.8715,0.6334
2025-12-03,BRO,0.6151,0.7524,0.8715,0.6334
2025-12-04,BRO,0.8162,0.7524,0.8715,0.6334
2025-12-05,BRO,0.826,0.7524,0.8715,0.6334
2025-12-01,BSX,,0.72,0.9109,0.5291
2025-12-02,BSX,,0.72,0.9109,0.5291
2025-12-03,BSX,0.5048,0.72,0.9109,0.5291
2025-12-04,BSX,0.869,0.72,0.9109,0.5291
2025-12-05,BSX,0.7862,0.72,0.9109,0.5291
2025-12-01,BTI,,2.4242,5.2298,-0.3814
2025-12-02,BTI,,2.4242,5.2298,-0.3814
2025-12-03,BTI,5.6526,2.4242,5.2298,-0.3814
2025-12-04,BTI,1.0426,2.4242,5.2298,-0.3814
2025-12-05,BTI,0.5774,2.4242,5.2298,-0.3814
2025-12-01,BTU,,0.1222,0.3766,-0.1321
2025-12-02,BTU,,0.1222,0.3766,-0.1321
2025-12-03,BTU,0.4054,0.1222,0.3766,-0.1321
2025-12-04,BTU,0.0483,0.1222,0.3766,-0.1321
2025-12-05,BTU,-0.087,0.1222,0.3766,-0.1321
2025-12-01,BX,,-0.035,0.1053,-0.1753
2025-12-02,BX,,-0.035,0.1053,-0.1753
2025-12-03,BX,-0.1657,-0.035,0.1053,-0.1753
2025-12-04,BX,-0.0525,-0.035,0.1053,-0.1753
2025-12-05,BX,0.1132,-0.035,0.1053,-0.1753
2025-12-01,BXP,,3.8631,5.6316,2.0947
2025-12-02,BXP,,3.8631,5.6316,2.0947
2025-12-03,BXP,4.1557,3.8631,5.6316,2.0947
2025-12-04,BXP,5.4671,3.8631,5.6316,2.0947
2025-12-05,BXP,1.9666,3.8631,5.6316,2.0947
2025-12-01,C,,0.067,0.2873,-0.1534
2025-12-02,C,,0.067,0.2873,-0.1534
2025-12-03,C,-0.1875,0.067,0.2873,-0.1534
2025-12-04,C,0.1963,0.067,0.2873,-0.1534
2025-12-05,C,0.1921,0.067,0.2873,-0.1534
2025-12-01,CAG,,0.3501,0.6456,0.0546
2025-12-02,CAG,,0.3501,0.6456,0.0546
2025-12-03,CAG,0.0853,0.3501,0.6456,0.0546
2025-12-04,CAG,0.6689,0.3501,0.6456,0.0546
2025-12-05,CAG,0.2961,0.3501,0.6456,0.0546
2025-12-01,CAH,,0.3653,0.5122,0.2184
2025-12-02,CAH,,0.3653,0.5122,0.2184
2025-12-03,CAH,0.5327,0.3653,0.5122,0.2184
2025-12-04,CAH,0.2577,0.3653,0.5122,0.2184
2025-12-05,CAH,0.3057,0.3653,0.5122,0.2184
2025-12-01,CALM,,-0.2306,-0.111,-0.3501
2025-12-02,CALM,,-0.2306,-0.111,-0.3501
2025-12-03,CALM,-0.3198,-0.2306,-0.111,-0.3501
2025-12-04,CALM,-0.2771,-0.2306,-0.111,-0.3501
2025-12-05,CALM,-0.0947,-0.2306,-0.111,-0.3501
2025-12-01,CANE,,0.8061,1.0698,0.5423
2025-12-02,CANE,,0.8061,1.0698,0.5423
2025-12-03,CANE,0.5146,0.8061,1.0698,0.5423
2025-12-04,CANE,0.8752,0.8061,1.0698,0.5423
2025-12-05,CANE,1.0283,0.8061,1.0698,0.5423
2025-12-01,CARR,,0.7403,1.135,0.3457
2025-12-02,CARR,,0.7403,1.135,0.3457
2025-12-03,CARR,0.2849,0.7403,1.135,0.3457
2025-12-04,CARR,0.9549,0.7403,1.135,0.3457
2025-12-05,CARR,0.9812,0.7403,1.135,0.3457
2025-12-01,CAT,,1.5591,1.7761,1.342
2025-12-02,CAT,,1.5591,1.7761,1.342
2025-12-03,CAT,1.5145,1.5591,1.7761,1.342
2025-12-04,CAT,1.7949,1.5591,1.7761,1.342
2025-12-05,CAT,1.3678,1.5591,1.7761,1.342
2025-12-01,CB,,20.677,48.5209,-7.1669
2025-12-02,CB,,20.677,48.5209,-7.1669
2025-12-03,CB,52.8213,20.677,48.5209,-7.1669
2025-12-04,CB,4.0202,20.677,48.5209,-7.1669
2025-12-05,CB,5.1896,20.677,48.5209,-7.1669
2025-12-01,CBOE,,3.5196,7.0745,-0.0352
2025-12-02,CBOE,,3.5196,7.0745,-0.0352
2025-12-03,CBOE,7.5957,3.5196,7.0745,-0.0352
2025-12-04,CBOE,1.9012,3.5196,7.0745,-0.0352
2025-12-05,CBOE,1.062,3.5196,7.0745,-0.0352
2025-12-01,CBRE,,0.2127,0.3761,0.0494
2025-12-02,CBRE,,0.2127,0.3761,0.0494
2025-12-03,CBRE,0.0487,0.2127,0.3761,0.0494
2025-12-04,CBRE,0.214,0.2127,0.3761,0.0494
2025-12-05,CBRE,0.3755,0.2127,0.3761,0.0494
2025-12-01,CCI,,4.7598,6.6427,2.8769
2025-12-02,CCI,,4.7598,6.6427,2.8769
2025-12-03,CCI,6.6218,4.7598,6.6427,2.8769
2025-12-04,CCI,4.801,4.7598,6.6427,2.8769
2025-12-05,CCI,2.8566,4.7598,6.6427,2.8769
2025-12-01,CCJ,,2.0888,5.5876,-1.41
2025-12-02,CCJ,,2.0888,5.5876,-1.41
2025-12-03,CCJ,6.1231,2.0888,5.5876,-1.41
2025-12-04,CCJ,0.2581,2.0888,5.5876,-1.41
2025-12-05,CCJ,-0.1148,2.0888,5.5876,-1.41
2025-12-01,CCL,,2.7597,3.0824,2.4369
2025-12-02,CCL,,2.7597,3.0824,2.4369
2025-12-03,CCL,2.7509,2.7597,3.0824,2.4369
2025-12-04,CCL,2.4414,2.7597,3.0824,2.4369
2025-12-05,CCL,3.0867,2.7597,3.0824,2.4369
2025-12-01,CDNS,,-0.153,-0.0383,-0.2676
2025-12-02,CDNS,,-0.153,-0.0383,-0.2676
2025-12-03,CDNS,-0.0261,-0.153,-0.0383,-0.2676
2025-12-04,CDNS,-0.2491,-0.153,-0.0383,-0.2676
2025-12-05,CDNS,-0.1837,-0.153,-0.0383,-0.2676
2025-12-01,CDW,,1.7097,2.0711,1.3483
2025-12-02,CDW,,1.7097,2.0711,1.3483
2025-12-03,CDW,1.2989,1.7097,2.0711,1.3483
2025-12-04,CDW,1.9788,1.7097,2.0711,1.3483
2025-12-05,CDW,1.8513,1.7097,2.0711,1.3483
2025-12-01,CEG,,0.8389,1.1703,0.5075
2025-12-02,CEG,,0.8389,1.1703,0.5075
2025-12-03,CEG,1.0259,0.8389,1.1703,0.5075
2025-12-04,CEG,1.0346,0.8389,1.1703,0.5075
2025-12-05,CEG,0.4562,0.8389,1.1703,0.5075
2025-12-01,CF,,0.507,0.9675,0.0464
2025-12-02,CF,,0.507,0.9675,0.0464
2025-12-03,CF,0.9878,0.507,0.9675,0.0464
2025-12-04,CF,0.4633,0.507,0.9675,0.0464
2025-12-05,CF,0.0698,0.507,0.9675,0.0464
2025-12-01,CFG,,0.3529,0.5255,0.1804
2025-12-02,CFG,,0.3529,0.5255,0.1804
2025-12-03,CFG,0.2351,0.3529,0.5255,0.1804
2025-12-04,CFG,0.551,0.3529,0.5255,0.1804
2025-12-05,CFG,0.2726,0.3529,0.5255,0.1804
2025-12-01,CHD,,0.5329,0.8085,0.2573
2025-12-02,CHD,,0.5329,0.8085,0.2573
2025-12-03,CHD,0.2166,0.5329,0.8085,0.2573
2025-12-04,CHD,0.6602,0.5329,0.8085,0.2573
2025-12-05,CHD,0.7219,0.5329,0.8085,0.2573
2025-12-01,CHRW,,3.006,4.3528,1.6592
2025-12-02,CHRW,,3.006,4.3528,1.6592
2025-12-03,CHRW,4.5063,3.006,4.3528,1.6592
2025-12-04,CHRW,1.9015,3.006,4.3528,1.6592
2025-12-05,CHRW,2.6101,3.006,4.3528,1.6592
2025-12-01,CHTR,,3.1843,4.6724,1.6963
2025-12-02,CHTR,,3.1843,4.6724,1.6963
2025-12-03,CHTR,4.3312,3.1843,4.6724,1.6963
2025-12-04,CHTR,3.719,3.1843,4.6724,1.6963
2025-12-05,CHTR,1.5028,3.1843,4.6724,1.6963
2025-12-01,CI,,1.182,1.7456,0.6183
2025-12-02,CI,,1.182,1.7456,0.6183
2025-12-03,CI,0.5877,1.182,1.7456,0.6183
2025-12-04,CI,1.2491,1.182,1.7456,0.6183
2025-12-05,CI,1.709,1.182,1.7456,0.6183
2025-12-01,CINF,,0.8794,1.1969,0.5618
2025-12-02,CINF,,0.8794,1.1969,0.5618
2025-12-03,CINF,1.1945,0.8794,1.1969,0.5618
2025-12-04,CINF,0.5595,0.8794,1.1969,0.5618
2025-12-05,CINF,0.8841,0.8794,1.1969,0.5618
2025-12-01,CIVI,,0.1294,0.2741,-0.0154
2025-12-02,CIVI,,0.1294,0.2741,-0.0154
2025-12-03,CIVI,-0.0363,0.1294,0.2741,-0.0154
2025-12-04,CIVI,0.1926,0.1294,0.2741,-0.0154
2025-12-05,CIVI,0.2318,0.1294,0.2741,-0.0154
2025-12-01,CL,,1.4629,2.4454,0.4804
2025-12-02,CL,,1.4629,2.4454,0.4804
2025-12-03,CL,2.0054,1.4629,2.4454,0.4804
2025-12-04,CL,2.0545,1.4629,2.4454,0.4804
2025-12-05,CL,0.3288,1.4629,2.4454,0.4804
2025-12-01,CLX,,5.7989,9.1338,2.4639
2025-12-02,CLX,,5.7989,9.1338,2.4639
2025-12-03,CLX,9.5968,5.7989,9.1338,2.4639
2025-12-04,CLX,3.3488,5.7989,9.1338,2.4639
2025-12-05,CLX,4.4511,5.7989,9.1338,2.4639
2025-12-01,CMBT,,3.9397,10.0276,-2.1481
2025-12-02,CMBT,,3.9397,10.0276,-2.1481
2025-12-03,CMBT,10.9654,3.9397,10.0276,-2.1481
2025-12-04,CMBT,0.2232,3.9397,10.0276,-2.1481
2025-12-05,CMBT,0.6306,3.9397,10.0276,-2.1481
2025-12-01,CMCSA,,4.5813,11.7676,-2.6049
2025-12-02,CMCSA,,4.5813,11.7676,-2.6049
2025-12-03,CMCSA,12.8768,4.5813,11.7676,-2.6049
2025-12-04,CMCSA,0.257,4.5813,11.7676,-2.6049
2025-12-05,CMCSA,0.6102,4.5813,11.7676,-2.6049
2025-12-01,CME,,2.4377,2.8609,2.0144
2025-12-02,CME,,2.4377,2.8609,2.0144
2025-12-03,CME,2.1176,2.4377,2.8609,2.0144
2025-12-04,CME,2.2777,2.4377,2.8609,2.0144
2025-12-05,CME,2.9176,2.4377,2.8609,2.0144
2025-12-01,CMG,,4.2072,7.5352,0.8792
2025-12-02,CMG,,4.2072,7.5352,0.8792
2025-12-03,CMG,8.0492,4.2072,7.5352,0.8792
2025-12-04,CMG,2.214,4.2072,7.5352,0.8792
2025-12-05,CMG,2.3584,4.2072,7.5352,0.8792
2025-12-01,CMI,,5.4514,10.6634,0.2394
2025-12-02,CMI,,5.4514,10.6634,0.2394
2025-12-03,CMI,11.4007,5.4514,10.6634,0.2394
2025-12-04,CMI,3.2633,5.4514,10.6634,0.2394
2025-12-05,CMI,1.6902,5.4514,10.6634,0.2394
2025-12-01,CMRE,,8.4715,19.3188,-2.3758
2025-12-02,CMRE,,8.4715,19.3188,-2.3758
2025-12-03,CMRE,20.8387,8.4715,19.3188,-2.3758
2025-12-04,CMRE,4.0062,8.4715,19.3188,-2.3758
2025-12-05,CMRE,0.5696,8.4715,19.3188,-2.3758
2025-12-01,CMS,,14.9495,22.6561,7.2429
2025-12-02,CMS,,14.9495,22.6561,7.2429
2025-12-03,CMS,16.5428,14.9495,22.6561,7.2429
2025-12-04,CMS,21.735,14.9495,22.6561,7.2429
2025-12-05,CMS,6.5708,14.9495,22.6561,7.2429
2025-12-01,CNC,,0.8536,1.0697,0.6376
2025-12-02,CNC,,0.8536,1.0697,0.6376
2025-12-03,CNC,1.0936,0.8536,1.0697,0.6376
2025-12-04,CNC,0.6745,0.8536,1.0697,0.6376
2025-12-05,CNC,0.7928,0.8536,1.0697,0.6376
2025-12-01,CNP,,-0.1284,0.0295,-0.2864
2025-12-02,CNP,,-0.1284,0.0295,-0.2864
2025-12-03,CNP,-0.2521,-0.1284,0.0295,-0.2864
2025-12-04,CNP,-0.1826,-0.1284,0.0295,-0.2864
2025-12-05,CNP,0.0495,-0.1284,0.0295,-0.2864
2025-12-01,CNR,,-0.0233,0.1371,-0.1837
2025-12-02,CNR,,-0.0233,0.1371,-0.1837
2025-12-03,CNR,-0.1833,-0.0233,0.1371,-0.1837
2025-12-04,CNR,0.1375,-0.0233,0.1371,-0.1837
2025-12-05,CNR,-0.0241,-0.0233,0.1371,-0.1837
2025-12-01,COF,,6.044,10.64,1.448
2025-12-02,COF,,6.044,10.64,1.448
2025-12-03,COF,11.062,6.044,10.64,1.448
2025-12-04,COF,5.0308,6.044,10.64,1.448
2025-12-05,COF,2.0391,6.044,10.64,1.448
2025-12-01,COIN,,0.2391,0.3619,0.1163
2025-12-02,COIN,,0.2391,0.3619,0.1163
2025-12-03,COIN,0.3803,0.2391,0.3619,0.1163
2025-12-04,COIN,0.1802,0.2391,0.3619,0.1163
2025-12-05,COIN,0.1568,0.2391,0.3619,0.1163
2025-12-01,COMT,,6.2994,6.6638,5.935
2025-12-02,COMT,,6.2994,6.6638,5.935
2025-12-03,COMT,5.9094,6.2994,6.6638,5.935
2025-12-04,COMT,6.3578,6.2994,6.6638,5.935
2025-12-05,COMT,6.6311,6.2994,6.6638,5.935
2025-12-01,COO,,0.6707,1.8032,-0.4618
2025-12-02,COO,,0.6707,1.8032,-0.4618
2025-12-03,COO,0.5939,0.6707,1.8032,-0.4618
2025-12-04,COO,1.8397,0.6707,1.8032,-0.4618
2025-12-05,COO,-0.4214,0.6707,1.8032,-0.4618
2025-12-01,COP,,-0.2415,-0.0752,-0.4079
2025-12-02,COP,,-0.2415,-0.0752,-0.4079
2025-12-03,COP,-0.4159,-0.2415,-0.0752,-0.4079
2025-12-04,COP,-0.2241,-0.2415,-0.0752,-0.4079
2025-12-05,COP,-0.0846,-0.2415,-0.0752,-0.4079
2025-12-01,COR,,-0.1011,0.296,-0.4983
2025-12-02,COR,,-0.1011,0.296,-0.4983
2025-12-03,COR,0.3575,-0.1011,0.296,-0.4983
2025-12-04,COR,-0.3287,-0.1011,0.296,-0.4983
2025-12-05,COR,-0.3321,-0.1011,0.296,-0.4983
2025-12-01,CORN,,0.0286,0.3914,-0.3342
2025-12-02,CORN,,0.0286,0.3914,-0.3342
2025-12-03,CORN,-0.3791,0.0286,0.3914,-0.3342
2025-12-04,CORN,0.1492,0.0286,0.3914,-0.3342
2025-12-05,CORN,0.3157,0.0286,0.3914,-0.3342
2025-12-01,COST,,0.1398,0.6721,-0.3926
2025-12-02,COST,,0.1398,0.6721,-0.3926
2025-12-03,COST,0.7474,0.1398,0.6721,-0.3926
2025-12-04,COST,-0.2448,0.1398,0.6721,-0.3926
2025-12-05,COST,-0.0832,0.1398,0.6721,-0.3926
2025-12-01,CPAY,,0.0488,0.41,-0.3124
2025-12-02,CPAY,,0.0488,0.41,-0.3124
2025-12-03,CPAY,0.3273,0.0488,0.41,-0.3124
2025-12-04,CPAY,0.1784,0.0488,0.41,-0.3124
2025-12-05,CPAY,-0.3593,0.0488,0.41,-0.3124
2025-12-01,CPB,,0.9129,1.1651,0.6606
2025-12-02,CPB,,0.9129,1.1651,0.6606
2025-12-03,CPB,1.0056,0.9129,1.1651,0.6606
2025-12-04,CPB,1.1056,0.9129,1.1651,0.6606
2025-12-05,CPB,0.6274,0.9129,1.1651,0.6606
2025-12-01,CPER,,-0.3182,-0.1402,-0.4962
2025-12-02,CPER,,-0.3182,-0.1402,-0.4962
2025-12-03,CPER,-0.263,-0.3182,-0.1402,-0.4962
2025-12-04,CPER,-0.1743,-0.3182,-0.1402,-0.4962
2025-12-05,CPER,-0.5173,-0.3182,-0.1402,-0.4962
2025-12-01,CPRT,,9.6609,10.6294,8.6924
2025-12-02,CPRT,,9.6609,10.6294,8.6924
2025-12-03,CPRT,10.3653,9.6609,10.6294,8.6924
2025-12-04,CPRT,8.5565,9.6609,10.6294,8.6924
2025-12-05,CPRT,10.061,9.6609,10.6294,8.6924
2025-12-01,CPT,,2.7763,4.12,1.4327
2025-12-02,CPT,,2.7763,4.12,1.4327
2025-12-03,CPT,4.298,2.7763,4.12,1.4327
2025-12-04,CPT,1.7532,2.7763,4.12,1.4327
2025-12-05,CPT,2.2779,2.7763,4.12,1.4327
2025-12-01,CRESY,,1.9119,2.2127,1.6112
2025-12-02,CRESY,,1.9119,2.2127,1.6112
2025-12-03,CRESY,1.5717,1.9119,2.2127,1.6112
2025-12-04,CRESY,2.1425,1.9119,2.2127,1.6112
2025-12-05,CRESY,2.0215,1.9119,2.2127,1.6112
2025-12-01,CRL,,-0.2879,-0.1547,-0.421
2025-12-02,CRL,,-0.2879,-0.1547,-0.421
2025-12-03,CRL,-0.4394,-0.2879,-0.1547,-0.421
2025-12-04,CRL,-0.2351,-0.2879,-0.1547,-0.421
2025-12-05,CRL,-0.1892,-0.2879,-0.1547,-0.421
2025-12-01,CRM,,1.343,3.3344,-0.6484
2025-12-02,CRM,,1.343,3.3344,-0.6484
2025-12-03,CRM,3.6244,1.343,3.3344,-0.6484
2025-12-04,CRM,0.4514,1.343,3.3344,-0.6484
2025-12-05,CRM,-0.0467,1.343,3.3344,-0.6484
2025-12-01,CRWD,,0.8691,2.3198,-0.5816
2025-12-02,CRWD,,0.8691,2.3198,-0.5816
2025-12-03,CRWD,2.5417,0.8691,2.3198,-0.5816
2025-12-04,CRWD,-0.0457,0.8691,2.3198,-0.5816
2025-12-05,CRWD,0.1113,0.8691,2.3198,-0.5816
2025-12-01,CSCO,,12.7913,32.8281,-7.2455
2025-12-02,CSCO,,12.7913,32.8281,-7.2455
2025-12-03,CSCO,35.9276,12.7913,32.8281,-7.2455
2025-12-04,CSCO,1.1373,12.7913,32.8281,-7.2455
2025-12-05,CSCO,1.3091,12.7913,32.8281,-7.2455
2025-12-01,CSGP,,1.0047,1.4752,0.5342
2025-12-02,CSGP,,1.0047,1.4752,0.5342
2025-12-03,CSGP,1.5289,1.0047,1.4752,0.5342
2025-12-04,CSGP,0.6189,1.0047,1.4752,0.5342
2025-12-05,CSGP,0.8663,1.0047,1.4752,0.5342
2025-12-01,CSX,,0.1064,0.287,-0.0742
2025-12-02,CSX,,0.1064,0.287,-0.0742
2025-12-03,CSX,0.0315,0.1064,0.287,-0.0742
2025-12-04,CSX,0.3125,0.1064,0.287,-0.0742
2025-12-05,CSX,-0.0247,0.1064,0.287,-0.0742
2025-12-01,CTAS,,1.4777,2.2567,0.6988
2025-12-02,CTAS,,1.4777,2.2567,0.6988
2025-12-03,CTAS,1.3643,1.4777,2.2567,0.6988
2025-12-04,CTAS,2.3072,1.4777,2.2567,0.6988
2025-12-05,CTAS,0.7617,1.4777,2.2567,0.6988
2025-12-01,CTRA,,-0.384,-0.2162,-0.5517
2025-12-02,CTRA,,-0.384,-0.2162,-0.5517
2025-12-03,CTRA,-0.5725,-0.384,-0.2162,-0.5517
2025-12-04,CTRA,-0.2514,-0.384,-0.2162,-0.5517
2025-12-05,CTRA,-0.3279,-0.384,-0.2162,-0.5517
2025-12-01,CTSH,,0.4584,0.8101,0.1068
2025-12-02,CTSH,,0.4584,0.8101,0.1068
2025-12-03,CTSH,0.1967,0.4584,0.8101,0.1068
2025-12-04,CTSH,0.3204,0.4584,0.8101,0.1068
2025-12-05,CTSH,0.8582,0.4584,0.8101,0.1068
2025-12-01,CTVA,,0.4722,1.5401,-0.5958
2025-12-02,CTVA,,0.4722,1.5401,-0.5958
2025-12-03,CTVA,1.7031,0.4722,1.5401,-0.5958
2025-12-04,CTVA,-0.0785,0.4722,1.5401,-0.5958
2025-12-05,CTVA,-0.2082,0.4722,1.5401,-0.5958
2025-12-01,CVS,,-0.0363,0.4397,-0.5123
2025-12-02,CVS,,-0.0363,0.4397,-0.5123
2025-12-03,CVS,0.5106,-0.0363,0.4397,-0.5123
2025-12-04,CVS,-0.3575,-0.0363,0.4397,-0.5123
2025-12-05,CVS,-0.2619,-0.0363,0.4397,-0.5123
2025-12-01,CVX,,-0.2233,-0.0857,-0.3608
2025-12-02,CVX,,-0.2233,-0.0857,-0.3608
2025-12-03,CVX,-0.3801,-0.2233,-0.0857,-0.3608
2025-12-04,CVX,-0.1664,-0.2233,-0.0857,-0.3608
2025-12-05,CVX,-0.1233,-0.2233,-0.0857,-0.3608
2025-12-01,D,,4.6221,8.8854,0.3589
2025-12-02,D,,4.6221,8.8854,0.3589
2025-12-03,D,8.568,4.6221,8.8854,0.3589
2025-12-04,D,5.1983,4.6221,8.8854,0.3589
2025-12-05,D,0.1001,4.6221,8.8854,0.3589
2025-12-01,DAL,,0.4105,0.7352,0.0857
2025-12-02,DAL,,0.4105,0.7352,0.0857
2025-12-03,DAL,0.7832,0.4105,0.7352,0.0857
2025-12-04,DAL,0.2599,0.4105,0.7352,0.0857
2025-12-05,DAL,0.1883,0.4105,0.7352,0.0857
2025-12-01,DASH,,-0.0137,0.1676,-0.195
2025-12-02,DASH,,-0.0137,0.1676,-0.195
2025-12-03,DASH,0.1621,-0.0137,0.1676,-0.195
2025-12-04,DASH,-0.2001,-0.0137,0.1676,-0.195
2025-12-05,DASH,-0.0031,-0.0137,0.1676,-0.195
2025-12-01,DAY,,63.9415,89.8341,38.0488
2025-12-02,DAY,,63.9415,89.8341,38.0488
2025-12-03,DAY,,63.9415,89.8341,38.0488
2025-12-04,DAY,82.2503,63.9415,89.8341,38.0488
2025-12-05,DAY,45.6326,63.9415,89.8341,38.0488
2025-12-01,DBA,,8.0833,13.8018,2.3649
2025-12-02,DBA,,8.0833,13.8018,2.3649
2025-12-03,DBA,3.8461,8.0833,13.8018,2.3649
2025-12-04,DBA,5.8162,8.0833,13.8018,2.3649
2025-12-05,DBA,14.5877,8.0833,13.8018,2.3649
2025-12-01,DBB,,,,
2025-12-02,DBB,,,,
2025-12-01,DBC,,2.8903,3.4733,2.3072
2025-12-02,DBC,,2.8903,3.4733,2.3072
2025-12-03,DBC,2.2422,2.8903,3.4733,2.3072
2025-12-04,DBC,3.0564,2.8903,3.4733,2.3072
2025-12-05,DBC,3.3722,2.8903,3.4733,2.3072
2025-12-01,DD,,1.0454,1.7641,0.3267
2025-12-02,DD,,1.0454,1.7641,0.3267
2025-12-03,DD,0.7951,1.0454,1.7641,0.3267
2025-12-04,DD,1.8558,1.0454,1.7641,0.3267
2025-12-05,DD,0.4853,1.0454,1.7641,0.3267
2025-12-01,DDOG,,3.7148,5.5871,1.8424
2025-12-02,DDOG,,3.7148,5.5871,1.8424
2025-12-03,DDOG,5.8406,3.7148,5.5871,1.8424
2025-12-04,DDOG,2.3109,3.7148,5.5871,1.8424
2025-12-05,DDOG,2.9928,3.7148,5.5871,1.8424
2025-12-01,DE,,-0.1446,-0.0459,-0.2433
2025-12-02,DE,,-0.1446,-0.0459,-0.2433
2025-12-03,DE,-0.1995,-0.1446,-0.0459,-0.2433
2025-12-04,DE,-0.0307,-0.1446,-0.0459,-0.2433
2025-12-05,DE,-0.2037,-0.1446,-0.0459,-0.2433
2025-12-01,DECK,,0.1529,0.4086,-0.1028
2025-12-02,DECK,,0.1529,0.4086,-0.1028
2025-12-03,DECK,-0.1411,0.1529,0.4086,-0.1028
2025-12-04,DECK,0.2761,0.1529,0.4086,-0.1028
2025-12-05,DECK,0.3237,0.1529,0.4086,-0.1028
2025-12-01,DELL,,-0.1342,-0.0321,-0.2362
2025-12-02,DELL,,-0.1342,-0.0321,-0.2362
2025-12-03,DELL,-0.2092,-0.1342,-0.0321,-0.2362
2025-12-04,DELL,-0.1754,-0.1342,-0.0321,-0.2362
2025-12-05,DELL,-0.018,-0.1342,-0.0321,-0.2362
2025-12-01,DG,,0.9639,3.9057,-1.9779
2025-12-02,DG,,0.9639,3.9057,-1.9779
2025-12-03,DG,4.3607,0.9639,3.9057,-1.9779
2025-12-04,DG,-0.7594,0.9639,3.9057,-1.9779
2025-12-05,DG,-0.7096,0.9639,3.9057,-1.9779
2025-12-01,DGX,,0.8325,1.3995,0.2655
2025-12-02,DGX,,0.8325,1.3995,0.2655
2025-12-03,DGX,1.4868,0.8325,1.3995,0.2655
2025-12-04,DGX,0.484,0.8325,1.3995,0.2655
2025-12-05,DGX,0.5268,0.8325,1.3995,0.2655
2025-12-01,DHI,,-0.2677,-0.1493,-0.3861
2025-12-02,DHI,,-0.2677,-0.1493,-0.3861
2025-12-03,DHI,-0.1446,-0.2677,-0.1493,-0.3861
2025-12-04,DHI,-0.3807,-0.2677,-0.1493,-0.3861
2025-12-05,DHI,-0.2778,-0.2677,-0.1493,-0.3861
2025-12-01,DHR,,2.9967,6.8478,-0.8544
2025-12-02,DHR,,2.9967,6.8478,-0.8544
2025-12-03,DHR,7.4413,2.9967,6.8478,-0.8544
2025-12-04,DHR,0.652,2.9967,6.8478,-0.8544
2025-12-05,DHR,0.8967,2.9967,6.8478,-0.8544
2025-12-01,DHT,,1.2104,1.6425,0.7783
2025-12-02,DHT,,1.2104,1.6425,0.7783
2025-12-03,DHT,1.6278,1.2104,1.6425,0.7783
2025-12-04,DHT,0.7649,1.2104,1.6425,0.7783
2025-12-05,DHT,1.2385,1.2104,1.6425,0.7783
2025-12-01,DIA,,1.0251,1.4221,0.6281
2025-12-02,DIA,,1.0251,1.4221,0.6281
2025-12-03,DIA,1.4632,1.0251,1.4221,0.6281
2025-12-04,DIA,0.6893,1.0251,1.4221,0.6281
2025-12-05,DIA,0.9228,1.0251,1.4221,0.6281
2025-12-01,DIS,,0.1167,0.3987,-0.1654
2025-12-02,DIS,,0.1167,0.3987,-0.1654
2025-12-03,DIS,-0.1752,0.1167,0.3987,-0.1654
2025-12-04,DIS,0.1375,0.1167,0.3987,-0.1654
2025-12-05,DIS,0.3877,0.1167,0.3987,-0.1654
2025-12-01,DLR,,0.8175,1.1391,0.4959
2025-12-02,DLR,,0.8175,1.1391,0.4959
2025-12-03,DLR,0.4621,0.8175,1.1391,0.4959
2025-12-04,DLR,1.0886,0.8175,1.1391,0.4959
2025-12-05,DLR,0.9017,0.8175,1.1391,0.4959
2025-12-01,DLTR,,-0.1685,-0.0035,-0.3335
2025-12-02,DLTR,,-0.1685,-0.0035,-0.3335
2025-12-03,DLTR,-0.3249,-0.1685,-0.0035,-0.3335
2025-12-04,DLTR,0.0039,-0.1685,-0.0035,-0.3335
2025-12-05,DLTR,-0.1845,-0.1685,-0.0035,-0.3335
2025-12-01,DOC,,-0.2289,-0.1117,-0.3462
2025-12-02,DOC,,-0.2289,-0.1117,-0.3462
2025-12-03,DOC,-0.325,-0.2289,-0.1117,-0.3462
2025-12-04,DOC,-0.2635,-0.2289,-0.1117,-0.3462
2025-12-05,DOC,-0.0983,-0.2289,-0.1117,-0.3462
2025-12-01,DOV,,7.6961,19.6741,-4.2819
2025-12-02,DOV,,7.6961,19.6741,-4.2819
2025-12-03,DOV,21.527,7.6961,19.6741,-4.2819
2025-12-04,DOV,0.7269,7.6961,19.6741,-4.2819
2025-12-05,DOV,0.8345,7.6961,19.6741,-4.2819
2025-12-01,DOW,,2.1112,5.3419,-1.1195
2025-12-02,DOW,,2.1112,5.3419,-1.1195
2025-12-03,DOW,5.8413,2.1112,5.3419,-1.1195
2025-12-04,DOW,0.2044,2.1112,5.3419,-1.1195
2025-12-05,DOW,0.2878,2.1112,5.3419,-1.1195
2025-12-01,DPZ,,0.164,0.4486,-0.1205
2025-12-02,DPZ,,0.164,0.4486,-0.1205
2025-12-03,DPZ,0.4858,0.164,0.4486,-0.1205
2025-12-04,DPZ,0.0607,0.164,0.4486,-0.1205
2025-12-05,DPZ,-0.0544,0.164,0.4486,-0.1205
2025-12-01,DRI,,1.2712,1.6768,0.8656
2025-12-02,DRI,,1.2712,1.6768,0.8656
2025-12-03,DRI,1.6776,1.2712,1.6768,0.8656
2025-12-04,DRI,0.8664,1.2712,1.6768,0.8656
2025-12-05,DRI,1.2696,1.2712,1.6768,0.8656
2025-12-01,DTE,,-0.0816,0.1834,-0.3466
2025-12-02,DTE,,-0.0816,0.1834,-0.3466
2025-12-03,DTE,-0.3749,-0.0816,0.1834,-0.3466
2025-12-04,DTE,-0.0106,-0.0816,0.1834,-0.3466
2025-12-05,DTE,0.1406,-0.0816,0.1834,-0.3466
2025-12-01,DUK,,26.1101,66.2509,-14.0307
2025-12-02,DUK,,26.1101,66.2509,-14.0307
2025-12-03,DUK,72.4565,26.1101,66.2509,-14.0307
2025-12-04,DUK,3.4738,26.1101,66.2509,-14.0307
2025-12-05,DUK,2.4,26.1101,66.2509,-14.0307
2025-12-01,DVA,,2.8924,3.2027,2.5822
2025-12-02,DVA,,2.8924,3.2027,2.5822
2025-12-03,DVA,2.8038,2.8924,3.2027,2.5822
2025-12-04,DVA,3.2374,2.8924,3.2027,2.5822
2025-12-05,DVA,2.6361,2.8924,3.2027,2.5822
2025-12-01,DVN,,0.3792,0.7246,0.0338
2025-12-02,DVN,,0.3792,0.7246,0.0338
2025-12-03,DVN,-0.0044,0.3792,0.7246,0.0338
2025-12-04,DVN,0.4764,0.3792,0.7246,0.0338
2025-12-05,DVN,0.6656,0.3792,0.7246,0.0338
2025-12-01,DXCM,,3.4897,4.0469,2.9325
2025-12-02,DXCM,,3.4897,4.0469,2.9325
2025-12-03,DXCM,3.4383,3.4897,4.0469,2.9325
2025-12-04,DXCM,4.0708,3.4897,4.0469,2.9325
2025-12-05,DXCM,2.96,3.4897,4.0469,2.9325
2025-12-01,EA,,2.6461,3.3368,1.9553
2025-12-02,EA,,2.6461,3.3368,1.9553
2025-12-03,EA,1.9275,2.6461,3.3368,1.9553
2025-12-04,EA,2.7055,2.6461,3.3368,1.9553
2025-12-05,EA,3.3052,2.6461,3.3368,1.9553
2025-12-01,EBAY,,1.197,1.7207,0.6734
2025-12-02,EBAY,,1.197,1.7207,0.6734
2025-12-03,EBAY,1.0429,1.197,1.7207,0.6734
2025-12-04,EBAY,1.7804,1.197,1.7207,0.6734
2025-12-05,EBAY,0.7677,1.197,1.7207,0.6734
2025-12-01,EC,,1.208,2.5233,-0.1074
2025-12-02,EC,,1.208,2.5233,-0.1074
2025-12-03,EC,0.8613,1.208,2.5233,-0.1074
2025-12-04,EC,2.6619,1.208,2.5233,-0.1074
2025-12-05,EC,0.1007,1.208,2.5233,-0.1074
2025-12-01,ECH,,2.2561,3.7495,0.7627
2025-12-02,ECH,,2.2561,3.7495,0.7627
2025-12-03,ECH,3.9536,2.2561,3.7495,0.7627
2025-12-04,ECH,1.6703,2.2561,3.7495,0.7627
2025-12-05,ECH,1.1445,2.2561,3.7495,0.7627
2025-12-01,ECL,,0.0401,0.1668,-0.0866
2025-12-02,ECL,,0.0401,0.1668,-0.0866
2025-12-03,ECL,0.0185,0.0401,0.1668,-0.0866
2025-12-04,ECL,-0.0744,0.0401,0.1668,-0.0866
2025-12-05,ECL,0.1762,0.0401,0.1668,-0.0866
2025-12-01,ED,,1.2277,1.789,0.6665
2025-12-02,ED,,1.2277,1.789,0.6665
2025-12-03,ED,1.1618,1.2277,1.789,0.6665
2025-12-04,ED,1.819,1.2277,1.789,0.6665
2025-12-05,ED,0.7023,1.2277,1.789,0.6665
2025-12-01,EDV,,2.4665,4.2453,0.6878
2025-12-02,EDV,,2.4665,4.2453,0.6878
2025-12-03,EDV,4.3671,2.4665,4.2453,0.6878
2025-12-04,EDV,0.8418,2.4665,4.2453,0.6878
2025-12-05,EDV,2.1908,2.4665,4.2453,0.6878
2025-12-01,EFX,,3.2952,3.7981,2.7924
2025-12-02,EFX,,3.2952,3.7981,2.7924
2025-12-03,EFX,2.8975,3.2952,3.7981,2.7924
2025-12-04,EFX,3.1278,3.2952,3.7981,2.7924
2025-12-05,EFX,3.8604,3.2952,3.7981,2.7924
2025-12-01,EG,,1.8727,2.807,0.9384
2025-12-02,EG,,1.8727,2.807,0.9384
2025-12-03,EG,2.2258,1.8727,2.807,0.9384
2025-12-04,EG,2.579,1.8727,2.807,0.9384
2025-12-05,EG,0.8133,1.8727,2.807,0.9384
2025-12-01,EIDO,,1.8936,2.6542,1.133
2025-12-02,EIDO,,1.8936,2.6542,1.133
2025-12-03,EIDO,1.1235,1.8936,2.6542,1.133
2025-12-04,EIDO,1.9131,1.8936,2.6542,1.133
2025-12-05,EIDO,2.6443,1.8936,2.6542,1.133
2025-12-01,EIX,,0.5358,0.6887,0.3828
2025-12-02,EIX,,0.5358,0.6887,0.3828
2025-12-03,EIX,0.3593,0.5358,0.6887,0.3828
2025-12-04,EIX,0.6306,0.5358,0.6887,0.3828
2025-12-05,EIX,0.6174,0.5358,0.6887,0.3828
2025-12-01,EL,,0.2528,0.344,0.1616
2025-12-02,EL,,0.2528,0.344,0.1616
2025-12-03,EL,0.1753,0.2528,0.344,0.1616
2025-12-04,EL,0.2297,0.2528,0.344,0.1616
2025-12-05,EL,0.3533,0.2528,0.344,0.1616
2025-12-01,ELV,,3.9342,6.0531,1.8153
2025-12-02,ELV,,3.9342,6.0531,1.8153
2025-12-03,ELV,6.0767,3.9342,6.0531,1.8153
2025-12-04,ELV,3.8863,3.9342,6.0531,1.8153
2025-12-05,ELV,1.8396,3.9342,6.0531,1.8153
2025-12-01,EME,,0.4473,1.3755,-0.4808
2025-12-02,EME,,0.4473,1.3755,-0.4808
2025-12-03,EME,1.5172,0.4473,1.3755,-0.4808
2025-12-04,EME,-0.0326,0.4473,1.3755,-0.4808
2025-12-05,EME,-0.1425,0.4473,1.3755,-0.4808
2025-12-01,EMN,,0.5963,0.8043,0.3884
2025-12-02,EMN,,0.5963,0.8043,0.3884
2025-12-03,EMN,0.4054,0.5963,0.8043,0.3884
2025-12-04,EMN,0.8179,0.5963,0.8043,0.3884
2025-12-05,EMN,0.5657,0.5963,0.8043,0.3884
2025-12-01,EMR,,0.1593,0.4173,-0.0987
2025-12-02,EMR,,0.1593,0.4173,-0.0987
2025-12-03,EMR,-0.1368,0.1593,0.4173,-0.0987
2025-12-04,EMR,0.2788,0.1593,0.4173,-0.0987
2025-12-05,EMR,0.336,0.1593,0.4173,-0.0987
2025-12-01,ENZL,,69.6246,185.4566,-46.2074
2025-12-02,ENZL,,69.6246,185.4566,-46.2074
2025-12-03,ENZL,203.3732,69.6246,185.4566,-46.2074
2025-12-04,ENZL,2.0191,69.6246,185.4566,-46.2074
2025-12-05,ENZL,3.4815,69.6246,185.4566,-46.2074
2025-12-01,EOG,,-0.0928,0.0956,-0.2811
2025-12-02,EOG,,-0.0928,0.0956,-0.2811
2025-12-03,EOG,-0.2952,-0.0928,0.0956,-0.2811
2025-12-04,EOG,-0.0603,-0.0928,0.0956,-0.2811
2025-12-05,EOG,0.0772,-0.0928,0.0956,-0.2811
2025-12-01,EPAM,,0.6619,0.8689,0.455
2025-12-02,EPAM,,0.6619,0.8689,0.455
2025-12-03,EPAM,0.4362,0.6619,0.8689,0.455
2025-12-04,EPAM,0.707,0.6619,0.8689,0.455
2025-12-05,EPAM,0.8427,0.6619,0.8689,0.455
2025-12-01,EPOL,,8.089,10.2357,5.9424
2025-12-02,EPOL,,8.089,10.2357,5.9424
2025-12-03,EPOL,6.3997,8.089,10.2357,5.9424
2025-12-04,EPOL,7.3627,8.089,10.2357,5.9424
2025-12-05,EPOL,10.5046,8.089,10.2357,5.9424
2025-12-01,EQIX,,0.3413,0.6502,0.0325
2025-12-02,EQIX,,0.3413,0.6502,0.0325
2025-12-03,EQIX,0.3618,0.3413,0.6502,0.0325
2025-12-04,EQIX,0.6395,0.3413,0.6502,0.0325
2025-12-05,EQIX,0.0228,0.3413,0.6502,0.0325
2025-12-01,EQR,,0.7781,1.3139,0.2423
2025-12-02,EQR,,0.7781,1.3139,0.2423
2025-12-03,EQR,1.3305,0.7781,1.3139,0.2423
2025-12-04,EQR,0.2605,0.7781,1.3139,0.2423
2025-12-05,EQR,0.7432,0.7781,1.3139,0.2423
2025-12-01,EQT,,-0.4971,-0.3848,-0.6094
2025-12-02,EQT,,-0.4971,-0.3848,-0.6094
2025-12-03,EQT,-0.6162,-0.4971,-0.3848,-0.6094
2025-12-04,EQT,-0.4819,-0.4971,-0.3848,-0.6094
2025-12-05,EQT,-0.3932,-0.4971,-0.3848,-0.6094
2025-12-01,ERIE,,2.0128,3.1068,0.9188
2025-12-02,ERIE,,2.0128,3.1068,0.9188
2025-12-03,ERIE,2.9463,2.0128,3.1068,0.9188
2025-12-04,ERIE,2.2832,2.0128,3.1068,0.9188
2025-12-05,ERIE,0.809,2.0128,3.1068,0.9188
2025-12-01,ES,,3.9136,9.925,-2.0979
2025-12-02,ES,,3.9136,9.925,-2.0979
2025-12-03,ES,10.8436,3.9136,9.925,-2.0979
2025-12-04,ES,0.1045,3.9136,9.925,-2.0979
2025-12-05,ES,0.7926,3.9136,9.925,-2.0979
2025-12-01,ESS,,1.9888,2.3766,1.601
2025-12-02,ESS,,1.9888,2.3766,1.601
2025-12-03,ESS,2.4237,1.9888,2.3766,1.601
2025-12-04,ESS,1.679,1.9888,2.3766,1.601
2025-12-05,ESS,1.8637,1.9888,2.3766,1.601
2025-12-01,ETN,,0.1713,0.3831,-0.0405
2025-12-02,ETN,,0.1713,0.3831,-0.0405
2025-12-03,ETN,-0.0259,0.1713,0.3831,-0.0405
2025-12-04,ETN,0.1445,0.1713,0.3831,-0.0405
2025-12-05,ETN,0.3953,0.1713,0.3831,-0.0405
2025-12-01,ETR,,-0.2509,-0.0935,-0.4083
2025-12-02,ETR,,-0.2509,-0.0935,-0.4083
2025-12-03,ETR,-0.4164,-0.2509,-0.0935,-0.4083
2025-12-04,ETR,-0.2334,-0.2509,-0.0935,-0.4083
2025-12-05,ETR,-0.103,-0.2509,-0.0935,-0.4083
2025-12-01,EVRG,,0.9721,1.1102,0.834
2025-12-02,EVRG,,0.9721,1.1102,0.834
2025-12-03,EVRG,0.8764,0.9721,1.1102,0.834
2025-12-04,EVRG,0.9094,0.9721,1.1102,0.834
2025-12-05,EVRG,1.1304,0.9721,1.1102,0.834
2025-12-01,EW,,3.304,9.0805,-2.4725
2025-12-02,EW,,3.304,9.0805,-2.4725
2025-12-03,EW,9.974,3.304,9.0805,-2.4725
2025-12-04,EW,-0.0699,3.304,9.0805,-2.4725
2025-12-05,EW,0.0079,3.304,9.0805,-2.4725
2025-12-01,EWA,,152.0219,400.6664,-96.6226
2025-12-02,EWA,,152.0219,400.6664,-96.6226
2025-12-03,EWA,439.0582,152.0219,400.6664,-96.6226
2025-12-04,EWA,14.1361,152.0219,400.6664,-96.6226
2025-12-05,EWA,2.8715,152.0219,400.6664,-96.6226
2025-12-01,EWC,,1.0439,1.3785,0.7094
2025-12-02,EWC,,1.0439,1.3785,0.7094
2025-12-03,EWC,1.2195,1.0439,1.3785,0.7094
2025-12-04,EWC,0.6581,1.0439,1.3785,0.7094
2025-12-05,EWC,1.2541,1.0439,1.3785,0.7094
2025-12-01,EWD,,5.9288,7.8015,4.056
2025-12-02,EWD,,5.9288,7.8015,4.056
2025-12-03,EWD,8.0509,5.9288,7.8015,4.056
2025-12-04,EWD,4.5076,5.9288,7.8015,4.056
2025-12-05,EWD,5.2278,5.9288,7.8015,4.056
2025-12-01,EWG,,1.2291,1.6949,0.7633
2025-12-02,EWG,,1.2291,1.6949,0.7633
2025-12-03,EWG,0.7332,1.2291,1.6949,0.7633
2025-12-04,EWG,1.2966,1.2291,1.6949,0.7633
2025-12-05,EWG,1.6574,1.2291,1.6949,0.7633
2025-12-01,EWH,,3.8893,5.8558,1.9228
2025-12-02,EWH,,3.8893,5.8558,1.9228
2025-12-03,EWH,2.9823,3.8893,5.8558,1.9228
2025-12-04,EWH,2.54,3.8893,5.8558,1.9228
2025-12-05,EWH,6.1456,3.8893,5.8558,1.9228
2025-12-01,EWI,,6.8661,16.7844,-3.0522
2025-12-02,EWI,,6.8661,16.7844,-3.0522
2025-12-03,EWI,18.3049,6.8661,16.7844,-3.0522
2025-12-04,EWI,1.6348,6.8661,16.7844,-3.0522
2025-12-05,EWI,0.6587,6.8661,16.7844,-3.0522
2025-12-01,EWJ,,6.4177,13.2405,-0.405
2025-12-02,EWJ,,6.4177,13.2405,-0.405
2025-12-03,EWJ,14.2692,6.4177,13.2405,-0.405
2025-12-04,EWJ,1.9301,6.4177,13.2405,-0.405
2025-12-05,EWJ,3.0539,6.4177,13.2405,-0.405
2025-12-01,EWK,,3.6053,4.2731,2.9375
2025-12-02,EWK,,3.6053,4.2731,2.9375
2025-12-03,EWK,4.3051,3.6053,4.2731,2.9375
2025-12-04,EWK,3.5359,3.6053,4.2731,2.9375
2025-12-05,EWK,2.9749,3.6053,4.2731,2.9375
2025-12-01,EWL,,0.8345,0.9421,0.7269
2025-12-02,EWL,,0.8345,0.9421,0.7269
2025-12-03,EWL,0.9041,0.8345,0.9421,0.7269
2025-12-04,EWL,0.7106,0.8345,0.9421,0.7269
2025-12-05,EWL,0.8888,0.8345,0.9421,0.7269
2025-12-01,EWM,,39.8309,101.1131,-21.4513
2025-12-02,EWM,,39.8309,101.1131,-21.4513
2025-12-03,EWM,110.5228,39.8309,101.1131,-21.4513
2025-12-04,EWM,1.7466,39.8309,101.1131,-21.4513
2025-12-05,EWM,7.2232,39.8309,101.1131,-21.4513
2025-12-01,EWN,,0.815,1.6115,0.0184
2025-12-02,EWN,,0.815,1.6115,0.0184
2025-12-03,EWN,1.7346,0.815,1.6115,0.0184
2025-12-04,EWN,0.3686,0.815,1.6115,0.0184
2025-12-05,EWN,0.3417,0.815,1.6115,0.0184
2025-12-01,EWP,,5.7054,12.9727,-1.562
2025-12-02,EWP,,5.7054,12.9727,-1.562
2025-12-03,EWP,14.0562,5.7054,12.9727,-1.562
2025-12-04,EWP,2.2454,5.7054,12.9727,-1.562
2025-12-05,EWP,0.8144,5.7054,12.9727,-1.562
2025-12-01,EWQ,,1.8422,2.0392,1.6451
2025-12-02,EWQ,,1.8422,2.0392,1.6451
2025-12-03,EWQ,1.6269,1.8422,2.0392,1.6451
2025-12-04,EWQ,2.0136,1.8422,2.0392,1.6451
2025-12-05,EWQ,1.8859,1.8422,2.0392,1.6451
2025-12-01,EWS,,3.2053,3.5038,2.9069
2025-12-02,EWS,,3.2053,3.5038,2.9069
2025-12-03,EWS,2.9224,3.2053,3.5038,2.9069
2025-12-04,EWS,3.1764,3.2053,3.5038,2.9069
2025-12-05,EWS,3.5172,3.2053,3.5038,2.9069
2025-12-01,EWT,,13.2859,25.8415,0.7303
2025-12-02,EWT,,13.2859,25.8415,0.7303
2025-12-03,EWT,26.4955,13.2859,25.8415,0.7303
2025-12-04,EWT,11.8552,13.2859,25.8415,0.7303
2025-12-05,EWT,1.5069,13.2859,25.8415,0.7303
2025-12-01,EWU,,1.4053,1.8334,0.9773
2025-12-02,EWU,,1.4053,1.8334,0.9773
2025-12-03,EWU,1.884,1.4053,1.8334,0.9773
2025-12-04,EWU,1.2728,1.4053,1.8334,0.9773
2025-12-05,EWU,1.0592,1.4053,1.8334,0.9773
2025-12-01,EWW,,2.128,2.7091,1.547
2025-12-02,EWW,,2.128,2.7091,1.547
2025-12-03,EWW,1.6378,2.128,2.7091,1.547
2025-12-04,EWW,2.7699,2.128,2.7091,1.547
2025-12-05,EWW,1.9764,2.128,2.7091,1.547
2025-12-01,EWY,,2.1658,4.6695,-0.3378
2025-12-02,EWY,,2.1658,4.6695,-0.3378
2025-12-03,EWY,5.0473,2.1658,4.6695,-0.3378
2025-12-04,EWY,0.9289,2.1658,4.6695,-0.3378
2025-12-05,EWY,0.5213,2.1658,4.6695,-0.3378
2025-12-01,EWZ,,1.6438,3.77,-0.4825
2025-12-02,EWZ,,1.6438,3.77,-0.4825
2025-12-03,EWZ,1.3752,1.6438,3.77,-0.4825
2025-12-04,EWZ,3.8916,1.6438,3.77,-0.4825
2025-12-05,EWZ,-0.3355,1.6438,3.77,-0.4825
2025-12-01,EXC,,1.9685,3.0904,0.8466
2025-12-02,EXC,,1.9685,3.0904,0.8466
2025-12-03,EXC,2.0867,1.9685,3.0904,0.8466
2025-12-04,EXC,3.0267,1.9685,3.0904,0.8466
2025-12-05,EXC,0.7921,1.9685,3.0904,0.8466
2025-12-01,EXE,,-0.5434,-0.419,-0.6677
2025-12-02,EXE,,-0.5434,-0.419,-0.6677
2025-12-03,EXE,-0.6714,-0.5434,-0.419,-0.6677
2025-12-04,EXE,-0.5356,-0.5434,-0.419,-0.6677
2025-12-05,EXE,-0.4231,-0.5434,-0.419,-0.6677
2025-12-01,EXPD,,0.8393,1.1307,0.5478
2025-12-02,EXPD,,0.8393,1.1307,0.5478
2025-12-03,EXPD,0.7716,0.8393,1.1307,0.5478
2025-12-04,EXPD,0.5875,0.8393,1.1307,0.5478
2025-12-05,EXPD,1.1586,0.8393,1.1307,0.5478
2025-12-01,EXPE,,0.1473,0.2016,0.0929
2025-12-02,EXPE,,0.1473,0.2016,0.0929
2025-12-03,EXPE,0.1974,0.1473,0.2016,0.0929
2025-12-04,EXPE,0.1548,0.1473,0.2016,0.0929
2025-12-05,EXPE,0.0896,0.1473,0.2016,0.0929
2025-12-01,EXR,,1.7282,2.4139,1.0425
2025-12-02,EXR,,1.7282,2.4139,1.0425
2025-12-03,EXR,2.5131,1.7282,2.4139,1.0425
2025-12-04,EXR,1.426,1.7282,2.4139,1.0425
2025-12-05,EXR,1.2455,1.7282,2.4139,1.0425
2025-12-01,F,,0.0221,0.2625,-0.2183
2025-12-02,F,,0.0221,0.2625,-0.2183
2025-12-03,F,-0.2292,0.0221,0.2625,-0.2183
2025-12-04,F,0.0457,0.0221,0.2625,-0.2183
2025-12-05,F,0.2499,0.0221,0.2625,-0.2183
2025-12-01,FANG,,3.2938,4.1549,2.4326
2025-12-02,FANG,,3.2938,4.1549,2.4326
2025-12-03,FANG,2.3657,3.2938,4.1549,2.4326
2025-12-04,FANG,4.0669,3.2938,4.1549,2.4326
2025-12-05,FANG,3.4487,3.2938,4.1549,2.4326
2025-12-01,FAST,,2.1019,3.3245,0.8793
2025-12-02,FAST,,2.1019,3.3245,0.8793
2025-12-03,FAST,1.69,2.1019,3.3245,0.8793
2025-12-04,FAST,3.4773,2.1019,3.3245,0.8793
2025-12-05,FAST,1.1385,2.1019,3.3245,0.8793
2025-12-01,FCX,,0.0655,0.3388,-0.2078
2025-12-02,FCX,,0.0655,0.3388,-0.2078
2025-12-03,FCX,-0.2061,0.0655,0.3388,-0.2078
2025-12-04,FCX,0.0623,0.0655,0.3388,-0.2078
2025-12-05,FCX,0.3404,0.0655,0.3388,-0.2078
2025-12-01,FDS,,16.4548,36.2522,-3.3425
2025-12-02,FDS,,16.4548,36.2522,-3.3425
2025-12-03,FDS,38.5801,16.4548,36.2522,-3.3425
2025-12-04,FDS,10.3711,16.4548,36.2522,-3.3425
2025-12-05,FDS,0.4133,16.4548,36.2522,-3.3425
2025-12-01,FDX,,1.3157,1.7779,0.8535
2025-12-02,FDX,,1.3157,1.7779,0.8535
2025-12-03,FDX,1.7838,1.3157,1.7779,0.8535
2025-12-04,FDX,0.8596,1.3157,1.7779,0.8535
2025-12-05,FDX,1.3036,1.3157,1.7779,0.8535
2025-12-01,FE,,0.8552,1.1083,0.6021
2025-12-02,FE,,0.8552,1.1083,0.6021
2025-12-03,FE,0.9229,0.8552,1.1083,0.6021
2025-12-04,FE,1.0676,0.8552,1.1083,0.6021
2025-12-05,FE,0.5751,0.8552,1.1083,0.6021
2025-12-01,FFIV,,1.949,2.4781,1.4199
2025-12-02,FFIV,,1.949,2.4781,1.4199
2025-12-03,FFIV,2.2432,1.949,2.4781,1.4199
2025-12-04,FFIV,2.2656,1.949,2.4781,1.4199
2025-12-05,FFIV,1.3382,1.949,2.4781,1.4199
2025-12-01,FICO,,1.3519,1.5798,1.124
2025-12-02,FICO,,1.3519,1.5798,1.124
2025-12-03,FICO,1.3049,1.3519,1.5798,1.124
2025-12-04,FICO,1.5996,1.3519,1.5798,1.124
2025-12-05,FICO,1.1512,1.3519,1.5798,1.124
2025-12-01,FIS,,0.2369,0.6464,-0.1726
2025-12-02,FIS,,0.2369,0.6464,-0.1726
2025-12-03,FIS,-0.1483,0.2369,0.6464,-0.1726
2025-12-04,FIS,0.667,0.2369,0.6464,-0.1726
2025-12-05,FIS,0.1921,0.2369,0.6464,-0.1726
2025-12-01,FISV,,-0.2877,-0.2227,-0.3527
2025-12-02,FISV,,-0.2877,-0.2227,-0.3527
2025-12-03,FISV,-0.3197,-0.2877,-0.2227,-0.3527
2025-12-04,FISV,-0.3305,-0.2877,-0.2227,-0.3527
2025-12-05,FISV,-0.2129,-0.2877,-0.2227,-0.3527
2025-12-01,FITB,,-0.1314,0.172,-0.4347
2025-12-02,FITB,,-0.1314,0.172,-0.4347
2025-12-03,FITB,-0.4181,-0.1314,0.172,-0.4347
2025-12-04,FITB,-0.1622,-0.1314,0.172,-0.4347
2025-12-05,FITB,0.1862,-0.1314,0.172,-0.4347
2025-12-01,FOXA,,1.4324,3.3725,-0.5078
2025-12-02,FOXA,,1.4324,3.3725,-0.5078
2025-12-03,FOXA,3.6125,1.4324,3.3725,-0.5078
2025-12-04,FOXA,-0.1041,1.4324,3.3725,-0.5078
2025-12-05,FOXA,0.7886,1.4324,3.3725,-0.5078
2025-12-01,FRO,,1.2341,2.8914,-0.4233
2025-12-02,FRO,,1.2341,2.8914,-0.4233
2025-12-03,FRO,3.0912,1.2341,2.8914,-0.4233
2025-12-04,FRO,-0.0948,1.2341,2.8914,-0.4233
2025-12-05,FRO,0.7058,1.2341,2.8914,-0.4233
2025-12-01,FRT,,1.1163,1.3985,0.8341
2025-12-02,FRT,,1.1163,1.3985,0.8341
2025-12-03,FRT,0.95,1.1163,1.3985,0.8341
2025-12-04,FRT,0.9567,1.1163,1.3985,0.8341
2025-12-05,FRT,1.4421,1.1163,1.3985,0.8341
2025-12-01,FSLR,,1.0664,1.2101,0.9227
2025-12-02,FSLR,,1.0664,1.2101,0.9227
2025-12-03,FSLR,1.0006,1.0664,1.2101,0.9227
2025-12-04,FSLR,0.9675,1.0664,1.2101,0.9227
2025-12-05,FSLR,1.2312,1.0664,1.2101,0.9227
2025-12-01,FTI,,-0.0808,0.1423,-0.3039
2025-12-02,FTI,,-0.0808,0.1423,-0.3039
2025-12-03,FTI,-0.3144,-0.0808,0.1423,-0.3039
2025-12-04,FTI,0.1301,-0.0808,0.1423,-0.3039
2025-12-05,FTI,-0.058,-0.0808,0.1423,-0.3039
2025-12-01,FTNT,,0.353,0.5862,0.1198
2025-12-02,FTNT,,0.353,0.5862,0.1198
2025-12-03,FTNT,0.5931,0.353,0.5862,0.1198
2025-12-04,FTNT,0.1274,0.353,0.5862,0.1198
2025-12-05,FTNT,0.3385,0.353,0.5862,0.1198
2025-12-01,FTV,,8.0235,16.4924,-0.4454
2025-12-02,FTV,,8.0235,16.4924,-0.4454
2025-12-03,FTV,17.7545,8.0235,16.4924,-0.4454
2025-12-04,FTV,2.3197,8.0235,16.4924,-0.4454
2025-12-05,FTV,3.9962,8.0235,16.4924,-0.4454
2025-12-01,FXA,,5.3763,11.7713,-1.0187
2025-12-02,FXA,,5.3763,11.7713,-1.0187
2025-12-03,FXA,12.7483,5.3763,11.7713,-1.0187
2025-12-04,FXA,1.3215,5.3763,11.7713,-1.0187
2025-12-05,FXA,2.0592,5.3763,11.7713,-1.0187
2025-12-01,FXB,,-0.3392,-0.0213,-0.6571
2025-12-02,FXB,,-0.3392,-0.0213,-0.6571
2025-12-03,FXB,-0.4388,-0.3392,-0.0213,-0.6571
2025-12-04,FXB,0.0166,-0.3392,-0.0213,-0.6571
2025-12-05,FXB,-0.5953,-0.3392,-0.0213,-0.6571
2025-12-01,FXC,,41.0077,98.0258,-16.0104
2025-12-02,FXC,,41.0077,98.0258,-16.0104
2025-12-03,FXC,106.5645,41.0077,98.0258,-16.0104
2025-12-04,FXC,13.5013,41.0077,98.0258,-16.0104
2025-12-05,FXC,2.9573,41.0077,98.0258,-16.0104
2025-12-01,FXE,,1.4905,2.2834,0.6977
2025-12-02,FXE,,1.4905,2.2834,0.6977
2025-12-03,FXE,2.1756,1.4905,2.2834,0.6977
2025-12-04,FXE,0.622,1.4905,2.2834,0.6977
2025-12-05,FXE,1.6741,1.4905,2.2834,0.6977
2025-12-01,FXY,,0.1963,0.4018,-0.0093
2025-12-02,FXY,,0.1963,0.4018,-0.0093
2025-12-03,FXY,0.3535,0.1963,0.4018,-0.0093
2025-12-04,FXY,-0.0363,0.1963,0.4018,-0.0093
2025-12-05,FXY,0.2717,0.1963,0.4018,-0.0093
2025-12-01,GD,,2.7049,5.0263,0.3835
2025-12-02,GD,,2.7049,5.0263,0.3835
2025-12-03,GD,3.5501,2.7049,5.0263,0.3835
2025-12-04,GD,4.4853,2.7049,5.0263,0.3835
2025-12-05,GD,0.0794,2.7049,5.0263,0.3835
2025-12-01,GDDY,,1.1937,1.6631,0.7243
2025-12-02,GDDY,,1.1937,1.6631,0.7243
2025-12-03,GDDY,1.416,1.1937,1.6631,0.7243
2025-12-04,GDDY,1.5106,1.1937,1.6631,0.7243
2025-12-05,GDDY,0.6544,1.1937,1.6631,0.7243
2025-12-01,GDX,,2.7579,3.721,1.7948
2025-12-02,GDX,,2.7579,3.721,1.7948
2025-12-03,GDX,3.8066,2.7579,3.721,1.7948
2025-12-04,GDX,1.9129,2.7579,3.721,1.7948
2025-12-05,GDX,2.5541,2.7579,3.721,1.7948
2025-12-01,GDXJ,,7.8896,11.176,4.6032
2025-12-02,GDXJ,,7.8896,11.176,4.6032
2025-12-03,GDXJ,11.6595,7.8896,11.176,4.6032
2025-12-04,GDXJ,5.6288,7.8896,11.176,4.6032
2025-12-05,GDXJ,6.3805,7.8896,11.176,4.6032
2025-12-01,GE,,1.5617,3.179,-0.0557
2025-12-02,GE,,1.5617,3.179,-0.0557
2025-12-03,GE,3.2677,1.5617,3.179,-0.0557
2025-12-04,GE,1.3666,1.5617,3.179,-0.0557
2025-12-05,GE,0.0507,1.5617,3.179,-0.0557
2025-12-01,GEHC,,-0.2803,-0.1615,-0.3991
2025-12-02,GEHC,,-0.2803,-0.1615,-0.3991
2025-12-03,GEHC,-0.1498,-0.2803,-0.1615,-0.3991
2025-12-04,GEHC,-0.3091,-0.2803,-0.1615,-0.3991
2025-12-05,GEHC,-0.3821,-0.2803,-0.1615,-0.3991
2025-12-01,GEN,,-0.3294,-0.0967,-0.5622
2025-12-02,GEN,,-0.3294,-0.0967,-0.5622
2025-12-03,GEN,-0.5981,-0.3294,-0.0967,-0.5622
2025-12-04,GEN,-0.1902,-0.3294,-0.0967,-0.5622
2025-12-05,GEN,-0.1999,-0.3294,-0.0967,-0.5622
2025-12-01,GEOS,,-0.2708,-0.1766,-0.3649
2025-12-02,GEOS,,-0.2708,-0.1766,-0.3649
2025-12-03,GEOS,-0.3727,-0.2708,-0.1766,-0.3649
2025-12-04,GEOS,-0.1871,-0.2708,-0.1766,-0.3649
2025-12-05,GEOS,-0.2525,-0.2708,-0.1766,-0.3649
2025-12-01,GEV,,0.1734,0.3178,0.029
2025-12-02,GEV,,0.1734,0.3178,0.029
2025-12-03,GEV,0.0067,0.1734,0.3178,0.029
2025-12-04,GEV,0.256,0.1734,0.3178,0.029
2025-12-05,GEV,0.2575,0.1734,0.3178,0.029
2025-12-01,GGB,,1.7174,,
2025-12-02,GGB,,1.7174,,
2025-12-03,GGB,1.7174,1.7174,,
2025-12-01,GILD,,0.4743,0.8266,0.122
2025-12-02,GILD,,0.4743,0.8266,0.122
2025-12-03,GILD,0.8666,0.4743,0.8266,0.122
2025-12-04,GILD,0.1849,0.4743,0.8266,0.122
2025-12-05,GILD,0.3713,0.4743,0.8266,0.122
2025-12-01,GIS,,0.2361,0.568,-0.0958
2025-12-02,GIS,,0.2361,0.568,-0.0958
2025-12-03,GIS,-0.131,0.2361,0.568,-0.0958
2025-12-04,GIS,0.324,0.2361,0.568,-0.0958
2025-12-05,GIS,0.5151,0.2361,0.568,-0.0958
2025-12-01,GL,,1.3772,1.5073,1.247
2025-12-02,GL,,1.3772,1.5073,1.247
2025-12-03,GL,1.4401,1.3772,1.5073,1.247
2025-12-04,GL,1.4639,1.3772,1.5073,1.247
2025-12-05,GL,1.2275,1.3772,1.5073,1.247
2025-12-01,GLD,,2.4901,2.8146,2.1655
2025-12-02,GLD,,2.4901,2.8146,2.1655
2025-12-03,GLD,2.3502,2.4901,2.8146,2.1655
2025-12-04,GLD,2.2589,2.4901,2.8146,2.1655
2025-12-05,GLD,2.8611,2.4901,2.8146,2.1655
2025-12-01,GLW,,1.3674,1.9178,0.8169
2025-12-02,GLW,,1.3674,1.9178,0.8169
2025-12-03,GLW,1.9224,1.3674,1.9178,0.8169
2025-12-04,GLW,0.8216,1.3674,1.9178,0.8169
2025-12-05,GLW,1.3581,1.3674,1.9178,0.8169
2025-12-01,GM,,4.9306,5.3641,4.4971
2025-12-02,GM,,4.9306,5.3641,4.4971
2025-12-03,GM,4.8801,4.9306,5.3641,4.4971
2025-12-04,GM,4.5246,4.9306,5.3641,4.4971
2025-12-05,GM,5.3871,4.9306,5.3641,4.4971
2025-12-01,GNK,,1.1217,1.5286,0.7148
2025-12-02,GNK,,1.1217,1.5286,0.7148
2025-12-03,GNK,0.8588,1.1217,1.5286,0.7148
2025-12-04,GNK,1.5904,1.1217,1.5286,0.7148
2025-12-05,GNK,0.9158,1.1217,1.5286,0.7148
2025-12-01,GNRC,,1.1261,1.9393,0.3128
2025-12-02,GNRC,,1.1261,1.9393,0.3128
2025-12-03,GNRC,1.3492,1.1261,1.9393,0.3128
2025-12-04,GNRC,1.8045,1.1261,1.9393,0.3128
2025-12-05,GNRC,0.2246,1.1261,1.9393,0.3128
2025-12-01,GOOGL,,1.4629,2.0746,0.8511
2025-12-02,GOOGL,,1.4629,2.0746,0.8511
2025-12-03,GOOGL,2.1686,1.4629,2.0746,0.8511
2025-12-04,GOOGL,1.0838,1.4629,2.0746,0.8511
2025-12-05,GOOGL,1.1362,1.4629,2.0746,0.8511
2025-12-01,GPC,,0.9978,1.1275,0.8681
2025-12-02,GPC,,0.9978,1.1275,0.8681
2025-12-03,GPC,1.1459,0.9978,1.1275,0.8681
2025-12-04,GPC,0.9434,0.9978,1.1275,0.8681
2025-12-05,GPC,0.9042,0.9978,1.1275,0.8681
2025-12-01,GPN,,0.4994,0.9357,0.0631
2025-12-02,GPN,,0.4994,0.9357,0.0631
2025-12-03,GPN,0.9988,0.4994,0.9357,0.0631
2025-12-04,GPN,0.3073,0.4994,0.9357,0.0631
2025-12-05,GPN,0.1921,0.4994,0.9357,0.0631
2025-12-01,GREK,,2.5513,3.3996,1.7029
2025-12-02,GREK,,2.5513,3.3996,1.7029
2025-12-03,GREK,1.5861,2.5513,3.3996,1.7029
2025-12-04,GREK,2.8891,2.5513,3.3996,1.7029
2025-12-05,GREK,3.1786,2.5513,3.3996,1.7029
2025-12-01,GRMN,,1.4811,1.7949,1.1673
2025-12-02,GRMN,,1.4811,1.7949,1.1673
2025-12-03,GRMN,1.3639,1.4811,1.7949,1.1673
2025-12-04,GRMN,1.2427,1.4811,1.7949,1.1673
2025-12-05,GRMN,1.8366,1.4811,1.7949,1.1673
2025-12-01,GS,,0.2919,0.3908,0.193
2025-12-02,GS,,0.2919,0.3908,0.193
2025-12-03,GS,0.1851,0.2919,0.3908,0.193
2025-12-04,GS,0.3101,0.2919,0.3908,0.193
2025-12-05,GS,0.3804,0.2919,0.3908,0.193
2025-12-01,GWW,,0.5682,1.1919,-0.0555
2025-12-02,GWW,,0.5682,1.1919,-0.0555
2025-12-03,GWW,1.2693,0.5682,1.1919,-0.0555
2025-12-04,GWW,0.0749,0.5682,1.1919,-0.0555
2025-12-05,GWW,0.3605,0.5682,1.1919,-0.0555
2025-12-01,HAL,,3.5679,4.0997,3.0361
2025-12-02,HAL,,3.5679,4.0997,3.0361
2025-12-03,HAL,3.5257,3.5679,4.0997,3.0361
2025-12-04,HAL,4.1195,3.5679,4.0997,3.0361
2025-12-05,HAL,3.0584,3.5679,4.0997,3.0361
2025-12-01,HAS,,0.2044,0.4784,-0.0695
2025-12-02,HAS,,0.2044,0.4784,-0.0695
2025-12-03,HAS,-0.1021,0.2044,0.4784,-0.0695
2025-12-04,HAS,0.2899,0.2044,0.4784,-0.0695
2025-12-05,HAS,0.4255,0.2044,0.4784,-0.0695
2025-12-01,HBAN,,0.0466,0.1266,-0.0333
2025-12-02,HBAN,,0.0466,0.1266,-0.0333
2025-12-03,HBAN,0.0283,0.0466,0.1266,-0.0333
2025-12-04,HBAN,0.1342,0.0466,0.1266,-0.0333
2025-12-05,HBAN,-0.0225,0.0466,0.1266,-0.0333
2025-12-01,HCA,,0.2005,0.3042,0.0968
2025-12-02,HCA,,0.2005,0.3042,0.0968
2025-12-03,HCA,0.113,0.2005,0.3042,0.0968
2025-12-04,HCA,0.1734,0.2005,0.3042,0.0968
2025-12-05,HCA,0.315,0.2005,0.3042,0.0968
2025-12-01,HD,,-0.0633,-0.0215,-0.105
2025-12-02,HD,,-0.0633,-0.0215,-0.105
2025-12-03,HD,-0.0202,-0.0633,-0.0215,-0.105
2025-12-04,HD,-0.1036,-0.0633,-0.0215,-0.105
2025-12-05,HD,-0.066,-0.0633,-0.0215,-0.105
2025-12-01,HIG,,0.5746,1.0403,0.1089
2025-12-02,HIG,,0.5746,1.0403,0.1089
2025-12-03,HIG,0.1418,0.5746,1.0403,0.1089
2025-12-04,HIG,1.0674,0.5746,1.0403,0.1089
2025-12-05,HIG,0.5146,0.5746,1.0403,0.1089
2025-12-01,HII,,1.4018,3.5776,-0.774
2025-12-02,HII,,1.4018,3.5776,-0.774
2025-12-03,HII,3.8615,1.4018,3.5776,-0.774
2025-12-04,HII,0.6153,1.4018,3.5776,-0.774
2025-12-05,HII,-0.2713,1.4018,3.5776,-0.774
2025-12-01,HLT,,1.6357,3.9481,-0.6767
2025-12-02,HLT,,1.6357,3.9481,-0.6767
2025-12-03,HLT,4.3033,1.6357,3.9481,-0.6767
2025-12-04,HLT,0.2018,1.6357,3.9481,-0.6767
2025-12-05,HLT,0.4019,1.6357,3.9481,-0.6767
2025-12-01,HLX,,0.9413,2.227,-0.3444
2025-12-02,HLX,,0.9413,2.227,-0.3444
2025-12-03,HLX,1.2453,0.9413,2.227,-0.3444
2025-12-04,HLX,2.0478,0.9413,2.227,-0.3444
2025-12-05,HLX,-0.4692,0.9413,2.227,-0.3444
2025-12-01,HOLX,,2.9769,3.5961,2.3578
2025-12-02,HOLX,,2.9769,3.5961,2.3578
2025-12-03,HOLX,2.4577,2.9769,3.5961,2.3578
2025-12-04,HOLX,2.811,2.9769,3.5961,2.3578
2025-12-05,HOLX,3.6621,2.9769,3.5961,2.3578
2025-12-01,HON,,0.0385,0.1371,-0.06
2025-12-02,HON,,0.0385,0.1371,-0.06
2025-12-03,HON,0.0959,0.0385,0.1371,-0.06
2025-12-04,HON,-0.0753,0.0385,0.1371,-0.06
2025-12-05,HON,0.095,0.0385,0.1371,-0.06
2025-12-01,HOOD,,0.3418,0.7821,-0.0986
2025-12-02,HOOD,,0.3418,0.7821,-0.0986
2025-12-03,HOOD,0.4011,0.3418,0.7821,-0.0986
2025-12-04,HOOD,0.7495,0.3418,0.7821,-0.0986
2025-12-05,HOOD,-0.1252,0.3418,0.7821,-0.0986
2025-12-01,HPE,,1.2579,1.819,0.6968
2025-12-02,HPE,,1.2579,1.819,0.6968
2025-12-03,HPE,1.8413,1.2579,1.819,0.6968
2025-12-04,HPE,1.2103,1.2579,1.819,0.6968
2025-12-05,HPE,0.7221,1.2579,1.819,0.6968
2025-12-01,HPQ,,0.1139,0.298,-0.0701
2025-12-02,HPQ,,0.1139,0.298,-0.0701
2025-12-03,HPQ,-0.098,0.1139,0.298,-0.0701
2025-12-04,HPQ,0.2056,0.1139,0.298,-0.0701
2025-12-05,HPQ,0.2342,0.1139,0.298,-0.0701
2025-12-01,HRL,,0.534,1.8893,-0.8213
2025-12-02,HRL,,0.534,1.8893,-0.8213
2025-12-03,HRL,2.093,0.534,1.8893,-0.8213
2025-12-04,HRL,-0.1272,0.534,1.8893,-0.8213
2025-12-05,HRL,-0.3637,0.534,1.8893,-0.8213
2025-12-01,HSIC,,-0.0737,0.1618,-0.3092
2025-12-02,HSIC,,-0.0737,0.1618,-0.3092
2025-12-03,HSIC,-0.3283,-0.0737,0.1618,-0.3092
2025-12-04,HSIC,-0.0292,-0.0737,0.1618,-0.3092
2025-12-05,HSIC,0.1364,-0.0737,0.1618,-0.3092
2025-12-01,HST,,0.4874,1.5344,-0.5597
2025-12-02,HST,,0.4874,1.5344,-0.5597
2025-12-03,HST,1.6728,0.4874,1.5344,-0.5597
2025-12-04,HST,-0.3111,0.4874,1.5344,-0.5597
2025-12-05,HST,0.1005,0.4874,1.5344,-0.5597
2025-12-01,HSY,,7.6,20.4055,-5.2056
2025-12-02,HSY,,7.6,20.4055,-5.2056
2025-12-03,HSY,22.3863,7.6,20.4055,-5.2056
2025-12-04,HSY,0.1305,7.6,20.4055,-5.2056
2025-12-05,HSY,0.2831,7.6,20.4055,-5.2056
2025-12-01,HUBB,,1.6668,3.312,0.0216
2025-12-02,HUBB,,1.6668,3.312,0.0216
2025-12-03,HUBB,3.5623,1.6668,3.312,0.0216
2025-12-04,HUBB,0.61,1.6668,3.312,0.0216
2025-12-05,HUBB,0.8281,1.6668,3.312,0.0216
2025-12-01,HUM,,-0.304,-0.1875,-0.4206
2025-12-02,HUM,,-0.304,-0.1875,-0.4206
2025-12-03,HUM,-0.4268,-0.304,-0.1875,-0.4206
2025-12-04,HUM,-0.2905,-0.304,-0.1875,-0.4206
2025-12-05,HUM,-0.1948,-0.304,-0.1875,-0.4206
2025-12-01,HWM,,3.5226,9.1054,-2.0602
2025-12-02,HWM,,3.5226,9.1054,-2.0602
2025-12-03,HWM,9.9637,3.5226,9.1054,-2.0602
2025-12-04,HWM,0.5298,3.5226,9.1054,-2.0602
2025-12-05,HWM,0.0743,3.5226,9.1054,-2.0602
2025-12-01,HYD,,1.3737,2.7943,-0.0469
2025-12-02,HYD,,1.3737,2.7943,-0.0469
2025-12-03,HYD,0.3282,1.3737,2.7943,-0.0469
2025-12-04,HYD,0.8018,1.3737,2.7943,-0.0469
2025-12-05,HYD,2.9911,1.3737,2.7943,-0.0469
2025-12-01,HYG,,3.1816,3.6222,2.7411
2025-12-02,HYG,,3.1816,3.6222,2.7411
2025-12-03,HYG,2.8924,3.1816,3.6222,2.7411
2025-12-04,HYG,3.6886,3.1816,3.6222,2.7411
2025-12-05,HYG,2.9639,3.1816,3.6222,2.7411
2025-12-01,IBKR,,0.9159,1.7582,0.0736
2025-12-02,IBKR,,0.9159,1.7582,0.0736
2025-12-03,IBKR,0.8366,0.9159,1.7582,0.0736
2025-12-04,IBKR,1.7951,0.9159,1.7582,0.0736
2025-12-05,IBKR,0.1161,0.9159,1.7582,0.0736
2025-12-01,IBM,,0.2874,0.4904,0.0843
2025-12-02,IBM,,0.2874,0.4904,0.0843
2025-12-03,IBM,0.4888,0.2874,0.4904,0.0843
2025-12-04,IBM,0.0828,0.2874,0.4904,0.0843
2025-12-05,IBM,0.2904,0.2874,0.4904,0.0843
2025-12-01,ICE,,-0.0579,0.0016,-0.1173
2025-12-02,ICE,,-0.0579,0.0016,-0.1173
2025-12-03,ICE,-0.0996,-0.0579,0.0016,-0.1173
2025-12-04,ICE,-0.0843,-0.0579,0.0016,-0.1173
2025-12-05,ICE,0.0102,-0.0579,0.0016,-0.1173
2025-12-01,ICL,,-0.1748,-0.0035,-0.3462
2025-12-02,ICL,,-0.1748,-0.0035,-0.3462
2025-12-03,ICL,-0.059,-0.1748,-0.0035,-0.3462
2025-12-04,ICL,-0.3717,-0.1748,-0.0035,-0.3462
2025-12-05,ICL,-0.0938,-0.1748,-0.0035,-0.3462
2025-12-01,IDXX,,0.9308,1.2382,0.6233
2025-12-02,IDXX,,0.9308,1.2382,0.6233
2025-12-03,IDXX,0.6444,0.9308,1.2382,0.6233
2025-12-04,IDXX,0.8921,0.9308,1.2382,0.6233
2025-12-05,IDXX,1.2557,0.9308,1.2382,0.6233
2025-12-01,IEF,,1.1307,2.4914,-0.2299
2025-12-02,IEF,,1.1307,2.4914,-0.2299
2025-12-03,IEF,2.6992,1.1307,2.4914,-0.2299
2025-12-04,IEF,0.2674,1.1307,2.4914,-0.2299
2025-12-05,IEF,0.4256,1.1307,2.4914,-0.2299
2025-12-01,IEX,,0.532,0.8354,0.2287
2025-12-02,IEX,,0.532,0.8354,0.2287
2025-12-03,IEX,0.4624,0.532,0.8354,0.2287
2025-12-04,IEX,0.8642,0.532,0.8354,0.2287
2025-12-05,IEX,0.2695,0.532,0.8354,0.2287
2025-12-01,IFF,,1.1436,1.9227,0.3645
2025-12-02,IFF,,1.1436,1.9227,0.3645
2025-12-03,IFF,1.8521,1.1436,1.9227,0.3645
2025-12-04,IFF,1.2695,1.1436,1.9227,0.3645
2025-12-05,IFF,0.3092,1.1436,1.9227,0.3645
2025-12-01,INCY,,3.7261,6.1197,1.3325
2025-12-02,INCY,,3.7261,6.1197,1.3325
2025-12-03,INCY,5.5059,3.7261,6.1197,1.3325
2025-12-04,INCY,4.6674,3.7261,6.1197,1.3325
2025-12-05,INCY,1.0049,3.7261,6.1197,1.3325
2025-12-01,INDA,,8.4375,22.4721,-5.5971
2025-12-02,INDA,,8.4375,22.4721,-5.5971
2025-12-03,INDA,24.6433,8.4375,22.4721,-5.5971
2025-12-04,INDA,0.3613,8.4375,22.4721,-5.5971
2025-12-05,INDA,0.308,8.4375,22.4721,-5.5971
2025-12-01,INTC,,-0.5342,-0.4109,-0.6575
2025-12-02,INTC,,-0.5342,-0.4109,-0.6575
2025-12-03,INTC,-0.4179,-0.5342,-0.4109,-0.6575
2025-12-04,INTC,-0.6635,-0.5342,-0.4109,-0.6575
2025-12-05,INTC,-0.5213,-0.5342,-0.4109,-0.6575
2025-12-01,INTU,,0.881,1.0574,0.7045
2025-12-02,INTU,,0.881,1.0574,0.7045
2025-12-03,INTU,0.8087,0.881,1.0574,0.7045
2025-12-04,INTU,0.7521,0.881,1.0574,0.7045
2025-12-05,INTU,1.0821,0.881,1.0574,0.7045
2025-12-01,INVH,,1.053,1.2053,0.9006
2025-12-02,INVH,,1.053,1.2053,0.9006
2025-12-03,INVH,0.9272,1.053,1.2053,0.9006
2025-12-04,INVH,1.0093,1.053,1.2053,0.9006
2025-12-05,INVH,1.2224,1.053,1.2053,0.9006
2025-12-01,IP,,-0.2853,-0.0931,-0.4776
2025-12-02,IP,,-0.2853,-0.0931,-0.4776
2025-12-03,IP,-0.4748,-0.2853,-0.0931,-0.4776
2025-12-04,IP,-0.0904,-0.2853,-0.0931,-0.4776
2025-12-05,IP,-0.2909,-0.2853,-0.0931,-0.4776
2025-12-01,IQV,,0.6118,0.932,0.2916
2025-12-02,IQV,,0.6118,0.932,0.2916
2025-12-03,IQV,0.2498,0.6118,0.932,0.2916
2025-12-04,IQV,0.7276,0.6118,0.932,0.2916
2025-12-05,IQV,0.858,0.6118,0.932,0.2916
2025-12-01,IR,,3.7953,4.9852,2.6054
2025-12-02,IR,,3.7953,4.9852,2.6054
2025-12-03,IR,2.8113,3.7953,4.9852,2.6054
2025-12-04,IR,5.1177,3.7953,4.9852,2.6054
2025-12-05,IR,3.4569,3.7953,4.9852,2.6054
2025-12-01,IRM,,0.9933,1.3889,0.5976
2025-12-02,IRM,,0.9933,1.3889,0.5976
2025-12-03,IRM,0.813,0.9933,1.3889,0.5976
2025-12-04,IRM,1.447,0.9933,1.3889,0.5976
2025-12-05,IRM,0.7198,0.9933,1.3889,0.5976
2025-12-01,ISRG,,5.0123,7.5191,2.5055
2025-12-02,ISRG,,5.0123,7.5191,2.5055
2025-12-03,ISRG,7.0578,5.0123,7.5191,2.5055
2025-12-04,ISRG,5.7632,5.0123,7.5191,2.5055
2025-12-05,ISRG,2.2158,5.0123,7.5191,2.5055
2025-12-01,IT,,0.7805,1.1486,0.4125
2025-12-02,IT,,0.7805,1.1486,0.4125
2025-12-03,IT,0.3665,0.7805,1.1486,0.4125
2025-12-04,IT,0.9047,0.7805,1.1486,0.4125
2025-12-05,IT,1.0704,0.7805,1.1486,0.4125
2025-12-01,ITW,,2.69,4.1116,1.2684
2025-12-02,ITW,,2.69,4.1116,1.2684
2025-12-03,ITW,4.3269,2.69,4.1116,1.2684
2025-12-04,ITW,1.7657,2.69,4.1116,1.2684
2025-12-05,ITW,1.9773,2.69,4.1116,1.2684
2025-12-01,IVZ,,0.098,0.4064,-0.2104
2025-12-02,IVZ,,0.098,0.4064,-0.2104
2025-12-03,IVZ,0.362,0.098,0.4064,-0.2104
2025-12-04,IVZ,0.1729,0.098,0.4064,-0.2104
2025-12-05,IVZ,-0.2409,0.098,0.4064,-0.2104
2025-12-01,IWD,,0.5016,0.7071,0.2961
2025-12-02,IWD,,0.5016,0.7071,0.2961
2025-12-03,IWD,0.2676,0.5016,0.7071,0.2961
2025-12-04,IWD,0.5848,0.5016,0.7071,0.2961
2025-12-05,IWD,0.6525,0.5016,0.7071,0.2961
2025-12-01,IWF,,3.3455,4.3676,2.3234
2025-12-02,IWF,,3.3455,4.3676,2.3234
2025-12-03,IWF,2.2039,3.3455,4.3676,2.3234
2025-12-04,IWF,3.6569,3.3455,4.3676,2.3234
2025-12-05,IWF,4.1757,3.3455,4.3676,2.3234
2025-12-01,IWM,,0.1658,0.3733,-0.0416
2025-12-02,IWM,,0.1658,0.3733,-0.0416
2025-12-03,IWM,-0.071,0.1658,0.3733,-0.0416
2025-12-04,IWM,0.3156,0.1658,0.3733,-0.0416
2025-12-05,IWM,0.2528,0.1658,0.3733,-0.0416
2025-12-01,J,,0.8616,1.4422,0.2809
2025-12-02,J,,0.8616,1.4422,0.2809
2025-12-03,J,1.3467,0.8616,1.4422,0.2809
2025-12-04,J,1.0198,0.8616,1.4422,0.2809
2025-12-05,J,0.2182,0.8616,1.4422,0.2809
2025-12-01,JBHT,,0.2152,0.3407,0.0897
2025-12-02,JBHT,,0.2152,0.3407,0.0897
2025-12-03,JBHT,0.2865,0.2152,0.3407,0.0897
2025-12-04,JBHT,0.0703,0.2152,0.3407,0.0897
2025-12-05,JBHT,0.2888,0.2152,0.3407,0.0897
2025-12-01,JBL,,35.5687,91.2682,-20.1309
2025-12-02,JBL,,35.5687,91.2682,-20.1309
2025-12-03,JBL,99.885,35.5687,91.2682,-20.1309
2025-12-04,JBL,3.4384,35.5687,91.2682,-20.1309
2025-12-05,JBL,3.3827,35.5687,91.2682,-20.1309
2025-12-01,JCI,,1.2025,1.6466,0.7583
2025-12-02,JCI,,1.2025,1.6466,0.7583
2025-12-03,JCI,0.7521,1.2025,1.6466,0.7583
2025-12-04,JCI,1.2153,1.2025,1.6466,0.7583
2025-12-05,JCI,1.64,1.2025,1.6466,0.7583
2025-12-01,JKHY,,-0.2834,-0.1315,-0.4352
2025-12-02,JKHY,,-0.2834,-0.1315,-0.4352
2025-12-03,JKHY,-0.4203,-0.2834,-0.1315,-0.4352
2025-12-04,JKHY,-0.3097,-0.2834,-0.1315,-0.4352
2025-12-05,JKHY,-0.1201,-0.2834,-0.1315,-0.4352
2025-12-01,JNJ,,5.668,14.7781,-3.4421
2025-12-02,JNJ,,5.668,14.7781,-3.4421
2025-12-03,JNJ,16.1861,5.668,14.7781,-3.4421
2025-12-04,JNJ,0.2638,5.668,14.7781,-3.4421
2025-12-05,JNJ,0.5541,5.668,14.7781,-3.4421
2025-12-01,JNK,,995.1801,2708.1658,-717.8057
2025-12-02,JNK,,995.1801,2708.1658,-717.8057
2025-12-03,JNK,2973.1651,995.1801,2708.1658,-717.8057
2025-12-04,JNK,4.9294,995.1801,2708.1658,-717.8057
2025-12-05,JNK,7.4457,995.1801,2708.1658,-717.8057
2025-12-01,JPM,,0.5229,0.7249,0.3209
2025-12-02,JPM,,0.5229,0.7249,0.3209
2025-12-03,JPM,0.2898,0.5229,0.7249,0.3209
2025-12-04,JPM,0.6449,0.5229,0.7249,0.3209
2025-12-05,JPM,0.634,0.5229,0.7249,0.3209
2025-12-01,K,,18.1057,22.5197,13.6916
2025-12-02,K,,18.1057,22.5197,13.6916
2025-12-03,K,20.5304,18.1057,22.5197,13.6916
2025-12-04,K,13.0107,18.1057,22.5197,13.6916
2025-12-05,K,20.7759,18.1057,22.5197,13.6916
2025-12-01,KDP,,2.2937,2.8059,1.7816
2025-12-02,KDP,,2.2937,2.8059,1.7816
2025-12-03,KDP,1.7027,2.2937,2.8059,1.7816
2025-12-04,KDP,2.5705,2.2937,2.8059,1.7816
2025-12-05,KDP,2.608,2.2937,2.8059,1.7816
2025-12-01,KEY,,-0.3604,-0.2961,-0.4247
2025-12-02,KEY,,-0.3604,-0.2961,-0.4247
2025-12-03,KEY,-0.4305,-0.3604,-0.2961,-0.4247
2025-12-04,KEY,-0.3465,-0.3604,-0.2961,-0.4247
2025-12-05,KEY,-0.3042,-0.3604,-0.2961,-0.4247
2025-12-01,KEYS,,1.6703,2.8834,0.4571
2025-12-02,KEYS,,1.6703,2.8834,0.4571
2025-12-03,KEYS,3.071,1.6703,2.8834,0.4571
2025-12-04,KEYS,0.9695,1.6703,2.8834,0.4571
2025-12-05,KEYS,0.9703,1.6703,2.8834,0.4571
2025-12-01,KHC,,-0.3713,0.2945,-1.0371
2025-12-02,KHC,,-0.3713,0.2945,-1.0371
2025-12-03,KHC,-0.9986,-0.3713,0.2945,-1.0371
2025-12-04,KHC,-0.4426,-0.3713,0.2945,-1.0371
2025-12-05,KHC,0.3273,-0.3713,0.2945,-1.0371
2025-12-01,KIM,,1.3175,1.6649,0.9701
2025-12-02,KIM,,1.3175,1.6649,0.9701
2025-12-03,KIM,1.0962,1.3175,1.6649,0.9701
2025-12-04,KIM,1.7179,1.3175,1.6649,0.9701
2025-12-05,KIM,1.1384,1.3175,1.6649,0.9701
2025-12-01,KKR,,0.4256,0.7427,0.1084
2025-12-02,KKR,,0.4256,0.7427,0.1084
2025-12-03,KKR,0.0737,0.4256,0.7427,0.1084
2025-12-04,KKR,0.5134,0.4256,0.7427,0.1084
2025-12-05,KKR,0.6895,0.4256,0.7427,0.1084
2025-12-01,KLAC,,1.3706,2.4671,0.274
2025-12-02,KLAC,,1.3706,2.4671,0.274
2025-12-03,KLAC,2.628,1.3706,2.4671,0.274
2025-12-04,KLAC,0.6127,1.3706,2.4671,0.274
2025-12-05,KLAC,0.871,1.3706,2.4671,0.274
2025-12-01,KMB,,2.8559,3.8919,1.8199
2025-12-02,KMB,,2.8559,3.8919,1.8199
2025-12-03,KMB,2.7105,2.8559,3.8919,1.8199
2025-12-04,KMB,3.9569,2.8559,3.8919,1.8199
2025-12-05,KMB,1.9003,2.8559,3.8919,1.8199
2025-12-01,KMI,,-0.4085,-0.3833,-0.4337
2025-12-02,KMI,,-0.4085,-0.3833,-0.4337
2025-12-03,KMI,-0.4234,-0.4085,-0.3833,-0.4337
2025-12-04,KMI,-0.4227,-0.4085,-0.3833,-0.4337
2025-12-05,KMI,-0.3794,-0.4085,-0.3833,-0.4337
2025-12-01,KMX,,7.9083,10.8165,5.0001
2025-12-02,KMX,,7.9083,10.8165,5.0001
2025-12-03,KMX,11.2549,7.9083,10.8165,5.0001
2025-12-04,KMX,6.4756,7.9083,10.8165,5.0001
2025-12-05,KMX,5.9944,7.9083,10.8165,5.0001
2025-12-01,KO,,-0.1342,0.1179,-0.3862
2025-12-02,KO,,-0.1342,0.1179,-0.3862
2025-12-03,KO,-0.3701,-0.1342,0.1179,-0.3862
2025-12-04,KO,-0.1638,-0.1342,0.1179,-0.3862
2025-12-05,KO,0.1314,-0.1342,0.1179,-0.3862
2025-12-01,KR,,1.3967,4.3194,-1.5261
2025-12-02,KR,,1.3967,4.3194,-1.5261
2025-12-03,KR,4.7708,1.3967,4.3194,-1.5261
2025-12-04,KR,-0.3509,1.3967,4.3194,-1.5261
2025-12-05,KR,-0.2299,1.3967,4.3194,-1.5261
2025-12-01,KVUE,,0.6981,2.1659,-0.7696
2025-12-02,KVUE,,0.6981,2.1659,-0.7696
2025-12-03,KVUE,-0.3602,0.6981,2.1659,-0.7696
2025-12-04,KVUE,0.0809,0.6981,2.1659,-0.7696
2025-12-05,KVUE,2.3737,0.6981,2.1659,-0.7696
2025-12-01,L,,1.3819,2.5461,0.2177
2025-12-02,L,,1.3819,2.5461,0.2177
2025-12-03,L,2.6241,1.3819,2.5461,0.2177
2025-12-04,L,1.2057,1.3819,2.5461,0.2177
2025-12-05,L,0.3159,1.3819,2.5461,0.2177
2025-12-01,LDOS,,0.0552,0.4184,-0.3081
2025-12-02,LDOS,,0.0552,0.4184,-0.3081
2025-12-03,LDOS,0.4234,0.0552,0.4184,-0.3081
2025-12-04,LDOS,0.0449,0.0552,0.4184,-0.3081
2025-12-05,LDOS,-0.3028,0.0552,0.4184,-0.3081
2025-12-01,LEN,,-0.14,0.1156,-0.3956
2025-12-02,LEN,,-0.14,0.1156,-0.3956
2025-12-03,LEN,0.146,-0.14,0.1156,-0.3956
2025-12-04,LEN,-0.3462,-0.14,0.1156,-0.3956
2025-12-05,LEN,-0.2199,-0.14,0.1156,-0.3956
2025-12-01,LH,,1.1866,1.8479,0.5253
2025-12-02,LH,,1.1866,1.8479,0.5253
2025-12-03,LH,1.9315,1.1866,1.8479,0.5253
2025-12-04,LH,0.6688,1.1866,1.8479,0.5253
2025-12-05,LH,0.9594,1.1866,1.8479,0.5253
2025-12-01,LHX,,1.4869,2.4532,0.5205
2025-12-02,LHX,,1.4869,2.4532,0.5205
2025-12-03,LHX,1.5158,1.4869,2.4532,0.5205
2025-12-04,LHX,2.4384,1.4869,2.4532,0.5205
2025-12-05,LHX,0.5064,1.4869,2.4532,0.5205
2025-12-01,LII,,0.2224,0.5519,-0.1072
2025-12-02,LII,,0.2224,0.5519,-0.1072
2025-12-03,LII,-0.135,0.2224,0.5519,-0.1072
2025-12-04,LII,0.2879,0.2224,0.5519,-0.1072
2025-12-05,LII,0.5142,0.2224,0.5519,-0.1072
2025-12-01,LIN,,1.716,4.0249,-0.5928
2025-12-02,LIN,,1.716,4.0249,-0.5928
2025-12-03,LIN,4.381,1.716,4.0249,-0.5928
2025-12-04,LIN,0.3194,1.716,4.0249,-0.5928
2025-12-05,LIN,0.4477,1.716,4.0249,-0.5928
2025-12-01,LKQ,,0.0637,0.6123,-0.4849
2025-12-02,LKQ,,0.0637,0.6123,-0.4849
2025-12-03,LKQ,0.6603,0.0637,0.6123,-0.4849
2025-12-04,LKQ,-0.419,0.0637,0.6123,-0.4849
2025-12-05,LKQ,-0.0503,0.0637,0.6123,-0.4849
2025-12-01,LLY,,11.2881,25.5317,-2.9555
2025-12-02,LLY,,11.2881,25.5317,-2.9555
2025-12-03,LLY,27.7221,11.2881,25.5317,-2.9555
2025-12-04,LLY,3.6391,11.2881,25.5317,-2.9555
2025-12-05,LLY,2.5031,11.2881,25.5317,-2.9555
2025-12-01,LMT,,2.4176,2.6511,2.1841
2025-12-02,LMT,,2.4176,2.6511,2.1841
2025-12-03,LMT,2.1919,2.4176,2.6511,2.1841
2025-12-04,LMT,2.4028,2.4176,2.6511,2.1841
2025-12-05,LMT,2.6581,2.4176,2.6511,2.1841
2025-12-01,LNT,,0.599,0.7682,0.4298
2025-12-02,LNT,,0.599,0.7682,0.4298
2025-12-03,LNT,0.4859,0.599,0.7682,0.4298
2025-12-04,LNT,0.7935,0.599,0.7682,0.4298
2025-12-05,LNT,0.5175,0.599,0.7682,0.4298
2025-12-01,LOW,,-0.1234,0.0758,-0.3226
2025-12-02,LOW,,-0.1234,0.0758,-0.3226
2025-12-03,LOW,-0.3381,-0.1234,0.0758,-0.3226
2025-12-04,LOW,-0.0875,-0.1234,0.0758,-0.3226
2025-12-05,LOW,0.0554,-0.1234,0.0758,-0.3226
2025-12-01,LQD,,1.5742,2.5332,0.6151
2025-12-02,LQD,,1.5742,2.5332,0.6151
2025-12-03,LQD,2.3637,1.5742,2.5332,0.6151
2025-12-04,LQD,0.5069,1.5742,2.5332,0.6151
2025-12-05,LQD,1.8519,1.5742,2.5332,0.6151
2025-12-01,LRCX,,1.2059,2.155,0.2569
2025-12-02,LRCX,,1.2059,2.155,0.2569
2025-12-03,LRCX,2.2918,1.2059,2.155,0.2569
2025-12-04,LRCX,0.5351,1.2059,2.155,0.2569
2025-12-05,LRCX,0.791,1.2059,2.155,0.2569
2025-12-01,LULU,,40.9574,103.3547,-21.4398
2025-12-02,LULU,,40.9574,103.3547,-21.4398
2025-12-03,LULU,112.8948,40.9574,103.3547,-21.4398
2025-12-04,LULU,8.4784,40.9574,103.3547,-21.4398
2025-12-05,LULU,1.4991,40.9574,103.3547,-21.4398
2025-12-01,LUV,,1.177,2.2682,0.0858
2025-12-02,LUV,,1.177,2.2682,0.0858
2025-12-03,LUV,1.7497,1.177,2.2682,0.0858
2025-12-04,LUV,1.8627,1.177,2.2682,0.0858
2025-12-05,LUV,-0.0813,1.177,2.2682,0.0858
2025-12-01,LVS,,1.3477,1.6654,1.0301
2025-12-02,LVS,,1.3477,1.6654,1.0301
2025-12-03,LVS,1.6251,1.3477,1.6654,1.0301
2025-12-04,LVS,1.4168,1.3477,1.6654,1.0301
2025-12-05,LVS,1.0013,1.3477,1.6654,1.0301
2025-12-01,LW,,0.44,0.7179,0.1621
2025-12-02,LW,,0.44,0.7179,0.1621
2025-12-03,LW,0.1767,0.44,0.7179,0.1621
2025-12-04,LW,0.4127,0.44,0.7179,0.1621
2025-12-05,LW,0.7305,0.44,0.7179,0.1621
2025-12-01,LYB,,-0.257,-0.2208,-0.2931
2025-12-02,LYB,,-0.257,-0.2208,-0.2931
2025-12-03,LYB,-0.2956,-0.257,-0.2208,-0.2931
2025-12-04,LYB,-0.2239,-0.257,-0.2208,-0.2931
2025-12-05,LYB,-0.2515,-0.257,-0.2208,-0.2931
2025-12-01,LYV,,-0.5182,-0.4002,-0.6361
2025-12-02,LYV,,-0.5182,-0.4002,-0.6361
2025-12-03,LYV,-0.6468,-0.5182,-0.4002,-0.6361
2025-12-04,LYV,-0.4926,-0.5182,-0.4002,-0.6361
2025-12-05,LYV,-0.4151,-0.5182,-0.4002,-0.6361
2025-12-01,MA,,0.0113,0.5004,-0.4779
2025-12-02,MA,,0.0113,0.5004,-0.4779
2025-12-03,MA,0.5749,0.0113,0.5004,-0.4779
2025-12-04,MA,-0.3032,0.0113,0.5004,-0.4779
2025-12-05,MA,-0.2378,0.0113,0.5004,-0.4779
2025-12-01,MAA,,2.1466,3.0788,1.2144
2025-12-02,MAA,,2.1466,3.0788,1.2144
2025-12-03,MAA,3.1958,2.1466,3.0788,1.2144
2025-12-04,MAA,1.4137,2.1466,3.0788,1.2144
2025-12-05,MAA,1.8303,2.1466,3.0788,1.2144
2025-12-01,MAR,,1.9077,5.8155,-2.0
2025-12-02,MAR,,1.9077,5.8155,-2.0
2025-12-03,MAR,6.4196,1.9077,5.8155,-2.0
2025-12-04,MAR,-0.3982,1.9077,5.8155,-2.0
2025-12-05,MAR,-0.2983,1.9077,5.8155,-2.0
2025-12-01,MAS,,1.0758,1.6282,0.5235
2025-12-02,MAS,,1.0758,1.6282,0.5235
2025-12-03,MAS,0.9406,1.0758,1.6282,0.5235
2025-12-04,MAS,1.6833,1.0758,1.6282,0.5235
2025-12-05,MAS,0.6037,1.0758,1.6282,0.5235
2025-12-01,MCD,,-0.4215,-0.2787,-0.5643
2025-12-02,MCD,,-0.4215,-0.2787,-0.5643
2025-12-03,MCD,-0.5785,-0.4215,-0.2787,-0.5643
2025-12-04,MCD,-0.3868,-0.4215,-0.2787,-0.5643
2025-12-05,MCD,-0.2992,-0.4215,-0.2787,-0.5643
2025-12-01,MCHI,,7.0587,16.7637,-2.6463
2025-12-02,MCHI,,7.0587,16.7637,-2.6463
2025-12-03,MCHI,18.2471,7.0587,16.7637,-2.6463
2025-12-04,MCHI,2.0137,7.0587,16.7637,-2.6463
2025-12-05,MCHI,0.9153,7.0587,16.7637,-2.6463
2025-12-01,MCHP,,-0.4433,-0.3788,-0.5078
2025-12-02,MCHP,,-0.4433,-0.3788,-0.5078
2025-12-03,MCHP,-0.3691,-0.4433,-0.3788,-0.5078
2025-12-04,MCHP,-0.4864,-0.4433,-0.3788,-0.5078
2025-12-05,MCHP,-0.4744,-0.4433,-0.3788,-0.5078
2025-12-01,MCK,,2.2581,6.7223,-2.2061
2025-12-02,MCK,,2.2581,6.7223,-2.2061
2025-12-03,MCK,7.4128,2.2581,6.7223,-2.2061
2025-12-04,MCK,-0.3559,2.2581,6.7223,-2.2061
2025-12-05,MCK,-0.2826,2.2581,6.7223,-2.2061
2025-12-01,MCO,,0.9818,1.5294,0.4342
2025-12-02,MCO,,0.9818,1.5294,0.4342
2025-12-03,MCO,1.5884,0.9818,1.5294,0.4342
2025-12-04,MCO,0.8328,0.9818,1.5294,0.4342
2025-12-05,MCO,0.5241,0.9818,1.5294,0.4342
2025-12-01,MDLZ,,2.1556,3.1481,1.1632
2025-12-02,MDLZ,,2.1556,3.1481,1.1632
2025-12-03,MDLZ,1.6376,2.1556,3.1481,1.1632
2025-12-04,MDLZ,3.2999,2.1556,3.1481,1.1632
2025-12-05,MDLZ,1.5294,2.1556,3.1481,1.1632
2025-12-01,MDT,,0.5992,0.9099,0.2884
2025-12-02,MDT,,0.5992,0.9099,0.2884
2025-12-03,MDT,0.2867,0.5992,0.9099,0.2884
2025-12-04,MDT,0.6026,0.5992,0.9099,0.2884
2025-12-05,MDT,0.9082,0.5992,0.9099,0.2884
2025-12-01,MDY,,0.9038,1.2887,0.5189
2025-12-02,MDY,,0.9038,1.2887,0.5189
2025-12-03,MDY,0.5003,0.9038,1.2887,0.5189
2025-12-04,MDY,0.9443,0.9038,1.2887,0.5189
2025-12-05,MDY,1.2668,0.9038,1.2887,0.5189
2025-12-01,MET,,0.3989,0.7394,0.0584
2025-12-02,MET,,0.3989,0.7394,0.0584
2025-12-03,MET,0.0234,0.3989,0.7394,0.0584
2025-12-04,MET,0.4854,0.3989,0.7394,0.0584
2025-12-05,MET,0.6877,0.3989,0.7394,0.0584
2025-12-01,META,,-0.0478,0.1298,-0.2255
2025-12-02,META,,-0.0478,0.1298,-0.2255
2025-12-03,META,0.1479,-0.0478,0.1298,-0.2255
2025-12-04,META,-0.1988,-0.0478,0.1298,-0.2255
2025-12-05,META,-0.0926,-0.0478,0.1298,-0.2255
2025-12-01,MGM,,2.3793,3.6074,1.1512
2025-12-02,MGM,,2.3793,3.6074,1.1512
2025-12-03,MGM,3.0736,2.3793,3.6074,1.1512
2025-12-04,MGM,3.103,2.3793,3.6074,1.1512
2025-12-05,MGM,0.9613,2.3793,3.6074,1.1512
2025-12-01,MHK,,0.5583,0.9076,0.209
2025-12-02,MHK,,0.5583,0.9076,0.209
2025-12-03,MHK,0.9405,0.5583,0.9076,0.209
2025-12-04,MHK,0.2555,0.5583,0.9076,0.209
2025-12-05,MHK,0.4789,0.5583,0.9076,0.209
2025-12-01,MKC,,2.0051,2.8851,1.1252
2025-12-02,MKC,,2.0051,2.8851,1.1252
2025-12-03,MKC,2.8155,2.0051,2.8851,1.1252
2025-12-04,MKC,2.1307,2.0051,2.8851,1.1252
2025-12-05,MKC,1.0692,2.0051,2.8851,1.1252
2025-12-01,MLM,,0.0295,0.2668,-0.2078
2025-12-02,MLM,,0.0295,0.2668,-0.2078
2025-12-03,MLM,-0.224,0.0295,0.2668,-0.2078
2025-12-04,MLM,0.0661,0.0295,0.2668,-0.2078
2025-12-05,MLM,0.2465,0.0295,0.2668,-0.2078
2025-12-01,MMC,,2.2307,2.7788,1.6826
2025-12-02,MMC,,2.2307,2.7788,1.6826
2025-12-03,MMC,1.9077,2.2307,2.7788,1.6826
2025-12-04,MMC,2.8636,2.2307,2.7788,1.6826
2025-12-05,MMC,1.9208,2.2307,2.7788,1.6826
2025-12-01,MMM,,2.0958,5.9766,-1.7851
2025-12-02,MMM,,2.0958,5.9766,-1.7851
2025-12-03,MMM,6.5758,2.0958,5.9766,-1.7851
2025-12-04,MMM,-0.2309,2.0958,5.9766,-1.7851
2025-12-05,MMM,-0.0576,2.0958,5.9766,-1.7851
2025-12-01,MNST,,1.9453,3.3636,0.527
2025-12-02,MNST,,1.9453,3.3636,0.527
2025-12-03,MNST,3.057,1.9453,3.3636,0.527
2025-12-04,MNST,2.4309,1.9453,3.3636,0.527
2025-12-05,MNST,0.348,1.9453,3.3636,0.527
2025-12-01,MO,,6.285,10.3909,2.179
2025-12-02,MO,,6.285,10.3909,2.179
2025-12-03,MO,11.01,6.285,10.3909,2.179
2025-12-04,MO,3.5843,6.285,10.3909,2.179
2025-12-05,MO,4.2606,6.285,10.3909,2.179
2025-12-01,MOH,,2.5236,3.3106,1.7366
2025-12-02,MOH,,2.5236,3.3106,1.7366
2025-12-03,MOH,1.8806,2.5236,3.3106,1.7366
2025-12-04,MOH,2.2889,2.5236,3.3106,1.7366
2025-12-05,MOH,3.4012,2.5236,3.3106,1.7366
2025-12-01,MOS,,1.2464,1.4085,1.0844
2025-12-02,MOS,,1.2464,1.4085,1.0844
2025-12-03,MOS,1.0684,1.2464,1.4085,1.0844
2025-12-04,MOS,1.2857,1.2464,1.4085,1.0844
2025-12-05,MOS,1.3852,1.2464,1.4085,1.0844
2025-12-01,MP,,-0.061,0.1905,-0.3126
2025-12-02,MP,,-0.061,0.1905,-0.3126
2025-12-03,MP,-0.319,-0.061,0.1905,-0.3126
2025-12-04,MP,-0.0476,-0.061,0.1905,-0.3126
2025-12-05,MP,0.1835,-0.061,0.1905,-0.3126
2025-12-01,MPC,,13.9666,37.4562,-9.5231
2025-12-02,MPC,,13.9666,37.4562,-9.5231
2025-12-03,MPC,41.0901,13.9666,37.4562,-9.5231
2025-12-04,MPC,0.405,13.9666,37.4562,-9.5231
2025-12-05,MPC,0.4046,13.9666,37.4562,-9.5231
2025-12-01,MPWR,,0.965,1.1319,0.7981
2025-12-02,MPWR,,0.965,1.1319,0.7981
2025-12-03,MPWR,1.0233,0.965,1.1319,0.7981
2025-12-04,MPWR,0.7768,0.965,1.1319,0.7981
2025-12-05,MPWR,1.0949,0.965,1.1319,0.7981
2025-12-01,MRK,,0.1922,0.2922,0.0922
2025-12-02,MRK,,0.1922,0.2922,0.0922
2025-12-03,MRK,0.1015,0.1922,0.2922,0.0922
2025-12-04,MRK,0.1756,0.1922,0.2922,0.0922
2025-12-05,MRK,0.2995,0.1922,0.2922,0.0922
2025-12-01,MRNA,,0.1041,0.4411,-0.233
2025-12-02,MRNA,,0.1041,0.4411,-0.233
2025-12-03,MRNA,-0.0944,0.1041,0.4411,-0.233
2025-12-04,MRNA,0.4932,0.1041,0.4411,-0.233
2025-12-05,MRNA,-0.0867,0.1041,0.4411,-0.233
2025-12-01,MS,,0.2072,0.4943,-0.0799
2025-12-02,MS,,0.2072,0.4943,-0.0799
2025-12-03,MS,-0.0111,0.2072,0.4943,-0.0799
2025-12-04,MS,0.1003,0.2072,0.4943,-0.0799
2025-12-05,MS,0.5324,0.2072,0.4943,-0.0799
2025-12-01,MSCI,,0.2738,0.5817,-0.034
2025-12-02,MSCI,,0.2738,0.5817,-0.034
2025-12-03,MSCI,-0.0678,0.2738,0.5817,-0.034
2025-12-04,MSCI,0.3597,0.2738,0.5817,-0.034
2025-12-05,MSCI,0.5296,0.2738,0.5817,-0.034
2025-12-01,MSFT,,-0.2446,-0.1466,-0.3426
2025-12-02,MSFT,,-0.2446,-0.1466,-0.3426
2025-12-03,MSFT,-0.3519,-0.2446,-0.1466,-0.3426
2025-12-04,MSFT,-0.2221,-0.2446,-0.1466,-0.3426
2025-12-05,MSFT,-0.1598,-0.2446,-0.1466,-0.3426
2025-12-01,MSI,,0.2314,0.3091,0.1538
2025-12-02,MSI,,0.2314,0.3091,0.1538
2025-12-03,MSI,0.2016,0.2314,0.3091,0.1538
2025-12-04,MSI,0.1732,0.2314,0.3091,0.1538
2025-12-05,MSI,0.3196,0.2314,0.3091,0.1538
2025-12-01,MTB,,0.1354,0.2258,0.0449
2025-12-02,MTB,,0.1354,0.2258,0.0449
2025-12-03,MTB,0.0641,0.1354,0.2258,0.0449
2025-12-04,MTB,0.1049,0.1354,0.2258,0.0449
2025-12-05,MTB,0.2371,0.1354,0.2258,0.0449
2025-12-01,MTCH,,20.7444,53.7569,-12.268
2025-12-02,MTCH,,20.7444,53.7569,-12.268
2025-12-03,MTCH,58.8518,20.7444,53.7569,-12.268
2025-12-04,MTCH,2.5228,20.7444,53.7569,-12.268
2025-12-05,MTCH,0.8587,20.7444,53.7569,-12.268
2025-12-01,MTD,,3.74,4.448,3.032
2025-12-02,MTD,,3.74,4.448,3.032
2025-12-03,MTD,3.072,3.74,4.448,3.032
2025-12-04,MTD,4.4822,3.74,4.448,3.032
2025-12-05,MTD,3.6657,3.74,4.448,3.032
2025-12-01,MTUM,,11.891,21.612,2.1699
2025-12-02,MTUM,,11.891,21.612,2.1699
2025-12-03,MTUM,23.0867,11.891,21.612,2.1699
2025-12-04,MTUM,5.5927,11.891,21.612,2.1699
2025-12-05,MTUM,6.9935,11.891,21.612,2.1699
2025-12-01,MU,,1.4621,2.5851,0.3391
2025-12-02,MU,,1.4621,2.5851,0.3391
2025-12-03,MU,2.2614,1.4621,2.5851,0.3391
2025-12-04,MU,1.9467,1.4621,2.5851,0.3391
2025-12-05,MU,0.1782,1.4621,2.5851,0.3391
2025-12-01,MUB,,4.5211,6.7007,2.3414
2025-12-02,MUB,,4.5211,6.7007,2.3414
2025-12-03,MUB,2.5305,4.5211,6.7007,2.3414
2025-12-04,MUB,4.1825,4.5211,6.7007,2.3414
2025-12-05,MUB,6.8502,4.5211,6.7007,2.3414
2025-12-01,NCLH,,0.5295,0.894,0.165
2025-12-02,NCLH,,0.5295,0.894,0.165
2025-12-03,NCLH,0.2359,0.5295,0.894,0.165
2025-12-04,NCLH,0.4151,0.5295,0.894,0.165
2025-12-05,NCLH,0.9375,0.5295,0.894,0.165
2025-12-01,NDAQ,,0.3213,1.4201,-0.7776
2025-12-02,NDAQ,,0.3213,1.4201,-0.7776
2025-12-03,NDAQ,1.586,0.3213,1.4201,-0.7776
2025-12-04,NDAQ,-0.399,0.3213,1.4201,-0.7776
2025-12-05,NDAQ,-0.2232,0.3213,1.4201,-0.7776
2025-12-01,NDSN,,5.306,9.3076,1.3044
2025-12-02,NDSN,,5.306,9.3076,1.3044
2025-12-03,NDSN,9.9139,5.306,9.3076,1.3044
2025-12-04,NDSN,2.7048,5.306,9.3076,1.3044
2025-12-05,NDSN,3.2994,5.306,9.3076,1.3044
2025-12-01,NEE,,1.3507,2.8656,-0.1643
2025-12-02,NEE,,1.3507,2.8656,-0.1643
2025-12-03,NEE,3.0917,1.3507,2.8656,-0.1643
2025-12-04,NEE,0.333,1.3507,2.8656,-0.1643
2025-12-05,NEE,0.6274,1.3507,2.8656,-0.1643
2025-12-01,NEM,,2.3697,4.7706,-0.0313
2025-12-02,NEM,,2.3697,4.7706,-0.0313
2025-12-03,NEM,5.1399,2.3697,4.7706,-0.0313
2025-12-04,NEM,0.8889,2.3697,4.7706,-0.0313
2025-12-05,NEM,1.0803,2.3697,4.7706,-0.0313
2025-12-01,NFLX,,-0.2587,-0.0829,-0.4345
2025-12-02,NFLX,,-0.2587,-0.0829,-0.4345
2025-12-03,NFLX,-0.4411,-0.2587,-0.0829,-0.4345
2025-12-04,NFLX,-0.2448,-0.2587,-0.0829,-0.4345
2025-12-05,NFLX,-0.0903,-0.2587,-0.0829,-0.4345
2025-12-01,NI,,0.5051,0.9695,0.0407
2025-12-02,NI,,0.5051,0.9695,0.0407
2025-12-03,NI,1.0069,0.5051,0.9695,0.0407
2025-12-04,NI,0.0904,0.5051,0.9695,0.0407
2025-12-05,NI,0.418,0.5051,0.9695,0.0407
2025-12-01,NKE,,1.8962,2.6695,1.1228
2025-12-02,NKE,,1.8962,2.6695,1.1228
2025-12-03,NKE,1.1711,1.8962,2.6695,1.1228
2025-12-04,NKE,1.8074,1.8962,2.6695,1.1228
2025-12-05,NKE,2.7101,1.8962,2.6695,1.1228
2025-12-01,NOC,,0.777,0.968,0.586
2025-12-02,NOC,,0.777,0.968,0.586
2025-12-03,NOC,0.9117,0.777,0.968,0.586
2025-12-04,NOC,0.8609,0.777,0.968,0.586
2025-12-05,NOC,0.5584,0.777,0.968,0.586
2025-12-01,NOV,,-0.4865,-0.2872,-0.6858
2025-12-02,NOV,,-0.4865,-0.2872,-0.6858
2025-12-03,NOV,-0.7015,-0.4865,-0.2872,-0.6858
2025-12-04,NOV,-0.308,-0.4865,-0.2872,-0.6858
2025-12-05,NOV,-0.45,-0.4865,-0.2872,-0.6858
2025-12-01,NOW,,3.3258,4.5078,2.1439
2025-12-02,NOW,,3.3258,4.5078,2.1439
2025-12-03,NOW,3.1672,3.3258,4.5078,2.1439
2025-12-04,NOW,4.5791,3.3258,4.5078,2.1439
2025-12-05,NOW,2.2312,3.3258,4.5078,2.1439
2025-12-01,NRG,,0.4706,0.8598,0.0814
2025-12-02,NRG,,0.4706,0.8598,0.0814
2025-12-03,NRG,0.4827,0.4706,0.8598,0.0814
2025-12-04,NRG,0.8536,0.4706,0.8598,0.0814
2025-12-05,NRG,0.0755,0.4706,0.8598,0.0814
2025-12-01,NSC,,4.2457,8.3111,0.1802
2025-12-02,NSC,,4.2457,8.3111,0.1802
2025-12-03,NSC,8.7464,4.2457,8.3111,0.1802
2025-12-04,NSC,3.151,4.2457,8.3111,0.1802
2025-12-05,NSC,0.8397,4.2457,8.3111,0.1802
2025-12-01,NTAP,,-0.1482,0.0769,-0.3733
2025-12-02,NTAP,,-0.1482,0.0769,-0.3733
2025-12-03,NTAP,-0.3831,-0.1482,0.0769,-0.3733
2025-12-04,NTAP,-0.1269,-0.1482,0.0769,-0.3733
2025-12-05,NTAP,0.0656,-0.1482,0.0769,-0.3733
2025-12-01,NTRS,,0.5532,0.8126,0.2938
2025-12-02,NTRS,,0.5532,0.8126,0.2938
2025-12-03,NTRS,0.3284,0.5532,0.8126,0.2938
2025-12-04,NTRS,0.4941,0.5532,0.8126,0.2938
2025-12-05,NTRS,0.837,0.5532,0.8126,0.2938
2025-12-01,NUE,,0.1034,0.2494,-0.0425
2025-12-02,NUE,,0.1034,0.2494,-0.0425
2025-12-03,NUE,0.2711,0.1034,0.2494,-0.0425
2025-12-04,NUE,0.005,0.1034,0.2494,-0.0425
2025-12-05,NUE,0.0342,0.1034,0.2494,-0.0425
2025-12-01,NVDA,,0.7118,0.8834,0.5403
2025-12-02,NVDA,,0.7118,0.8834,0.5403
2025-12-03,NVDA,0.8871,0.7118,0.8834,0.5403
2025-12-04,NVDA,0.5444,0.7118,0.8834,0.5403
2025-12-05,NVDA,0.704,0.7118,0.8834,0.5403
2025-12-01,NWSA,,2.341,3.1898,1.4923
2025-12-02,NWSA,,2.341,3.1898,1.4923
2025-12-03,NWSA,1.3727,2.341,3.1898,1.4923
2025-12-04,NWSA,2.9561,2.341,3.1898,1.4923
2025-12-05,NWSA,2.6944,2.341,3.1898,1.4923
2025-12-01,NXPI,,-0.1596,0.3579,-0.6771
2025-12-02,NXPI,,-0.1596,0.3579,-0.6771
2025-12-03,NXPI,0.4379,-0.1596,0.3579,-0.6771
2025-12-04,NXPI,-0.4585,-0.1596,0.3579,-0.6771
2025-12-05,NXPI,-0.4582,-0.1596,0.3579,-0.6771
2025-12-01,O,,0.6602,0.9856,0.3347
2025-12-02,O,,0.6602,0.9856,0.3347
2025-12-03,O,0.5872,0.6602,0.9856,0.3347
2025-12-04,O,0.3774,0.6602,0.9856,0.3347
2025-12-05,O,1.0159,0.6602,0.9856,0.3347
2025-12-01,ODFL,,-0.3087,-0.0923,-0.5251
2025-12-02,ODFL,,-0.3087,-0.0923,-0.5251
2025-12-03,ODFL,-0.5576,-0.3087,-0.0923,-0.5251
2025-12-04,ODFL,-0.2026,-0.3087,-0.0923,-0.5251
2025-12-05,ODFL,-0.1658,-0.3087,-0.0923,-0.5251
2025-12-01,OEF,,12.9893,23.1171,2.8615
2025-12-02,OEF,,12.9893,23.1171,2.8615
2025-12-03,OEF,24.6668,12.9893,23.1171,2.8615
2025-12-04,OEF,6.602,12.9893,23.1171,2.8615
2025-12-05,OEF,7.6992,12.9893,23.1171,2.8615
2025-12-01,OKE,,-0.2274,-0.0269,-0.4279
2025-12-02,OKE,,-0.2274,-0.0269,-0.4279
2025-12-03,OKE,-0.4585,-0.2274,-0.0269,-0.4279
2025-12-04,OKE,-0.1251,-0.2274,-0.0269,-0.4279
2025-12-05,OKE,-0.0987,-0.2274,-0.0269,-0.4279
2025-12-01,OMC,,0.0145,0.4215,-0.3925
2025-12-02,OMC,,0.0145,0.4215,-0.3925
2025-12-03,OMC,0.0227,0.0145,0.4215,-0.3925
2025-12-04,OMC,0.4173,0.0145,0.4215,-0.3925
2025-12-05,OMC,-0.3966,0.0145,0.4215,-0.3925
2025-12-01,ON,,-0.5876,-0.5649,-0.6103
2025-12-02,ON,,-0.5876,-0.5649,-0.6103
2025-12-03,ON,-0.5614,-0.5876,-0.5649,-0.6103
2025-12-04,ON,-0.6013,-0.5876,-0.5649,-0.6103
2025-12-05,ON,-0.6002,-0.5876,-0.5649,-0.6103
2025-12-01,ORCL,,1.0917,1.5124,0.671
2025-12-02,ORCL,,1.0917,1.5124,0.671
2025-12-03,ORCL,0.6295,1.0917,1.5124,0.671
2025-12-04,ORCL,1.1932,1.0917,1.5124,0.671
2025-12-05,ORCL,1.4524,1.0917,1.5124,0.671
2025-12-01,ORLY,,5.6518,15.0515,-3.7478
2025-12-02,ORLY,,5.6518,15.0515,-3.7478
2025-12-03,ORLY,16.5049,5.6518,15.0515,-3.7478
2025-12-04,ORLY,0.1196,5.6518,15.0515,-3.7478
2025-12-05,ORLY,0.331,5.6518,15.0515,-3.7478
2025-12-01,OTIS,,1.4601,1.8161,1.1041
2025-12-02,OTIS,,1.4601,1.8161,1.1041
2025-12-03,OTIS,1.7938,1.4601,1.8161,1.1041
2025-12-04,OTIS,1.0854,1.4601,1.8161,1.1041
2025-12-05,OTIS,1.5011,1.4601,1.8161,1.1041
2025-12-01,OXY,,0.6739,1.0527,0.295
2025-12-02,OXY,,0.6739,1.0527,0.295
2025-12-03,OXY,0.2518,0.6739,1.0527,0.295
2025-12-04,OXY,0.7853,0.6739,1.0527,0.295
2025-12-05,OXY,0.9845,0.6739,1.0527,0.295
2025-12-01,PAM,,0.2671,0.4417,0.0926
2025-12-02,PAM,,0.2671,0.4417,0.0926
2025-12-03,PAM,0.1326,0.2671,0.4417,0.0926
2025-12-04,PAM,0.2045,0.2671,0.4417,0.0926
2025-12-05,PAM,0.4644,0.2671,0.4417,0.0926
2025-12-01,PANW,,2.504,2.995,2.013
2025-12-02,PANW,,2.504,2.995,2.013
2025-12-03,PANW,2.0359,2.504,2.995,2.013
2025-12-04,PANW,2.4611,2.504,2.995,2.013
2025-12-05,PANW,3.015,2.504,2.995,2.013
2025-12-01,PAYC,,1.2045,1.6359,0.7732
2025-12-02,PAYC,,1.2045,1.6359,0.7732
2025-12-03,PAYC,0.715,1.2045,1.6359,0.7732
2025-12-04,PAYC,1.529,1.2045,1.6359,0.7732
2025-12-05,PAYC,1.3695,1.2045,1.6359,0.7732
2025-12-01,PAYX,,0.2417,0.2932,0.1902
2025-12-02,PAYX,,0.2417,0.2932,0.1902
2025-12-03,PAYX,0.2645,0.2417,0.2932,0.1902
2025-12-04,PAYX,0.1828,0.2417,0.2932,0.1902
2025-12-05,PAYX,0.2779,0.2417,0.2932,0.1902
2025-12-01,PBR,,3.9707,7.3353,0.6061
2025-12-02,PBR,,3.9707,7.3353,0.6061
2025-12-03,PBR,4.739,3.9707,7.3353,0.6061
2025-12-04,PBR,6.8847,3.9707,7.3353,0.6061
2025-12-05,PBR,0.2883,3.9707,7.3353,0.6061
2025-12-01,PCAR,,0.852,1.7274,-0.0234
2025-12-02,PCAR,,0.852,1.7274,-0.0234
2025-12-03,PCAR,1.8264,0.852,1.7274,-0.0234
2025-12-04,PCAR,0.132,0.852,1.7274,-0.0234
2025-12-05,PCAR,0.5975,0.852,1.7274,-0.0234
2025-12-01,PCG,,0.1299,0.389,-0.1293
2025-12-02,PCG,,0.1299,0.389,-0.1293
2025-12-03,PCG,0.181,0.1299,0.389,-0.1293
2025-12-04,PCG,-0.151,0.1299,0.389,-0.1293
2025-12-05,PCG,0.3596,0.1299,0.389,-0.1293
2025-12-01,PEG,,1.3573,1.9369,0.7777
2025-12-02,PEG,,1.3573,1.9369,0.7777
2025-12-03,PEG,1.704,1.3573,1.9369,0.7777
2025-12-04,PEG,1.6797,1.3573,1.9369,0.7777
2025-12-05,PEG,0.6881,1.3573,1.9369,0.7777
2025-12-01,PEP,,5.1349,7.9138,2.356
2025-12-02,PEP,,5.1349,7.9138,2.356
2025-12-03,PEP,7.3198,5.1349,7.9138,2.356
2025-12-04,PEP,6.0776,5.1349,7.9138,2.356
2025-12-05,PEP,2.0073,5.1349,7.9138,2.356
2025-12-01,PFE,,0.0432,0.2918,-0.2054
2025-12-02,PFE,,0.0432,0.2918,-0.2054
2025-12-03,PFE,-0.242,0.0432,0.2918,-0.2054
2025-12-04,PFE,0.1576,0.0432,0.2918,-0.2054
2025-12-05,PFE,0.214,0.0432,0.2918,-0.2054
2025-12-01,PFF,,0.6544,1.3151,-0.0063
2025-12-02,PFF,,0.6544,1.3151,-0.0063
2025-12-03,PFF,1.368,0.6544,1.3151,-0.0063
2025-12-04,PFF,0.064,0.6544,1.3151,-0.0063
2025-12-05,PFF,0.5311,0.6544,1.3151,-0.0063
2025-12-01,PFG,,-0.0482,0.0869,-0.1832
2025-12-02,PFG,,-0.0482,0.0869,-0.1832
2025-12-03,PFG,-0.2041,-0.0482,0.0869,-0.1832
2025-12-04,PFG,0.0287,-0.0482,0.0869,-0.1832
2025-12-05,PFG,0.0309,-0.0482,0.0869,-0.1832
2025-12-01,PG,,0.0673,0.2442,-0.1096
2025-12-02,PG,,0.0673,0.2442,-0.1096
2025-12-03,PG,-0.1169,0.0673,0.2442,-0.1096
2025-12-04,PG,0.0827,0.0673,0.2442,-0.1096
2025-12-05,PG,0.2359,0.0673,0.2442,-0.1096
2025-12-01,PGR,,1.7944,2.5738,1.015
2025-12-02,PGR,,1.7944,2.5738,1.015
2025-12-03,PGR,1.5635,1.7944,2.5738,1.015
2025-12-04,PGR,2.6631,1.7944,2.5738,1.015
2025-12-05,PGR,1.1564,1.7944,2.5738,1.015
2025-12-01,PH,,1.7038,2.3696,1.0379
2025-12-02,PH,,1.7038,2.3696,1.0379
2025-12-03,PH,0.9793,1.7038,2.3696,1.0379
2025-12-04,PH,1.8429,1.7038,2.3696,1.0379
2025-12-05,PH,2.2891,1.7038,2.3696,1.0379
2025-12-01,PHM,,-0.1107,-0.0005,-0.221
2025-12-02,PHM,,-0.1107,-0.0005,-0.221
2025-12-03,PHM,-0.0527,-0.1107,-0.0005,-0.221
2025-12-04,PHM,-0.2379,-0.1107,-0.0005,-0.221
2025-12-05,PHM,-0.0417,-0.1107,-0.0005,-0.221
2025-12-01,PKG,,-0.6379,-0.5591,-0.7166
2025-12-02,PKG,,-0.6379,-0.5591,-0.7166
2025-12-03,PKG,-0.7214,-0.6379,-0.5591,-0.7166
2025-12-04,PKG,-0.6272,-0.6379,-0.5591,-0.7166
2025-12-05,PKG,-0.565,-0.6379,-0.5591,-0.7166
2025-12-01,PLD,,4.514,8.3198,0.7083
2025-12-02,PLD,,4.514,8.3198,0.7083
2025-12-03,PLD,8.9085,4.514,8.3198,0.7083
2025-12-04,PLD,2.3176,4.514,8.3198,0.7083
2025-12-05,PLD,2.3159,4.514,8.3198,0.7083
2025-12-01,PLTR,,2.2521,2.6141,1.8901
2025-12-02,PLTR,,2.2521,2.6141,1.8901
2025-12-03,PLTR,2.5051,2.2521,2.6141,1.8901
2025-12-04,PLTR,1.8374,2.2521,2.6141,1.8901
2025-12-05,PLTR,2.4138,2.2521,2.6141,1.8901
2025-12-01,PM,,1.5538,1.8776,1.23
2025-12-02,PM,,1.5538,1.8776,1.23
2025-12-03,PM,1.5701,1.5538,1.8776,1.23
2025-12-04,PM,1.8691,1.5538,1.8776,1.23
2025-12-05,PM,1.2221,1.5538,1.8776,1.23
2025-12-01,PNC,,-0.1633,0.0245,-0.3512
2025-12-02,PNC,,-0.1633,0.0245,-0.3512
2025-12-03,PNC,-0.368,-0.1633,0.0245,-0.3512
2025-12-04,PNC,-0.1231,-0.1633,0.0245,-0.3512
2025-12-05,PNC,0.0012,-0.1633,0.0245,-0.3512
2025-12-01,PNR,,0.2624,0.3141,0.2108
2025-12-02,PNR,,0.2624,0.3141,0.2108
2025-12-03,PNR,0.3218,0.2624,0.3141,0.2108
2025-12-04,PNR,0.2283,0.2624,0.3141,0.2108
2025-12-05,PNR,0.2372,0.2624,0.3141,0.2108
2025-12-01,PNW,,0.6234,0.8356,0.4111
2025-12-02,PNW,,0.6234,0.8356,0.4111
2025-12-03,PNW,0.4126,0.6234,0.8356,0.4111
2025-12-04,PNW,0.6204,0.6234,0.8356,0.4111
2025-12-05,PNW,0.8371,0.6234,0.8356,0.4111
2025-12-01,PODD,,6.8825,18.906,-5.1411
2025-12-02,PODD,,6.8825,18.906,-5.1411
2025-12-03,PODD,20.7649,6.8825,18.906,-5.1411
2025-12-04,PODD,0.0947,6.8825,18.906,-5.1411
2025-12-05,PODD,-0.2122,6.8825,18.906,-5.1411
2025-12-01,POOL,,19.3182,51.8032,-13.1669
2025-12-02,POOL,,19.3182,51.8032,-13.1669
2025-12-03,POOL,56.8282,19.3182,51.8032,-13.1669
2025-12-04,POOL,0.3928,19.3182,51.8032,-13.1669
2025-12-05,POOL,0.7336,19.3182,51.8032,-13.1669
2025-12-01,POWA,,2.0878,2.8176,1.3579
2025-12-02,POWA,,2.0878,2.8176,1.3579
2025-12-03,POWA,1.2965,2.0878,2.8176,1.3579
2025-12-04,POWA,2.2323,2.0878,2.8176,1.3579
2025-12-05,POWA,2.7346,2.0878,2.8176,1.3579
2025-12-01,PPG,,0.7609,1.4086,0.1131
2025-12-02,PPG,,0.7609,1.4086,0.1131
2025-12-03,PPG,1.4139,0.7609,1.4086,0.1131
2025-12-04,PPG,0.1186,0.7609,1.4086,0.1131
2025-12-05,PPG,0.7501,0.7609,1.4086,0.1131
2025-12-01,PPL,,2.2827,2.7359,1.8295
2025-12-02,PPL,,2.2827,2.7359,1.8295
2025-12-03,PPL,2.6401,2.2827,2.7359,1.8295
2025-12-04,PPL,2.4349,2.2827,2.7359,1.8295
2025-12-05,PPL,1.773,2.2827,2.7359,1.8295
2025-12-01,PPLT,,0.5799,0.7929,0.367
2025-12-02,PPLT,,0.5799,0.7929,0.367
2025-12-03,PPLT,0.3733,0.5799,0.7929,0.367
2025-12-04,PPLT,0.5678,0.5799,0.7929,0.367
2025-12-05,PPLT,0.7987,0.5799,0.7929,0.367
2025-12-01,PRU,,0.0503,0.2522,-0.1516
2025-12-02,PRU,,0.0503,0.2522,-0.1516
2025-12-03,PRU,-0.172,0.0503,0.2522,-0.1516
2025-12-04,PRU,0.1006,0.0503,0.2522,-0.1516
2025-12-05,PRU,0.2222,0.0503,0.2522,-0.1516
2025-12-01,PSA,,0.348,0.7703,-0.0744
2025-12-02,PSA,,0.348,0.7703,-0.0744
2025-12-03,PSA,0.8198,0.348,0.7703,-0.0744
2025-12-04,PSA,0.219,0.348,0.7703,-0.0744
2025-12-05,PSA,0.0051,0.348,0.7703,-0.0744
2025-12-01,PSKY,,-0.3436,-0.2223,-0.4649
2025-12-02,PSKY,,-0.3436,-0.2223,-0.4649
2025-12-03,PSKY,-0.231,-0.3436,-0.2223,-0.4649
2025-12-04,PSKY,-0.4721,-0.3436,-0.2223,-0.4649
2025-12-05,PSKY,-0.3276,-0.3436,-0.2223,-0.4649
2025-12-01,PSX,,0.0172,0.1953,-0.1608
2025-12-02,PSX,,0.0172,0.1953,-0.1608
2025-12-03,PSX,-0.1689,0.0172,0.1953,-0.1608
2025-12-04,PSX,0.0347,0.0172,0.1953,-0.1608
2025-12-05,PSX,0.1859,0.0172,0.1953,-0.1608
2025-12-01,PTC,,3.1408,6.1315,0.1502
2025-12-02,PTC,,3.1408,6.1315,0.1502
2025-12-03,PTC,3.9605,3.1408,6.1315,0.1502
2025-12-04,PTC,5.6362,3.1408,6.1315,0.1502
2025-12-05,PTC,-0.1742,3.1408,6.1315,0.1502
2025-12-01,PWR,,4.1828,9.5369,-1.1714
2025-12-02,PWR,,4.1828,9.5369,-1.1714
2025-12-03,PWR,10.3537,4.1828,9.5369,-1.1714
2025-12-04,PWR,1.4234,4.1828,9.5369,-1.1714
2025-12-05,PWR,0.7712,4.1828,9.5369,-1.1714
2025-12-01,PYPL,,0.0202,0.1532,-0.1128
2025-12-02,PYPL,,0.0202,0.1532,-0.1128
2025-12-03,PYPL,-0.129,0.0202,0.1532,-0.1128
2025-12-04,PYPL,0.0636,0.0202,0.1532,-0.1128
2025-12-05,PYPL,0.1261,0.0202,0.1532,-0.1128
2025-12-01,QCOM,,0.8232,1.671,-0.0247
2025-12-02,QCOM,,0.8232,1.671,-0.0247
2025-12-03,QCOM,1.7986,0.8232,1.671,-0.0247
2025-12-04,QCOM,0.2633,0.8232,1.671,-0.0247
2025-12-05,QCOM,0.4076,0.8232,1.671,-0.0247
2025-12-01,QQQ,,1.9611,2.2203,1.7019
2025-12-02,QQQ,,1.9611,2.2203,1.7019
2025-12-03,QQQ,2.1116,1.9611,2.2203,1.7019
2025-12-04,QQQ,1.6618,1.9611,2.2203,1.7019
2025-12-05,QQQ,2.1099,1.9611,2.2203,1.7019
2025-12-01,QUAL,,14.8595,32.7821,-3.0632
2025-12-02,QUAL,,14.8595,32.7821,-3.0632
2025-12-03,QUAL,35.5366,14.8595,32.7821,-3.0632
2025-12-04,QUAL,3.7701,14.8595,32.7821,-3.0632
2025-12-05,QUAL,5.2717,14.8595,32.7821,-3.0632
2025-12-01,RCL,,1.6162,2.7592,0.4731
2025-12-02,RCL,,1.6162,2.7592,0.4731
2025-12-03,RCL,2.9189,1.6162,2.7592,0.4731
2025-12-04,RCL,0.7814,1.6162,2.7592,0.4731
2025-12-05,RCL,1.1482,1.6162,2.7592,0.4731
2025-12-01,REG,,1.1246,1.4925,0.7568
2025-12-02,REG,,1.1246,1.4925,0.7568
2025-12-03,REG,0.7494,1.1246,1.4925,0.7568
2025-12-04,REG,1.1397,1.1246,1.4925,0.7568
2025-12-05,REG,1.4847,1.1246,1.4925,0.7568
2025-12-01,REGN,,0.8116,1.0376,0.5857
2025-12-02,REGN,,0.8116,1.0376,0.5857
2025-12-03,REGN,0.9572,0.8116,1.0376,0.5857
2025-12-04,REGN,0.5514,0.8116,1.0376,0.5857
2025-12-05,REGN,0.9263,0.8116,1.0376,0.5857
2025-12-01,RF,,-0.1477,0.1739,-0.4693
2025-12-02,RF,,-0.1477,0.1739,-0.4693
2025-12-03,RF,-0.5091,-0.1477,0.1739,-0.4693
2025-12-04,RF,0.1068,-0.1477,0.1739,-0.4693
2025-12-05,RF,-0.0409,-0.1477,0.1739,-0.4693
2025-12-01,RIG,,0.3411,0.702,-0.0197
2025-12-02,RIG,,0.3411,0.702,-0.0197
2025-12-03,RIG,-0.0244,0.3411,0.702,-0.0197
2025-12-04,RIG,0.3508,0.3411,0.702,-0.0197
2025-12-05,RIG,0.697,0.3411,0.702,-0.0197
2025-12-01,RJF,,0.1042,0.2515,-0.0431
2025-12-02,RJF,,0.1042,0.2515,-0.0431
2025-12-03,RJF,-0.0136,0.1042,0.2515,-0.0431
2025-12-04,RJF,0.0568,0.1042,0.2515,-0.0431
2025-12-05,RJF,0.2694,0.1042,0.2515,-0.0431
2025-12-01,RL,,-0.0855,0.071,-0.242
2025-12-02,RL,,-0.0855,0.071,-0.242
2025-12-03,RL,-0.1664,-0.0855,0.071,-0.242
2025-12-04,RL,0.0949,-0.0855,0.071,-0.242
2025-12-05,RL,-0.185,-0.0855,0.071,-0.242
2025-12-01,RMD,,2.0382,3.4716,0.6049
2025-12-02,RMD,,2.0382,3.4716,0.6049
2025-12-03,RMD,1.8681,2.0382,3.4716,0.6049
2025-12-04,RMD,3.5491,2.0382,3.4716,0.6049
2025-12-05,RMD,0.6975,2.0382,3.4716,0.6049
2025-12-01,ROK,,0.2266,0.4529,0.0003
2025-12-02,ROK,,0.2266,0.4529,0.0003
2025-12-03,ROK,-0.034,0.2266,0.4529,0.0003
2025-12-04,ROK,0.3405,0.2266,0.4529,0.0003
2025-12-05,ROK,0.3734,0.2266,0.4529,0.0003
2025-12-01,ROKU,,-0.3762,-0.2823,-0.47
2025-12-02,ROKU,,-0.3762,-0.2823,-0.47
2025-12-03,ROKU,-0.4675,-0.3762,-0.2823,-0.47
2025-12-04,ROKU,-0.28,-0.3762,-0.2823,-0.47
2025-12-05,ROKU,-0.3809,-0.3762,-0.2823,-0.47
2025-12-01,ROL,,563.633,1067.769,59.497
2025-12-02,ROL,,563.633,1067.769,59.497
2025-12-03,ROL,971.6188,563.633,1067.769,59.497
2025-12-04,ROL,719.2424,563.633,1067.769,59.497
2025-12-05,ROL,0.0379,563.633,1067.769,59.497
2025-12-01,ROP,,4.1148,6.128,2.1015
2025-12-02,ROP,,4.1148,6.128,2.1015
2025-12-03,ROP,6.4023,4.1148,6.128,2.1015
2025-12-04,ROP,3.3294,4.1148,6.128,2.1015
2025-12-05,ROP,2.6126,4.1148,6.128,2.1015
2025-12-01,ROST,,3.4664,6.3407,0.5921
2025-12-02,ROST,,3.4664,6.3407,0.5921
2025-12-03,ROST,6.7842,3.4664,6.3407,0.5921
2025-12-04,ROST,1.8839,3.4664,6.3407,0.5921
2025-12-05,ROST,1.7311,3.4664,6.3407,0.5921
2025-12-01,RSG,,0.061,0.2762,-0.1541
2025-12-02,RSG,,0.061,0.2762,-0.1541
2025-12-03,RSG,-0.1594,0.061,0.2762,-0.1541
2025-12-04,RSG,0.0721,0.061,0.2762,-0.1541
2025-12-05,RSG,0.2705,0.061,0.2762,-0.1541
2025-12-01,RSP,,0.4737,0.8204,0.1269
2025-12-02,RSP,,0.4737,0.8204,0.1269
2025-12-03,RSP,0.1385,0.4737,0.8204,0.1269
2025-12-04,RSP,0.4514,0.4737,0.8204,0.1269
2025-12-05,RSP,0.831,0.4737,0.8204,0.1269
2025-12-01,RTX,,0.8389,1.63,0.0478
2025-12-02,RTX,,0.8389,1.63,0.0478
2025-12-03,RTX,1.7504,0.8389,1.63,0.0478
2025-12-04,RTX,0.3299,0.8389,1.63,0.0478
2025-12-05,RTX,0.4365,0.8389,1.63,0.0478
2025-12-01,RVTY,,4.8693,10.3685,-0.6299
2025-12-02,RVTY,,4.8693,10.3685,-0.6299
2025-12-03,RVTY,11.1514,4.8693,10.3685,-0.6299
2025-12-04,RVTY,2.53,4.8693,10.3685,-0.6299
2025-12-05,RVTY,0.9266,4.8693,10.3685,-0.6299
2025-12-01,SBAC,,0.5441,0.8356,0.2527
2025-12-02,SBAC,,0.5441,0.8356,0.2527
2025-12-03,SBAC,0.8748,0.5441,0.8356,0.2527
2025-12-04,SBAC,0.3245,0.5441,0.8356,0.2527
2025-12-05,SBAC,0.4332,0.5441,0.8356,0.2527
2025-12-01,SBLK,,-0.0139,0.2549,-0.2827
2025-12-02,SBLK,,-0.0139,0.2549,-0.2827
2025-12-03,SBLK,-0.2751,-0.0139,0.2549,-0.2827
2025-12-04,SBLK,0.2619,-0.0139,0.2549,-0.2827
2025-12-05,SBLK,-0.0287,-0.0139,0.2549,-0.2827
2025-12-01,SBUX,,-0.1301,0.0261,-0.2863
2025-12-02,SBUX,,-0.1301,0.0261,-0.2863
2025-12-03,SBUX,0.022,-0.1301,0.0261,-0.2863
2025-12-04,SBUX,-0.2901,-0.1301,0.0261,-0.2863
2025-12-05,SBUX,-0.1222,-0.1301,0.0261,-0.2863
2025-12-01,SCHP,,1.8525,2.1724,1.5327
2025-12-02,SCHP,,1.8525,2.1724,1.5327
2025-12-03,SCHP,2.2212,1.8525,2.1724,1.5327
2025-12-04,SCHP,1.6883,1.8525,2.1724,1.5327
2025-12-05,SCHP,1.6482,1.8525,2.1724,1.5327
2025-12-01,SCHW,,-0.1044,0.0481,-0.2569
2025-12-02,SCHW,,-0.1044,0.0481,-0.2569
2025-12-03,SCHW,-0.2661,-0.1044,0.0481,-0.2569
2025-12-04,SCHW,0.0368,-0.1044,0.0481,-0.2569
2025-12-05,SCHW,-0.0839,-0.1044,0.0481,-0.2569
2025-12-01,SD,,-0.2554,-0.0873,-0.4234
2025-12-02,SD,,-0.2554,-0.0873,-0.4234
2025-12-03,SD,-0.0775,-0.2554,-0.0873,-0.4234
2025-12-04,SD,-0.4115,-0.2554,-0.0873,-0.4234
2025-12-05,SD,-0.2771,-0.2554,-0.0873,-0.4234
2025-12-01,SDY,,0.3494,0.7016,-0.0028
2025-12-02,SDY,,0.3494,0.7016,-0.0028
2025-12-03,SDY,-0.035,0.3494,0.7016,-0.0028
2025-12-04,SDY,0.6567,0.3494,0.7016,-0.0028
2025-12-05,SDY,0.4265,0.3494,0.7016,-0.0028
2025-12-01,SHW,,0.3281,0.6163,0.0398
2025-12-02,SHW,,0.3281,0.6163,0.0398
2025-12-03,SHW,0.0423,0.3281,0.6163,0.0398
2025-12-04,SHW,0.3232,0.3281,0.6163,0.0398
2025-12-05,SHW,0.6187,0.3281,0.6163,0.0398
2025-12-01,SHY,,1.2123,1.5999,0.8248
2025-12-02,SHY,,1.2123,1.5999,0.8248
2025-12-03,SHY,,1.2123,1.5999,0.8248
2025-12-04,SHY,0.9383,1.2123,1.5999,0.8248
2025-12-05,SHY,1.4864,1.2123,1.5999,0.8248
2025-12-01,SILJ,,11.4885,13.4275,9.5495
2025-12-02,SILJ,,11.4885,13.4275,9.5495
2025-12-03,SILJ,9.2839,11.4885,13.4275,9.5495
2025-12-04,SILJ,12.9291,11.4885,13.4275,9.5495
2025-12-05,SILJ,12.2524,11.4885,13.4275,9.5495
2025-12-01,SJM,,0.3513,0.6398,0.0628
2025-12-02,SJM,,0.3513,0.6398,0.0628
2025-12-03,SJM,0.1442,0.3513,0.6398,0.0628
2025-12-04,SJM,0.6809,0.3513,0.6398,0.0628
2025-12-05,SJM,0.2288,0.3513,0.6398,0.0628
2025-12-01,SLB,,-0.0689,0.1609,-0.2988
2025-12-02,SLB,,-0.0689,0.1609,-0.2988
2025-12-03,SLB,-0.3111,-0.0689,0.1609,-0.2988
2025-12-04,SLB,-0.042,-0.0689,0.1609,-0.2988
2025-12-05,SLB,0.1462,-0.0689,0.1609,-0.2988
2025-12-01,SLV,,0.907,1.9414,-0.1273
2025-12-02,SLV,,0.907,1.9414,-0.1273
2025-12-03,SLV,2.099,0.907,1.9414,-0.1273
2025-12-04,SLV,0.3758,0.907,1.9414,-0.1273
2025-12-05,SLV,0.2463,0.907,1.9414,-0.1273
2025-12-01,SMCI,,0.7543,1.2334,0.2751
2025-12-02,SMCI,,0.7543,1.2334,0.2751
2025-12-03,SMCI,0.5018,0.7543,1.2334,0.2751
2025-12-04,SMCI,0.4541,0.7543,1.2334,0.2751
2025-12-05,SMCI,1.3069,0.7543,1.2334,0.2751
2025-12-01,SMH,,2.2557,4.97,-0.4586
2025-12-02,SMH,,2.2557,4.97,-0.4586
2025-12-03,SMH,5.3868,2.2557,4.97,-0.4586
2025-12-04,SMH,0.5698,2.2557,4.97,-0.4586
2025-12-05,SMH,0.8105,2.2557,4.97,-0.4586
2025-12-01,SNA,,2.1828,2.3341,2.0316
2025-12-02,SNA,,2.1828,2.3341,2.0316
2025-12-03,SNA,2.0366,2.1828,2.3341,2.0316
2025-12-04,SNA,2.3387,2.1828,2.3341,2.0316
2025-12-05,SNA,2.1732,2.1828,2.3341,2.0316
2025-12-01,SNDK,,0.4232,1.5037,-0.6574
2025-12-02,SNDK,,0.4232,1.5037,-0.6574
2025-12-03,SNDK,1.6702,0.4232,1.5037,-0.6574
2025-12-04,SNDK,-0.2371,0.4232,1.5037,-0.6574
2025-12-05,SNDK,-0.1636,0.4232,1.5037,-0.6574
2025-12-01,SNPS,,1.0221,2.0924,-0.0482
2025-12-02,SNPS,,1.0221,2.0924,-0.0482
2025-12-03,SNPS,2.2541,1.0221,2.0924,-0.0482
2025-12-04,SNPS,0.3212,1.0221,2.0924,-0.0482
2025-12-05,SNPS,0.4911,1.0221,2.0924,-0.0482
2025-12-01,SO,,0.7026,1.2624,0.1428
2025-12-02,SO,,0.7026,1.2624,0.1428
2025-12-03,SO,0.0589,0.7026,1.2624,0.1428
2025-12-04,SO,1.0757,0.7026,1.2624,0.1428
2025-12-05,SO,0.9732,0.7026,1.2624,0.1428
2025-12-01,SOLV,,4.2504,4.7769,3.7238
2025-12-02,SOLV,,4.2504,4.7769,3.7238
2025-12-03,SOLV,3.9208,4.2504,4.7769,3.7238
2025-12-04,SOLV,3.9727,4.2504,4.7769,3.7238
2025-12-05,SOLV,4.8576,4.2504,4.7769,3.7238
2025-12-01,SOYB,,1.5126,1.7313,1.294
2025-12-02,SOYB,,1.5126,1.7313,1.294
2025-12-03,SOYB,1.742,1.5126,1.7313,1.294
2025-12-04,SOYB,1.4893,1.5126,1.7313,1.294
2025-12-05,SOYB,1.3066,1.5126,1.7313,1.294
2025-12-01,SPG,,0.2988,0.4915,0.1061
2025-12-02,SPG,,0.2988,0.4915,0.1061
2025-12-03,SPG,0.1149,0.2988,0.4915,0.1061
2025-12-04,SPG,0.2822,0.2988,0.4915,0.1061
2025-12-05,SPG,0.4993,0.2988,0.4915,0.1061
2025-12-01,SPGI,,-0.1263,0.0739,-0.3264
2025-12-02,SPGI,,-0.1263,0.0739,-0.3264
2025-12-03,SPGI,-0.3024,-0.1263,0.0739,-0.3264
2025-12-04,SPGI,-0.1678,-0.1263,0.0739,-0.3264
2025-12-05,SPGI,0.0914,-0.1263,0.0739,-0.3264
2025-12-01,SPHB,,1.2759,1.6347,0.9171
2025-12-02,SPHB,,1.2759,1.6347,0.9171
2025-12-03,SPHB,1.6802,1.2759,1.6347,0.9171
2025-12-04,SPHB,0.9956,1.2759,1.6347,0.9171
2025-12-05,SPHB,1.1519,1.2759,1.6347,0.9171
2025-12-01,SPLV,,0.6936,0.9618,0.4254
2025-12-02,SPLV,,0.6936,0.9618,0.4254
2025-12-03,SPLV,0.543,0.6936,0.9618,0.4254
2025-12-04,SPLV,1.0032,0.6936,0.9618,0.4254
2025-12-05,SPLV,0.5346,0.6936,0.9618,0.4254
2025-12-01,SPY,,6.2916,7.0394,5.5439
2025-12-02,SPY,,6.2916,7.0394,5.5439
2025-12-03,SPY,6.8259,6.2916,7.0394,5.5439
2025-12-04,SPY,5.437,6.2916,7.0394,5.5439
2025-12-05,SPY,6.612,6.2916,7.0394,5.5439
2025-12-01,SRE,,4.5626,6.8373,2.288
2025-12-02,SRE,,4.5626,6.8373,2.288
2025-12-03,SRE,4.786,4.5626,6.8373,2.288
2025-12-04,SRE,6.7173,4.5626,6.8373,2.288
2025-12-05,SRE,2.1845,4.5626,6.8373,2.288
2025-12-01,STE,,0.131,0.1482,0.1139
2025-12-02,STE,,0.131,0.1482,0.1139
2025-12-03,STE,0.1236,0.131,0.1482,0.1139
2025-12-04,STE,0.1506,0.131,0.1482,0.1139
2025-12-05,STE,0.1189,0.131,0.1482,0.1139
2025-12-01,STIP,,15.511,15.7309,15.2911
2025-12-02,STIP,,15.511,15.7309,15.2911
2025-12-03,STIP,15.2613,15.511,15.7309,15.2911
2025-12-04,STIP,15.5959,15.511,15.7309,15.2911
2025-12-05,STIP,15.6758,15.511,15.7309,15.2911
2025-12-01,STLA,,1.2112,1.7669,0.6556
2025-12-02,STLA,,1.2112,1.7669,0.6556
2025-12-03,STLA,0.7352,1.2112,1.7669,0.6556
2025-12-04,STLA,1.8218,1.2112,1.7669,0.6556
2025-12-05,STLA,1.0767,1.2112,1.7669,0.6556
2025-12-01,STLD,,0.0717,0.2225,-0.0791
2025-12-02,STLD,,0.0717,0.2225,-0.0791
2025-12-03,STLD,0.238,0.0717,0.2225,-0.0791
2025-12-04,STLD,-0.0563,0.0717,0.2225,-0.0791
2025-12-05,STLD,0.0334,0.0717,0.2225,-0.0791
2025-12-01,STNG,,1.565,2.7222,0.4078
2025-12-02,STNG,,1.565,2.7222,0.4078
2025-12-03,STNG,2.873,1.565,2.7222,0.4078
2025-12-04,STNG,0.6745,1.565,2.7222,0.4078
2025-12-05,STNG,1.1475,1.565,2.7222,0.4078
2025-12-01,STT,,2.4624,2.8237,2.1012
2025-12-02,STT,,2.4624,2.8237,2.1012
2025-12-03,STT,2.1486,2.4624,2.8237,2.1012
2025-12-04,STT,2.3814,2.4624,2.8237,2.1012
2025-12-05,STT,2.8574,2.4624,2.8237,2.1012
2025-12-01,STX,,0.7145,1.6833,-0.2542
2025-12-02,STX,,0.7145,1.6833,-0.2542
2025-12-03,STX,1.8257,0.7145,1.6833,-0.2542
2025-12-04,STX,0.2706,0.7145,1.6833,-0.2542
2025-12-05,STX,0.0473,0.7145,1.6833,-0.2542
2025-12-01,STZ,,14.2473,26.2008,2.2938
2025-12-02,STZ,,14.2473,26.2008,2.2938
2025-12-03,STZ,19.7987,14.2473,26.2008,2.2938
2025-12-04,STZ,22.4157,14.2473,26.2008,2.2938
2025-12-05,STZ,0.5276,14.2473,26.2008,2.2938
2025-12-01,SW,,-0.5421,-0.4944,-0.5898
2025-12-02,SW,,-0.5421,-0.4944,-0.5898
2025-12-03,SW,-0.5771,-0.5421,-0.4944,-0.5898
2025-12-04,SW,-0.5614,-0.5421,-0.4944,-0.5898
2025-12-05,SW,-0.4878,-0.5421,-0.4944,-0.5898
2025-12-01,SWK,,1.6476,2.3309,0.9643
2025-12-02,SWK,,1.6476,2.3309,0.9643
2025-12-03,SWK,2.4179,1.6476,2.3309,0.9643
2025-12-04,SWK,1.4107,1.6476,2.3309,0.9643
2025-12-05,SWK,1.1144,1.6476,2.3309,0.9643
2025-12-01,SWKS,,0.34,0.5723,0.1076
2025-12-02,SWKS,,0.34,0.5723,0.1076
2025-12-03,SWKS,0.5872,0.34,0.5723,0.1076
2025-12-04,SWKS,0.1261,0.34,0.5723,0.1076
2025-12-05,SWKS,0.3066,0.34,0.5723,0.1076
2025-12-01,SYF,,1.9599,2.5363,1.3834
2025-12-02,SYF,,1.9599,2.5363,1.3834
2025-12-03,SYF,2.5815,1.9599,2.5363,1.3834
2025-12-04,SYF,1.8552,1.9599,2.5363,1.3834
2025-12-05,SYF,1.4429,1.9599,2.5363,1.3834
2025-12-01,SYK,,0.7487,1.0544,0.443
2025-12-02,SYK,,0.7487,1.0544,0.443
2025-12-03,SYK,0.4017,0.7487,1.0544,0.443
2025-12-04,SYK,0.8662,0.7487,1.0544,0.443
2025-12-05,SYK,0.9782,0.7487,1.0544,0.443
2025-12-01,SYY,,1.0697,2.4009,-0.2616
2025-12-02,SYY,,1.0697,2.4009,-0.2616
2025-12-03,SYY,2.6046,1.0697,2.4009,-0.2616
2025-12-04,SYY,0.2306,1.0697,2.4009,-0.2616
2025-12-05,SYY,0.3737,1.0697,2.4009,-0.2616
2025-12-01,T,,3.676,6.8072,0.5448
2025-12-02,T,,3.676,6.8072,0.5448
2025-12-03,T,7.1137,3.676,6.8072,0.5448
2025-12-04,T,0.9871,3.676,6.8072,0.5448
2025-12-05,T,2.9272,3.676,6.8072,0.5448
2025-12-01,TAGS,,1.6135,2.143,1.084
2025-12-02,TAGS,,1.6135,2.143,1.084
2025-12-03,TAGS,1.0024,1.6135,2.143,1.084
2025-12-04,TAGS,1.9012,1.6135,2.143,1.084
2025-12-05,TAGS,1.9368,1.6135,2.143,1.084
2025-12-01,TAP,,4.2651,6.4619,2.0683
2025-12-02,TAP,,4.2651,6.4619,2.0683
2025-12-03,TAP,6.7901,4.2651,6.4619,2.0683
2025-12-04,TAP,2.7919,4.2651,6.4619,2.0683
2025-12-05,TAP,3.2133,4.2651,6.4619,2.0683
2025-12-01,TDG,,1.5207,4.0566,-1.0153
2025-12-02,TDG,,1.5207,4.0566,-1.0153
2025-12-03,TDG,4.4483,1.5207,4.0566,-1.0153
2025-12-04,TDG,0.0061,1.5207,4.0566,-1.0153
2025-12-05,TDG,0.1075,1.5207,4.0566,-1.0153
2025-12-01,TDW,,-0.5373,-0.4481,-0.6266
2025-12-02,TDW,,-0.5373,-0.4481,-0.6266
2025-12-03,TDW,-0.5789,-0.5373,-0.4481,-0.6266
2025-12-04,TDW,-0.5982,-0.5373,-0.4481,-0.6266
2025-12-05,TDW,-0.4349,-0.5373,-0.4481,-0.6266
2025-12-01,TDY,,0.4029,0.708,0.0978
2025-12-02,TDY,,0.4029,0.708,0.0978
2025-12-03,TDY,0.7501,0.4029,0.708,0.0978
2025-12-04,TDY,0.1775,0.4029,0.708,0.0978
2025-12-05,TDY,0.281,0.4029,0.708,0.0978
2025-12-01,TECH,,0.6511,1.1946,0.1076
2025-12-02,TECH,,0.6511,1.1946,0.1076
2025-12-03,TECH,0.6173,0.6511,1.1946,0.1076
2025-12-04,TECH,1.2108,0.6511,1.1946,0.1076
2025-12-05,TECH,0.1253,0.6511,1.1946,0.1076
2025-12-01,TECK,,0.4324,0.7046,0.1602
2025-12-02,TECK,,0.4324,0.7046,0.1602
2025-12-03,TECK,0.1554,0.4324,0.7046,0.1602
2025-12-04,TECK,0.4422,0.4324,0.7046,0.1602
2025-12-05,TECK,0.6996,0.4324,0.7046,0.1602
2025-12-01,TEL,,1.8167,2.3688,1.2646
2025-12-02,TEL,,1.8167,2.3688,1.2646
2025-12-03,TEL,1.1793,1.8167,2.3688,1.2646
2025-12-04,TEL,2.1458,1.8167,2.3688,1.2646
2025-12-05,TEL,2.125,1.8167,2.3688,1.2646
2025-12-01,TER,,0.4583,0.527,0.3896
2025-12-02,TER,,0.4583,0.527,0.3896
2025-12-03,TER,0.3982,0.4583,0.527,0.3896
2025-12-04,TER,0.5332,0.4583,0.527,0.3896
2025-12-05,TER,0.4435,0.4583,0.527,0.3896
2025-12-01,TFC,,-0.0108,0.1283,-0.1498
2025-12-02,TFC,,-0.0108,0.1283,-0.1498
2025-12-03,TFC,-0.1661,-0.0108,0.1283,-0.1498
2025-12-04,TFC,0.0316,-0.0108,0.1283,-0.1498
2025-12-05,TFC,0.1021,-0.0108,0.1283,-0.1498
2025-12-01,TGT,,1.0542,1.2048,0.9036
2025-12-02,TGT,,1.0542,1.2048,0.9036
2025-12-03,TGT,0.9396,1.0542,1.2048,0.9036
2025-12-04,TGT,0.9983,1.0542,1.2048,0.9036
2025-12-05,TGT,1.2248,1.0542,1.2048,0.9036
2025-12-01,THD,,5.3905,8.2331,2.548
2025-12-02,THD,,5.3905,8.2331,2.548
2025-12-03,THD,7.6607,5.3905,8.2331,2.548
2025-12-04,THD,6.3085,5.3905,8.2331,2.548
2025-12-05,THD,2.2024,5.3905,8.2331,2.548
2025-12-01,TIP,,0.8416,1.0719,0.6112
2025-12-02,TIP,,0.8416,1.0719,0.6112
2025-12-03,TIP,1.1073,0.8416,1.0719,0.6112
2025-12-04,TIP,0.6975,0.8416,1.0719,0.6112
2025-12-05,TIP,0.7199,0.8416,1.0719,0.6112
2025-12-01,TJX,,0.494,1.0506,-0.0625
2025-12-02,TJX,,0.494,1.0506,-0.0625
2025-12-03,TJX,0.7229,0.494,1.0506,-0.0625
2025-12-04,TJX,0.8996,0.494,1.0506,-0.0625
2025-12-05,TJX,-0.1405,0.494,1.0506,-0.0625
2025-12-01,TKO,,4.2046,11.0573,-2.6481
2025-12-02,TKO,,4.2046,11.0573,-2.6481
2025-12-03,TKO,12.1162,4.2046,11.0573,-2.6481
2025-12-04,TKO,0.1308,4.2046,11.0573,-2.6481
2025-12-05,TKO,0.3667,4.2046,11.0573,-2.6481
2025-12-01,TLT,,1.4924,2.7467,0.2382
2025-12-02,TLT,,1.4924,2.7467,0.2382
2025-12-03,TLT,2.9371,1.4924,2.7467,0.2382
2025-12-04,TLT,0.6822,1.4924,2.7467,0.2382
2025-12-05,TLT,0.8579,1.4924,2.7467,0.2382
2025-12-01,TMO,,2.2113,2.7464,1.6762
2025-12-02,TMO,,2.2113,2.7464,1.6762
2025-12-03,TMO,1.7229,2.2113,2.7464,1.6762
2025-12-04,TMO,2.1279,2.2113,2.7464,1.6762
2025-12-05,TMO,2.7833,2.2113,2.7464,1.6762
2025-12-01,TMUS,,0.1334,0.3852,-0.1184
2025-12-02,TMUS,,0.1334,0.3852,-0.1184
2025-12-03,TMUS,-0.13,0.1334,0.3852,-0.1184
2025-12-04,TMUS,0.1587,0.1334,0.3852,-0.1184
2025-12-05,TMUS,0.3717,0.1334,0.3852,-0.1184
2025-12-01,TPL,,-0.142,-0.0477,-0.2362
2025-12-02,TPL,,-0.142,-0.0477,-0.2362
2025-12-03,TPL,-0.2336,-0.142,-0.0477,-0.2362
2025-12-04,TPL,-0.147,-0.142,-0.0477,-0.2362
2025-12-05,TPL,-0.0453,-0.142,-0.0477,-0.2362
2025-12-01,TPR,,-0.263,-0.1676,-0.3584
2025-12-02,TPR,,-0.263,-0.1676,-0.3584
2025-12-03,TPR,-0.3537,-0.263,-0.1676,-0.3584
2025-12-04,TPR,-0.2716,-0.263,-0.1676,-0.3584
2025-12-05,TPR,-0.1636,-0.263,-0.1676,-0.3584
2025-12-01,TRGP,,-0.4921,-0.4088,-0.5753
2025-12-02,TRGP,,-0.4921,-0.4088,-0.5753
2025-12-03,TRGP,-0.5763,-0.4921,-0.4088,-0.5753
2025-12-04,TRGP,-0.49,-0.4921,-0.4088,-0.5753
2025-12-05,TRGP,-0.4099,-0.4921,-0.4088,-0.5753
2025-12-01,TRMB,,2.4375,3.7041,1.1708
2025-12-02,TRMB,,2.4375,3.7041,1.1708
2025-12-03,TRMB,3.1666,2.4375,3.7041,1.1708
2025-12-04,TRMB,3.1709,2.4375,3.7041,1.1708
2025-12-05,TRMB,0.9748,2.4375,3.7041,1.1708
2025-12-01,TROW,,0.6928,0.8515,0.534
2025-12-02,TROW,,0.6928,0.8515,0.534
2025-12-03,TROW,0.5103,0.6928,0.8515,0.534
2025-12-04,TROW,0.769,0.6928,0.8515,0.534
2025-12-05,TROW,0.799,0.6928,0.8515,0.534
2025-12-01,TRV,,1.3415,1.7426,0.9403
2025-12-02,TRV,,1.3415,1.7426,0.9403
2025-12-03,TRV,1.1242,1.3415,1.7426,0.9403
2025-12-04,TRV,1.0957,1.3415,1.7426,0.9403
2025-12-05,TRV,1.8044,1.3415,1.7426,0.9403
2025-12-01,TS,,-0.5645,-0.4482,-0.6808
2025-12-02,TS,,-0.5645,-0.4482,-0.6808
2025-12-03,TS,-0.6855,-0.5645,-0.4482,-0.6808
2025-12-04,TS,-0.5545,-0.5645,-0.4482,-0.6808
2025-12-05,TS,-0.4535,-0.5645,-0.4482,-0.6808
2025-12-01,TSCO,,0.1413,0.5438,-0.2612
2025-12-02,TSCO,,0.1413,0.5438,-0.2612
2025-12-03,TSCO,-0.3167,0.1413,0.5438,-0.2612
2025-12-04,TSCO,0.4388,0.1413,0.5438,-0.2612
2025-12-05,TSCO,0.3018,0.1413,0.5438,-0.2612
2025-12-01,TSLA,,0.2711,0.5116,0.0306
2025-12-02,TSLA,,0.2711,0.5116,0.0306
2025-12-03,TSLA,-0.0007,0.2711,0.5116,0.0306
2025-12-04,TSLA,0.3574,0.2711,0.5116,0.0306
2025-12-05,TSLA,0.4565,0.2711,0.5116,0.0306
2025-12-01,TSN,,1.5158,3.2397,-0.208
2025-12-02,TSN,,1.5158,3.2397,-0.208
2025-12-03,TSN,1.3719,1.5158,3.2397,-0.208
2025-12-04,TSN,3.3071,1.5158,3.2397,-0.208
2025-12-05,TSN,-0.1315,1.5158,3.2397,-0.208
2025-12-01,TT,,1.6451,1.7042,1.586
2025-12-02,TT,,1.6451,1.7042,1.586
2025-12-03,TT,1.6559,1.6451,1.7042,1.586
2025-12-04,TT,1.6981,1.6451,1.7042,1.586
2025-12-05,TT,1.5813,1.6451,1.7042,1.586
2025-12-01,TTD,,0.0639,0.2312,-0.1035
2025-12-02,TTD,,0.0639,0.2312,-0.1035
2025-12-03,TTD,0.0842,0.0639,0.2312,-0.1035
2025-12-04,TTD,-0.1127,0.0639,0.2312,-0.1035
2025-12-05,TTD,0.2201,0.0639,0.2312,-0.1035
2025-12-01,TTWO,,2.8995,7.0837,-1.2847
2025-12-02,TTWO,,2.8995,7.0837,-1.2847
2025-12-03,TTWO,7.729,2.8995,7.0837,-1.2847
2025-12-04,TTWO,0.3643,2.8995,7.0837,-1.2847
2025-12-05,TTWO,0.6052,2.8995,7.0837,-1.2847
2025-12-01,TUR,,3.7747,4.5217,3.0277
2025-12-02,TUR,,3.7747,4.5217,3.0277
2025-12-03,TUR,3.2458,3.7747,4.5217,3.0277
2025-12-04,TUR,4.6293,3.7747,4.5217,3.0277
2025-12-05,TUR,3.4491,3.7747,4.5217,3.0277
2025-12-01,TXN,,24.4286,67.3741,-18.5169
2025-12-02,TXN,,24.4286,67.3741,-18.5169
2025-12-03,TXN,74.0178,24.4286,67.3741,-18.5169
2025-12-04,TXN,-0.4269,24.4286,67.3741,-18.5169
2025-12-05,TXN,-0.3051,24.4286,67.3741,-18.5169
2025-12-01,TXT,,0.254,0.5604,-0.0525
2025-12-02,TXT,,0.254,0.5604,-0.0525
2025-12-03,TXT,0.4438,0.254,0.5604,-0.0525
2025-12-04,TXT,-0.0996,0.254,0.5604,-0.0525
2025-12-05,TXT,0.4177,0.254,0.5604,-0.0525
2025-12-01,TYL,,1.325,1.7418,0.9081
2025-12-02,TYL,,1.325,1.7418,0.9081
2025-12-03,TYL,1.7568,1.325,1.7418,0.9081
2025-12-04,TYL,0.9248,1.325,1.7418,0.9081
2025-12-05,TYL,1.2933,1.325,1.7418,0.9081
2025-12-01,UAL,,1.3006,4.0107,-1.4096
2025-12-02,UAL,,1.3006,4.0107,-1.4096
2025-12-03,UAL,4.429,1.3006,4.0107,-1.4096
2025-12-04,UAL,-0.3338,1.3006,4.0107,-1.4096
2025-12-05,UAL,-0.1934,1.3006,4.0107,-1.4096
2025-12-01,UBER,,0.2893,0.3726,0.206
2025-12-02,UBER,,0.2893,0.3726,0.206
2025-12-03,UBER,0.3317,0.2893,0.3726,0.206
2025-12-04,UBER,0.1934,0.2893,0.3726,0.206
2025-12-05,UBER,0.3429,0.2893,0.3726,0.206
2025-12-01,UDR,,0.3969,0.566,0.2278
2025-12-02,UDR,,0.3969,0.566,0.2278
2025-12-03,UDR,0.3702,0.3969,0.566,0.2278
2025-12-04,UDR,0.2428,0.3969,0.566,0.2278
2025-12-05,UDR,0.5778,0.3969,0.566,0.2278
2025-12-01,UHS,,-0.2024,-0.0873,-0.3175
2025-12-02,UHS,,-0.2024,-0.0873,-0.3175
2025-12-03,UHS,-0.3208,-0.2024,-0.0873,-0.3175
2025-12-04,UHS,-0.1955,-0.2024,-0.0873,-0.3175
2025-12-05,UHS,-0.0909,-0.2024,-0.0873,-0.3175
2025-12-01,ULTA,,2.0191,4.5523,-0.514
2025-12-02,ULTA,,2.0191,4.5523,-0.514
2025-12-03,ULTA,4.2066,2.0191,4.5523,-0.514
2025-12-04,ULTA,2.6071,2.0191,4.5523,-0.514
2025-12-05,ULTA,-0.7563,2.0191,4.5523,-0.514
2025-12-01,UNG,,0.5919,1.0907,0.0932
2025-12-02,UNG,,0.5919,1.0907,0.0932
2025-12-03,UNG,0.1915,0.5919,1.0907,0.0932
2025-12-04,UNG,1.1506,0.5919,1.0907,0.0932
2025-12-05,UNG,0.4337,0.5919,1.0907,0.0932
2025-12-01,UNH,,-0.273,-0.199,-0.347
2025-12-02,UNH,,-0.273,-0.199,-0.347
2025-12-03,UNH,-0.2995,-0.273,-0.199,-0.347
2025-12-04,UNH,-0.3301,-0.273,-0.199,-0.347
2025-12-05,UNH,-0.1894,-0.273,-0.199,-0.347
2025-12-01,UNP,,1.2337,2.2317,0.2357
2025-12-02,UNP,,1.2337,2.2317,0.2357
2025-12-03,UNP,1.2795,1.2337,2.2317,0.2357
2025-12-04,UNP,2.208,1.2337,2.2317,0.2357
2025-12-05,UNP,0.2136,1.2337,2.2317,0.2357
2025-12-01,UPS,,-0.3759,-0.1078,-0.644
2025-12-02,UPS,,-0.3759,-0.1078,-0.644
2025-12-03,UPS,-0.0691,-0.3759,-0.1078,-0.644
2025-12-04,UPS,-0.5652,-0.3759,-0.1078,-0.644
2025-12-05,UPS,-0.4934,-0.3759,-0.1078,-0.644
2025-12-01,URA,,4.1861,9.5299,-1.1578
2025-12-02,URA,,4.1861,9.5299,-1.1578
2025-12-03,URA,10.2919,4.1861,9.5299,-1.1578
2025-12-04,URA,1.9049,4.1861,9.5299,-1.1578
2025-12-05,URA,0.3614,4.1861,9.5299,-1.1578
2025-12-01,URI,,0.3385,0.4572,0.2199
2025-12-02,URI,,0.3385,0.4572,0.2199
2025-12-03,URI,0.2018,0.3385,0.4572,0.2199
2025-12-04,URI,0.4142,0.3385,0.4572,0.2199
2025-12-05,URI,0.3995,0.3385,0.4572,0.2199
2025-12-01,URNM,,3.0666,5.5495,0.5837
2025-12-02,URNM,,3.0666,5.5495,0.5837
2025-12-03,URNM,5.3335,3.0666,5.5495,0.5837
2025-12-04,URNM,3.4532,3.0666,5.5495,0.5837
2025-12-05,URNM,0.4131,3.0666,5.5495,0.5837
2025-12-01,USB,,0.3192,0.3824,0.256
2025-12-02,USB,,0.3192,0.3824,0.256
2025-12-03,USB,0.2569,0.3192,0.3824,0.256
2025-12-04,USB,0.3832,0.3192,0.3824,0.256
2025-12-05,USB,0.3176,0.3192,0.3824,0.256
2025-12-01,USO,,0.5704,0.7578,0.3831
2025-12-02,USO,,0.5704,0.7578,0.3831
2025-12-03,USO,0.4074,0.5704,0.7578,0.3831
2025-12-04,USO,0.5288,0.5704,0.7578,0.3831
2025-12-05,USO,0.7751,0.5704,0.7578,0.3831
2025-12-01,UUP,,5.7752,6.7076,4.8428
2025-12-02,UUP,,5.7752,6.7076,4.8428
2025-12-03,UUP,6.4781,5.7752,6.7076,4.8428
2025-12-04,UUP,4.7175,5.7752,6.7076,4.8428
2025-12-05,UUP,6.1299,5.7752,6.7076,4.8428
2025-12-01,V,,2.7342,5.5789,-0.1105
2025-12-02,V,,2.7342,5.5789,-0.1105
2025-12-03,V,5.8879,2.7342,5.5789,-0.1105
2025-12-04,V,1.9529,2.7342,5.5789,-0.1105
2025-12-05,V,0.3619,2.7342,5.5789,-0.1105
2025-12-01,VAL,,-0.4231,-0.3234,-0.5228
2025-12-02,VAL,,-0.4231,-0.3234,-0.5228
2025-12-03,VAL,-0.5323,-0.4231,-0.3234,-0.5228
2025-12-04,VAL,-0.4002,-0.4231,-0.3234,-0.5228
2025-12-05,VAL,-0.3369,-0.4231,-0.3234,-0.5228
2025-12-01,VICI,,26.3407,62.0687,-9.3874
2025-12-02,VICI,,26.3407,62.0687,-9.3874
2025-12-03,VICI,67.5804,26.3407,62.0687,-9.3874
2025-12-04,VICI,4.7425,26.3407,62.0687,-9.3874
2025-12-05,VICI,6.699,26.3407,62.0687,-9.3874
2025-12-01,VLO,,7.6298,10.0594,5.2003
2025-12-02,VLO,,7.6298,10.0594,5.2003
2025-12-03,VLO,8.4334,7.6298,10.0594,5.2003
2025-12-04,VLO,9.5558,7.6298,10.0594,5.2003
2025-12-05,VLO,4.9003,7.6298,10.0594,5.2003
2025-12-01,VLTO,,2.4089,3.9568,0.861
2025-12-02,VLTO,,2.4089,3.9568,0.861
2025-12-03,VLTO,3.2605,2.4089,3.9568,0.861
2025-12-04,VLTO,3.3439,2.4089,3.9568,0.861
2025-12-05,VLTO,0.6221,2.4089,3.9568,0.861
2025-12-01,VMC,,0.56,0.9996,0.1204
2025-12-02,VMC,,0.56,0.9996,0.1204
2025-12-03,VMC,0.0913,0.56,0.9996,0.1204
2025-12-04,VMC,0.6255,0.56,0.9996,0.1204
2025-12-05,VMC,0.9632,0.56,0.9996,0.1204
2025-12-01,VNM,,2.0546,2.3302,1.779
2025-12-02,VNM,,2.0546,2.3302,1.779
2025-12-03,VNM,2.1664,2.0546,2.3302,1.779
2025-12-04,VNM,1.7406,2.0546,2.3302,1.779
2025-12-05,VNM,2.2567,2.0546,2.3302,1.779
2025-12-01,VRSK,,1.7796,2.6333,0.9259
2025-12-02,VRSK,,1.7796,2.6333,0.9259
2025-12-03,VRSK,2.7093,1.7796,2.6333,0.9259
2025-12-04,VRSK,1.0311,1.7796,2.6333,0.9259
2025-12-05,VRSK,1.5984,1.7796,2.6333,0.9259
2025-12-01,VRSN,,-0.0025,0.2276,-0.2326
2025-12-02,VRSN,,-0.0025,0.2276,-0.2326
2025-12-03,VRSN,-0.2058,-0.0025,0.2276,-0.2326
2025-12-04,VRSN,-0.0491,-0.0025,0.2276,-0.2326
2025-12-05,VRSN,0.2473,-0.0025,0.2276,-0.2326
2025-12-01,VRTX,,-0.5857,-0.561,-0.6104
2025-12-02,VRTX,,-0.5857,-0.561,-0.6104
2025-12-03,VRTX,-0.5727,-0.5857,-0.561,-0.6104
2025-12-04,VRTX,-0.6142,-0.5857,-0.561,-0.6104
2025-12-05,VRTX,-0.5703,-0.5857,-0.561,-0.6104
2025-12-01,VST,,13.4417,36.1795,-9.2961
2025-12-02,VST,,13.4417,36.1795,-9.2961
2025-12-03,VST,39.6942,13.4417,36.1795,-9.2961
2025-12-04,VST,0.6507,13.4417,36.1795,-9.2961
2025-12-05,VST,-0.0198,13.4417,36.1795,-9.2961
2025-12-01,VTR,,2.3362,3.6268,1.0456
2025-12-02,VTR,,2.3362,3.6268,1.0456
2025-12-03,VTR,3.8025,2.3362,3.6268,1.0456
2025-12-04,VTR,1.3726,2.3362,3.6268,1.0456
2025-12-05,VTR,1.8335,2.3362,3.6268,1.0456
2025-12-01,VTRS,,1.6971,3.4536,-0.0595
2025-12-02,VTRS,,1.6971,3.4536,-0.0595
2025-12-03,VTRS,3.7202,1.6971,3.4536,-0.0595
2025-12-04,VTRS,0.811,1.6971,3.4536,-0.0595
2025-12-05,VTRS,0.56,1.6971,3.4536,-0.0595
2025-12-01,VZ,,1.0486,2.4163,-0.319
2025-12-02,VZ,,1.0486,2.4163,-0.319
2025-12-03,VZ,2.601,1.0486,2.4163,-0.319
2025-12-04,VZ,0.5233,1.0486,2.4163,-0.319
2025-12-05,VZ,0.0215,1.0486,2.4163,-0.319
2025-12-01,WAB,,-0.0235,0.1603,-0.2073
2025-12-02,WAB,,-0.0235,0.1603,-0.2073
2025-12-03,WAB,-0.2136,-0.0235,0.1603,-0.2073
2025-12-04,WAB,-0.0102,-0.0235,0.1603,-0.2073
2025-12-05,WAB,0.1533,-0.0235,0.1603,-0.2073
2025-12-01,WAT,,4.8037,5.3638,4.2437
2025-12-02,WAT,,4.8037,5.3638,4.2437
2025-12-03,WAT,4.1655,4.8037,5.3638,4.2437
2025-12-04,WAT,5.0324,4.8037,5.3638,4.2437
2025-12-05,WAT,5.2132,4.8037,5.3638,4.2437
2025-12-01,WBD,,0.4692,1.0475,-0.1091
2025-12-02,WBD,,0.4692,1.0475,-0.1091
2025-12-03,WBD,0.5565,0.4692,1.0475,-0.1091
2025-12-04,WBD,0.9988,0.4692,1.0475,-0.1091
2025-12-05,WBD,-0.1478,0.4692,1.0475,-0.1091
2025-12-01,WDAY,,1.7992,2.0427,1.5557
2025-12-02,WDAY,,1.7992,2.0427,1.5557
2025-12-03,WDAY,1.6746,1.7992,2.0427,1.5557
2025-12-04,WDAY,2.0798,1.7992,2.0427,1.5557
2025-12-05,WDAY,1.6432,1.7992,2.0427,1.5557
2025-12-01,WDC,,3.0978,8.2517,-2.0561
2025-12-02,WDC,,3.0978,8.2517,-2.0561
2025-12-03,WDC,9.0486,3.0978,8.2517,-2.0561
2025-12-04,WDC,0.1783,3.0978,8.2517,-2.0561
2025-12-05,WDC,0.0664,3.0978,8.2517,-2.0561
2025-12-01,WEAT,,1.1743,1.7321,0.6164
2025-12-02,WEAT,,1.1743,1.7321,0.6164
2025-12-03,WEAT,1.0834,1.1743,1.7321,0.6164
2025-12-04,WEAT,1.772,1.1743,1.7321,0.6164
2025-12-05,WEAT,0.6674,1.1743,1.7321,0.6164
2025-12-01,WEC,,2.4909,3.3823,1.5995
2025-12-02,WEC,,2.4909,3.3823,1.5995
2025-12-03,WEC,2.8946,2.4909,3.3823,1.5995
2025-12-04,WEC,3.109,2.4909,3.3823,1.5995
2025-12-05,WEC,1.4691,2.4909,3.3823,1.5995
2025-12-01,WELL,,2.2405,5.0892,-0.6081
2025-12-02,WELL,,2.2405,5.0892,-0.6081
2025-12-03,WELL,5.5169,2.2405,5.0892,-0.6081
2025-12-04,WELL,0.3501,2.2405,5.0892,-0.6081
2025-12-05,WELL,0.8546,2.2405,5.0892,-0.6081
2025-12-01,WFC,,-0.0839,-0.02,-0.1477
2025-12-02,WFC,,-0.0839,-0.02,-0.1477
2025-12-03,WFC,-0.1212,-0.0839,-0.02,-0.1477
2025-12-04,WFC,-0.0101,-0.0839,-0.02,-0.1477
2025-12-05,WFC,-0.1202,-0.0839,-0.02,-0.1477
2025-12-01,WM,,0.2599,0.3996,0.1201
2025-12-02,WM,,0.2599,0.3996,0.1201
2025-12-03,WM,0.1087,0.2599,0.3996,0.1201
2025-12-04,WM,0.2866,0.2599,0.3996,0.1201
2025-12-05,WM,0.3843,0.2599,0.3996,0.1201
2025-12-01,WMB,,-0.4266,-0.3724,-0.4808
2025-12-02,WMB,,-0.4266,-0.3724,-0.4808
2025-12-03,WMB,-0.4822,-0.4266,-0.3724,-0.4808
2025-12-04,WMB,-0.374,-0.4266,-0.3724,-0.4808
2025-12-05,WMB,-0.4235,-0.4266,-0.3724,-0.4808
2025-12-01,WMT,,0.8341,0.9209,0.7473
2025-12-02,WMT,,0.8341,0.9209,0.7473
2025-12-03,WMT,0.7345,0.8341,0.9209,0.7473
2025-12-04,WMT,0.8736,0.8341,0.9209,0.7473
2025-12-05,WMT,0.8941,0.8341,0.9209,0.7473
2025-12-01,WRB,,0.3985,1.249,-0.4521
2025-12-02,WRB,,0.3985,1.249,-0.4521
2025-12-03,WRB,0.5632,0.3985,1.249,-0.4521
2025-12-04,WRB,1.1546,0.3985,1.249,-0.4521
2025-12-05,WRB,-0.5224,0.3985,1.249,-0.4521
2025-12-01,WSM,,0.41,0.6135,0.2064
2025-12-02,WSM,,0.41,0.6135,0.2064
2025-12-03,WSM,0.244,0.41,0.6135,0.2064
2025-12-04,WSM,0.6371,0.41,0.6135,0.2064
2025-12-05,WSM,0.3488,0.41,0.6135,0.2064
2025-12-01,WST,,-0.4322,-0.3547,-0.5098
2025-12-02,WST,,-0.4322,-0.3547,-0.5098
2025-12-03,WST,-0.5175,-0.4322,-0.3547,-0.5098
2025-12-04,WST,-0.4134,-0.4322,-0.3547,-0.5098
2025-12-05,WST,-0.3658,-0.4322,-0.3547,-0.5098
2025-12-01,WTW,,-0.0265,0.0385,-0.0914
2025-12-02,WTW,,-0.0265,0.0385,-0.0914
2025-12-03,WTW,-0.0351,-0.0265,0.0385,-0.0914
2025-12-04,WTW,-0.0867,-0.0265,0.0385,-0.0914
2025-12-05,WTW,0.0424,-0.0265,0.0385,-0.0914
2025-12-01,WY,,0.708,1.265,0.151
2025-12-02,WY,,0.708,1.265,0.151
2025-12-03,WY,1.2113,0.708,1.265,0.151
2025-12-04,WY,0.8032,0.708,1.265,0.151
2025-12-05,WY,0.1096,0.708,1.265,0.151
2025-12-01,WYNN,,0.4713,1.2052,-0.2627
2025-12-02,WYNN,,0.4713,1.2052,-0.2627
2025-12-03,WYNN,1.3169,0.4713,1.2052,-0.2627
2025-12-04,WYNN,-0.0001,0.4713,1.2052,-0.2627
2025-12-05,WYNN,0.0971,0.4713,1.2052,-0.2627
2025-12-01,XEL,,34.2354,39.6198,28.851
2025-12-02,XEL,,34.2354,39.6198,28.851
2025-12-03,XEL,39.5939,34.2354,39.6198,28.851
2025-12-04,XEL,34.2868,34.2354,39.6198,28.851
2025-12-05,XEL,28.8255,34.2354,39.6198,28.851
2025-12-01,XES,,-0.2038,-0.0757,-0.3318
2025-12-02,XES,,-0.2038,-0.0757,-0.3318
2025-12-03,XES,-0.3394,-0.2038,-0.0757,-0.3318
2025-12-04,XES,-0.085,-0.2038,-0.0757,-0.3318
2025-12-05,XES,-0.1869,-0.2038,-0.0757,-0.3318
2025-12-01,XLB,,1.146,2.4526,-0.1606
2025-12-02,XLB,,1.146,2.4526,-0.1606
2025-12-03,XLB,0.2832,1.146,2.4526,-0.1606
2025-12-04,XLB,0.5055,1.146,2.4526,-0.1606
2025-12-05,XLB,2.6493,1.146,2.4526,-0.1606
2025-12-01,XLC,,1.6125,2.348,0.8769
2025-12-02,XLC,,1.6125,2.348,0.8769
2025-12-03,XLC,1.8298,1.6125,2.348,0.8769
2025-12-04,XLC,2.2148,1.6125,2.348,0.8769
2025-12-05,XLC,0.7927,1.6125,2.348,0.8769
2025-12-01,XLE,,-0.2106,-0.0509,-0.3704
2025-12-02,XLE,,-0.2106,-0.0509,-0.3704
2025-12-03,XLE,-0.3876,-0.2106,-0.0509,-0.3704
2025-12-04,XLE,-0.1672,-0.2106,-0.0509,-0.3704
2025-12-05,XLE,-0.0771,-0.2106,-0.0509,-0.3704
2025-12-01,XLF,,0.2324,0.4924,-0.0276
2025-12-02,XLF,,0.2324,0.4924,-0.0276
2025-12-03,XLF,-0.0535,0.2324,0.4924,-0.0276
2025-12-04,XLF,0.2961,0.2324,0.4924,-0.0276
2025-12-05,XLF,0.4546,0.2324,0.4924,-0.0276
2025-12-01,XLI,,6.4258,14.4453,-1.5937
2025-12-02,XLI,,6.4258,14.4453,-1.5937
2025-12-03,XLI,15.5804,6.4258,14.4453,-1.5937
2025-12-04,XLI,3.0559,6.4258,14.4453,-1.5937
2025-12-05,XLI,0.6411,6.4258,14.4453,-1.5937
2025-12-01,XLK,,2.1841,2.8129,1.5554
2025-12-02,XLK,,2.1841,2.8129,1.5554
2025-12-03,XLK,1.515,2.1841,2.8129,1.5554
2025-12-04,XLK,2.2746,2.1841,2.8129,1.5554
2025-12-05,XLK,2.7628,2.1841,2.8129,1.5554
2025-12-01,XLP,,1.336,1.7724,0.8997
2025-12-02,XLP,,1.336,1.7724,0.8997
2025-12-03,XLP,0.8584,1.336,1.7724,0.8997
2025-12-04,XLP,1.4358,1.336,1.7724,0.8997
2025-12-05,XLP,1.7139,1.336,1.7724,0.8997
2025-12-01,XLRE,,5.6203,7.2487,3.9919
2025-12-02,XLRE,,5.6203,7.2487,3.9919
2025-12-03,XLRE,7.471,5.6203,7.2487,3.9919
2025-12-04,XLRE,4.9831,5.6203,7.2487,3.9919
2025-12-05,XLRE,4.4069,5.6203,7.2487,3.9919
2025-12-01,XLU,,2.792,3.9586,1.6254
2025-12-02,XLU,,2.792,3.9586,1.6254
2025-12-03,XLU,2.6822,2.792,3.9586,1.6254
2025-12-04,XLU,4.0097,2.792,3.9586,1.6254
2025-12-05,XLU,1.6842,2.792,3.9586,1.6254
2025-12-01,XLV,,0.4112,0.7271,0.0952
2025-12-02,XLV,,0.4112,0.7271,0.0952
2025-12-03,XLV,0.0478,0.4112,0.7271,0.0952
2025-12-04,XLV,0.6211,0.4112,0.7271,0.0952
2025-12-05,XLV,0.5645,0.4112,0.7271,0.0952
2025-12-01,XLY,,0.7662,1.3148,0.2175
2025-12-02,XLY,,0.7662,1.3148,0.2175
2025-12-03,XLY,0.6751,0.7662,1.3148,0.2175
2025-12-04,XLY,0.2687,0.7662,1.3148,0.2175
2025-12-05,XLY,1.3547,0.7662,1.3148,0.2175
2025-12-01,XOM,,-0.3104,-0.1278,-0.493
2025-12-02,XOM,,-0.3104,-0.1278,-0.493
2025-12-03,XOM,-0.4867,-0.3104,-0.1278,-0.493
2025-12-04,XOM,-0.3224,-0.3104,-0.1278,-0.493
2025-12-05,XOM,-0.1221,-0.3104,-0.1278,-0.493
2025-12-01,XOP,,-0.1768,0.0831,-0.4366
2025-12-02,XOP,,-0.1768,0.0831,-0.4366
2025-12-03,XOP,-0.4178,-0.1768,0.0831,-0.4366
2025-12-04,XOP,-0.211,-0.1768,0.0831,-0.4366
2025-12-05,XOP,0.0985,-0.1768,0.0831,-0.4366
2025-12-01,XYL,,0.5908,0.8038,0.3778
2025-12-02,XYL,,0.5908,0.8038,0.3778
2025-12-03,XYL,0.7524,0.5908,0.8038,0.3778
2025-12-04,XYL,0.6705,0.5908,0.8038,0.3778
2025-12-05,XYL,0.3494,0.5908,0.8038,0.3778
2025-12-01,XYZ,,-0.419,-0.3241,-0.514
2025-12-02,XYZ,,-0.419,-0.3241,-0.514
2025-12-03,XYZ,-0.5162,-0.419,-0.3241,-0.514
2025-12-04,XYZ,-0.4145,-0.419,-0.3241,-0.514
2025-12-05,XYZ,-0.3264,-0.419,-0.3241,-0.514
2025-12-01,YUM,,-0.2811,-0.1075,-0.4548
2025-12-02,YUM,,-0.2811,-0.1075,-0.4548
2025-12-03,YUM,-0.4357,-0.2811,-0.1075,-0.4548
2025-12-04,YUM,-0.3144,-0.2811,-0.1075,-0.4548
2025-12-05,YUM,-0.0932,-0.2811,-0.1075,-0.4548
2025-12-01,ZBH,,2.0189,3.6086,0.4292
2025-12-02,ZBH,,2.0189,3.6086,0.4292
2025-12-03,ZBH,3.7171,2.0189,3.6086,0.4292
2025-12-04,ZBH,1.7731,2.0189,3.6086,0.4292
2025-12-05,ZBH,0.5664,2.0189,3.6086,0.4292
2025-12-01,ZBRA,,1.5147,1.8438,1.1857
2025-12-02,ZBRA,,1.5147,1.8438,1.1857
2025-12-03,ZBRA,1.1746,1.5147,1.8438,1.1857
2025-12-04,ZBRA,1.5381,1.5147,1.8438,1.1857
2025-12-05,ZBRA,1.8315,1.5147,1.8438,1.1857
2025-12-01,ZTS,,3.1432,3.8984,2.3881
2025-12-02,ZTS,,3.1432,3.8984,2.3881
2025-12-03,ZTS,2.2741,3.1432,3.8984,2.3881
2025-12-04,ZTS,3.6385,3.1432,3.8984,2.3881
2025-12-05,ZTS,3.5171,3.1432,3.8984,2.3881
