Date,Ticker,Ticker_name,Exposure,Category,Close,model_score
2025-12-01,A,"AGILENT TECHNOLOGIES, INC.",Health Care,Health Care,150.1,-15.0
2025-12-02,A,"AGILENT TECHNOLOGIES, INC.",Health Care,Health Care,148.81,-15.0
2025-12-03,A,"AGILENT TECHNOLOGIES, INC.",Health Care,Health Care,149.26,-15.0
2025-12-04,A,"AGILENT TECHNOLOGIES, INC.",Health Care,Health Care,148.32,23.0
2025-12-05,A,"AGILENT TECHNOLOGIES, INC.",Health Care,Health Care,145.49,48.0
2025-12-01,AAPL,APPLE INC.,Information Technology,Information Technology,283.1,-15.0
2025-12-02,AAPL,APPLE INC.,Information Technology,Information Technology,286.19,-37.0
2025-12-03,AAPL,APPLE INC.,Information Technology,Information Technology,284.15,-15.0
2025-12-04,AAPL,APPLE INC.,Information Technology,Information Technology,280.7,23.0
2025-12-05,AAPL,APPLE INC.,Information Technology,Information Technology,278.78,38.0
2025-12-01,ABBV,ABBVIE INC.,Health Care,Health Care,225.11,16.0
2025-12-02,ABBV,ABBVIE INC.,Health Care,Health Care,224.37,30.0
2025-12-03,ABBV,ABBVIE INC.,Health Care,Health Care,230.24,-31.0
2025-12-04,ABBV,ABBVIE INC.,Health Care,Health Care,228.71,-34.0
2025-12-05,ABBV,ABBVIE INC.,Health Care,Health Care,226.08,-3.0
2025-12-01,ABNB,"AIRBNB, INC.",Consumer Discretionary,Consumer Discretionary,118.8,16.0
2025-12-02,ABNB,"AIRBNB, INC.",Consumer Discretionary,Consumer Discretionary,118.5,16.0
2025-12-03,ABNB,"AIRBNB, INC.",Consumer Discretionary,Consumer Discretionary,120.13,10.0
2025-12-04,ABNB,"AIRBNB, INC.",Consumer Discretionary,Consumer Discretionary,120.82,-13.0
2025-12-05,ABNB,"AIRBNB, INC.",Consumer Discretionary,Consumer Discretionary,124.32,-21.0
2025-12-01,ABT,ABBOTT LABORATORIES,Health Care,Health Care,128.01,-31.0
2025-12-02,ABT,ABBOTT LABORATORIES,Health Care,Health Care,126.32,-15.0
2025-12-03,ABT,ABBOTT LABORATORIES,Health Care,Health Care,125.29,16.0
2025-12-04,ABT,ABBOTT LABORATORIES,Health Care,Health Care,125.4,33.0
2025-12-05,ABT,ABBOTT LABORATORIES,Health Care,Health Care,125.08,33.0
2025-12-01,ACGL,ARCH CAPITAL GROUP LTD.,Financials,Financials,93.16,-37.0
2025-12-02,ACGL,ARCH CAPITAL GROUP LTD.,Financials,Financials,92.69,-15.0
2025-12-03,ACGL,ARCH CAPITAL GROUP LTD.,Financials,Financials,92.72,-15.0
2025-12-04,ACGL,ARCH CAPITAL GROUP LTD.,Financials,Financials,92.39,23.0
2025-12-05,ACGL,ARCH CAPITAL GROUP LTD.,Financials,Financials,91.72,38.0
2025-12-01,ACN,ACCENTURE PUBLIC LIMITED COMPANY,Information Technology,Information Technology,257.43,25.0
2025-12-02,ACN,ACCENTURE PUBLIC LIMITED COMPANY,Information Technology,Information Technology,261.02,10.0
2025-12-03,ACN,ACCENTURE PUBLIC LIMITED COMPANY,Information Technology,Information Technology,272.85,-37.0
2025-12-04,ACN,ACCENTURE PUBLIC LIMITED COMPANY,Information Technology,Information Technology,269.34,-30.0
2025-12-05,ACN,ACCENTURE PUBLIC LIMITED COMPANY,Information Technology,Information Technology,266.59,-30.0
2025-12-01,ADBE,ADOBE INC.,Information Technology,Information Technology,322.85,10.0
2025-12-02,ADBE,ADOBE INC.,Information Technology,Information Technology,322.81,10.0
2025-12-03,ADBE,ADOBE INC.,Information Technology,Information Technology,326.78,10.0
2025-12-04,ADBE,ADOBE INC.,Information Technology,Information Technology,328.73,18.0
2025-12-05,ADBE,ADOBE INC.,Information Technology,Information Technology,346.26,-12.0
2025-12-01,ADI,"ANALOG DEVICES, INC.",Information Technology,Information Technology,266.51,25.0
2025-12-02,ADI,"ANALOG DEVICES, INC.",Information Technology,Information Technology,272.97,10.0
2025-12-03,ADI,"ANALOG DEVICES, INC.",Information Technology,Information Technology,278.24,-20.0
2025-12-04,ADI,"ANALOG DEVICES, INC.",Information Technology,Information Technology,277.26,-5.0
2025-12-05,ADI,"ANALOG DEVICES, INC.",Information Technology,Information Technology,281.29,-21.0
2025-12-01,ADM,ARCHER-DANIELS-MIDLAND COMPANY.,Consumer Staples,Consumer Staples,60.52,-37.0
2025-12-02,ADM,ARCHER-DANIELS-MIDLAND COMPANY.,Consumer Staples,Consumer Staples,60.31,-20.0
2025-12-03,ADM,ARCHER-DANIELS-MIDLAND COMPANY.,Consumer Staples,Consumer Staples,59.8,10.0
2025-12-04,ADM,ARCHER-DANIELS-MIDLAND COMPANY.,Consumer Staples,Consumer Staples,59.36,18.0
2025-12-05,ADM,ARCHER-DANIELS-MIDLAND COMPANY.,Consumer Staples,Consumer Staples,59.01,32.0
2025-12-01,ADP,"AUTOMATIC DATA PROCESSING, INC.",Industrials,Industrials,255.84,30.0
2025-12-02,ADP,"AUTOMATIC DATA PROCESSING, INC.",Industrials,Industrials,257.18,16.0
2025-12-03,ADP,"AUTOMATIC DATA PROCESSING, INC.",Industrials,Industrials,260.22,-20.0
2025-12-04,ADP,"AUTOMATIC DATA PROCESSING, INC.",Industrials,Industrials,259.4,0.0
2025-12-05,ADP,"AUTOMATIC DATA PROCESSING, INC.",Industrials,Industrials,261.63,-21.0
2025-12-01,ADSK,"AUTODESK, INC.",Information Technology,Information Technology,305.12,13.0
2025-12-02,ADSK,"AUTODESK, INC.",Information Technology,Information Technology,310.25,-27.0
2025-12-03,ADSK,"AUTODESK, INC.",Information Technology,Information Technology,307.24,-13.0
2025-12-04,ADSK,"AUTODESK, INC.",Information Technology,Information Technology,305.85,20.0
2025-12-05,ADSK,"AUTODESK, INC.",Information Technology,Information Technology,306.74,20.0
2025-12-01,AEE,AMEREN ,Utilities,Utilities,103.0,-31.0
2025-12-02,AEE,AMEREN ,Utilities,Utilities,101.51,-13.0
2025-12-03,AEE,AMEREN ,Utilities,Utilities,101.47,-13.0
2025-12-04,AEE,AMEREN ,Utilities,Utilities,100.85,26.0
2025-12-05,AEE,AMEREN ,Utilities,Utilities,99.86,41.0
2025-12-01,AEP,"AMERICAN ELECTRIC POWER COMPANY, INC.",Utilities,Utilities,120.51,-31.0
2025-12-02,AEP,"AMERICAN ELECTRIC POWER COMPANY, INC.",Utilities,Utilities,119.23,-13.0
2025-12-03,AEP,"AMERICAN ELECTRIC POWER COMPANY, INC.",Utilities,Utilities,118.06,18.0
2025-12-04,AEP,"AMERICAN ELECTRIC POWER COMPANY, INC.",Utilities,Utilities,118.04,36.0
2025-12-05,AEP,"AMERICAN ELECTRIC POWER COMPANY, INC.",Utilities,Utilities,117.54,36.0
2025-12-01,AES,THE AES ,Utilities,Utilities,13.99,-20.0
2025-12-02,AES,THE AES ,Utilities,Utilities,13.96,-20.0
2025-12-03,AES,THE AES ,Utilities,Utilities,13.71,30.0
2025-12-04,AES,THE AES ,Utilities,Utilities,13.93,0.0
2025-12-05,AES,THE AES ,Utilities,Utilities,13.92,-7.0
2025-12-01,AFL,AFLAC INC.,Financials,Financials,109.55,-31.0
2025-12-02,AFL,AFLAC INC.,Financials,Financials,108.83,30.0
2025-12-03,AFL,AFLAC INC.,Financials,Financials,109.04,16.0
2025-12-04,AFL,AFLAC INC.,Financials,Financials,109.24,-7.0
2025-12-05,AFL,AFLAC INC.,Financials,Financials,109.28,-7.0
2025-12-01,AIG,"AMERICAN INTERNATIONAL GROUP, INC.",Financials,Financials,76.61,26.0
2025-12-02,AIG,"AMERICAN INTERNATIONAL GROUP, INC.",Financials,Financials,76.95,13.0
2025-12-03,AIG,"AMERICAN INTERNATIONAL GROUP, INC.",Financials,Financials,77.07,-13.0
2025-12-04,AIG,"AMERICAN INTERNATIONAL GROUP, INC.",Financials,Financials,77.28,-20.0
2025-12-05,AIG,"AMERICAN INTERNATIONAL GROUP, INC.",Financials,Financials,77.03,0.0
2025-12-01,AIZ,"ASSURANT, INC.",Financials,Financials,225.43,-31.0
2025-12-02,AIZ,"ASSURANT, INC.",Financials,Financials,221.37,30.0
2025-12-03,AIZ,"ASSURANT, INC.",Financials,Financials,222.33,16.0
2025-12-04,AIZ,"ASSURANT, INC.",Financials,Financials,224.27,-34.0
2025-12-05,AIZ,"ASSURANT, INC.",Financials,Financials,222.87,-3.0
2025-12-01,AJG,ARTHUR J. GALLAGHER & CO.,Financials,Financials,246.1,-15.0
2025-12-02,AJG,ARTHUR J. GALLAGHER & CO.,Financials,Financials,244.22,-15.0
2025-12-03,AJG,ARTHUR J. GALLAGHER & CO.,Financials,Financials,245.36,-15.0
2025-12-04,AJG,ARTHUR J. GALLAGHER & CO.,Financials,Financials,245.41,-7.0
2025-12-05,AJG,ARTHUR J. GALLAGHER & CO.,Financials,Financials,239.71,48.0
2025-12-01,AKAM,"AKAMAI TECHNOLOGIES, INC.",Information Technology,Information Technology,87.71,-20.0
2025-12-02,AKAM,"AKAMAI TECHNOLOGIES, INC.",Information Technology,Information Technology,86.83,-20.0
2025-12-03,AKAM,"AKAMAI TECHNOLOGIES, INC.",Information Technology,Information Technology,87.97,-20.0
2025-12-04,AKAM,"AKAMAI TECHNOLOGIES, INC.",Information Technology,Information Technology,86.6,-13.0
2025-12-05,AKAM,"AKAMAI TECHNOLOGIES, INC.",Information Technology,Information Technology,83.49,27.0
2025-12-01,ALB,ALBEMARLE ,Materials,Materials,128.33,-17.0
2025-12-02,ALB,ALBEMARLE ,Materials,Materials,128.14,-17.0
2025-12-03,ALB,ALBEMARLE ,Materials,Materials,126.49,-17.0
2025-12-04,ALB,ALBEMARLE ,Materials,Materials,119.14,41.0
2025-12-05,ALB,ALBEMARLE ,Materials,Materials,125.19,1.0
2025-12-01,ALGN,"ALIGN TECHNOLOGY, INC.",Health Care,Health Care,146.72,25.0
2025-12-02,ALGN,"ALIGN TECHNOLOGY, INC.",Health Care,Health Care,150.93,10.0
2025-12-03,ALGN,"ALIGN TECHNOLOGY, INC.",Health Care,Health Care,155.0,-20.0
2025-12-04,ALGN,"ALIGN TECHNOLOGY, INC.",Health Care,Health Care,156.84,-5.0
2025-12-05,ALGN,"ALIGN TECHNOLOGY, INC.",Health Care,Health Care,157.21,-5.0
2025-12-01,ALL,THE ALLSTATE ,Financials,Financials,210.0,-15.0
2025-12-02,ALL,THE ALLSTATE ,Financials,Financials,208.91,-15.0
2025-12-03,ALL,THE ALLSTATE ,Financials,Financials,208.62,-15.0
2025-12-04,ALL,THE ALLSTATE ,Financials,Financials,206.37,33.0
2025-12-05,ALL,THE ALLSTATE ,Financials,Financials,202.27,48.0
2025-12-01,ALLE,ALLEGION PUBLIC LIMITED COMPANY,Industrials,Industrials,165.17,-15.0
2025-12-02,ALLE,ALLEGION PUBLIC LIMITED COMPANY,Industrials,Industrials,164.16,-15.0
2025-12-03,ALLE,ALLEGION PUBLIC LIMITED COMPANY,Industrials,Industrials,164.03,-15.0
2025-12-04,ALLE,ALLEGION PUBLIC LIMITED COMPANY,Industrials,Industrials,160.85,33.0
2025-12-05,ALLE,ALLEGION PUBLIC LIMITED COMPANY,Industrials,Industrials,159.08,52.0
2025-12-01,AMAT,"APPLIED MATERIALS, INC.",Information Technology,Information Technology,254.75,30.0
2025-12-02,AMAT,"APPLIED MATERIALS, INC.",Information Technology,Information Technology,265.33,-20.0
2025-12-03,AMAT,"APPLIED MATERIALS, INC.",Information Technology,Information Technology,268.63,-20.0
2025-12-04,AMAT,"APPLIED MATERIALS, INC.",Information Technology,Information Technology,269.44,-13.0
2025-12-05,AMAT,"APPLIED MATERIALS, INC.",Information Technology,Information Technology,268.0,0.0
2025-12-01,AMCR,AMCOR PLC,Materials,Materials,8.54,-37.0
2025-12-02,AMCR,AMCOR PLC,Materials,Materials,8.4,10.0
2025-12-03,AMCR,AMCOR PLC,Materials,Materials,8.46,-20.0
2025-12-04,AMCR,AMCOR PLC,Materials,Materials,8.32,23.0
2025-12-05,AMCR,AMCOR PLC,Materials,Materials,8.3,38.0
2025-12-01,AMD,"ADVANCED MICRO DEVICES, INC.",Information Technology,Information Technology,219.76,-31.0
2025-12-02,AMD,"ADVANCED MICRO DEVICES, INC.",Information Technology,Information Technology,215.24,33.0
2025-12-03,AMD,"ADVANCED MICRO DEVICES, INC.",Information Technology,Information Technology,217.6,-13.0
2025-12-04,AMD,"ADVANCED MICRO DEVICES, INC.",Information Technology,Information Technology,215.98,26.0
2025-12-05,AMD,"ADVANCED MICRO DEVICES, INC.",Information Technology,Information Technology,217.97,-6.0
2025-12-01,AME,"AMETEK, INC.",Industrials,Industrials,195.61,26.0
2025-12-02,AME,"AMETEK, INC.",Industrials,Industrials,197.29,13.0
2025-12-03,AME,"AMETEK, INC.",Industrials,Industrials,199.22,-17.0
2025-12-04,AME,"AMETEK, INC.",Industrials,Industrials,199.22,-4.0
2025-12-05,AME,"AMETEK, INC.",Industrials,Industrials,199.8,-4.0
2025-12-01,AMGN,AMGEN INC.,Health Care,Health Care,337.49,16.0
2025-12-02,AMGN,AMGEN INC.,Health Care,Health Care,338.36,-20.0
2025-12-03,AMGN,AMGEN INC.,Health Care,Health Care,345.42,-37.0
2025-12-04,AMGN,AMGEN INC.,Health Care,Health Care,340.16,-30.0
2025-12-05,AMGN,AMGEN INC.,Health Care,Health Care,329.89,21.0
2025-12-01,AMP,"AMERIPRISE FINANCIAL, INC.",Financials,Financials,454.91,30.0
2025-12-02,AMP,"AMERIPRISE FINANCIAL, INC.",Financials,Financials,456.79,16.0
2025-12-03,AMP,"AMERIPRISE FINANCIAL, INC.",Financials,Financials,470.11,-20.0
2025-12-04,AMP,"AMERIPRISE FINANCIAL, INC.",Financials,Financials,474.11,-39.0
2025-12-05,AMP,"AMERIPRISE FINANCIAL, INC.",Financials,Financials,477.06,-29.0
2025-12-01,AMT,AMERICAN TOWER ,Real Estate,Real Estate,176.27,16.0
2025-12-02,AMT,AMERICAN TOWER ,Real Estate,Real Estate,175.81,16.0
2025-12-03,AMT,AMERICAN TOWER ,Real Estate,Real Estate,176.18,16.0
2025-12-04,AMT,AMERICAN TOWER ,Real Estate,Real Estate,178.83,-21.0
2025-12-05,AMT,AMERICAN TOWER ,Real Estate,Real Estate,178.86,-21.0
2025-12-01,AMZN,"AMAZON.COM, INC.",Consumer Discretionary,Consumer Discretionary,233.88,-15.0
2025-12-02,AMZN,"AMAZON.COM, INC.",Consumer Discretionary,Consumer Discretionary,234.42,-31.0
2025-12-03,AMZN,"AMAZON.COM, INC.",Consumer Discretionary,Consumer Discretionary,232.38,-15.0
2025-12-04,AMZN,"AMAZON.COM, INC.",Consumer Discretionary,Consumer Discretionary,229.11,48.0
2025-12-05,AMZN,"AMAZON.COM, INC.",Consumer Discretionary,Consumer Discretionary,229.53,23.0
2025-12-01,ANET,"ARISTA NETWORKS, INC.",Information Technology,Information Technology,128.11,-11.0
2025-12-02,ANET,"ARISTA NETWORKS, INC.",Information Technology,Information Technology,127.22,28.0
2025-12-03,ANET,"ARISTA NETWORKS, INC.",Information Technology,Information Technology,127.8,15.0
2025-12-04,ANET,"ARISTA NETWORKS, INC.",Information Technology,Information Technology,128.55,-5.0
2025-12-05,ANET,"ARISTA NETWORKS, INC.",Information Technology,Information Technology,128.59,-5.0
2025-12-01,AON,AON PLC,Financials,Financials,351.17,-37.0
2025-12-02,AON,AON PLC,Financials,Financials,345.7,16.0
2025-12-03,AON,AON PLC,Financials,Financials,344.45,16.0
2025-12-04,AON,AON PLC,Financials,Financials,347.71,-24.0
2025-12-05,AON,AON PLC,Financials,Financials,345.2,23.0
2025-12-01,AOS,A. O. SMITH ,Industrials,Industrials,66.02,16.0
2025-12-02,AOS,A. O. SMITH ,Industrials,Industrials,65.96,30.0
2025-12-03,AOS,A. O. SMITH ,Industrials,Industrials,67.32,-20.0
2025-12-04,AOS,A. O. SMITH ,Industrials,Industrials,67.2,-39.0
2025-12-05,AOS,A. O. SMITH ,Industrials,Industrials,68.03,-29.0
2025-12-01,APA,APA ,Energy,Energy,25.28,25.0
2025-12-02,APA,APA ,Energy,Energy,25.45,10.0
2025-12-03,APA,APA ,Energy,Energy,26.95,-20.0
2025-12-04,APA,APA ,Energy,Energy,26.71,-39.0
2025-12-05,APA,APA ,Energy,Energy,27.1,-39.0
2025-12-01,APD,"AIR PRODUCTS AND CHEMICALS, INC.",Materials,Materials,260.86,-20.0
2025-12-02,APD,"AIR PRODUCTS AND CHEMICALS, INC.",Materials,Materials,256.77,25.0
2025-12-03,APD,"AIR PRODUCTS AND CHEMICALS, INC.",Materials,Materials,260.35,-20.0
2025-12-04,APD,"AIR PRODUCTS AND CHEMICALS, INC.",Materials,Materials,261.62,-13.0
2025-12-05,APD,"AIR PRODUCTS AND CHEMICALS, INC.",Materials,Materials,260.69,-13.0
2025-12-01,APH,AMPHENOL ,Information Technology,Information Technology,139.22,16.0
2025-12-02,APH,AMPHENOL ,Information Technology,Information Technology,141.49,-31.0
2025-12-03,APH,AMPHENOL ,Information Technology,Information Technology,138.65,16.0
2025-12-04,APH,AMPHENOL ,Information Technology,Information Technology,139.46,23.0
2025-12-05,APH,AMPHENOL ,Information Technology,Information Technology,139.36,23.0
2025-12-01,APO,"APOLLO GLOBAL MANAGEMENT, INC.",Financials,Financials,131.39,30.0
2025-12-02,APO,"APOLLO GLOBAL MANAGEMENT, INC.",Financials,Financials,132.08,16.0
2025-12-03,APO,"APOLLO GLOBAL MANAGEMENT, INC.",Financials,Financials,134.5,16.0
2025-12-04,APO,"APOLLO GLOBAL MANAGEMENT, INC.",Financials,Financials,136.75,-13.0
2025-12-05,APO,"APOLLO GLOBAL MANAGEMENT, INC.",Financials,Financials,138.13,-29.0
2025-12-01,APP,APPLOVIN CORP,Communication Services,Communication Services,623.59,33.0
2025-12-02,APP,APPLOVIN CORP,Communication Services,Communication Services,653.0,18.0
2025-12-03,APP,APPLOVIN CORP,Communication Services,Communication Services,662.21,18.0
2025-12-04,APP,APPLOVIN CORP,Communication Services,Communication Services,683.78,-7.0
2025-12-05,APP,APPLOVIN CORP,Communication Services,Communication Services,691.94,-24.0
2025-12-01,APTV,APTIV PLC,Consumer Discretionary,Consumer Discretionary,76.94,16.0
2025-12-02,APTV,APTIV PLC,Consumer Discretionary,Consumer Discretionary,77.48,-20.0
2025-12-03,APTV,APTIV PLC,Consumer Discretionary,Consumer Discretionary,78.09,-37.0
2025-12-04,APTV,APTIV PLC,Consumer Discretionary,Consumer Discretionary,76.44,33.0
2025-12-05,APTV,APTIV PLC,Consumer Discretionary,Consumer Discretionary,76.37,33.0
2025-12-01,ARE,"ALEXANDRIA REAL ESTATE EQUITIES, INC.",Real Estate,Real Estate,53.1,-20.0
2025-12-02,ARE,"ALEXANDRIA REAL ESTATE EQUITIES, INC.",Real Estate,Real Estate,53.83,-37.0
2025-12-03,ARE,"ALEXANDRIA REAL ESTATE EQUITIES, INC.",Real Estate,Real Estate,48.42,16.0
2025-12-04,ARE,"ALEXANDRIA REAL ESTATE EQUITIES, INC.",Real Estate,Real Estate,46.59,-3.0
2025-12-05,ARE,"ALEXANDRIA REAL ESTATE EQUITIES, INC.",Real Estate,Real Estate,45.48,13.0
2025-12-01,ASC,ARDMORE SHIPPING ,,MR Discretion,12.06,-15.0
2025-12-02,ASC,ARDMORE SHIPPING ,,MR Discretion,12.09,-15.0
2025-12-03,ASC,ARDMORE SHIPPING ,,MR Discretion,12.25,-31.0
2025-12-04,ASC,ARDMORE SHIPPING ,,MR Discretion,11.96,33.0
2025-12-05,ASC,ARDMORE SHIPPING ,,MR Discretion,11.83,48.0
2025-12-01,ATO,ATMOS ENERGY ,Utilities,Utilities,171.72,-30.0
2025-12-02,ATO,ATMOS ENERGY ,Utilities,Utilities,170.08,33.0
2025-12-03,ATO,ATMOS ENERGY ,Utilities,Utilities,171.15,-13.0
2025-12-04,ATO,ATMOS ENERGY ,Utilities,Utilities,170.95,26.0
2025-12-05,ATO,ATMOS ENERGY ,Utilities,Utilities,171.29,-6.0
2025-12-01,AVB,"AVALONBAY COMMUNITIES, INC.",Real Estate,Real Estate,179.65,10.0
2025-12-02,AVB,"AVALONBAY COMMUNITIES, INC.",Real Estate,Real Estate,181.12,-20.0
2025-12-03,AVB,"AVALONBAY COMMUNITIES, INC.",Real Estate,Real Estate,181.52,-37.0
2025-12-04,AVB,"AVALONBAY COMMUNITIES, INC.",Real Estate,Real Estate,179.42,27.0
2025-12-05,AVB,"AVALONBAY COMMUNITIES, INC.",Real Estate,Real Estate,178.02,48.0
2025-12-01,AVGO,BROADCOM INC.,Information Technology,Information Technology,386.08,-15.0
2025-12-02,AVGO,BROADCOM INC.,Information Technology,Information Technology,381.57,16.0
2025-12-03,AVGO,BROADCOM INC.,Information Technology,Information Technology,380.61,18.0
2025-12-04,AVGO,BROADCOM INC.,Information Technology,Information Technology,381.03,36.0
2025-12-05,AVGO,BROADCOM INC.,Information Technology,Information Technology,390.24,-6.0
2025-12-01,AVY,AVERY DENNISON ,Materials,Materials,172.53,16.0
2025-12-02,AVY,AVERY DENNISON ,Materials,Materials,172.22,16.0
2025-12-03,AVY,AVERY DENNISON ,Materials,Materials,175.59,-20.0
2025-12-04,AVY,AVERY DENNISON ,Materials,Materials,174.96,-39.0
2025-12-05,AVY,AVERY DENNISON ,Materials,Materials,179.33,-46.0
2025-12-01,AWK,"AMERICAN WATER WORKS COMPANY, INC.",Utilities,Utilities,131.0,-15.0
2025-12-02,AWK,"AMERICAN WATER WORKS COMPANY, INC.",Utilities,Utilities,130.75,-15.0
2025-12-03,AWK,"AMERICAN WATER WORKS COMPANY, INC.",Utilities,Utilities,130.97,-15.0
2025-12-04,AWK,"AMERICAN WATER WORKS COMPANY, INC.",Utilities,Utilities,128.93,48.0
2025-12-05,AWK,"AMERICAN WATER WORKS COMPANY, INC.",Utilities,Utilities,129.5,33.0
2025-12-01,AXON,"AXON ENTERPRISE, INC.",Industrials,Industrials,533.21,33.0
2025-12-02,AXON,"AXON ENTERPRISE, INC.",Industrials,Industrials,537.75,18.0
2025-12-03,AXON,"AXON ENTERPRISE, INC.",Industrials,Industrials,543.55,-13.0
2025-12-04,AXON,"AXON ENTERPRISE, INC.",Industrials,Industrials,550.61,2.0
2025-12-05,AXON,"AXON ENTERPRISE, INC.",Industrials,Industrials,550.95,13.0
2025-12-01,AXP,AMERICAN EXPRESS COMPANY,Financials,Financials,360.31,30.0
2025-12-02,AXP,AMERICAN EXPRESS COMPANY,Financials,Financials,360.7,30.0
2025-12-03,AXP,AMERICAN EXPRESS COMPANY,Financials,Financials,368.13,-15.0
2025-12-04,AXP,AMERICAN EXPRESS COMPANY,Financials,Financials,371.15,-7.0
2025-12-05,AXP,AMERICAN EXPRESS COMPANY,Financials,Financials,370.35,-7.0
2025-12-01,AZO,"AUTOZONE, INC.",Consumer Discretionary,Consumer Discretionary,3946.99,-37.0
2025-12-02,AZO,"AUTOZONE, INC.",Consumer Discretionary,Consumer Discretionary,3826.77,16.0
2025-12-03,AZO,"AUTOZONE, INC.",Consumer Discretionary,Consumer Discretionary,3822.92,16.0
2025-12-04,AZO,"AUTOZONE, INC.",Consumer Discretionary,Consumer Discretionary,3840.5,-3.0
2025-12-05,AZO,"AUTOZONE, INC.",Consumer Discretionary,Consumer Discretionary,3822.66,23.0
2025-12-01,BA,THE BOEING COMPANY,Industrials,Industrials,186.46,30.0
2025-12-02,BA,THE BOEING COMPANY,Industrials,Industrials,205.38,-20.0
2025-12-03,BA,THE BOEING COMPANY,Industrials,Industrials,202.54,-20.0
2025-12-04,BA,THE BOEING COMPANY,Industrials,Industrials,201.87,-39.0
2025-12-05,BA,THE BOEING COMPANY,Industrials,Industrials,201.89,-39.0
2025-12-01,BAC,BANK OF AMERICA ,Financials,Financials,53.24,30.0
2025-12-02,BAC,BANK OF AMERICA ,Financials,Financials,53.19,30.0
2025-12-03,BAC,BANK OF AMERICA ,Financials,Financials,54.09,-15.0
2025-12-04,BAC,BANK OF AMERICA ,Financials,Financials,54.16,-7.0
2025-12-05,BAC,BANK OF AMERICA ,Financials,Financials,53.95,-7.0
2025-12-01,BALL,BALL ,Materials,Materials,49.03,-17.0
2025-12-02,BALL,BALL ,Materials,Materials,48.41,21.0
2025-12-03,BALL,BALL ,Materials,Materials,48.78,9.0
2025-12-04,BALL,BALL ,Materials,Materials,48.85,-11.0
2025-12-05,BALL,BALL ,Materials,Materials,49.03,-11.0
2025-12-01,BAX,BAXTER INTERNATIONAL INC.,Health Care,Health Care,19.08,-37.0
2025-12-02,BAX,BAXTER INTERNATIONAL INC.,Health Care,Health Care,18.84,-20.0
2025-12-03,BAX,BAXTER INTERNATIONAL INC.,Health Care,Health Care,18.89,-20.0
2025-12-04,BAX,BAXTER INTERNATIONAL INC.,Health Care,Health Care,18.48,42.0
2025-12-05,BAX,BAXTER INTERNATIONAL INC.,Health Care,Health Care,18.54,27.0
2025-12-01,BBY,"BEST BUY CO., INC.",Consumer Discretionary,Consumer Discretionary,77.24,-37.0
2025-12-02,BBY,"BEST BUY CO., INC.",Consumer Discretionary,Consumer Discretionary,74.89,16.0
2025-12-03,BBY,"BEST BUY CO., INC.",Consumer Discretionary,Consumer Discretionary,74.38,16.0
2025-12-04,BBY,"BEST BUY CO., INC.",Consumer Discretionary,Consumer Discretionary,74.06,23.0
2025-12-05,BBY,"BEST BUY CO., INC.",Consumer Discretionary,Consumer Discretionary,74.17,23.0
2025-12-01,BDX,"BECTON, DICKINSON AND COMPANY",Health Care,Health Care,191.82,10.0
2025-12-02,BDX,"BECTON, DICKINSON AND COMPANY",Health Care,Health Care,190.47,25.0
2025-12-03,BDX,"BECTON, DICKINSON AND COMPANY",Health Care,Health Care,193.57,-20.0
2025-12-04,BDX,"BECTON, DICKINSON AND COMPANY",Health Care,Health Care,193.76,-13.0
2025-12-05,BDX,"BECTON, DICKINSON AND COMPANY",Health Care,Health Care,193.96,-13.0
2025-12-01,BEN,"FRANKLIN RESOURCES, INC.",Financials,Financials,22.54,10.0
2025-12-02,BEN,"FRANKLIN RESOURCES, INC.",Financials,Financials,22.42,30.0
2025-12-03,BEN,"FRANKLIN RESOURCES, INC.",Financials,Financials,23.01,-20.0
2025-12-04,BEN,"FRANKLIN RESOURCES, INC.",Financials,Financials,23.14,-13.0
2025-12-05,BEN,"FRANKLIN RESOURCES, INC.",Financials,Financials,23.4,-29.0
2025-12-01,BF.B,BROWN-FORMAN ,Consumer Staples,Consumer Staples,29.72,10.0
2025-12-02,BF.B,BROWN-FORMAN ,Consumer Staples,Consumer Staples,29.89,10.0
2025-12-03,BF.B,BROWN-FORMAN ,Consumer Staples,Consumer Staples,30.09,-20.0
2025-12-04,BF.B,BROWN-FORMAN ,Consumer Staples,Consumer Staples,29.7,27.0
2025-12-05,BF.B,BROWN-FORMAN ,Consumer Staples,Consumer Staples,30.4,-21.0
2025-12-01,BG,BUNGE LIMITED,Consumer Staples,Consumer Staples,96.42,-37.0
2025-12-02,BG,BUNGE LIMITED,Consumer Staples,Consumer Staples,96.05,-20.0
2025-12-03,BG,BUNGE LIMITED,Consumer Staples,Consumer Staples,95.29,-15.0
2025-12-04,BG,BUNGE LIMITED,Consumer Staples,Consumer Staples,94.39,33.0
2025-12-05,BG,BUNGE LIMITED,Consumer Staples,Consumer Staples,93.63,38.0
2025-12-01,BIIB,BIOGEN INC.,Health Care,Health Care,177.78,25.0
2025-12-02,BIIB,BIOGEN INC.,Health Care,Health Care,180.18,10.0
2025-12-03,BIIB,BIOGEN INC.,Health Care,Health Care,180.75,-20.0
2025-12-04,BIIB,BIOGEN INC.,Health Care,Health Care,181.98,-13.0
2025-12-05,BIIB,BIOGEN INC.,Health Care,Health Care,181.3,-5.0
2025-12-01,BK,THE BANK OF NEW YORK MELLON ,Financials,Financials,111.81,33.0
2025-12-02,BK,THE BANK OF NEW YORK MELLON ,Financials,Financials,112.08,18.0
2025-12-03,BK,THE BANK OF NEW YORK MELLON ,Financials,Financials,113.09,-15.0
2025-12-04,BK,THE BANK OF NEW YORK MELLON ,Financials,Financials,113.95,-7.0
2025-12-05,BK,THE BANK OF NEW YORK MELLON ,Financials,Financials,114.02,-24.0
2025-12-01,BKNG,BOOKING HOLDINGS INC.,Consumer Discretionary,Consumer Discretionary,4891.81,30.0
2025-12-02,BKNG,BOOKING HOLDINGS INC.,Consumer Discretionary,Consumer Discretionary,5135.07,-20.0
2025-12-03,BKNG,BOOKING HOLDINGS INC.,Consumer Discretionary,Consumer Discretionary,5047.21,16.0
2025-12-04,BKNG,BOOKING HOLDINGS INC.,Consumer Discretionary,Consumer Discretionary,5027.2,-3.0
2025-12-05,BKNG,BOOKING HOLDINGS INC.,Consumer Discretionary,Consumer Discretionary,5197.04,-56.0
2025-12-01,BKR,BAKER HUGHES COMPANY,Energy,Energy,50.16,-15.0
2025-12-02,BKR,BAKER HUGHES COMPANY,Energy,Energy,49.48,16.0
2025-12-03,BKR,BAKER HUGHES COMPANY,Energy,Energy,50.49,-15.0
2025-12-04,BKR,BAKER HUGHES COMPANY,Energy,Energy,50.61,-50.0
2025-12-05,BKR,BAKER HUGHES COMPANY,Energy,Energy,49.2,21.0
2025-12-01,BLDR,"BUILDERS FIRSTSOURCE, INC.",Industrials,Industrials,113.18,-20.0
2025-12-02,BLDR,"BUILDERS FIRSTSOURCE, INC.",Industrials,Industrials,112.1,10.0
2025-12-03,BLDR,"BUILDERS FIRSTSOURCE, INC.",Industrials,Industrials,114.44,-37.0
2025-12-04,BLDR,"BUILDERS FIRSTSOURCE, INC.",Industrials,Industrials,111.01,1.0
2025-12-05,BLDR,"BUILDERS FIRSTSOURCE, INC.",Industrials,Industrials,110.01,32.0
2025-12-01,BLK,"BLACKROCK, INC.",Financials,Financials,1039.94,26.0
2025-12-02,BLK,"BLACKROCK, INC.",Financials,Financials,1038.62,26.0
2025-12-03,BLK,"BLACKROCK, INC.",Financials,Financials,1079.87,-17.0
2025-12-04,BLK,"BLACKROCK, INC.",Financials,Financials,1075.58,-33.0
2025-12-05,BLK,"BLACKROCK, INC.",Financials,Financials,1072.16,-29.0
2025-12-01,BMY,BRISTOL-MYERS SQUIBB COMPANY,Health Care,Health Care,49.18,16.0
2025-12-02,BMY,BRISTOL-MYERS SQUIBB COMPANY,Health Care,Health Care,48.25,30.0
2025-12-03,BMY,BRISTOL-MYERS SQUIBB COMPANY,Health Care,Health Care,50.96,-20.0
2025-12-04,BMY,BRISTOL-MYERS SQUIBB COMPANY,Health Care,Health Care,51.95,-39.0
2025-12-05,BMY,BRISTOL-MYERS SQUIBB COMPANY,Health Care,Health Care,52.15,-39.0
2025-12-01,BR,"BROADRIDGE FINANCIAL SOLUTIONS, INC.",Industrials,Industrials,226.55,30.0
2025-12-02,BR,"BROADRIDGE FINANCIAL SOLUTIONS, INC.",Industrials,Industrials,227.61,16.0
2025-12-03,BR,"BROADRIDGE FINANCIAL SOLUTIONS, INC.",Industrials,Industrials,230.46,-20.0
2025-12-04,BR,"BROADRIDGE FINANCIAL SOLUTIONS, INC.",Industrials,Industrials,230.88,-13.0
2025-12-05,BR,"BROADRIDGE FINANCIAL SOLUTIONS, INC.",Industrials,Industrials,232.02,-29.0
2025-12-01,BRK.B,"BERKSHIRE HATHAWAY INC.,",Financials,Financials,508.55,-27.0
2025-12-02,BRK.B,"BERKSHIRE HATHAWAY INC.,",Financials,Financials,506.65,-13.0
2025-12-03,BRK.B,"BERKSHIRE HATHAWAY INC.,",Financials,Financials,503.6,13.0
2025-12-04,BRK.B,"BERKSHIRE HATHAWAY INC.,",Financials,Financials,503.23,28.0
2025-12-05,BRK.B,"BERKSHIRE HATHAWAY INC.,",Financials,Financials,504.34,28.0
2025-12-01,BRO,"BROWN & BROWN, INC.",Financials,Financials,81.18,-31.0
2025-12-02,BRO,"BROWN & BROWN, INC.",Financials,Financials,79.84,-15.0
2025-12-03,BRO,"BROWN & BROWN, INC.",Financials,Financials,79.65,16.0
2025-12-04,BRO,"BROWN & BROWN, INC.",Financials,Financials,79.64,23.0
2025-12-05,BRO,"BROWN & BROWN, INC.",Financials,Financials,78.37,38.0
2025-12-01,BSX,BOSTON SCIENTIFIC ,Health Care,Health Care,101.01,-31.0
2025-12-02,BSX,BOSTON SCIENTIFIC ,Health Care,Health Care,99.02,-13.0
2025-12-03,BSX,BOSTON SCIENTIFIC ,Health Care,Health Care,98.57,18.0
2025-12-04,BSX,BOSTON SCIENTIFIC ,Health Care,Health Care,97.72,26.0
2025-12-05,BSX,BOSTON SCIENTIFIC ,Health Care,Health Care,97.52,26.0
2025-12-01,BTC=F,BITCOIN FUTURES,,Futures,86715.0,33.0
2025-12-02,BTC=F,BITCOIN FUTURES,,Futures,91730.0,-15.0
2025-12-03,BTC=F,BITCOIN FUTURES,,Futures,93320.0,-15.0
2025-12-04,BTC=F,BITCOIN FUTURES,,Futures,92415.0,-15.0
2025-12-05,BTC=F,BITCOIN FUTURES,,Futures,89425.0,18.0
2025-12-01,BTI,BRITISH AMERICAN TOBACCO P.L.C.,,MR Discretion,58.13,-15.0
2025-12-02,BTI,BRITISH AMERICAN TOBACCO P.L.C.,,MR Discretion,57.93,-15.0
2025-12-03,BTI,BRITISH AMERICAN TOBACCO P.L.C.,,MR Discretion,57.51,16.0
2025-12-04,BTI,BRITISH AMERICAN TOBACCO P.L.C.,,MR Discretion,58.04,0.0
2025-12-05,BTI,BRITISH AMERICAN TOBACCO P.L.C.,,MR Discretion,57.01,48.0
2025-12-01,BTU,PEABODY ENERGY ,,MR Discretion,26.75,33.0
2025-12-02,BTU,PEABODY ENERGY ,,MR Discretion,27.58,16.0
2025-12-03,BTU,PEABODY ENERGY ,,MR Discretion,29.43,-15.0
2025-12-04,BTU,PEABODY ENERGY ,,MR Discretion,29.51,0.0
2025-12-05,BTU,PEABODY ENERGY ,,MR Discretion,29.02,-24.0
2025-12-01,BX,BLACKSTONE INC,Financials,Financials,146.35,30.0
2025-12-02,BX,BLACKSTONE INC,Financials,Financials,146.74,30.0
2025-12-03,BX,BLACKSTONE INC,Financials,Financials,151.52,-20.0
2025-12-04,BX,BLACKSTONE INC,Financials,Financials,151.39,-39.0
2025-12-05,BX,BLACKSTONE INC,Financials,Financials,152.15,-13.0
2025-12-01,BXP,"BOSTON PROPERTIES, INC.",Real Estate,Real Estate,71.97,-20.0
2025-12-02,BXP,"BOSTON PROPERTIES, INC.",Real Estate,Real Estate,71.75,-20.0
2025-12-03,BXP,"BOSTON PROPERTIES, INC.",Real Estate,Real Estate,71.15,-15.0
2025-12-04,BXP,"BOSTON PROPERTIES, INC.",Real Estate,Real Estate,70.56,23.0
2025-12-05,BXP,"BOSTON PROPERTIES, INC.",Real Estate,Real Estate,69.28,61.0
2025-12-01,C,CITIGROUP INC.,Financials,Financials,102.68,30.0
2025-12-02,C,CITIGROUP INC.,Financials,Financials,103.19,16.0
2025-12-03,C,CITIGROUP INC.,Financials,Financials,106.72,-15.0
2025-12-04,C,CITIGROUP INC.,Financials,Financials,107.79,-7.0
2025-12-05,C,CITIGROUP INC.,Financials,Financials,108.88,-29.0
2025-12-01,CAG,"CONAGRA BRANDS, INC.",Consumer Staples,Consumer Staples,17.67,-37.0
2025-12-02,CAG,"CONAGRA BRANDS, INC.",Consumer Staples,Consumer Staples,17.22,-20.0
2025-12-03,CAG,"CONAGRA BRANDS, INC.",Consumer Staples,Consumer Staples,17.16,10.0
2025-12-04,CAG,"CONAGRA BRANDS, INC.",Consumer Staples,Consumer Staples,16.95,18.0
2025-12-05,CAG,"CONAGRA BRANDS, INC.",Consumer Staples,Consumer Staples,17.05,18.0
2025-12-01,CAH,"CARDINAL HEALTH, INC.",Health Care,Health Care,208.0,-31.0
2025-12-02,CAH,"CARDINAL HEALTH, INC.",Health Care,Health Care,205.13,-15.0
2025-12-03,CAH,"CARDINAL HEALTH, INC.",Health Care,Health Care,199.71,18.0
2025-12-04,CAH,"CARDINAL HEALTH, INC.",Health Care,Health Care,199.19,36.0
2025-12-05,CAH,"CARDINAL HEALTH, INC.",Health Care,Health Care,198.83,36.0
2025-12-01,CALM,"CAL-MAINE FOODS, INC.",,MR Discretion,83.63,-13.0
2025-12-02,CALM,"CAL-MAINE FOODS, INC.",,MR Discretion,81.51,33.0
2025-12-03,CALM,"CAL-MAINE FOODS, INC.",,MR Discretion,82.67,18.0
2025-12-04,CALM,"CAL-MAINE FOODS, INC.",,MR Discretion,85.21,-41.0
2025-12-05,CALM,"CAL-MAINE FOODS, INC.",,MR Discretion,84.71,-33.0
2025-12-01,CANE,TEUCRIUM:SUGAR,,Commodities,9.51,25.0
2025-12-02,CANE,TEUCRIUM:SUGAR,,Commodities,9.62,-20.0
2025-12-03,CANE,TEUCRIUM:SUGAR,,Commodities,9.6,-20.0
2025-12-04,CANE,TEUCRIUM:SUGAR,,Commodities,9.605,-13.0
2025-12-05,CANE,TEUCRIUM:SUGAR,,Commodities,9.572,18.0
2025-12-01,CARR,CARRIER GLOBAL ,Industrials,Industrials,54.25,16.0
2025-12-02,CARR,CARRIER GLOBAL ,Industrials,Industrials,53.82,30.0
2025-12-03,CARR,CARRIER GLOBAL ,Industrials,Industrials,54.62,-31.0
2025-12-04,CARR,CARRIER GLOBAL ,Industrials,Industrials,54.5,-7.0
2025-12-05,CARR,CARRIER GLOBAL ,Industrials,Industrials,54.29,23.0
2025-12-01,CAT,CATERPILLAR INC.,Industrials,Industrials,568.06,33.0
2025-12-02,CAT,CATERPILLAR INC.,Industrials,Industrials,582.47,16.0
2025-12-03,CAT,CATERPILLAR INC.,Industrials,Industrials,591.49,-15.0
2025-12-04,CAT,CATERPILLAR INC.,Industrials,Industrials,599.15,-7.0
2025-12-05,CAT,CATERPILLAR INC.,Industrials,Industrials,603.17,-16.0
2025-12-01,CB,CHUBB LTD,Financials,Financials,293.88,30.0
2025-12-02,CB,CHUBB LTD,Financials,Financials,294.5,16.0
2025-12-03,CB,CHUBB LTD,Financials,Financials,295.05,-15.0
2025-12-04,CB,CHUBB LTD,Financials,Financials,294.64,0.0
2025-12-05,CB,CHUBB LTD,Financials,Financials,295.0,0.0
2025-12-01,CBOE,"CBOE GLOBAL MARKETS, INC.",Financials,Financials,255.28,-27.0
2025-12-02,CBOE,"CBOE GLOBAL MARKETS, INC.",Financials,Financials,254.35,-13.0
2025-12-03,CBOE,"CBOE GLOBAL MARKETS, INC.",Financials,Financials,253.9,13.0
2025-12-04,CBOE,"CBOE GLOBAL MARKETS, INC.",Financials,Financials,254.92,0.0
2025-12-05,CBOE,"CBOE GLOBAL MARKETS, INC.",Financials,Financials,252.76,41.0
2025-12-01,CBRE,"CBRE GROUP, INC.",Real Estate,Real Estate,159.34,30.0
2025-12-02,CBRE,"CBRE GROUP, INC.",Real Estate,Real Estate,159.33,30.0
2025-12-03,CBRE,"CBRE GROUP, INC.",Real Estate,Real Estate,162.28,-31.0
2025-12-04,CBRE,"CBRE GROUP, INC.",Real Estate,Real Estate,161.47,-7.0
2025-12-05,CBRE,"CBRE GROUP, INC.",Real Estate,Real Estate,160.86,-7.0
2025-12-01,CCI,CROWN CASTLE INC.,Real Estate,Real Estate,88.5,16.0
2025-12-02,CCI,CROWN CASTLE INC.,Real Estate,Real Estate,88.28,16.0
2025-12-03,CCI,CROWN CASTLE INC.,Real Estate,Real Estate,88.33,16.0
2025-12-04,CCI,CROWN CASTLE INC.,Real Estate,Real Estate,88.61,0.0
2025-12-05,CCI,CROWN CASTLE INC.,Real Estate,Real Estate,89.28,-12.0
2025-12-01,CCJ,CAMECO ,,MR Discretion,87.53,18.0
2025-12-02,CCJ,CAMECO ,,MR Discretion,88.23,18.0
2025-12-03,CCJ,CAMECO ,,MR Discretion,89.45,16.0
2025-12-04,CCJ,CAMECO ,,MR Discretion,94.09,-16.0
2025-12-05,CCJ,CAMECO ,,MR Discretion,91.27,-24.0
2025-12-01,CCL,CARNIVAL CORP,Consumer Discretionary,Consumer Discretionary,25.93,-13.0
2025-12-02,CCL,CARNIVAL CORP,Consumer Discretionary,Consumer Discretionary,25.84,13.0
2025-12-03,CCL,CARNIVAL CORP,Consumer Discretionary,Consumer Discretionary,26.04,-27.0
2025-12-04,CCL,CARNIVAL CORP,Consumer Discretionary,Consumer Discretionary,25.82,28.0
2025-12-05,CCL,CARNIVAL CORP,Consumer Discretionary,Consumer Discretionary,25.87,20.0
2025-12-01,CDNS,"CADENCE DESIGN SYSTEMS, INC.",Information Technology,Information Technology,309.62,30.0
2025-12-02,CDNS,"CADENCE DESIGN SYSTEMS, INC.",Information Technology,Information Technology,317.94,16.0
2025-12-03,CDNS,"CADENCE DESIGN SYSTEMS, INC.",Information Technology,Information Technology,336.11,-20.0
2025-12-04,CDNS,"CADENCE DESIGN SYSTEMS, INC.",Information Technology,Information Technology,337.3,-30.0
2025-12-05,CDNS,"CADENCE DESIGN SYSTEMS, INC.",Information Technology,Information Technology,337.53,-30.0
2025-12-01,CDW,CDW ,Information Technology,Information Technology,143.03,30.0
2025-12-02,CDW,CDW ,Information Technology,Information Technology,144.16,16.0
2025-12-03,CDW,CDW ,Information Technology,Information Technology,143.68,16.0
2025-12-04,CDW,CDW ,Information Technology,Information Technology,144.54,-7.0
2025-12-05,CDW,CDW ,Information Technology,Information Technology,146.25,-29.0
2025-12-01,CEG,CONSTELLATION ENERGY,Utilities,Utilities,359.05,18.0
2025-12-02,CEG,CONSTELLATION ENERGY,Utilities,Utilities,363.67,-15.0
2025-12-03,CEG,CONSTELLATION ENERGY,Utilities,Utilities,361.26,16.0
2025-12-04,CEG,CONSTELLATION ENERGY,Utilities,Utilities,368.62,-16.0
2025-12-05,CEG,CONSTELLATION ENERGY,Utilities,Utilities,359.82,47.0
2025-12-01,CF,"CF INDUSTRIES HOLDINGS, INC.",Materials,Materials,79.8,-15.0
2025-12-02,CF,"CF INDUSTRIES HOLDINGS, INC.",Materials,Materials,78.97,16.0
2025-12-03,CF,"CF INDUSTRIES HOLDINGS, INC.",Materials,Materials,79.29,-15.0
2025-12-04,CF,"CF INDUSTRIES HOLDINGS, INC.",Materials,Materials,80.23,-16.0
2025-12-05,CF,"CF INDUSTRIES HOLDINGS, INC.",Materials,Materials,77.88,48.0
2025-12-01,CFG,"CITIZENS FINANCIAL GROUP, INC.",Financials,Financials,54.58,30.0
2025-12-02,CFG,"CITIZENS FINANCIAL GROUP, INC.",Financials,Financials,54.66,16.0
2025-12-03,CFG,"CITIZENS FINANCIAL GROUP, INC.",Financials,Financials,55.68,-20.0
2025-12-04,CFG,"CITIZENS FINANCIAL GROUP, INC.",Financials,Financials,55.88,-29.0
2025-12-05,CFG,"CITIZENS FINANCIAL GROUP, INC.",Financials,Financials,55.46,-7.0
2025-12-01,CHD,"CHURCH & DWIGHT CO., INC.",Consumer Staples,Consumer Staples,84.58,-31.0
2025-12-02,CHD,"CHURCH & DWIGHT CO., INC.",Consumer Staples,Consumer Staples,83.54,30.0
2025-12-03,CHD,"CHURCH & DWIGHT CO., INC.",Consumer Staples,Consumer Staples,83.91,16.0
2025-12-04,CHD,"CHURCH & DWIGHT CO., INC.",Consumer Staples,Consumer Staples,83.95,23.0
2025-12-05,CHD,"CHURCH & DWIGHT CO., INC.",Consumer Staples,Consumer Staples,84.52,-7.0
2025-12-01,CHRW,"C.H. ROBINSON WORLDWIDE, INC.",Industrials,Industrials,160.32,-31.0
2025-12-02,CHRW,"C.H. ROBINSON WORLDWIDE, INC.",Industrials,Industrials,159.63,-15.0
2025-12-03,CHRW,"C.H. ROBINSON WORLDWIDE, INC.",Industrials,Industrials,159.54,-15.0
2025-12-04,CHRW,"C.H. ROBINSON WORLDWIDE, INC.",Industrials,Industrials,158.05,33.0
2025-12-05,CHRW,"C.H. ROBINSON WORLDWIDE, INC.",Industrials,Industrials,157.22,48.0
2025-12-01,CHTR,"CHARTER COMMUNICATIONS, INC.",Communication Services,Communication Services,196.94,16.0
2025-12-02,CHTR,"CHARTER COMMUNICATIONS, INC.",Communication Services,Communication Services,197.72,16.0
2025-12-03,CHTR,"CHARTER COMMUNICATIONS, INC.",Communication Services,Communication Services,199.955,-15.0
2025-12-04,CHTR,"CHARTER COMMUNICATIONS, INC.",Communication Services,Communication Services,199.98,0.0
2025-12-05,CHTR,"CHARTER COMMUNICATIONS, INC.",Communication Services,Communication Services,205.1,-6.0
2025-12-01,CI,THE CIGNA GROUP,Health Care,Health Care,273.57,-17.0
2025-12-02,CI,THE CIGNA GROUP,Health Care,Health Care,274.1,-31.0
2025-12-03,CI,THE CIGNA GROUP,Health Care,Health Care,270.32,9.0
2025-12-04,CI,THE CIGNA GROUP,Health Care,Health Care,268.42,15.0
2025-12-05,CI,THE CIGNA GROUP,Health Care,Health Care,265.44,28.0
2025-12-01,CINF,CINCINNATI FINANCIAL ,Financials,Financials,166.03,-31.0
2025-12-02,CINF,CINCINNATI FINANCIAL ,Financials,Financials,163.77,-15.0
2025-12-03,CINF,CINCINNATI FINANCIAL ,Financials,Financials,162.83,16.0
2025-12-04,CINF,CINCINNATI FINANCIAL ,Financials,Financials,163.01,33.0
2025-12-05,CINF,CINCINNATI FINANCIAL ,Financials,Financials,162.3,23.0
2025-12-01,CIVI,"CIVITAS RESOURCES, INC.",,MR Discretion,29.7,10.0
2025-12-02,CIVI,"CIVITAS RESOURCES, INC.",,MR Discretion,29.29,25.0
2025-12-03,CIVI,"CIVITAS RESOURCES, INC.",,MR Discretion,30.39,-20.0
2025-12-04,CIVI,"CIVITAS RESOURCES, INC.",,MR Discretion,30.46,-13.0
2025-12-05,CIVI,"CIVITAS RESOURCES, INC.",,MR Discretion,30.39,-13.0
2025-12-01,CL,COLGATE-PALMOLIVE COMPANY,Consumer Staples,Consumer Staples,79.94,-37.0
2025-12-02,CL,COLGATE-PALMOLIVE COMPANY,Consumer Staples,Consumer Staples,78.82,-15.0
2025-12-03,CL,COLGATE-PALMOLIVE COMPANY,Consumer Staples,Consumer Staples,78.2,16.0
2025-12-04,CL,COLGATE-PALMOLIVE COMPANY,Consumer Staples,Consumer Staples,77.6,38.0
2025-12-05,CL,COLGATE-PALMOLIVE COMPANY,Consumer Staples,Consumer Staples,78.07,45.0
2025-12-01,CLX,THE CLOROX COMPANY,Consumer Staples,Consumer Staples,106.41,-37.0
2025-12-02,CLX,THE CLOROX COMPANY,Consumer Staples,Consumer Staples,105.89,-20.0
2025-12-03,CLX,THE CLOROX COMPANY,Consumer Staples,Consumer Staples,105.17,16.0
2025-12-04,CLX,THE CLOROX COMPANY,Consumer Staples,Consumer Staples,105.1,33.0
2025-12-05,CLX,THE CLOROX COMPANY,Consumer Staples,Consumer Staples,104.9,33.0
2025-12-01,CMBT,CMB.TECH NV,,MR Discretion,10.64,25.0
2025-12-02,CMBT,CMB.TECH NV,,MR Discretion,10.82,10.0
2025-12-03,CMBT,CMB.TECH NV,,MR Discretion,11.07,-37.0
2025-12-04,CMBT,CMB.TECH NV,,MR Discretion,10.93,-5.0
2025-12-05,CMBT,CMB.TECH NV,,MR Discretion,10.81,27.0
2025-12-01,CMCSA,COMCAST ,Communication Services,Communication Services,26.58,30.0
2025-12-02,CMCSA,COMCAST ,Communication Services,Communication Services,27.02,10.0
2025-12-03,CMCSA,COMCAST ,Communication Services,Communication Services,27.43,-20.0
2025-12-04,CMCSA,COMCAST ,Communication Services,Communication Services,27.2,-5.0
2025-12-05,CMCSA,COMCAST ,Communication Services,Communication Services,27.31,-5.0
2025-12-01,CME,CME GROUP INC.,Financials,Financials,278.99,-31.0
2025-12-02,CME,CME GROUP INC.,Financials,Financials,277.49,-15.0
2025-12-03,CME,CME GROUP INC.,Financials,Financials,274.34,16.0
2025-12-04,CME,CME GROUP INC.,Financials,Financials,273.19,23.0
2025-12-05,CME,CME GROUP INC.,Financials,Financials,270.87,38.0
2025-12-01,CMG,"CHIPOTLE MEXICAN GRILL, INC.",Consumer Discretionary,Consumer Discretionary,34.24,-37.0
2025-12-02,CMG,"CHIPOTLE MEXICAN GRILL, INC.",Consumer Discretionary,Consumer Discretionary,34.14,-20.0
2025-12-03,CMG,"CHIPOTLE MEXICAN GRILL, INC.",Consumer Discretionary,Consumer Discretionary,33.93,25.0
2025-12-04,CMG,"CHIPOTLE MEXICAN GRILL, INC.",Consumer Discretionary,Consumer Discretionary,34.15,-5.0
2025-12-05,CMG,"CHIPOTLE MEXICAN GRILL, INC.",Consumer Discretionary,Consumer Discretionary,33.94,42.0
2025-12-01,CMI,CUMMINS INC.,Industrials,Industrials,496.15,30.0
2025-12-02,CMI,CUMMINS INC.,Industrials,Industrials,501.5,16.0
2025-12-03,CMI,CUMMINS INC.,Industrials,Industrials,507.81,-15.0
2025-12-04,CMI,CUMMINS INC.,Industrials,Industrials,510.74,-5.0
2025-12-05,CMI,CUMMINS INC.,Industrials,Industrials,510.65,-5.0
2025-12-01,CMRE,COSTAMARE INC.,,MR Discretion,15.53,21.0
2025-12-02,CMRE,COSTAMARE INC.,,MR Discretion,15.82,9.0
2025-12-03,CMRE,COSTAMARE INC.,,MR Discretion,16.14,-17.0
2025-12-04,CMRE,COSTAMARE INC.,,MR Discretion,16.33,-18.0
2025-12-05,CMRE,COSTAMARE INC.,,MR Discretion,16.13,-4.0
2025-12-01,CMS,CMS ENERGY ,Utilities,Utilities,73.16,-31.0
2025-12-02,CMS,CMS ENERGY ,Utilities,Utilities,72.64,-15.0
2025-12-03,CMS,CMS ENERGY ,Utilities,Utilities,72.19,-15.0
2025-12-04,CMS,CMS ENERGY ,Utilities,Utilities,71.7,23.0
2025-12-05,CMS,CMS ENERGY ,Utilities,Utilities,71.09,63.0
2025-12-01,CNC,CENTENE ,Health Care,Health Care,37.89,25.0
2025-12-02,CNC,CENTENE ,Health Care,Health Care,38.81,-20.0
2025-12-03,CNC,CENTENE ,Health Care,Health Care,38.81,-20.0
2025-12-04,CNC,CENTENE ,Health Care,Health Care,38.85,-13.0
2025-12-05,CNC,CENTENE ,Health Care,Health Care,38.34,18.0
2025-12-01,CNP,"CENTERPOINT ENERGY, INC.",Utilities,Utilities,39.13,-31.0
2025-12-02,CNP,"CENTERPOINT ENERGY, INC.",Utilities,Utilities,38.35,18.0
2025-12-03,CNP,"CENTERPOINT ENERGY, INC.",Utilities,Utilities,38.38,18.0
2025-12-04,CNP,"CENTERPOINT ENERGY, INC.",Utilities,Utilities,38.54,-2.0
2025-12-05,CNP,"CENTERPOINT ENERGY, INC.",Utilities,Utilities,38.43,26.0
2025-12-01,CNR,"CORE NATURAL RESOURCES, INC.",,MR Discretion,77.32,30.0
2025-12-02,CNR,"CORE NATURAL RESOURCES, INC.",,MR Discretion,77.81,30.0
2025-12-03,CNR,"CORE NATURAL RESOURCES, INC.",,MR Discretion,82.68,-15.0
2025-12-04,CNR,"CORE NATURAL RESOURCES, INC.",,MR Discretion,84.04,-13.0
2025-12-05,CNR,"CORE NATURAL RESOURCES, INC.",,MR Discretion,83.27,-34.0
2025-12-01,COF,CAPITAL ONE FINANCIAL ,Financials,Financials,220.37,30.0
2025-12-02,COF,CAPITAL ONE FINANCIAL ,Financials,Financials,224.0,16.0
2025-12-03,COF,CAPITAL ONE FINANCIAL ,Financials,Financials,227.24,-20.0
2025-12-04,COF,CAPITAL ONE FINANCIAL ,Financials,Financials,229.71,-5.0
2025-12-05,COF,CAPITAL ONE FINANCIAL ,Financials,Financials,230.68,-21.0
2025-12-01,COIN,"COINBASE GLOBAL, INC.",Financials,Financials,259.84,33.0
2025-12-02,COIN,"COINBASE GLOBAL, INC.",Financials,Financials,263.26,18.0
2025-12-03,COIN,"COINBASE GLOBAL, INC.",Financials,Financials,276.92,-31.0
2025-12-04,COIN,"COINBASE GLOBAL, INC.",Financials,Financials,274.05,0.0
2025-12-05,COIN,"COINBASE GLOBAL, INC.",Financials,Financials,269.73,0.0
2025-12-01,COMT,ISHARES:GSCI COMM DYN RS,,Commodities,26.98,16.0
2025-12-02,COMT,ISHARES:GSCI COMM DYN RS,,Commodities,26.88,30.0
2025-12-03,COMT,ISHARES:GSCI COMM DYN RS,,Commodities,26.9649,16.0
2025-12-04,COMT,ISHARES:GSCI COMM DYN RS,,Commodities,27.0717,-13.0
2025-12-05,COMT,ISHARES:GSCI COMM DYN RS,,Commodities,27.22,-29.0
2025-12-01,COO,"THE COOPER COMPANIES, INC.",Health Care,Health Care,77.41,16.0
2025-12-02,COO,"THE COOPER COMPANIES, INC.",Health Care,Health Care,75.84,16.0
2025-12-03,COO,"THE COOPER COMPANIES, INC.",Health Care,Health Care,75.98,16.0
2025-12-04,COO,"THE COOPER COMPANIES, INC.",Health Care,Health Care,77.03,33.0
2025-12-05,COO,"THE COOPER COMPANIES, INC.",Health Care,Health Care,81.4,-46.0
2025-12-01,COP,CONOCOPHILLIPS,Energy,Energy,90.26,10.0
2025-12-02,COP,CONOCOPHILLIPS,Energy,Energy,89.29,25.0
2025-12-03,COP,CONOCOPHILLIPS,Energy,Energy,91.81,-20.0
2025-12-04,COP,CONOCOPHILLIPS,Energy,Energy,93.12,-39.0
2025-12-05,COP,CONOCOPHILLIPS,Energy,Energy,93.69,-56.0
2025-12-01,COR,"CENCORA, INC.",Health Care,Health Care,360.12,-31.0
2025-12-02,COR,"CENCORA, INC.",Health Care,Health Care,350.67,-13.0
2025-12-03,COR,"CENCORA, INC.",Health Care,Health Care,335.31,16.0
2025-12-04,COR,"CENCORA, INC.",Health Care,Health Care,337.63,6.0
2025-12-05,COR,"CENCORA, INC.",Health Care,Health Care,339.66,8.0
2025-12-01,CORN,TEUCRIUM:CORN,,Commodities,17.9073,-20.0
2025-12-02,CORN,TEUCRIUM:CORN,,Commodities,18.05,-37.0
2025-12-03,CORN,TEUCRIUM:CORN,,Commodities,17.81,25.0
2025-12-04,CORN,TEUCRIUM:CORN,,Commodities,17.89,18.0
2025-12-05,CORN,TEUCRIUM:CORN,,Commodities,17.85,18.0
2025-12-01,COST,COSTCO WHOLESALE ,Consumer Staples,Consumer Staples,911.96,-13.0
2025-12-02,COST,COSTCO WHOLESALE ,Consumer Staples,Consumer Staples,922.03,-13.0
2025-12-03,COST,COSTCO WHOLESALE ,Consumer Staples,Consumer Staples,922.26,-13.0
2025-12-04,COST,COSTCO WHOLESALE ,Consumer Staples,Consumer Staples,895.855,5.0
2025-12-05,COST,COSTCO WHOLESALE ,Consumer Staples,Consumer Staples,894.68,17.0
2025-12-01,CPAY,"FLEETCOR TECHNOLOGIES, INC.",Financials,Financials,296.27,10.0
2025-12-02,CPAY,"FLEETCOR TECHNOLOGIES, INC.",Financials,Financials,294.95,10.0
2025-12-03,CPAY,"FLEETCOR TECHNOLOGIES, INC.",Financials,Financials,299.89,-20.0
2025-12-04,CPAY,"FLEETCOR TECHNOLOGIES, INC.",Financials,Financials,297.39,18.0
2025-12-05,CPAY,"FLEETCOR TECHNOLOGIES, INC.",Financials,Financials,310.64,-36.0
2025-12-01,CPB,CAMPBELL SOUP COMPANY,Consumer Staples,Consumer Staples,30.59,-37.0
2025-12-02,CPB,CAMPBELL SOUP COMPANY,Consumer Staples,Consumer Staples,29.89,-15.0
2025-12-03,CPB,CAMPBELL SOUP COMPANY,Consumer Staples,Consumer Staples,29.84,16.0
2025-12-04,CPB,CAMPBELL SOUP COMPANY,Consumer Staples,Consumer Staples,29.36,38.0
2025-12-05,CPB,CAMPBELL SOUP COMPANY,Consumer Staples,Consumer Staples,29.6,45.0
2025-12-01,CPER,UNITED STATES COPPER IDX,,Commodities,32.29,13.0
2025-12-02,CPER,UNITED STATES COPPER IDX,,Commodities,32.14,26.0
2025-12-03,CPER,UNITED STATES COPPER IDX,,Commodities,33.03,-13.0
2025-12-04,CPER,UNITED STATES COPPER IDX,,Commodities,32.84,-29.0
2025-12-05,CPER,UNITED STATES COPPER IDX,,Commodities,33.35,-43.0
2025-12-01,CPRT,"COPART, INC.",Industrials,Industrials,39.15,-31.0
2025-12-02,CPRT,"COPART, INC.",Industrials,Industrials,38.96,-15.0
2025-12-03,CPRT,"COPART, INC.",Industrials,Industrials,38.85,16.0
2025-12-04,CPRT,"COPART, INC.",Industrials,Industrials,38.8,33.0
2025-12-05,CPRT,"COPART, INC.",Industrials,Industrials,38.72,38.0
2025-12-01,CPT,CAMDEN PROPERTY TRUST,Real Estate,Real Estate,106.06,-20.0
2025-12-02,CPT,CAMDEN PROPERTY TRUST,Real Estate,Real Estate,106.0,-20.0
2025-12-03,CPT,CAMDEN PROPERTY TRUST,Real Estate,Real Estate,105.56,-20.0
2025-12-04,CPT,CAMDEN PROPERTY TRUST,Real Estate,Real Estate,104.51,33.0
2025-12-05,CPT,CAMDEN PROPERTY TRUST,Real Estate,Real Estate,103.88,48.0
2025-12-01,CRESY,CRESUD INC.,,MR Discretion,11.5,16.0
2025-12-02,CRESY,CRESUD INC.,,MR Discretion,11.34,33.0
2025-12-03,CRESY,CRESUD INC.,,MR Discretion,11.74,-31.0
2025-12-04,CRESY,CRESUD INC.,,MR Discretion,11.68,-7.0
2025-12-05,CRESY,CRESUD INC.,,MR Discretion,11.49,23.0
2025-12-01,CRL,CHARLES RIVER LABORATORIES,Health Care,Health Care,176.09,10.0
2025-12-02,CRL,CHARLES RIVER LABORATORIES,Health Care,Health Care,174.76,25.0
2025-12-03,CRL,CHARLES RIVER LABORATORIES,Health Care,Health Care,184.67,-20.0
2025-12-04,CRL,CHARLES RIVER LABORATORIES,Health Care,Health Care,184.04,-39.0
2025-12-05,CRL,CHARLES RIVER LABORATORIES,Health Care,Health Care,184.31,-39.0
2025-12-01,CRM,"SALESFORCE, INC.",Information Technology,Information Technology,232.83,16.0
2025-12-02,CRM,"SALESFORCE, INC.",Information Technology,Information Technology,234.71,16.0
2025-12-03,CRM,"SALESFORCE, INC.",Information Technology,Information Technology,238.72,16.0
2025-12-04,CRM,"SALESFORCE, INC.",Information Technology,Information Technology,247.46,-5.0
2025-12-05,CRM,"SALESFORCE, INC.",Information Technology,Information Technology,260.57,-46.0
2025-12-01,CRWD,"CROWDSTRIKE HOLDINGS, INC.",Information Technology,Information Technology,504.13,33.0
2025-12-02,CRWD,"CROWDSTRIKE HOLDINGS, INC.",Information Technology,Information Technology,516.55,-15.0
2025-12-03,CRWD,"CROWDSTRIKE HOLDINGS, INC.",Information Technology,Information Technology,524.17,-31.0
2025-12-04,CRWD,"CROWDSTRIKE HOLDINGS, INC.",Information Technology,Information Technology,513.12,6.0
2025-12-05,CRWD,"CROWDSTRIKE HOLDINGS, INC.",Information Technology,Information Technology,512.03,33.0
2025-12-01,CSCO,"CISCO SYSTEMS, INC.",Information Technology,Information Technology,76.04,30.0
2025-12-02,CSCO,"CISCO SYSTEMS, INC.",Information Technology,Information Technology,76.87,16.0
2025-12-03,CSCO,"CISCO SYSTEMS, INC.",Information Technology,Information Technology,77.75,-15.0
2025-12-04,CSCO,"CISCO SYSTEMS, INC.",Information Technology,Information Technology,77.76,0.0
2025-12-05,CSCO,"CISCO SYSTEMS, INC.",Information Technology,Information Technology,77.97,0.0
2025-12-01,CSGP,"COSTAR GROUP, INC.",Real Estate,Real Estate,68.02,16.0
2025-12-02,CSGP,"COSTAR GROUP, INC.",Real Estate,Real Estate,68.2,16.0
2025-12-03,CSGP,"COSTAR GROUP, INC.",Real Estate,Real Estate,69.02,-37.0
2025-12-04,CSGP,"COSTAR GROUP, INC.",Real Estate,Real Estate,68.19,33.0
2025-12-05,CSGP,"COSTAR GROUP, INC.",Real Estate,Real Estate,68.01,33.0
2025-12-01,CSX,CSX ,Industrials,Industrials,34.85,30.0
2025-12-02,CSX,CSX ,Industrials,Industrials,34.97,16.0
2025-12-03,CSX,CSX ,Industrials,Industrials,35.95,-20.0
2025-12-04,CSX,CSX ,Industrials,Industrials,36.18,-13.0
2025-12-05,CSX,CSX ,Industrials,Industrials,36.3,-39.0
2025-12-01,CTAS,CINTAS ,Industrials,Industrials,185.43,-15.0
2025-12-02,CTAS,CINTAS ,Industrials,Industrials,184.19,16.0
2025-12-03,CTAS,CINTAS ,Industrials,Industrials,184.71,16.0
2025-12-04,CTAS,CINTAS ,Industrials,Industrials,184.03,23.0
2025-12-05,CTAS,CINTAS ,Industrials,Industrials,186.75,-16.0
2025-12-01,CTRA,COTERRA ENERGY INC.,Energy,Energy,26.95,9.0
2025-12-02,CTRA,COTERRA ENERGY INC.,Energy,Energy,26.39,26.0
2025-12-03,CTRA,COTERRA ENERGY INC.,Energy,Energy,27.16,-17.0
2025-12-04,CTRA,COTERRA ENERGY INC.,Energy,Energy,27.34,-33.0
2025-12-05,CTRA,COTERRA ENERGY INC.,Energy,Energy,27.39,-33.0
2025-12-01,CTSH,COGNIZANT TECHNOLOGY SOLUTIONS ,Information Technology,Information Technology,77.43,25.0
2025-12-02,CTSH,COGNIZANT TECHNOLOGY SOLUTIONS ,Information Technology,Information Technology,77.69,10.0
2025-12-03,CTSH,COGNIZANT TECHNOLOGY SOLUTIONS ,Information Technology,Information Technology,79.24,-20.0
2025-12-04,CTSH,COGNIZANT TECHNOLOGY SOLUTIONS ,Information Technology,Information Technology,80.2,-13.0
2025-12-05,CTSH,COGNIZANT TECHNOLOGY SOLUTIONS ,Information Technology,Information Technology,80.72,-29.0
2025-12-01,CTVA,"CORTEVA, INC.",Materials,Materials,66.54,-31.0
2025-12-02,CTVA,"CORTEVA, INC.",Materials,Materials,65.6,16.0
2025-12-03,CTVA,"CORTEVA, INC.",Materials,Materials,65.3,30.0
2025-12-04,CTVA,"CORTEVA, INC.",Materials,Materials,66.29,-24.0
2025-12-05,CTVA,"CORTEVA, INC.",Materials,Materials,66.0,-24.0
2025-12-01,CVS,CVS HEALTH ,Health Care,Health Care,79.1,-37.0
2025-12-02,CVS,CVS HEALTH ,Health Care,Health Care,77.62,-15.0
2025-12-03,CVS,CVS HEALTH ,Health Care,Health Care,75.0,30.0
2025-12-04,CVS,CVS HEALTH ,Health Care,Health Care,76.75,6.0
2025-12-05,CVS,CVS HEALTH ,Health Care,Health Care,75.63,6.0
2025-12-01,CVX,CHEVRON ,Energy,Energy,152.54,-31.0
2025-12-02,CVX,CHEVRON ,Energy,Energy,150.25,16.0
2025-12-03,CVX,CHEVRON ,Energy,Energy,151.59,-15.0
2025-12-04,CVX,CHEVRON ,Energy,Energy,152.26,-34.0
2025-12-05,CVX,CHEVRON ,Energy,Energy,150.0,11.0
2025-12-01,D,"DOMINION ENERGY, INC.",Utilities,Utilities,60.8,-31.0
2025-12-02,D,"DOMINION ENERGY, INC.",Utilities,Utilities,60.35,-15.0
2025-12-03,D,"DOMINION ENERGY, INC.",Utilities,Utilities,60.03,-15.0
2025-12-04,D,"DOMINION ENERGY, INC.",Utilities,Utilities,59.84,33.0
2025-12-05,D,"DOMINION ENERGY, INC.",Utilities,Utilities,58.49,63.0
2025-12-01,DAL,"DELTA AIR LINES, INC.",Industrials,Industrials,64.15,30.0
2025-12-02,DAL,"DELTA AIR LINES, INC.",Industrials,Industrials,65.14,16.0
2025-12-03,DAL,"DELTA AIR LINES, INC.",Industrials,Industrials,67.49,-20.0
2025-12-04,DAL,"DELTA AIR LINES, INC.",Industrials,Industrials,67.24,-5.0
2025-12-05,DAL,"DELTA AIR LINES, INC.",Industrials,Industrials,67.1,-5.0
2025-12-01,DASH,"DOORDASH, INC.",Consumer Discretionary,Consumer Discretionary,205.58,33.0
2025-12-02,DASH,"DOORDASH, INC.",Consumer Discretionary,Consumer Discretionary,216.98,16.0
2025-12-03,DASH,"DOORDASH, INC.",Consumer Discretionary,Consumer Discretionary,222.48,-15.0
2025-12-04,DASH,"DOORDASH, INC.",Consumer Discretionary,Consumer Discretionary,221.19,-24.0
2025-12-05,DASH,"DOORDASH, INC.",Consumer Discretionary,Consumer Discretionary,225.0,-34.0
2025-12-01,DAY,CERIDIAN HCM HOLDING INC.,Industrials,Industrials,69.12,-17.0
2025-12-02,DAY,CERIDIAN HCM HOLDING INC.,Industrials,Industrials,69.11,-17.0
2025-12-03,DAY,CERIDIAN HCM HOLDING INC.,Industrials,Industrials,69.1,9.0
2025-12-04,DAY,CERIDIAN HCM HOLDING INC.,Industrials,Industrials,69.11,-4.0
2025-12-05,DAY,CERIDIAN HCM HOLDING INC.,Industrials,Industrials,69.07,36.0
2025-12-01,DBA,INVESCO DB MS AGRI,,Commodities,26.29,30.0
2025-12-02,DBA,INVESCO DB MS AGRI,,Commodities,26.41,16.0
2025-12-03,DBA,INVESCO DB MS AGRI,,Commodities,26.38,16.0
2025-12-04,DBA,INVESCO DB MS AGRI,,Commodities,26.46,-7.0
2025-12-05,DBA,INVESCO DB MS AGRI,,Commodities,26.52,-24.0
2025-12-01,DBB,INVESCO DB MS BMTL,,Commodities,22.01,16.0
2025-12-02,DBB,INVESCO DB MS BMTL,,Commodities,21.89,30.0
2025-12-03,DBB,INVESCO DB MS BMTL,,Commodities,22.24,-20.0
2025-12-04,DBB,INVESCO DB MS BMTL,,Commodities,22.21,-20.0
2025-12-05,DBB,INVESCO DB MS BMTL,,Commodities,22.43,-37.0
2025-12-01,DBC,INVESCO DB CM IDX,,Commodities,23.12,10.0
2025-12-02,DBC,INVESCO DB CM IDX,,Commodities,23.02,30.0
2025-12-03,DBC,INVESCO DB CM IDX,,Commodities,23.13,10.0
2025-12-04,DBC,INVESCO DB CM IDX,,Commodities,23.19,-13.0
2025-12-05,DBC,INVESCO DB CM IDX,,Commodities,23.33,-29.0
2025-12-01,DD,"DUPONT DE NEMOURS, INC.",Materials,Materials,39.91,-20.0
2025-12-02,DD,"DUPONT DE NEMOURS, INC.",Materials,Materials,39.52,10.0
2025-12-03,DD,"DUPONT DE NEMOURS, INC.",Materials,Materials,39.66,10.0
2025-12-04,DD,"DUPONT DE NEMOURS, INC.",Materials,Materials,39.82,18.0
2025-12-05,DD,"DUPONT DE NEMOURS, INC.",Materials,Materials,40.51,-21.0
2025-12-01,DDOG,"DATADOG, INC.",Information Technology,Information Technology,157.9,-30.0
2025-12-02,DDOG,"DATADOG, INC.",Information Technology,Information Technology,156.48,-13.0
2025-12-03,DDOG,"DATADOG, INC.",Information Technology,Information Technology,155.83,-13.0
2025-12-04,DDOG,"DATADOG, INC.",Information Technology,Information Technology,153.0,36.0
2025-12-05,DDOG,"DATADOG, INC.",Information Technology,Information Technology,151.41,52.0
2025-12-01,DE,DEERE & COMPANY,Industrials,Industrials,468.11,30.0
2025-12-02,DE,DEERE & COMPANY,Industrials,Industrials,469.15,16.0
2025-12-03,DE,DEERE & COMPANY,Industrials,Industrials,481.82,-20.0
2025-12-04,DE,DEERE & COMPANY,Industrials,Industrials,483.03,-56.0
2025-12-05,DE,DEERE & COMPANY,Industrials,Industrials,475.11,6.0
2025-12-01,DECK,DECKERS OUTDOOR ,Consumer Discretionary,Consumer Discretionary,92.02,10.0
2025-12-02,DECK,DECKERS OUTDOOR ,Consumer Discretionary,Consumer Discretionary,91.77,10.0
2025-12-03,DECK,DECKERS OUTDOOR ,Consumer Discretionary,Consumer Discretionary,94.97,-20.0
2025-12-04,DECK,DECKERS OUTDOOR ,Consumer Discretionary,Consumer Discretionary,96.25,-13.0
2025-12-05,DECK,DECKERS OUTDOOR ,Consumer Discretionary,Consumer Discretionary,99.7,-29.0
2025-12-01,DELL,DELL TECHNOLOGIES INC.,Information Technology,Information Technology,132.09,33.0
2025-12-02,DELL,DELL TECHNOLOGIES INC.,Information Technology,Information Technology,135.95,-15.0
2025-12-03,DELL,DELL TECHNOLOGIES INC.,Information Technology,Information Technology,133.63,16.0
2025-12-04,DELL,DELL TECHNOLOGIES INC.,Information Technology,Information Technology,138.99,-34.0
2025-12-05,DELL,DELL TECHNOLOGIES INC.,Information Technology,Information Technology,138.91,-34.0
2025-12-01,DG,DOLLAR GENERAL ,Consumer Staples,Consumer Staples,109.34,13.0
2025-12-02,DG,DOLLAR GENERAL ,Consumer Staples,Consumer Staples,110.03,13.0
2025-12-03,DG,DOLLAR GENERAL ,Consumer Staples,Consumer Staples,109.89,13.0
2025-12-04,DG,DOLLAR GENERAL ,Consumer Staples,Consumer Staples,125.29,-25.0
2025-12-05,DG,DOLLAR GENERAL ,Consumer Staples,Consumer Staples,132.37,-39.0
2025-12-01,DGX,QUEST DIAGNOSTICS INC.,Health Care,Health Care,183.77,-15.0
2025-12-02,DGX,QUEST DIAGNOSTICS INC.,Health Care,Health Care,182.55,18.0
2025-12-03,DGX,QUEST DIAGNOSTICS INC.,Health Care,Health Care,182.61,16.0
2025-12-04,DGX,QUEST DIAGNOSTICS INC.,Health Care,Health Care,184.18,-16.0
2025-12-05,DGX,QUEST DIAGNOSTICS INC.,Health Care,Health Care,182.51,36.0
2025-12-01,DHI,"D.R. HORTON, INC.",Consumer Discretionary,Consumer Discretionary,157.37,16.0
2025-12-02,DHI,"D.R. HORTON, INC.",Consumer Discretionary,Consumer Discretionary,158.46,10.0
2025-12-03,DHI,"D.R. HORTON, INC.",Consumer Discretionary,Consumer Discretionary,165.0,-37.0
2025-12-04,DHI,"D.R. HORTON, INC.",Consumer Discretionary,Consumer Discretionary,160.73,-30.0
2025-12-05,DHI,"D.R. HORTON, INC.",Consumer Discretionary,Consumer Discretionary,158.62,1.0
2025-12-01,DHR,DANAHER ,Health Care,Health Care,224.14,30.0
2025-12-02,DHR,DANAHER ,Health Care,Health Care,226.59,-20.0
2025-12-03,DHR,DANAHER ,Health Care,Health Care,228.46,-37.0
2025-12-04,DHR,DANAHER ,Health Care,Health Care,227.13,-5.0
2025-12-05,DHR,DANAHER ,Health Care,Health Care,226.25,27.0
2025-12-01,DHT,"DHT HOLDINGS, INC.",,MR Discretion,12.9,-15.0
2025-12-02,DHT,"DHT HOLDINGS, INC.",,MR Discretion,12.84,-15.0
2025-12-03,DHT,"DHT HOLDINGS, INC.",,MR Discretion,12.92,-31.0
2025-12-04,DHT,"DHT HOLDINGS, INC.",,MR Discretion,12.75,48.0
2025-12-05,DHT,"DHT HOLDINGS, INC.",,MR Discretion,12.76,23.0
2025-12-01,DIA,SPDR DOW JONES INDUS AVG,,Sector & Style ETFs,473.32,30.0
2025-12-02,DIA,SPDR DOW JONES INDUS AVG,,Sector & Style ETFs,475.26,16.0
2025-12-03,DIA,SPDR DOW JONES INDUS AVG,,Sector & Style ETFs,479.41,-20.0
2025-12-04,DIA,SPDR DOW JONES INDUS AVG,,Sector & Style ETFs,479.07,-5.0
2025-12-05,DIA,SPDR DOW JONES INDUS AVG,,Sector & Style ETFs,480.03,-13.0
2025-12-01,DIS,THE WALT DISNEY COMPANY,Communication Services,Communication Services,106.77,-31.0
2025-12-02,DIS,THE WALT DISNEY COMPANY,Communication Services,Communication Services,104.83,30.0
2025-12-03,DIS,THE WALT DISNEY COMPANY,Communication Services,Communication Services,105.74,-15.0
2025-12-04,DIS,THE WALT DISNEY COMPANY,Communication Services,Communication Services,105.47,23.0
2025-12-05,DIS,THE WALT DISNEY COMPANY,Communication Services,Communication Services,105.3,23.0
2025-12-01,DJI,DOW JONES INDUSTRIAL AVERAGE INDEX,,Indices,47289.328125,30.0
2025-12-02,DJI,DOW JONES INDUSTRIAL AVERAGE INDEX,,Indices,47474.4609375,16.0
2025-12-03,DJI,DOW JONES INDUSTRIAL AVERAGE INDEX,,Indices,47882.8984375,-20.0
2025-12-04,DJI,DOW JONES INDUSTRIAL AVERAGE INDEX,,Indices,47850.94140625,-20.0
2025-12-05,DJI,DOW JONES INDUSTRIAL AVERAGE INDEX,,Indices,47954.98828125,-20.0
2025-12-01,DLR,"DIGITAL REALTY TRUST, INC.",Real Estate,Real Estate,156.39,16.0
2025-12-02,DLR,"DIGITAL REALTY TRUST, INC.",Real Estate,Real Estate,156.5,16.0
2025-12-03,DLR,"DIGITAL REALTY TRUST, INC.",Real Estate,Real Estate,159.69,-15.0
2025-12-04,DLR,"DIGITAL REALTY TRUST, INC.",Real Estate,Real Estate,161.02,-7.0
2025-12-05,DLR,"DIGITAL REALTY TRUST, INC.",Real Estate,Real Estate,164.73,-24.0
2025-12-01,DLTR,"DOLLAR TREE, INC.",Consumer Staples,Consumer Staples,109.89,16.0
2025-12-02,DLTR,"DOLLAR TREE, INC.",Consumer Staples,Consumer Staples,108.99,16.0
2025-12-03,DLTR,"DOLLAR TREE, INC.",Consumer Staples,Consumer Staples,112.92,10.0
2025-12-04,DLTR,"DOLLAR TREE, INC.",Consumer Staples,Consumer Staples,115.87,-13.0
2025-12-05,DLTR,"DOLLAR TREE, INC.",Consumer Staples,Consumer Staples,122.44,-46.0
2025-12-01,DOC,"HEALTHDOC PROPERTIES, INC.",Real Estate,Real Estate,18.19,-37.0
2025-12-02,DOC,"HEALTHDOC PROPERTIES, INC.",Real Estate,Real Estate,18.04,-20.0
2025-12-03,DOC,"HEALTHDOC PROPERTIES, INC.",Real Estate,Real Estate,17.29,16.0
2025-12-04,DOC,"HEALTHDOC PROPERTIES, INC.",Real Estate,Real Estate,17.18,-3.0
2025-12-05,DOC,"HEALTHDOC PROPERTIES, INC.",Real Estate,Real Estate,17.02,-2.0
2025-12-01,DOV,DOVER ,Industrials,Industrials,184.89,30.0
2025-12-02,DOV,DOVER ,Industrials,Industrials,187.48,10.0
2025-12-03,DOV,DOVER ,Industrials,Industrials,190.27,-20.0
2025-12-04,DOV,DOVER ,Industrials,Industrials,190.64,-5.0
2025-12-05,DOV,DOVER ,Industrials,Industrials,191.09,-5.0
2025-12-01,DOW,DOW INC.,Materials,Materials,23.84,-20.0
2025-12-02,DOW,DOW INC.,Materials,Materials,23.86,-20.0
2025-12-03,DOW,DOW INC.,Materials,Materials,23.76,-20.0
2025-12-04,DOW,DOW INC.,Materials,Materials,22.87,42.0
2025-12-05,DOW,DOW INC.,Materials,Materials,22.96,27.0
2025-12-01,DPZ,"DOMINO'S PIZZA, INC.",Consumer Discretionary,Consumer Discretionary,423.85,10.0
2025-12-02,DPZ,"DOMINO'S PIZZA, INC.",Consumer Discretionary,Consumer Discretionary,424.64,10.0
2025-12-03,DPZ,"DOMINO'S PIZZA, INC.",Consumer Discretionary,Consumer Discretionary,431.69,-37.0
2025-12-04,DPZ,"DOMINO'S PIZZA, INC.",Consumer Discretionary,Consumer Discretionary,427.07,-5.0
2025-12-05,DPZ,"DOMINO'S PIZZA, INC.",Consumer Discretionary,Consumer Discretionary,416.55,21.0
2025-12-01,DRI,"DARDEN RESTAURANTS, INC.",Consumer Discretionary,Consumer Discretionary,173.94,30.0
2025-12-02,DRI,"DARDEN RESTAURANTS, INC.",Consumer Discretionary,Consumer Discretionary,174.64,16.0
2025-12-03,DRI,"DARDEN RESTAURANTS, INC.",Consumer Discretionary,Consumer Discretionary,177.32,-15.0
2025-12-04,DRI,"DARDEN RESTAURANTS, INC.",Consumer Discretionary,Consumer Discretionary,176.26,0.0
2025-12-05,DRI,"DARDEN RESTAURANTS, INC.",Consumer Discretionary,Consumer Discretionary,177.72,-24.0
2025-12-01,DTE,DTE ENERGY COMPANY,Utilities,Utilities,133.27,-31.0
2025-12-02,DTE,DTE ENERGY COMPANY,Utilities,Utilities,131.55,18.0
2025-12-03,DTE,DTE ENERGY COMPANY,Utilities,Utilities,133.18,-15.0
2025-12-04,DTE,DTE ENERGY COMPANY,Utilities,Utilities,132.16,-2.0
2025-12-05,DTE,DTE ENERGY COMPANY,Utilities,Utilities,131.23,41.0
2025-12-01,DUK,DUKE ENERGY ,Utilities,Utilities,120.75,-31.0
2025-12-02,DUK,DUKE ENERGY ,Utilities,Utilities,119.69,-13.0
2025-12-03,DUK,DUKE ENERGY ,Utilities,Utilities,118.62,18.0
2025-12-04,DUK,DUKE ENERGY ,Utilities,Utilities,117.97,36.0
2025-12-05,DUK,DUKE ENERGY ,Utilities,Utilities,116.52,52.0
2025-12-01,DVA,DAVITA INC.,Health Care,Health Care,119.24,-31.0
2025-12-02,DVA,DAVITA INC.,Health Care,Health Care,119.18,-15.0
2025-12-03,DVA,DAVITA INC.,Health Care,Health Care,118.25,16.0
2025-12-04,DVA,DAVITA INC.,Health Care,Health Care,117.28,38.0
2025-12-05,DVA,DAVITA INC.,Health Care,Health Care,117.39,33.0
2025-12-01,DVN,DEVON ENERGY ,Energy,Energy,37.86,-37.0
2025-12-02,DVN,DEVON ENERGY ,Energy,Energy,37.26,25.0
2025-12-03,DVN,DEVON ENERGY ,Energy,Energy,37.69,-20.0
2025-12-04,DVN,DEVON ENERGY ,Energy,Energy,37.71,-13.0
2025-12-05,DVN,DEVON ENERGY ,Energy,Energy,37.47,18.0
2025-12-01,DXCM,"DEXCOM, INC.",Health Care,Health Care,63.52,25.0
2025-12-02,DXCM,"DEXCOM, INC.",Health Care,Health Care,64.45,10.0
2025-12-03,DXCM,"DEXCOM, INC.",Health Care,Health Care,64.85,-20.0
2025-12-04,DXCM,"DEXCOM, INC.",Health Care,Health Care,65.25,-13.0
2025-12-05,DXCM,"DEXCOM, INC.",Health Care,Health Care,65.49,-29.0
2025-12-01,EA,ELECTRONIC ARTS INC.,Communication Services,Communication Services,202.62,30.0
2025-12-02,EA,ELECTRONIC ARTS INC.,Communication Services,Communication Services,203.24,16.0
2025-12-03,EA,ELECTRONIC ARTS INC.,Communication Services,Communication Services,203.21,16.0
2025-12-04,EA,ELECTRONIC ARTS INC.,Communication Services,Communication Services,203.44,-7.0
2025-12-05,EA,ELECTRONIC ARTS INC.,Communication Services,Communication Services,203.92,-24.0
2025-12-01,EBAY,EBAY INC.,Consumer Discretionary,Consumer Discretionary,82.73,-13.0
2025-12-02,EBAY,EBAY INC.,Consumer Discretionary,Consumer Discretionary,82.91,-30.0
2025-12-03,EBAY,EBAY INC.,Consumer Discretionary,Consumer Discretionary,82.0,33.0
2025-12-04,EBAY,EBAY INC.,Consumer Discretionary,Consumer Discretionary,82.13,26.0
2025-12-05,EBAY,EBAY INC.,Consumer Discretionary,Consumer Discretionary,82.47,-6.0
2025-12-01,EC,ECOPETROL SA,,MR Discretion,9.95,16.0
2025-12-02,EC,ECOPETROL SA,,MR Discretion,9.91,16.0
2025-12-03,EC,ECOPETROL SA,,MR Discretion,10.13,-37.0
2025-12-04,EC,ECOPETROL SA,,MR Discretion,10.06,-13.0
2025-12-05,EC,ECOPETROL SA,,MR Discretion,9.89,23.0
2025-12-01,ECH,ISHARES:MSCI CHILE,,Foreign,37.69,30.0
2025-12-02,ECH,ISHARES:MSCI CHILE,,Foreign,38.29,-20.0
2025-12-03,ECH,ISHARES:MSCI CHILE,,Foreign,38.62,-20.0
2025-12-04,ECH,ISHARES:MSCI CHILE,,Foreign,38.51,-5.0
2025-12-05,ECH,ISHARES:MSCI CHILE,,Foreign,38.18,33.0
2025-12-01,ECL,ECOLAB INC.,Materials,Materials,272.86,-31.0
2025-12-02,ECL,ECOLAB INC.,Materials,Materials,270.89,-13.0
2025-12-03,ECL,ECOLAB INC.,Materials,Materials,264.33,13.0
2025-12-04,ECL,ECOLAB INC.,Materials,Materials,264.42,5.0
2025-12-05,ECL,ECOLAB INC.,Materials,Materials,259.69,32.0
2025-12-01,ED,"CONSOLIDATED EDISON, INC.",Utilities,Utilities,97.88,-31.0
2025-12-02,ED,"CONSOLIDATED EDISON, INC.",Utilities,Utilities,96.87,-15.0
2025-12-03,ED,"CONSOLIDATED EDISON, INC.",Utilities,Utilities,96.45,16.0
2025-12-04,ED,"CONSOLIDATED EDISON, INC.",Utilities,Utilities,96.22,23.0
2025-12-05,ED,"CONSOLIDATED EDISON, INC.",Utilities,Utilities,96.6,33.0
2025-12-01,EDEN,ISHARES:MSCI DENMARK,,Foreign,110.58,25.0
2025-12-02,EDEN,ISHARES:MSCI DENMARK,,Foreign,110.8923,10.0
2025-12-03,EDEN,ISHARES:MSCI DENMARK,,Foreign,111.5059,-20.0
2025-12-04,EDEN,ISHARES:MSCI DENMARK,,Foreign,111.9811,-20.0
2025-12-05,EDEN,ISHARES:MSCI DENMARK,,Foreign,112.0878,-37.0
2025-12-01,EDV,VANGUARD EXT DUR T;ETF,Bonds,Bonds,67.57,-15.0
2025-12-02,EDV,VANGUARD EXT DUR T;ETF,Bonds,Bonds,67.62,-15.0
2025-12-03,EDV,VANGUARD EXT DUR T;ETF,Bonds,Bonds,67.84,-37.0
2025-12-04,EDV,VANGUARD EXT DUR T;ETF,Bonds,Bonds,67.35,33.0
2025-12-05,EDV,VANGUARD EXT DUR T;ETF,Bonds,Bonds,66.84,48.0
2025-12-01,EFNL,ISHARES:MSCI FINLAND,,Foreign,45.5266,26.0
2025-12-02,EFNL,ISHARES:MSCI FINLAND,,Foreign,45.734,13.0
2025-12-03,EFNL,ISHARES:MSCI FINLAND,,Foreign,46.3017,-17.0
2025-12-04,EFNL,ISHARES:MSCI FINLAND,,Foreign,46.32,-17.0
2025-12-05,EFNL,ISHARES:MSCI FINLAND,,Foreign,46.201,-13.0
2025-12-01,EFX,EQUIFAX INC.,Industrials,Industrials,208.94,10.0
2025-12-02,EFX,EQUIFAX INC.,Industrials,Industrials,208.67,25.0
2025-12-03,EFX,EQUIFAX INC.,Industrials,Industrials,209.75,10.0
2025-12-04,EFX,EQUIFAX INC.,Industrials,Industrials,211.28,-13.0
2025-12-05,EFX,EQUIFAX INC.,Industrials,Industrials,211.51,-29.0
2025-12-01,EG,"EVEREST GROUP, LTD.",Financials,Financials,312.09,16.0
2025-12-02,EG,"EVEREST GROUP, LTD.",Financials,Financials,312.21,16.0
2025-12-03,EG,"EVEREST GROUP, LTD.",Financials,Financials,314.03,-31.0
2025-12-04,EG,"EVEREST GROUP, LTD.",Financials,Financials,313.71,-7.0
2025-12-05,EG,"EVEREST GROUP, LTD.",Financials,Financials,309.97,61.0
2025-12-01,EIDO,ISHARES:MSCI INDONESIA,,Foreign,18.79,10.0
2025-12-02,EIDO,ISHARES:MSCI INDONESIA,,Foreign,18.92,-37.0
2025-12-03,EIDO,ISHARES:MSCI INDONESIA,,Foreign,18.83,10.0
2025-12-04,EIDO,ISHARES:MSCI INDONESIA,,Foreign,18.79,18.0
2025-12-05,EIDO,ISHARES:MSCI INDONESIA,,Foreign,18.82,18.0
2025-12-01,EIRL,ISHARES:MSCI IRELAND,,Foreign,73.1893,-37.0
2025-12-02,EIRL,ISHARES:MSCI IRELAND,,Foreign,72.64,10.0
2025-12-03,EIRL,ISHARES:MSCI IRELAND,,Foreign,72.8102,-20.0
2025-12-04,EIRL,ISHARES:MSCI IRELAND,,Foreign,72.3719,10.0
2025-12-05,EIRL,ISHARES:MSCI IRELAND,,Foreign,72.42,10.0
2025-12-01,EIS,ISHARES:MSCI ISRAEL,,Foreign,104.03,33.0
2025-12-02,EIS,ISHARES:MSCI ISRAEL,,Foreign,105.7,16.0
2025-12-03,EIS,ISHARES:MSCI ISRAEL,,Foreign,107.25,-15.0
2025-12-04,EIS,ISHARES:MSCI ISRAEL,,Foreign,107.64,-15.0
2025-12-05,EIS,ISHARES:MSCI ISRAEL,,Foreign,107.54,-15.0
2025-12-01,EIX,EDISON INTERNATIONAL,Utilities,Utilities,58.13,-31.0
2025-12-02,EIX,EDISON INTERNATIONAL,Utilities,Utilities,57.14,30.0
2025-12-03,EIX,EDISON INTERNATIONAL,Utilities,Utilities,57.3,16.0
2025-12-04,EIX,EDISON INTERNATIONAL,Utilities,Utilities,57.55,23.0
2025-12-05,EIX,EDISON INTERNATIONAL,Utilities,Utilities,58.09,-7.0
2025-12-01,EL,THE ESTEE LAUDER COMPANIES INC.,Consumer Staples,Consumer Staples,94.71,25.0
2025-12-02,EL,THE ESTEE LAUDER COMPANIES INC.,Consumer Staples,Consumer Staples,99.64,10.0
2025-12-03,EL,THE ESTEE LAUDER COMPANIES INC.,Consumer Staples,Consumer Staples,102.03,-20.0
2025-12-04,EL,THE ESTEE LAUDER COMPANIES INC.,Consumer Staples,Consumer Staples,103.82,-13.0
2025-12-05,EL,THE ESTEE LAUDER COMPANIES INC.,Consumer Staples,Consumer Staples,105.13,-13.0
2025-12-01,ELV,"ELEVANCE HEALTH, INC.",Health Care,Health Care,329.68,25.0
2025-12-02,ELV,"ELEVANCE HEALTH, INC.",Health Care,Health Care,330.92,10.0
2025-12-03,ELV,"ELEVANCE HEALTH, INC.",Health Care,Health Care,330.75,10.0
2025-12-04,ELV,"ELEVANCE HEALTH, INC.",Health Care,Health Care,333.49,-21.0
2025-12-05,ELV,"ELEVANCE HEALTH, INC.",Health Care,Health Care,330.75,27.0
2025-12-01,EME,"EMCOR GROUP, INC.",Industrials,Industrials,607.78,18.0
2025-12-02,EME,"EMCOR GROUP, INC.",Industrials,Industrials,606.37,18.0
2025-12-03,EME,"EMCOR GROUP, INC.",Industrials,Industrials,612.0,18.0
2025-12-04,EME,"EMCOR GROUP, INC.",Industrials,Industrials,635.36,-41.0
2025-12-05,EME,"EMCOR GROUP, INC.",Industrials,Industrials,623.62,-24.0
2025-12-01,EMN,EASTMAN CHEMICAL COMPANY,Materials,Materials,61.95,-37.0
2025-12-02,EMN,EASTMAN CHEMICAL COMPANY,Materials,Materials,60.99,10.0
2025-12-03,EMN,EASTMAN CHEMICAL COMPANY,Materials,Materials,61.57,-20.0
2025-12-04,EMN,EASTMAN CHEMICAL COMPANY,Materials,Materials,60.66,32.0
2025-12-05,EMN,EASTMAN CHEMICAL COMPANY,Materials,Materials,61.53,-13.0
2025-12-01,EMR,EMERSON ELECTRIC CO.,Industrials,Industrials,131.94,30.0
2025-12-02,EMR,EMERSON ELECTRIC CO.,Industrials,Industrials,131.84,30.0
2025-12-03,EMR,EMERSON ELECTRIC CO.,Industrials,Industrials,134.89,-15.0
2025-12-04,EMR,EMERSON ELECTRIC CO.,Industrials,Industrials,136.64,-7.0
2025-12-05,EMR,EMERSON ELECTRIC CO.,Industrials,Industrials,137.39,-24.0
2025-12-01,ENZL,ISHARES:MSCI NEW ZLND,,Foreign,45.48,25.0
2025-12-02,ENZL,ISHARES:MSCI NEW ZLND,,Foreign,45.8184,10.0
2025-12-03,ENZL,ISHARES:MSCI NEW ZLND,,Foreign,46.1656,-37.0
2025-12-04,ENZL,ISHARES:MSCI NEW ZLND,,Foreign,46.005,-5.0
2025-12-05,ENZL,ISHARES:MSCI NEW ZLND,,Foreign,45.995,-5.0
2025-12-01,EOG,"EOG RESOURCES, INC.",Energy,Energy,109.71,9.0
2025-12-02,EOG,"EOG RESOURCES, INC.",Energy,Energy,109.06,21.0
2025-12-03,EOG,"EOG RESOURCES, INC.",Energy,Energy,111.51,-17.0
2025-12-04,EOG,"EOG RESOURCES, INC.",Energy,Energy,112.16,-33.0
2025-12-05,EOG,"EOG RESOURCES, INC.",Energy,Energy,112.17,-11.0
2025-12-01,EPAM,"EPAM SYSTEMS, INC.",Information Technology,Information Technology,190.42,25.0
2025-12-02,EPAM,"EPAM SYSTEMS, INC.",Information Technology,Information Technology,192.99,10.0
2025-12-03,EPAM,"EPAM SYSTEMS, INC.",Information Technology,Information Technology,200.0,-20.0
2025-12-04,EPAM,"EPAM SYSTEMS, INC.",Information Technology,Information Technology,201.5,-13.0
2025-12-05,EPAM,"EPAM SYSTEMS, INC.",Information Technology,Information Technology,203.6,-29.0
2025-12-01,EPHE,ISHARES:MSCI PHILIPPINES,,Foreign,25.24,-37.0
2025-12-02,EPHE,ISHARES:MSCI PHILIPPINES,,Foreign,25.06,-20.0
2025-12-03,EPHE,ISHARES:MSCI PHILIPPINES,,Foreign,24.68,10.0
2025-12-04,EPHE,ISHARES:MSCI PHILIPPINES,,Foreign,24.2,30.0
2025-12-05,EPHE,ISHARES:MSCI PHILIPPINES,,Foreign,24.73,10.0
2025-12-01,EPOL,ISHARES:MSCI POLAND,,Foreign,33.9,-31.0
2025-12-02,EPOL,ISHARES:MSCI POLAND,,Foreign,33.65,-15.0
2025-12-03,EPOL,ISHARES:MSCI POLAND,,Foreign,33.61,16.0
2025-12-04,EPOL,ISHARES:MSCI POLAND,,Foreign,33.53,23.0
2025-12-05,EPOL,ISHARES:MSCI POLAND,,Foreign,33.44,41.0
2025-12-01,EPU,ISHARES:MSCI PERU,,Foreign,64.57,30.0
2025-12-02,EPU,ISHARES:MSCI PERU,,Foreign,64.67,16.0
2025-12-03,EPU,ISHARES:MSCI PERU,,Foreign,66.03,-15.0
2025-12-04,EPU,ISHARES:MSCI PERU,,Foreign,67.0,-15.0
2025-12-05,EPU,ISHARES:MSCI PERU,,Foreign,67.03,-15.0
2025-12-01,EQIX,"EQUINIX, INC.",Real Estate,Real Estate,733.28,-15.0
2025-12-02,EQIX,"EQUINIX, INC.",Real Estate,Real Estate,727.38,18.0
2025-12-03,EQIX,"EQUINIX, INC.",Real Estate,Real Estate,732.72,-15.0
2025-12-04,EQIX,"EQUINIX, INC.",Real Estate,Real Estate,726.09,26.0
2025-12-05,EQIX,"EQUINIX, INC.",Real Estate,Real Estate,741.58,-6.0
2025-12-01,EQR,EQUITY RESIDENTIAL,Real Estate,Real Estate,61.44,10.0
2025-12-02,EQR,EQUITY RESIDENTIAL,Real Estate,Real Estate,61.98,-20.0
2025-12-03,EQR,EQUITY RESIDENTIAL,Real Estate,Real Estate,62.03,-37.0
2025-12-04,EQR,EQUITY RESIDENTIAL,Real Estate,Real Estate,61.61,27.0
2025-12-05,EQR,EQUITY RESIDENTIAL,Real Estate,Real Estate,61.06,48.0
2025-12-01,EQT,EQT ,Energy,Energy,60.52,-15.0
2025-12-02,EQT,EQT ,Energy,Energy,58.6,30.0
2025-12-03,EQT,EQT ,Energy,Energy,61.17,-15.0
2025-12-04,EQT,EQT ,Energy,Energy,60.07,-3.0
2025-12-05,EQT,EQT ,Energy,Energy,60.68,-34.0
2025-12-01,ERIE,ERIE INDEMNITY COMPANY,Financials,Financials,293.76,30.0
2025-12-02,ERIE,ERIE INDEMNITY COMPANY,Financials,Financials,295.95,16.0
2025-12-03,ERIE,ERIE INDEMNITY COMPANY,Financials,Financials,296.21,16.0
2025-12-04,ERIE,ERIE INDEMNITY COMPANY,Financials,Financials,299.78,-21.0
2025-12-05,ERIE,ERIE INDEMNITY COMPANY,Financials,Financials,296.46,11.0
2025-12-01,ES,EVERSOURCE ENERGY,Utilities,Utilities,66.55,-15.0
2025-12-02,ES,EVERSOURCE ENERGY,Utilities,Utilities,66.31,16.0
2025-12-03,ES,EVERSOURCE ENERGY,Utilities,Utilities,65.97,30.0
2025-12-04,ES,EVERSOURCE ENERGY,Utilities,Utilities,67.06,-16.0
2025-12-05,ES,EVERSOURCE ENERGY,Utilities,Utilities,66.74,0.0
2025-12-01,ES=F,E-MINI S&P 500 FUTURES,,Futures,6825.5,30.0
2025-12-02,ES=F,E-MINI S&P 500 FUTURES,,Futures,6838.75,10.0
2025-12-03,ES=F,E-MINI S&P 500 FUTURES,,Futures,6865.0,-20.0
2025-12-04,ES=F,E-MINI S&P 500 FUTURES,,Futures,6867.0,-20.0
2025-12-05,ES=F,E-MINI S&P 500 FUTURES,,Futures,6879.5,-37.0
2025-12-01,ESS,"ESSEX PROPERTY TRUST, INC.",Real Estate,Real Estate,260.24,-15.0
2025-12-02,ESS,"ESSEX PROPERTY TRUST, INC.",Real Estate,Real Estate,260.73,-20.0
2025-12-03,ESS,"ESSEX PROPERTY TRUST, INC.",Real Estate,Real Estate,259.78,-15.0
2025-12-04,ESS,"ESSEX PROPERTY TRUST, INC.",Real Estate,Real Estate,257.57,33.0
2025-12-05,ESS,"ESSEX PROPERTY TRUST, INC.",Real Estate,Real Estate,255.37,48.0
2025-12-01,ETN,EATON  PUBLIC LIMITED COMPANY,Industrials,Industrials,339.71,-31.0
2025-12-02,ETN,EATON  PUBLIC LIMITED COMPANY,Industrials,Industrials,333.11,33.0
2025-12-03,ETN,EATON  PUBLIC LIMITED COMPANY,Industrials,Industrials,335.57,16.0
2025-12-04,ETN,EATON  PUBLIC LIMITED COMPANY,Industrials,Industrials,338.93,-7.0
2025-12-05,ETN,EATON  PUBLIC LIMITED COMPANY,Industrials,Industrials,337.66,-7.0
2025-12-01,ETR,ENTERGY ,Utilities,Utilities,94.59,-13.0
2025-12-02,ETR,ENTERGY ,Utilities,Utilities,92.97,31.0
2025-12-03,ETR,ENTERGY ,Utilities,Utilities,94.24,-13.0
2025-12-04,ETR,ENTERGY ,Utilities,Utilities,94.46,-33.0
2025-12-05,ETR,ENTERGY ,Utilities,Utilities,94.22,-33.0
2025-12-01,EVRG,"EVERGY, INC.",Utilities,Utilities,75.52,-31.0
2025-12-02,EVRG,"EVERGY, INC.",Utilities,Utilities,74.53,-13.0
2025-12-03,EVRG,"EVERGY, INC.",Utilities,Utilities,74.29,-13.0
2025-12-04,EVRG,"EVERGY, INC.",Utilities,Utilities,73.81,26.0
2025-12-05,EVRG,"EVERGY, INC.",Utilities,Utilities,73.28,41.0
2025-12-01,EW,EDWARDS LIFESCIENCES ,Health Care,Health Care,85.27,-15.0
2025-12-02,EW,EDWARDS LIFESCIENCES ,Health Care,Health Care,84.71,16.0
2025-12-03,EW,EDWARDS LIFESCIENCES ,Health Care,Health Care,83.98,30.0
2025-12-04,EW,EDWARDS LIFESCIENCES ,Health Care,Health Care,85.78,-30.0
2025-12-05,EW,EDWARDS LIFESCIENCES ,Health Care,Health Care,86.19,-21.0
2025-12-01,EWA,ISHARES:MSCI AUSTRALIA,,Foreign,25.73,30.0
2025-12-02,EWA,ISHARES:MSCI AUSTRALIA,,Foreign,25.93,10.0
2025-12-03,EWA,ISHARES:MSCI AUSTRALIA,,Foreign,26.13,-20.0
2025-12-04,EWA,ISHARES:MSCI AUSTRALIA,,Foreign,26.29,-5.0
2025-12-05,EWA,ISHARES:MSCI AUSTRALIA,,Foreign,26.34,-21.0
2025-12-01,EWC,ISHARES:MSCI CANADA,,Foreign,52.18,16.0
2025-12-02,EWC,ISHARES:MSCI CANADA,,Foreign,52.14,16.0
2025-12-03,EWC,ISHARES:MSCI CANADA,,Foreign,52.47,16.0
2025-12-04,EWC,ISHARES:MSCI CANADA,,Foreign,53.07,-5.0
2025-12-05,EWC,ISHARES:MSCI CANADA,,Foreign,53.29,-29.0
2025-12-01,EWD,ISHARES:MSCI SWEDEN,,Foreign,47.58,16.0
2025-12-02,EWD,ISHARES:MSCI SWEDEN,,Foreign,47.61,16.0
2025-12-03,EWD,ISHARES:MSCI SWEDEN,,Foreign,47.77,16.0
2025-12-04,EWD,ISHARES:MSCI SWEDEN,,Foreign,48.09,-5.0
2025-12-05,EWD,ISHARES:MSCI SWEDEN,,Foreign,48.37,-21.0
2025-12-01,EWG,ISHARES:MSCI GERMANY,,Foreign,40.52,30.0
2025-12-02,EWG,ISHARES:MSCI GERMANY,,Foreign,40.89,16.0
2025-12-03,EWG,ISHARES:MSCI GERMANY,,Foreign,40.95,16.0
2025-12-04,EWG,ISHARES:MSCI GERMANY,,Foreign,41.14,-7.0
2025-12-05,EWG,ISHARES:MSCI GERMANY,,Foreign,41.41,-29.0
2025-12-01,EWH,ISHARES:MSCI HONG KONG,,Foreign,22.26,-31.0
2025-12-02,EWH,ISHARES:MSCI HONG KONG,,Foreign,22.18,-15.0
2025-12-03,EWH,ISHARES:MSCI HONG KONG,,Foreign,22.23,-15.0
2025-12-04,EWH,ISHARES:MSCI HONG KONG,,Foreign,22.08,33.0
2025-12-05,EWH,ISHARES:MSCI HONG KONG,,Foreign,22.05,38.0
2025-12-01,EWI,ISHARES:MSCI ITALY,,Foreign,52.66,30.0
2025-12-02,EWI,ISHARES:MSCI ITALY,,Foreign,53.0,16.0
2025-12-03,EWI,ISHARES:MSCI ITALY,,Foreign,53.29,-31.0
2025-12-04,EWI,ISHARES:MSCI ITALY,,Foreign,53.15,0.0
2025-12-05,EWI,ISHARES:MSCI ITALY,,Foreign,52.98,33.0
2025-12-01,EWJ,ISHARES:MSCI JAPAN,,Foreign,82.53,16.0
2025-12-02,EWJ,ISHARES:MSCI JAPAN,,Foreign,82.47,16.0
2025-12-03,EWJ,ISHARES:MSCI JAPAN,,Foreign,82.61,16.0
2025-12-04,EWJ,ISHARES:MSCI JAPAN,,Foreign,83.62,-21.0
2025-12-05,EWJ,ISHARES:MSCI JAPAN,,Foreign,83.7,-21.0
2025-12-01,EWK,ISHARES:MSCI BELGIUM,,Foreign,24.16,16.0
2025-12-02,EWK,ISHARES:MSCI BELGIUM,,Foreign,24.16,16.0
2025-12-03,EWK,ISHARES:MSCI BELGIUM,,Foreign,24.26,-15.0
2025-12-04,EWK,ISHARES:MSCI BELGIUM,,Foreign,24.197,33.0
2025-12-05,EWK,ISHARES:MSCI BELGIUM,,Foreign,24.36,-16.0
2025-12-01,EWL,ISHARES:MSCI SWITZERLAND,,Foreign,57.42,30.0
2025-12-02,EWL,ISHARES:MSCI SWITZERLAND,,Foreign,57.94,-20.0
2025-12-03,EWL,ISHARES:MSCI SWITZERLAND,,Foreign,58.07,-20.0
2025-12-04,EWL,ISHARES:MSCI SWITZERLAND,,Foreign,57.91,-5.0
2025-12-05,EWL,ISHARES:MSCI SWITZERLAND,,Foreign,58.03,-13.0
2025-12-01,EWM,ISHARES:MSCI MALAYSIA,,Foreign,26.6,16.0
2025-12-02,EWM,ISHARES:MSCI MALAYSIA,,Foreign,26.67,-15.0
2025-12-03,EWM,ISHARES:MSCI MALAYSIA,,Foreign,26.73,-31.0
2025-12-04,EWM,ISHARES:MSCI MALAYSIA,,Foreign,26.59,33.0
2025-12-05,EWM,ISHARES:MSCI MALAYSIA,,Foreign,26.64,33.0
2025-12-01,EWN,ISHARES:MSCI NETHERLANDS,,Foreign,58.32,30.0
2025-12-02,EWN,ISHARES:MSCI NETHERLANDS,,Foreign,58.57,16.0
2025-12-03,EWN,ISHARES:MSCI NETHERLANDS,,Foreign,59.18,-37.0
2025-12-04,EWN,ISHARES:MSCI NETHERLANDS,,Foreign,58.78,-5.0
2025-12-05,EWN,ISHARES:MSCI NETHERLANDS,,Foreign,58.55,33.0
2025-12-01,EWO,ISHARES:MSCI AUSTRIA,,Foreign,33.06,30.0
2025-12-02,EWO,ISHARES:MSCI AUSTRIA,,Foreign,33.45,-15.0
2025-12-03,EWO,ISHARES:MSCI AUSTRIA,,Foreign,33.49,-15.0
2025-12-04,EWO,ISHARES:MSCI AUSTRIA,,Foreign,33.66,-20.0
2025-12-05,EWO,ISHARES:MSCI AUSTRIA,,Foreign,33.55,-15.0
2025-12-01,EWP,ISHARES:MSCI SPAIN,,Foreign,51.57,26.0
2025-12-02,EWP,ISHARES:MSCI SPAIN,,Foreign,52.02,13.0
2025-12-03,EWP,ISHARES:MSCI SPAIN,,Foreign,52.41,-13.0
2025-12-04,EWP,ISHARES:MSCI SPAIN,,Foreign,52.49,0.0
2025-12-05,EWP,ISHARES:MSCI SPAIN,,Foreign,52.29,0.0
2025-12-01,EWQ,ISHARES:MSCI FRANCE,,Foreign,44.41,30.0
2025-12-02,EWQ,ISHARES:MSCI FRANCE,,Foreign,44.44,16.0
2025-12-03,EWQ,ISHARES:MSCI FRANCE,,Foreign,44.79,-37.0
2025-12-04,EWQ,ISHARES:MSCI FRANCE,,Foreign,44.75,-13.0
2025-12-05,EWQ,ISHARES:MSCI FRANCE,,Foreign,44.62,-13.0
2025-12-01,EWS,ISHARES:MSCI SINGAPORE,,Foreign,27.99,16.0
2025-12-02,EWS,ISHARES:MSCI SINGAPORE,,Foreign,28.2,-31.0
2025-12-03,EWS,ISHARES:MSCI SINGAPORE,,Foreign,28.15,-15.0
2025-12-04,EWS,ISHARES:MSCI SINGAPORE,,Foreign,28.02,23.0
2025-12-05,EWS,ISHARES:MSCI SINGAPORE,,Foreign,27.82,43.0
2025-12-01,EWT,ISHARES:MSCI TAIWAN,,Foreign,64.13,30.0
2025-12-02,EWT,ISHARES:MSCI TAIWAN,,Foreign,64.63,16.0
2025-12-03,EWT,ISHARES:MSCI TAIWAN,,Foreign,64.85,-15.0
2025-12-04,EWT,ISHARES:MSCI TAIWAN,,Foreign,64.51,33.0
2025-12-05,EWT,ISHARES:MSCI TAIWAN,,Foreign,65.35,-21.0
2025-12-01,EWU,ISHARES:MSCI UK,,Foreign,42.93,30.0
2025-12-02,EWU,ISHARES:MSCI UK,,Foreign,43.01,16.0
2025-12-03,EWU,ISHARES:MSCI UK,,Foreign,43.46,-37.0
2025-12-04,EWU,ISHARES:MSCI UK,,Foreign,43.42,-13.0
2025-12-05,EWU,ISHARES:MSCI UK,,Foreign,43.22,-5.0
2025-12-01,EWW,ISHARES:MSCI MEXICO,,Foreign,68.46,10.0
2025-12-02,EWW,ISHARES:MSCI MEXICO,,Foreign,68.71,-20.0
2025-12-03,EWW,ISHARES:MSCI MEXICO,,Foreign,68.43,25.0
2025-12-04,EWW,ISHARES:MSCI MEXICO,,Foreign,68.82,-29.0
2025-12-05,EWW,ISHARES:MSCI MEXICO,,Foreign,68.68,-13.0
2025-12-01,EWY,ISHARES:MSCI S KOREA,,Foreign,90.62,33.0
2025-12-02,EWY,ISHARES:MSCI S KOREA,,Foreign,92.07,16.0
2025-12-03,EWY,ISHARES:MSCI S KOREA,,Foreign,93.0,-15.0
2025-12-04,EWY,ISHARES:MSCI S KOREA,,Foreign,91.87,33.0
2025-12-05,EWY,ISHARES:MSCI S KOREA,,Foreign,94.3,-16.0
2025-12-01,EWZ,ISHARES:MSCI BRAZIL,,Foreign,33.4,10.0
2025-12-02,EWZ,ISHARES:MSCI BRAZIL,,Foreign,34.03,-20.0
2025-12-03,EWZ,ISHARES:MSCI BRAZIL,,Foreign,34.2,-20.0
2025-12-04,EWZ,ISHARES:MSCI BRAZIL,,Foreign,34.72,-29.0
2025-12-05,EWZ,ISHARES:MSCI BRAZIL,,Foreign,32.53,21.0
2025-12-01,EXC,EXELON ,Utilities,Utilities,45.69,-31.0
2025-12-02,EXC,EXELON ,Utilities,Utilities,45.0,-13.0
2025-12-03,EXC,EXELON ,Utilities,Utilities,44.54,18.0
2025-12-04,EXC,EXELON ,Utilities,Utilities,43.91,26.0
2025-12-05,EXC,EXELON ,Utilities,Utilities,43.81,45.0
2025-12-01,EXE,EXPAND ENERGY ,Energy,Energy,121.58,-20.0
2025-12-02,EXE,EXPAND ENERGY ,Energy,Energy,117.72,30.0
2025-12-03,EXE,EXPAND ENERGY ,Energy,Energy,122.89,-20.0
2025-12-04,EXE,EXPAND ENERGY ,Energy,Energy,122.09,-39.0
2025-12-05,EXE,EXPAND ENERGY ,Energy,Energy,122.86,-39.0
2025-12-01,EXPD,EXPEDITORS INTERNATIONAL OF WASHINGTON,Industrials,Industrials,146.45,10.0
2025-12-02,EXPD,EXPEDITORS INTERNATIONAL OF WASHINGTON,Industrials,Industrials,146.48,10.0
2025-12-03,EXPD,EXPEDITORS INTERNATIONAL OF WASHINGTON,Industrials,Industrials,148.09,10.0
2025-12-04,EXPD,EXPEDITORS INTERNATIONAL OF WASHINGTON,Industrials,Industrials,150.5,-5.0
2025-12-05,EXPD,EXPEDITORS INTERNATIONAL OF WASHINGTON,Industrials,Industrials,151.47,-29.0
2025-12-01,EXPE,"EXPEDIA GROUP, INC.",Consumer Discretionary,Consumer Discretionary,258.95,16.0
2025-12-02,EXPE,"EXPEDIA GROUP, INC.",Consumer Discretionary,Consumer Discretionary,263.7,-20.0
2025-12-03,EXPE,"EXPEDIA GROUP, INC.",Consumer Discretionary,Consumer Discretionary,262.42,-15.0
2025-12-04,EXPE,"EXPEDIA GROUP, INC.",Consumer Discretionary,Consumer Discretionary,258.38,48.0
2025-12-05,EXPE,"EXPEDIA GROUP, INC.",Consumer Discretionary,Consumer Discretionary,263.43,-5.0
2025-12-01,EXR,EXTRA SPACE STORAGE INC.,Real Estate,Real Estate,131.94,-20.0
2025-12-02,EXR,EXTRA SPACE STORAGE INC.,Real Estate,Real Estate,132.52,-20.0
2025-12-03,EXR,EXTRA SPACE STORAGE INC.,Real Estate,Real Estate,132.24,-20.0
2025-12-04,EXR,EXTRA SPACE STORAGE INC.,Real Estate,Real Estate,131.09,27.0
2025-12-05,EXR,EXTRA SPACE STORAGE INC.,Real Estate,Real Estate,129.56,48.0
2025-12-01,F,FORD MOTOR COMPANY,Consumer Discretionary,Consumer Discretionary,13.16,-31.0
2025-12-02,F,FORD MOTOR COMPANY,Consumer Discretionary,Consumer Discretionary,12.96,30.0
2025-12-03,F,FORD MOTOR COMPANY,Consumer Discretionary,Consumer Discretionary,13.09,-15.0
2025-12-04,F,FORD MOTOR COMPANY,Consumer Discretionary,Consumer Discretionary,13.14,-7.0
2025-12-05,F,FORD MOTOR COMPANY,Consumer Discretionary,Consumer Discretionary,13.03,23.0
2025-12-01,FANG,"DIAMONDBACK ENERGY, INC.",Energy,Energy,156.16,10.0
2025-12-02,FANG,"DIAMONDBACK ENERGY, INC.",Energy,Energy,155.98,25.0
2025-12-03,FANG,"DIAMONDBACK ENERGY, INC.",Energy,Energy,158.38,-20.0
2025-12-04,FANG,"DIAMONDBACK ENERGY, INC.",Energy,Energy,159.51,-29.0
2025-12-05,FANG,"DIAMONDBACK ENERGY, INC.",Energy,Energy,158.6,-13.0
2025-12-01,FAST,FASTENAL COMPANY,Industrials,Industrials,40.15,30.0
2025-12-02,FAST,FASTENAL COMPANY,Industrials,Industrials,40.47,16.0
2025-12-03,FAST,FASTENAL COMPANY,Industrials,Industrials,41.22,-15.0
2025-12-04,FAST,FASTENAL COMPANY,Industrials,Industrials,41.75,-24.0
2025-12-05,FAST,FASTENAL COMPANY,Industrials,Industrials,41.5,0.0
2025-12-01,FCX,FREEPORT-MCMORAN INC.,Materials,Materials,43.07,25.0
2025-12-02,FCX,FREEPORT-MCMORAN INC.,Materials,Materials,42.97,25.0
2025-12-03,FCX,FREEPORT-MCMORAN INC.,Materials,Materials,44.53,-20.0
2025-12-04,FCX,FREEPORT-MCMORAN INC.,Materials,Materials,44.61,-13.0
2025-12-05,FCX,FREEPORT-MCMORAN INC.,Materials,Materials,45.2,-29.0
2025-12-01,FDS,FACTSET RESEARCH SYSTEMS INC.,Financials,Financials,277.13,10.0
2025-12-02,FDS,FACTSET RESEARCH SYSTEMS INC.,Financials,Financials,278.28,10.0
2025-12-03,FDS,FACTSET RESEARCH SYSTEMS INC.,Financials,Financials,279.15,10.0
2025-12-04,FDS,FACTSET RESEARCH SYSTEMS INC.,Financials,Financials,278.92,27.0
2025-12-05,FDS,FACTSET RESEARCH SYSTEMS INC.,Financials,Financials,290.63,-21.0
2025-12-01,FDX,FEDEX ,Industrials,Industrials,273.34,-20.0
2025-12-02,FDX,FEDEX ,Industrials,Industrials,270.37,25.0
2025-12-03,FDX,FEDEX ,Industrials,Industrials,270.45,25.0
2025-12-04,FDX,FEDEX ,Industrials,Industrials,274.05,-5.0
2025-12-05,FDX,FEDEX ,Industrials,Industrials,274.29,-13.0
2025-12-01,FE,FIRSTENERGY CORP.,Utilities,Utilities,46.43,-31.0
2025-12-02,FE,FIRSTENERGY CORP.,Utilities,Utilities,45.66,-15.0
2025-12-03,FE,FIRSTENERGY CORP.,Utilities,Utilities,45.23,18.0
2025-12-04,FE,FIRSTENERGY CORP.,Utilities,Utilities,45.14,36.0
2025-12-05,FE,FIRSTENERGY CORP.,Utilities,Utilities,44.91,36.0
2025-12-01,FFIV,"F5, INC.",Information Technology,Information Technology,238.57,16.0
2025-12-02,FFIV,"F5, INC.",Information Technology,Information Technology,238.52,16.0
2025-12-03,FFIV,"F5, INC.",Information Technology,Information Technology,240.63,16.0
2025-12-04,FFIV,"F5, INC.",Information Technology,Information Technology,243.33,-7.0
2025-12-05,FFIV,"F5, INC.",Information Technology,Information Technology,248.12,-6.0
2025-12-01,FICO,FAIR ISAAC ,Information Technology,Information Technology,1768.68,16.0
2025-12-02,FICO,FAIR ISAAC ,Information Technology,Information Technology,1778.71,-15.0
2025-12-03,FICO,FAIR ISAAC ,Information Technology,Information Technology,1762.35,16.0
2025-12-04,FICO,FAIR ISAAC ,Information Technology,Information Technology,1771.87,23.0
2025-12-05,FICO,FAIR ISAAC ,Information Technology,Information Technology,1798.53,-16.0
2025-12-01,FIS,FIDELITY NATIONAL INFORMATION SERVICES,Financials,Financials,66.2,-17.0
2025-12-02,FIS,FIDELITY NATIONAL INFORMATION SERVICES,Financials,Financials,66.8,-31.0
2025-12-03,FIS,FIDELITY NATIONAL INFORMATION SERVICES,Financials,Financials,65.66,9.0
2025-12-04,FIS,FIDELITY NATIONAL INFORMATION SERVICES,Financials,Financials,65.56,28.0
2025-12-05,FIS,FIDELITY NATIONAL INFORMATION SERVICES,Financials,Financials,66.66,-11.0
2025-12-01,FISV,"FISERV, INC.",Financials,Financials,62.69,30.0
2025-12-02,FISV,"FISERV, INC.",Financials,Financials,63.24,16.0
2025-12-03,FISV,"FISERV, INC.",Financials,Financials,66.95,-20.0
2025-12-04,FISV,"FISERV, INC.",Financials,Financials,66.06,-30.0
2025-12-05,FISV,"FISERV, INC.",Financials,Financials,66.28,-39.0
2025-12-01,FITB,FIFTH THIRD BANCORP,Financials,Financials,43.77,30.0
2025-12-02,FITB,FIFTH THIRD BANCORP,Financials,Financials,43.73,30.0
2025-12-03,FITB,FIFTH THIRD BANCORP,Financials,Financials,44.93,-20.0
2025-12-04,FITB,FIFTH THIRD BANCORP,Financials,Financials,45.46,-39.0
2025-12-05,FITB,FIFTH THIRD BANCORP,Financials,Financials,45.42,-8.0
2025-12-01,FOXA,FOX ,Communication Services,Communication Services,66.39,18.0
2025-12-02,FOXA,FOX ,Communication Services,Communication Services,66.25,18.0
2025-12-03,FOXA,FOX ,Communication Services,Communication Services,66.45,18.0
2025-12-04,FOXA,FOX ,Communication Services,Communication Services,67.79,-24.0
2025-12-05,FOXA,FOX ,Communication Services,Communication Services,68.4,-16.0
2025-12-01,FRO,FRONTLINE PLC,,MR Discretion,22.85,30.0
2025-12-02,FRO,FRONTLINE PLC,,MR Discretion,23.3,-15.0
2025-12-03,FRO,FRONTLINE PLC,,MR Discretion,23.6,-31.0
2025-12-04,FRO,FRONTLINE PLC,,MR Discretion,23.24,6.0
2025-12-05,FRO,FRONTLINE PLC,,MR Discretion,23.38,0.0
2025-12-01,FRT,FEDERAL REALTY INVESTMENT TRUST,Real Estate,Real Estate,98.32,-37.0
2025-12-02,FRT,FEDERAL REALTY INVESTMENT TRUST,Real Estate,Real Estate,97.6,10.0
2025-12-03,FRT,FEDERAL REALTY INVESTMENT TRUST,Real Estate,Real Estate,97.88,-20.0
2025-12-04,FRT,FEDERAL REALTY INVESTMENT TRUST,Real Estate,Real Estate,97.13,32.0
2025-12-05,FRT,FEDERAL REALTY INVESTMENT TRUST,Real Estate,Real Estate,97.2,18.0
2025-12-01,FSLR,"FIRST SOLAR, INC.",Information Technology,Information Technology,263.54,-31.0
2025-12-02,FSLR,"FIRST SOLAR, INC.",Information Technology,Information Technology,262.56,-15.0
2025-12-03,FSLR,"FIRST SOLAR, INC.",Information Technology,Information Technology,256.06,18.0
2025-12-04,FSLR,"FIRST SOLAR, INC.",Information Technology,Information Technology,257.28,36.0
2025-12-05,FSLR,"FIRST SOLAR, INC.",Information Technology,Information Technology,257.61,26.0
2025-12-01,FTI,TECHNIPFMC PLC,,MR Discretion,45.64,16.0
2025-12-02,FTI,TECHNIPFMC PLC,,MR Discretion,45.32,30.0
2025-12-03,FTI,TECHNIPFMC PLC,,MR Discretion,46.67,-37.0
2025-12-04,FTI,TECHNIPFMC PLC,,MR Discretion,46.51,-13.0
2025-12-05,FTI,TECHNIPFMC PLC,,MR Discretion,46.02,-3.0
2025-12-01,FTNT,"FORTINET, INC.",Information Technology,Information Technology,81.82,30.0
2025-12-02,FTNT,"FORTINET, INC.",Information Technology,Information Technology,82.94,16.0
2025-12-03,FTNT,"FORTINET, INC.",Information Technology,Information Technology,82.76,16.0
2025-12-04,FTNT,"FORTINET, INC.",Information Technology,Information Technology,85.18,-5.0
2025-12-05,FTNT,"FORTINET, INC.",Information Technology,Information Technology,86.92,-29.0
2025-12-01,FTV,FORTIVE ,Industrials,Industrials,52.77,25.0
2025-12-02,FTV,FORTIVE ,Industrials,Industrials,53.14,10.0
2025-12-03,FTV,FORTIVE ,Industrials,Industrials,53.45,-20.0
2025-12-04,FTV,FORTIVE ,Industrials,Industrials,53.38,-5.0
2025-12-05,FTV,FORTIVE ,Industrials,Industrials,53.75,-21.0
2025-12-01,FVX,5 YR TSY YLD NDX,Yields,Yields,3.6729998588562,-17.0
2025-12-02,FVX,5 YR TSY YLD NDX,Yields,Yields,3.65899991989135,9.0
2025-12-03,FVX,5 YR TSY YLD NDX,Yields,Yields,3.62400007247924,21.0
2025-12-04,FVX,5 YR TSY YLD NDX,Yields,Yields,3.6819999217987,-17.0
2025-12-05,FVX,5 YR TSY YLD NDX,Yields,Yields,3.71500015258789,-31.0
2025-12-01,FXA,INVESCO:AU DOLLAR,,Currencies,64.7603,21.0
2025-12-02,FXA,INVESCO:AU DOLLAR,,Currencies,65.0116,9.0
2025-12-03,FXA,INVESCO:AU DOLLAR,,Currencies,65.3646,-17.0
2025-12-04,FXA,INVESCO:AU DOLLAR,,Currencies,65.4662,-4.0
2025-12-05,FXA,INVESCO:AU DOLLAR,,Currencies,65.7236,-18.0
2025-12-01,FXB,INVESCO:GBP STERLING,,Currencies,126.9161,30.0
2025-12-02,FXB,INVESCO:GBP STERLING,,Currencies,126.9255,30.0
2025-12-03,FXB,INVESCO:GBP STERLING,,Currencies,128.2506,-20.0
2025-12-04,FXB,INVESCO:GBP STERLING,,Currencies,128.0577,-13.0
2025-12-05,FXB,INVESCO:GBP STERLING,,Currencies,128.1,-39.0
2025-12-01,FXC,INVESCO:CANADIAN DOLLAR,,Currencies,69.81,16.0
2025-12-02,FXC,INVESCO:CANADIAN DOLLAR,,Currencies,69.92,10.0
2025-12-03,FXC,INVESCO:CANADIAN DOLLAR,,Currencies,70.0447,10.0
2025-12-04,FXC,INVESCO:CANADIAN DOLLAR,,Currencies,70.03,27.0
2025-12-05,FXC,INVESCO:CANADIAN DOLLAR,,Currencies,70.67,-21.0
2025-12-01,FXE,INVESCO:EURO,,Currencies,107.07,30.0
2025-12-02,FXE,INVESCO:EURO,,Currencies,107.25,16.0
2025-12-03,FXE,INVESCO:EURO,,Currencies,107.615,-31.0
2025-12-04,FXE,INVESCO:EURO,,Currencies,107.45,0.0
2025-12-05,FXE,INVESCO:EURO,,Currencies,107.42,0.0
2025-12-01,FXY,INVESCO:JAPANESE YEN,,Currencies,59.2,10.0
2025-12-02,FXY,INVESCO:JAPANESE YEN,,Currencies,59.02,25.0
2025-12-03,FXY,INVESCO:JAPANESE YEN,,Currencies,59.29,-20.0
2025-12-04,FXY,INVESCO:JAPANESE YEN,,Currencies,59.3,-39.0
2025-12-05,FXY,INVESCO:JAPANESE YEN,,Currencies,59.245,-13.0
2025-12-01,GD,GENERAL DYNAMICS ,Industrials,Industrials,332.38,33.0
2025-12-02,GD,GENERAL DYNAMICS ,Industrials,Industrials,335.8,18.0
2025-12-03,GD,GENERAL DYNAMICS ,Industrials,Industrials,338.08,-13.0
2025-12-04,GD,GENERAL DYNAMICS ,Industrials,Industrials,341.7,-24.0
2025-12-05,GD,GENERAL DYNAMICS ,Industrials,Industrials,337.31,13.0
2025-12-01,GDDY,GODADDY INC.,Information Technology,Information Technology,127.94,16.0
2025-12-02,GDDY,GODADDY INC.,Information Technology,Information Technology,128.31,16.0
2025-12-03,GDDY,GODADDY INC.,Information Technology,Information Technology,130.08,-15.0
2025-12-04,GDDY,GODADDY INC.,Information Technology,Information Technology,130.26,-24.0
2025-12-05,GDDY,GODADDY INC.,Information Technology,Information Technology,128.46,45.0
2025-12-01,GDX,VANECK:GOLD MINERS,,Commodities,82.82,-31.0
2025-12-02,GDX,VANECK:GOLD MINERS,,Commodities,81.61,-15.0
2025-12-03,GDX,VANECK:GOLD MINERS,,Commodities,81.06,16.0
2025-12-04,GDX,VANECK:GOLD MINERS,,Commodities,81.39,33.0
2025-12-05,GDX,VANECK:GOLD MINERS,,Commodities,81.03,33.0
2025-12-01,GDXJ,VANECK:JR GOLD MINERS,,Commodities,108.28,-31.0
2025-12-02,GDXJ,VANECK:JR GOLD MINERS,,Commodities,107.29,-15.0
2025-12-03,GDXJ,VANECK:JR GOLD MINERS,,Commodities,106.75,16.0
2025-12-04,GDXJ,VANECK:JR GOLD MINERS,,Commodities,106.98,33.0
2025-12-05,GDXJ,VANECK:JR GOLD MINERS,,Commodities,106.68,33.0
2025-12-01,GE,GENERAL ELECTRIC COMPANY,Industrials,Industrials,288.45,-11.0
2025-12-02,GE,GENERAL ELECTRIC COMPANY,Industrials,Industrials,289.32,-11.0
2025-12-03,GE,GENERAL ELECTRIC COMPANY,Industrials,Industrials,288.49,-11.0
2025-12-04,GE,GENERAL ELECTRIC COMPANY,Industrials,Industrials,291.86,-13.0
2025-12-05,GE,GENERAL ELECTRIC COMPANY,Industrials,Industrials,283.94,42.0
2025-12-01,GEHC,GE HEALTHCARE TECHNOLOGIES INC.,Health Care,Health Care,79.24,30.0
2025-12-02,GEHC,GE HEALTHCARE TECHNOLOGIES INC.,Health Care,Health Care,80.22,16.0
2025-12-03,GEHC,GE HEALTHCARE TECHNOLOGIES INC.,Health Care,Health Care,83.59,-20.0
2025-12-04,GEHC,GE HEALTHCARE TECHNOLOGIES INC.,Health Care,Health Care,82.52,-30.0
2025-12-05,GEHC,GE HEALTHCARE TECHNOLOGIES INC.,Health Care,Health Care,85.46,-46.0
2025-12-01,GEN,GEN DIGITAL INC.,Information Technology,Information Technology,26.28,30.0
2025-12-02,GEN,GEN DIGITAL INC.,Information Technology,Information Technology,26.25,30.0
2025-12-03,GEN,GEN DIGITAL INC.,Information Technology,Information Technology,27.19,-20.0
2025-12-04,GEN,GEN DIGITAL INC.,Information Technology,Information Technology,27.06,-39.0
2025-12-05,GEN,GEN DIGITAL INC.,Information Technology,Information Technology,27.09,-39.0
2025-12-01,GEOS,GEOSPACE TECHNOLOGIES ,,MR Discretion,13.04,16.0
2025-12-02,GEOS,GEOSPACE TECHNOLOGIES ,,MR Discretion,12.66,31.0
2025-12-03,GEOS,GEOSPACE TECHNOLOGIES ,,MR Discretion,14.14,-13.0
2025-12-04,GEOS,GEOSPACE TECHNOLOGIES ,,MR Discretion,15.13,-49.0
2025-12-05,GEOS,GEOSPACE TECHNOLOGIES ,,MR Discretion,14.76,-33.0
2025-12-01,GEV,GE VERNOVA INC.,Industrials,Industrials,576.9,31.0
2025-12-02,GEV,GE VERNOVA INC.,Industrials,Industrials,601.58,18.0
2025-12-03,GEV,GE VERNOVA INC.,Industrials,Industrials,601.97,18.0
2025-12-04,GEV,GE VERNOVA INC.,Industrials,Industrials,629.11,-6.0
2025-12-05,GEV,GE VERNOVA INC.,Industrials,Industrials,631.32,-22.0
2025-12-01,GGB,GERDAU SA,,MR Discretion,3.57,10.0
2025-12-02,GGB,GERDAU SA,,MR Discretion,3.58,10.0
2025-12-03,GGB,GERDAU SA,,MR Discretion,3.67,-20.0
2025-12-04,GGB,GERDAU SA,,MR Discretion,3.7,-37.0
2025-12-05,GGB,GERDAU SA,,MR Discretion,3.48,30.0
2025-12-01,GILD,"GILEAD SCIENCES, INC.",Health Care,Health Care,124.33,-15.0
2025-12-02,GILD,"GILEAD SCIENCES, INC.",Health Care,Health Care,123.91,-15.0
2025-12-03,GILD,"GILEAD SCIENCES, INC.",Health Care,Health Care,125.0,-31.0
2025-12-04,GILD,"GILEAD SCIENCES, INC.",Health Care,Health Care,122.62,33.0
2025-12-05,GILD,"GILEAD SCIENCES, INC.",Health Care,Health Care,121.22,48.0
2025-12-01,GIS,"GENERAL MILLS, INC.",Consumer Staples,Consumer Staples,47.07,-37.0
2025-12-02,GIS,"GENERAL MILLS, INC.",Consumer Staples,Consumer Staples,45.93,16.0
2025-12-03,GIS,"GENERAL MILLS, INC.",Consumer Staples,Consumer Staples,46.2,16.0
2025-12-04,GIS,"GENERAL MILLS, INC.",Consumer Staples,Consumer Staples,45.98,23.0
2025-12-05,GIS,"GENERAL MILLS, INC.",Consumer Staples,Consumer Staples,45.93,23.0
2025-12-01,GL,GLOBE LIFE INC.,Financials,Financials,132.53,-37.0
2025-12-02,GL,GLOBE LIFE INC.,Financials,Financials,131.15,10.0
2025-12-03,GL,GLOBE LIFE INC.,Financials,Financials,130.82,10.0
2025-12-04,GL,GLOBE LIFE INC.,Financials,Financials,130.82,18.0
2025-12-05,GL,GLOBE LIFE INC.,Financials,Financials,131.37,6.0
2025-12-01,GLATF,GLOBAL ATOMIC ,,MR Discretion,0.37,21.0
2025-12-02,GLATF,GLOBAL ATOMIC ,,MR Discretion,0.38,9.0
2025-12-03,GLATF,GLOBAL ATOMIC ,,MR Discretion,0.3867,-17.0
2025-12-04,GLATF,GLOBAL ATOMIC ,,MR Discretion,0.4041,-31.0
2025-12-05,GLATF,GLOBAL ATOMIC ,,MR Discretion,0.3827,9.0
2025-12-01,GLD,SPDR GOLD,Gold,Commodities,389.75,-30.0
2025-12-02,GLD,SPDR GOLD,Gold,Commodities,387.24,18.0
2025-12-03,GLD,SPDR GOLD,Gold,Commodities,386.88,18.0
2025-12-04,GLD,SPDR GOLD,Gold,Commodities,387.13,26.0
2025-12-05,GLD,SPDR GOLD,Gold,Commodities,386.44,26.0
2025-12-01,GLW,CORNING INC.,Information Technology,Information Technology,82.9,33.0
2025-12-02,GLW,CORNING INC.,Information Technology,Information Technology,83.71,18.0
2025-12-03,GLW,CORNING INC.,Information Technology,Information Technology,83.55,18.0
2025-12-04,GLW,CORNING INC.,Information Technology,Information Technology,85.45,2.0
2025-12-05,GLW,CORNING INC.,Information Technology,Information Technology,85.97,-24.0
2025-12-01,GM,GENERAL MOTORS COMPANY,Consumer Discretionary,Consumer Discretionary,72.95,30.0
2025-12-02,GM,GENERAL MOTORS COMPANY,Consumer Discretionary,Consumer Discretionary,73.66,16.0
2025-12-03,GM,GENERAL MOTORS COMPANY,Consumer Discretionary,Consumer Discretionary,74.69,-15.0
2025-12-04,GM,GENERAL MOTORS COMPANY,Consumer Discretionary,Consumer Discretionary,75.29,0.0
2025-12-05,GM,GENERAL MOTORS COMPANY,Consumer Discretionary,Consumer Discretionary,76.05,-24.0
2025-12-01,GNK,GENCO SHIPPING & TRADING LIMITED,,MR Discretion,18.88,10.0
2025-12-02,GNK,GENCO SHIPPING & TRADING LIMITED,,MR Discretion,18.85,25.0
2025-12-03,GNK,GENCO SHIPPING & TRADING LIMITED,,MR Discretion,19.09,-20.0
2025-12-04,GNK,GENCO SHIPPING & TRADING LIMITED,,MR Discretion,19.09,-13.0
2025-12-05,GNK,GENCO SHIPPING & TRADING LIMITED,,MR Discretion,19.32,-29.0
2025-12-01,GNRC,GENERAC HOLDINGS INC.,Industrials,Industrials,149.22,30.0
2025-12-02,GNRC,GENERAC HOLDINGS INC.,Industrials,Industrials,155.31,16.0
2025-12-03,GNRC,GENERAC HOLDINGS INC.,Industrials,Industrials,159.17,-15.0
2025-12-04,GNRC,GENERAC HOLDINGS INC.,Industrials,Industrials,163.24,-13.0
2025-12-05,GNRC,GENERAC HOLDINGS INC.,Industrials,Industrials,162.33,6.0
2025-12-01,GOOGL,ALPHABET INC.,Communication Services,Communication Services,314.89,30.0
2025-12-02,GOOGL,ALPHABET INC.,Communication Services,Communication Services,315.81,16.0
2025-12-03,GOOGL,ALPHABET INC.,Communication Services,Communication Services,319.63,-15.0
2025-12-04,GOOGL,ALPHABET INC.,Communication Services,Communication Services,317.62,33.0
2025-12-05,GOOGL,ALPHABET INC.,Communication Services,Communication Services,321.27,-16.0
2025-12-01,GPC,GENUINE PARTS COMPANY,Consumer Discretionary,Consumer Discretionary,129.95,-17.0
2025-12-02,GPC,GENUINE PARTS COMPANY,Consumer Discretionary,Consumer Discretionary,128.95,21.0
2025-12-03,GPC,GENUINE PARTS COMPANY,Consumer Discretionary,Consumer Discretionary,129.47,9.0
2025-12-04,GPC,GENUINE PARTS COMPANY,Consumer Discretionary,Consumer Discretionary,130.33,-11.0
2025-12-05,GPC,GENUINE PARTS COMPANY,Consumer Discretionary,Consumer Discretionary,130.24,-11.0
2025-12-01,GPN,GLOBAL PAYMENTS INC.,Financials,Financials,76.24,25.0
2025-12-02,GPN,GLOBAL PAYMENTS INC.,Financials,Financials,78.69,10.0
2025-12-03,GPN,GLOBAL PAYMENTS INC.,Financials,Financials,79.96,-20.0
2025-12-04,GPN,GLOBAL PAYMENTS INC.,Financials,Financials,79.74,-5.0
2025-12-05,GPN,GLOBAL PAYMENTS INC.,Financials,Financials,78.85,-5.0
2025-12-01,GREK,GLBL X MSCI GREECE,,Foreign,66.28,13.0
2025-12-02,GREK,GLBL X MSCI GREECE,,Foreign,66.64,-27.0
2025-12-03,GREK,GLBL X MSCI GREECE,,Foreign,66.37,13.0
2025-12-04,GREK,GLBL X MSCI GREECE,,Foreign,66.3,20.0
2025-12-05,GREK,GLBL X MSCI GREECE,,Foreign,66.45,-6.0
2025-12-01,GRMN,GARMIN LTD,Consumer Discretionary,Consumer Discretionary,196.88,16.0
2025-12-02,GRMN,GARMIN LTD,Consumer Discretionary,Consumer Discretionary,197.18,16.0
2025-12-03,GRMN,GARMIN LTD,Consumer Discretionary,Consumer Discretionary,199.46,16.0
2025-12-04,GRMN,GARMIN LTD,Consumer Discretionary,Consumer Discretionary,202.09,-7.0
2025-12-05,GRMN,GARMIN LTD,Consumer Discretionary,Consumer Discretionary,203.59,-24.0
2025-12-01,GS,"THE GOLDMAN SACHS GROUP, INC.",Financials,Financials,810.86,30.0
2025-12-02,GS,"THE GOLDMAN SACHS GROUP, INC.",Financials,Financials,815.21,16.0
2025-12-03,GS,"THE GOLDMAN SACHS GROUP, INC.",Financials,Financials,836.57,-15.0
2025-12-04,GS,"THE GOLDMAN SACHS GROUP, INC.",Financials,Financials,837.83,-7.0
2025-12-05,GS,"THE GOLDMAN SACHS GROUP, INC.",Financials,Financials,854.56,-24.0
2025-12-01,GWW,"W.W. GRAINGER, INC.",Industrials,Industrials,944.87,30.0
2025-12-02,GWW,"W.W. GRAINGER, INC.",Industrials,Industrials,961.15,16.0
2025-12-03,GWW,"W.W. GRAINGER, INC.",Industrials,Industrials,971.16,-20.0
2025-12-04,GWW,"W.W. GRAINGER, INC.",Industrials,Industrials,968.91,0.0
2025-12-05,GWW,"W.W. GRAINGER, INC.",Industrials,Industrials,975.54,-5.0
2025-12-01,HAL,HALLIBURTON COMPANY,Energy,Energy,26.63,30.0
2025-12-02,HAL,HALLIBURTON COMPANY,Energy,Energy,26.91,10.0
2025-12-03,HAL,HALLIBURTON COMPANY,Energy,Energy,27.4,10.0
2025-12-04,HAL,HALLIBURTON COMPANY,Energy,Energy,27.83,-13.0
2025-12-05,HAL,HALLIBURTON COMPANY,Energy,Energy,28.45,-21.0
2025-12-01,HAS,"HASBRO, INC.",Consumer Discretionary,Consumer Discretionary,82.69,-31.0
2025-12-02,HAS,"HASBRO, INC.",Consumer Discretionary,Consumer Discretionary,81.65,16.0
2025-12-03,HAS,"HASBRO, INC.",Consumer Discretionary,Consumer Discretionary,82.47,-15.0
2025-12-04,HAS,"HASBRO, INC.",Consumer Discretionary,Consumer Discretionary,81.85,23.0
2025-12-05,HAS,"HASBRO, INC.",Consumer Discretionary,Consumer Discretionary,81.1,38.0
2025-12-01,HBAN,HUNTINGTON BANCSHARES INC.,Financials,Financials,16.54,25.0
2025-12-02,HBAN,HUNTINGTON BANCSHARES INC.,Financials,Financials,16.56,25.0
2025-12-03,HBAN,HUNTINGTON BANCSHARES INC.,Financials,Financials,17.04,-20.0
2025-12-04,HBAN,HUNTINGTON BANCSHARES INC.,Financials,Financials,17.1,-29.0
2025-12-05,HBAN,HUNTINGTON BANCSHARES INC.,Financials,Financials,16.9,-39.0
2025-12-01,HCA,"HCA HEALTHCARE, INC.",Health Care,Health Care,503.0,-31.0
2025-12-02,HCA,"HCA HEALTHCARE, INC.",Health Care,Health Care,500.31,-15.0
2025-12-03,HCA,"HCA HEALTHCARE, INC.",Health Care,Health Care,486.77,18.0
2025-12-04,HCA,"HCA HEALTHCARE, INC.",Health Care,Health Care,487.66,26.0
2025-12-05,HCA,"HCA HEALTHCARE, INC.",Health Care,Health Care,486.7,26.0
2025-12-01,HD,"THE HOME DEPOT, INC.",Consumer Discretionary,Consumer Discretionary,357.33,-15.0
2025-12-02,HD,"THE HOME DEPOT, INC.",Consumer Discretionary,Consumer Discretionary,354.03,16.0
2025-12-03,HD,"THE HOME DEPOT, INC.",Consumer Discretionary,Consumer Discretionary,357.91,-31.0
2025-12-04,HD,"THE HOME DEPOT, INC.",Consumer Discretionary,Consumer Discretionary,351.17,21.0
2025-12-05,HD,"THE HOME DEPOT, INC.",Consumer Discretionary,Consumer Discretionary,354.61,-3.0
2025-12-01,HIG,THE HARTFORD FINANCIAL SERVICES GROUP,Financials,Financials,135.5,-27.0
2025-12-02,HIG,THE HARTFORD FINANCIAL SERVICES GROUP,Financials,Financials,135.1,-13.0
2025-12-03,HIG,THE HARTFORD FINANCIAL SERVICES GROUP,Financials,Financials,133.04,-13.0
2025-12-04,HIG,THE HARTFORD FINANCIAL SERVICES GROUP,Financials,Financials,131.86,20.0
2025-12-05,HIG,THE HARTFORD FINANCIAL SERVICES GROUP,Financials,Financials,129.43,35.0
2025-12-01,HII,"HUNTINGTON INGALLS INDUSTRIES, INC.",Industrials,Industrials,306.65,16.0
2025-12-02,HII,"HUNTINGTON INGALLS INDUSTRIES, INC.",Industrials,Industrials,307.2,16.0
2025-12-03,HII,"HUNTINGTON INGALLS INDUSTRIES, INC.",Industrials,Industrials,309.23,-15.0
2025-12-04,HII,"HUNTINGTON INGALLS INDUSTRIES, INC.",Industrials,Industrials,315.88,-16.0
2025-12-05,HII,"HUNTINGTON INGALLS INDUSTRIES, INC.",Industrials,Industrials,304.58,6.0
2025-12-01,HLT,HILTON WORLDWIDE HOLDINGS INC.,Consumer Discretionary,Consumer Discretionary,283.04,-31.0
2025-12-02,HLT,HILTON WORLDWIDE HOLDINGS INC.,Consumer Discretionary,Consumer Discretionary,281.18,-15.0
2025-12-03,HLT,HILTON WORLDWIDE HOLDINGS INC.,Consumer Discretionary,Consumer Discretionary,280.24,-15.0
2025-12-04,HLT,HILTON WORLDWIDE HOLDINGS INC.,Consumer Discretionary,Consumer Discretionary,273.45,33.0
2025-12-05,HLT,HILTON WORLDWIDE HOLDINGS INC.,Consumer Discretionary,Consumer Discretionary,272.25,48.0
2025-12-01,HLX,"HELIX ENERGY SOLUTIONS GROUP, INC.",,MR Discretion,6.81,25.0
2025-12-02,HLX,"HELIX ENERGY SOLUTIONS GROUP, INC.",,MR Discretion,6.98,10.0
2025-12-03,HLX,"HELIX ENERGY SOLUTIONS GROUP, INC.",,MR Discretion,7.3,-20.0
2025-12-04,HLX,"HELIX ENERGY SOLUTIONS GROUP, INC.",,MR Discretion,7.51,-29.0
2025-12-05,HLX,"HELIX ENERGY SOLUTIONS GROUP, INC.",,MR Discretion,7.33,-20.0
2025-12-01,HOLX,"HOLOGIC, INC.",Health Care,Health Care,74.84,10.0
2025-12-02,HOLX,"HOLOGIC, INC.",Health Care,Health Care,74.82,10.0
2025-12-03,HOLX,"HOLOGIC, INC.",Health Care,Health Care,75.01,-37.0
2025-12-04,HOLX,"HOLOGIC, INC.",Health Care,Health Care,74.86,27.0
2025-12-05,HOLX,"HOLOGIC, INC.",Health Care,Health Care,74.97,-13.0
2025-12-01,HON,HONEYWELL INTERNATIONAL INC.,Industrials,Industrials,190.22,30.0
2025-12-02,HON,HONEYWELL INTERNATIONAL INC.,Industrials,Industrials,193.15,-15.0
2025-12-03,HON,HONEYWELL INTERNATIONAL INC.,Industrials,Industrials,193.47,-37.0
2025-12-04,HON,HONEYWELL INTERNATIONAL INC.,Industrials,Industrials,192.23,-24.0
2025-12-05,HON,HONEYWELL INTERNATIONAL INC.,Industrials,Industrials,191.33,23.0
2025-12-01,HOOD,"ROBINHOOD MARKETS, INC.",Financials,Financials,123.24,33.0
2025-12-02,HOOD,"ROBINHOOD MARKETS, INC.",Financials,Financials,125.95,18.0
2025-12-03,HOOD,"ROBINHOOD MARKETS, INC.",Financials,Financials,133.64,-15.0
2025-12-04,HOOD,"ROBINHOOD MARKETS, INC.",Financials,Financials,137.08,-24.0
2025-12-05,HOOD,"ROBINHOOD MARKETS, INC.",Financials,Financials,131.95,-13.0
2025-12-01,HPE,HEWLETT PACKARD ENTERPRISE COMPANY,Information Technology,Information Technology,21.94,13.0
2025-12-02,HPE,HEWLETT PACKARD ENTERPRISE COMPANY,Information Technology,Information Technology,21.92,13.0
2025-12-03,HPE,HEWLETT PACKARD ENTERPRISE COMPANY,Information Technology,Information Technology,22.26,13.0
2025-12-04,HPE,HEWLETT PACKARD ENTERPRISE COMPANY,Information Technology,Information Technology,22.9,0.0
2025-12-05,HPE,HEWLETT PACKARD ENTERPRISE COMPANY,Information Technology,Information Technology,23.33,-25.0
2025-12-01,HPQ,HP INC.,Information Technology,Information Technology,24.39,30.0
2025-12-02,HPQ,HP INC.,Information Technology,Information Technology,25.15,10.0
2025-12-03,HPQ,HP INC.,Information Technology,Information Technology,25.19,10.0
2025-12-04,HPQ,HP INC.,Information Technology,Information Technology,25.9,-13.0
2025-12-05,HPQ,HP INC.,Information Technology,Information Technology,25.91,-13.0
2025-12-01,HRL,HORMEL FOODS ,Consumer Staples,Consumer Staples,23.3,10.0
2025-12-02,HRL,HORMEL FOODS ,Consumer Staples,Consumer Staples,23.09,10.0
2025-12-03,HRL,HORMEL FOODS ,Consumer Staples,Consumer Staples,23.27,10.0
2025-12-04,HRL,HORMEL FOODS ,Consumer Staples,Consumer Staples,24.16,-30.0
2025-12-05,HRL,HORMEL FOODS ,Consumer Staples,Consumer Staples,24.34,-46.0
2025-12-01,HSIC,"HENRY SCHEIN, INC.",Health Care,Health Care,73.11,-20.0
2025-12-02,HSIC,"HENRY SCHEIN, INC.",Health Care,Health Care,71.67,30.0
2025-12-03,HSIC,"HENRY SCHEIN, INC.",Health Care,Health Care,72.88,10.0
2025-12-04,HSIC,"HENRY SCHEIN, INC.",Health Care,Health Care,73.34,-39.0
2025-12-05,HSIC,"HENRY SCHEIN, INC.",Health Care,Health Care,73.62,-13.0
2025-12-01,HST,"HOST HOTELS & RESORTS, INC.",Real Estate,Real Estate,17.55,-20.0
2025-12-02,HST,"HOST HOTELS & RESORTS, INC.",Real Estate,Real Estate,17.53,-20.0
2025-12-03,HST,"HOST HOTELS & RESORTS, INC.",Real Estate,Real Estate,17.66,-37.0
2025-12-04,HST,"HOST HOTELS & RESORTS, INC.",Real Estate,Real Estate,17.16,15.0
2025-12-05,HST,"HOST HOTELS & RESORTS, INC.",Real Estate,Real Estate,17.26,27.0
2025-12-01,HSY,THE HERSHEY COMPANY,Consumer Staples,Consumer Staples,185.08,-37.0
2025-12-02,HSY,THE HERSHEY COMPANY,Consumer Staples,Consumer Staples,182.77,-20.0
2025-12-03,HSY,THE HERSHEY COMPANY,Consumer Staples,Consumer Staples,180.63,30.0
2025-12-04,HSY,THE HERSHEY COMPANY,Consumer Staples,Consumer Staples,182.46,27.0
2025-12-05,HSY,THE HERSHEY COMPANY,Consumer Staples,Consumer Staples,182.3,27.0
2025-12-01,HUBB,HUBBELL INC.,Industrials,Industrials,427.85,16.0
2025-12-02,HUBB,HUBBELL INC.,Industrials,Industrials,427.48,16.0
2025-12-03,HUBB,HUBBELL INC.,Industrials,Industrials,429.34,16.0
2025-12-04,HUBB,HUBBELL INC.,Industrials,Industrials,437.71,0.0
2025-12-05,HUBB,HUBBELL INC.,Industrials,Industrials,440.53,-16.0
2025-12-01,HUM,HUMANA INC.,Health Care,Health Care,242.23,30.0
2025-12-02,HUM,HUMANA INC.,Health Care,Health Care,241.96,30.0
2025-12-03,HUM,HUMANA INC.,Health Care,Health Care,256.92,-20.0
2025-12-04,HUM,HUMANA INC.,Health Care,Health Care,253.02,-39.0
2025-12-05,HUM,HUMANA INC.,Health Care,Health Care,257.85,-39.0
2025-12-01,HWM,HOWMET AEROSPACE INC.,Industrials,Industrials,198.74,-30.0
2025-12-02,HWM,HOWMET AEROSPACE INC.,Industrials,Industrials,196.26,-13.0
2025-12-03,HWM,HOWMET AEROSPACE INC.,Industrials,Industrials,194.29,16.0
2025-12-04,HWM,HOWMET AEROSPACE INC.,Industrials,Industrials,196.27,2.0
2025-12-05,HWM,HOWMET AEROSPACE INC.,Industrials,Industrials,190.98,49.0
2025-12-01,HYD,VANECK:HIGH YIELD MUNI,,Bonds,50.93,-37.0
2025-12-02,HYD,VANECK:HIGH YIELD MUNI,,Bonds,50.81,30.0
2025-12-03,HYD,VANECK:HIGH YIELD MUNI,,Bonds,50.86,16.0
2025-12-04,HYD,VANECK:HIGH YIELD MUNI,,Bonds,50.9,-7.0
2025-12-05,HYD,VANECK:HIGH YIELD MUNI,,Bonds,50.885,-7.0
2025-12-01,HYG,ISHARES:IBOXX $HY CORP,Bonds,Bonds,80.47,30.0
2025-12-02,HYG,ISHARES:IBOXX $HY CORP,Bonds,Bonds,80.62,10.0
2025-12-03,HYG,ISHARES:IBOXX $HY CORP,Bonds,Bonds,80.69,-20.0
2025-12-04,HYG,ISHARES:IBOXX $HY CORP,Bonds,Bonds,80.75,-13.0
2025-12-05,HYG,ISHARES:IBOXX $HY CORP,Bonds,Bonds,80.75,-5.0
2025-12-01,IBKR,"INTERACTIVE BROKERS GROUP, INC.",Financials,Financials,63.54,18.0
2025-12-02,IBKR,"INTERACTIVE BROKERS GROUP, INC.",Financials,Financials,63.59,18.0
2025-12-03,IBKR,"INTERACTIVE BROKERS GROUP, INC.",Financials,Financials,64.96,-13.0
2025-12-04,IBKR,"INTERACTIVE BROKERS GROUP, INC.",Financials,Financials,65.95,-24.0
2025-12-05,IBKR,"INTERACTIVE BROKERS GROUP, INC.",Financials,Financials,64.5,36.0
2025-12-01,IBM,INTERNATIONAL BUSINESS MACHINES ,Information Technology,Information Technology,305.67,-13.0
2025-12-02,IBM,INTERNATIONAL BUSINESS MACHINES ,Information Technology,Information Technology,301.78,33.0
2025-12-03,IBM,INTERNATIONAL BUSINESS MACHINES ,Information Technology,Information Technology,302.62,18.0
2025-12-04,IBM,INTERNATIONAL BUSINESS MACHINES ,Information Technology,Information Technology,307.99,0.0
2025-12-05,IBM,INTERNATIONAL BUSINESS MACHINES ,Information Technology,Information Technology,307.94,-7.0
2025-12-01,ICE,"INTERCONTINENTAL EXCHANGE, INC.",Financials,Financials,156.94,10.0
2025-12-02,ICE,"INTERCONTINENTAL EXCHANGE, INC.",Financials,Financials,155.36,30.0
2025-12-03,ICE,"INTERCONTINENTAL EXCHANGE, INC.",Financials,Financials,156.85,10.0
2025-12-04,ICE,"INTERCONTINENTAL EXCHANGE, INC.",Financials,Financials,159.11,-56.0
2025-12-05,ICE,"INTERCONTINENTAL EXCHANGE, INC.",Financials,Financials,157.82,-13.0
2025-12-01,ICL,ICL GROUP LTD,,MR Discretion,5.57,-15.0
2025-12-02,ICL,ICL GROUP LTD,,MR Discretion,5.62,-31.0
2025-12-03,ICL,ICL GROUP LTD,,MR Discretion,5.25,18.0
2025-12-04,ICL,ICL GROUP LTD,,MR Discretion,5.18,-2.0
2025-12-05,ICL,ICL GROUP LTD,,MR Discretion,5.18,-2.0
2025-12-01,IDXX,"IDEXX LABORATORIES, INC.",Health Care,Health Care,728.97,-15.0
2025-12-02,IDXX,"IDEXX LABORATORIES, INC.",Health Care,Health Care,732.73,-31.0
2025-12-03,IDXX,"IDEXX LABORATORIES, INC.",Health Care,Health Care,725.93,-15.0
2025-12-04,IDXX,"IDEXX LABORATORIES, INC.",Health Care,Health Care,717.47,23.0
2025-12-05,IDXX,"IDEXX LABORATORIES, INC.",Health Care,Health Care,714.1,38.0
2025-12-01,IEF,ISHARES:7-10 TRS BD ETF,Bonds,Bonds,96.69,16.0
2025-12-02,IEF,ISHARES:7-10 TRS BD ETF,Bonds,Bonds,96.77,-15.0
2025-12-03,IEF,ISHARES:7-10 TRS BD ETF,Bonds,Bonds,96.97,-31.0
2025-12-04,IEF,ISHARES:7-10 TRS BD ETF,Bonds,Bonds,96.67,33.0
2025-12-05,IEF,ISHARES:7-10 TRS BD ETF,Bonds,Bonds,96.47,48.0
2025-12-01,IEX,IDEX ,Industrials,Industrials,174.64,25.0
2025-12-02,IEX,IDEX ,Industrials,Industrials,175.1,10.0
2025-12-03,IEX,IDEX ,Industrials,Industrials,178.21,-20.0
2025-12-04,IEX,IDEX ,Industrials,Industrials,179.03,-29.0
2025-12-05,IEX,IDEX ,Industrials,Industrials,177.54,-5.0
2025-12-01,IFF,INTERNATIONAL FLAVORS & FRAGRANCES INC.,Materials,Materials,69.27,-37.0
2025-12-02,IFF,INTERNATIONAL FLAVORS & FRAGRANCES INC.,Materials,Materials,68.54,-20.0
2025-12-03,IFF,INTERNATIONAL FLAVORS & FRAGRANCES INC.,Materials,Materials,67.12,10.0
2025-12-04,IFF,INTERNATIONAL FLAVORS & FRAGRANCES INC.,Materials,Materials,66.49,32.0
2025-12-05,IFF,INTERNATIONAL FLAVORS & FRAGRANCES INC.,Materials,Materials,67.18,40.0
2025-12-01,INCY,INCYTE ,Health Care,Health Care,102.04,-13.0
2025-12-02,INCY,INCYTE ,Health Care,Health Care,101.44,13.0
2025-12-03,INCY,INCYTE ,Health Care,Health Care,101.5,13.0
2025-12-04,INCY,INCYTE ,Health Care,Health Care,100.46,41.0
2025-12-05,INCY,INCYTE ,Health Care,Health Care,102.52,-5.0
2025-12-01,INDA,ISHARES:MSCI INDIA,,Foreign,54.33,-31.0
2025-12-02,INDA,ISHARES:MSCI INDIA,,Foreign,53.88,-15.0
2025-12-03,INDA,ISHARES:MSCI INDIA,,Foreign,53.41,30.0
2025-12-04,INDA,ISHARES:MSCI INDIA,,Foreign,53.76,33.0
2025-12-05,INDA,ISHARES:MSCI INDIA,,Foreign,53.97,0.0
2025-12-01,INTC,INTEL ,Information Technology,Information Technology,40.01,30.0
2025-12-02,INTC,INTEL ,Information Technology,Information Technology,43.47,-20.0
2025-12-03,INTC,INTEL ,Information Technology,Information Technology,43.76,-37.0
2025-12-04,INTC,INTEL ,Information Technology,Information Technology,40.5,1.0
2025-12-05,INTC,INTEL ,Information Technology,Information Technology,41.41,-9.0
2025-12-01,INTU,INTUIT INC.,Information Technology,Information Technology,631.62,30.0
2025-12-02,INTU,INTUIT INC.,Information Technology,Information Technology,635.63,16.0
2025-12-03,INTU,INTUIT INC.,Information Technology,Information Technology,647.68,16.0
2025-12-04,INTU,INTUIT INC.,Information Technology,Information Technology,663.08,-5.0
2025-12-05,INTU,INTUIT INC.,Information Technology,Information Technology,673.63,-29.0
2025-12-01,INVH,INVITATION HOMES INC.,Real Estate,Real Estate,27.79,-15.0
2025-12-02,INVH,INVITATION HOMES INC.,Real Estate,Real Estate,27.9,-37.0
2025-12-03,INVH,INVITATION HOMES INC.,Real Estate,Real Estate,27.66,-15.0
2025-12-04,INVH,INVITATION HOMES INC.,Real Estate,Real Estate,27.38,23.0
2025-12-05,INVH,INVITATION HOMES INC.,Real Estate,Real Estate,27.14,38.0
2025-12-01,IP,INTERNATIONAL PAPER COMPANY,Materials,Materials,39.19,-20.0
2025-12-02,IP,INTERNATIONAL PAPER COMPANY,Materials,Materials,37.85,30.0
2025-12-03,IP,INTERNATIONAL PAPER COMPANY,Materials,Materials,39.22,-20.0
2025-12-04,IP,INTERNATIONAL PAPER COMPANY,Materials,Materials,39.13,-39.0
2025-12-05,IP,INTERNATIONAL PAPER COMPANY,Materials,Materials,39.06,-39.0
2025-12-01,IQV,IQVIA HOLDINGS INC,Health Care,Health Care,228.47,-37.0
2025-12-02,IQV,IQVIA HOLDINGS INC,Health Care,Health Care,225.63,16.0
2025-12-03,IQV,IQVIA HOLDINGS INC,Health Care,Health Care,227.24,-20.0
2025-12-04,IQV,IQVIA HOLDINGS INC,Health Care,Health Care,224.92,38.0
2025-12-05,IQV,IQVIA HOLDINGS INC,Health Care,Health Care,225.85,18.0
2025-12-01,IR,INGERSOLL RAND INC.,Industrials,Industrials,79.19,25.0
2025-12-02,IR,INGERSOLL RAND INC.,Industrials,Industrials,79.18,25.0
2025-12-03,IR,INGERSOLL RAND INC.,Industrials,Industrials,79.75,-20.0
2025-12-04,IR,INGERSOLL RAND INC.,Industrials,Industrials,79.99,-29.0
2025-12-05,IR,INGERSOLL RAND INC.,Industrials,Industrials,79.86,-13.0
2025-12-01,IRM,IRON MOUNTAIN INC.,Real Estate,Real Estate,82.83,33.0
2025-12-02,IRM,IRON MOUNTAIN INC.,Real Estate,Real Estate,82.77,33.0
2025-12-03,IRM,IRON MOUNTAIN INC.,Real Estate,Real Estate,84.28,-13.0
2025-12-04,IRM,IRON MOUNTAIN INC.,Real Estate,Real Estate,85.03,-24.0
2025-12-05,IRM,IRON MOUNTAIN INC.,Real Estate,Real Estate,84.31,-6.0
2025-12-01,ISRG,"INTUITIVE SURGICAL, INC.",Health Care,Health Care,567.37,16.0
2025-12-02,ISRG,"INTUITIVE SURGICAL, INC.",Health Care,Health Care,567.72,16.0
2025-12-03,ISRG,"INTUITIVE SURGICAL, INC.",Health Care,Health Care,569.71,16.0
2025-12-04,ISRG,"INTUITIVE SURGICAL, INC.",Health Care,Health Care,568.63,33.0
2025-12-05,ISRG,"INTUITIVE SURGICAL, INC.",Health Care,Health Care,575.34,-6.0
2025-12-01,IT,"GARTNER, INC.",Information Technology,Information Technology,230.78,-20.0
2025-12-02,IT,"GARTNER, INC.",Information Technology,Information Technology,228.62,25.0
2025-12-03,IT,"GARTNER, INC.",Information Technology,Information Technology,231.91,-20.0
2025-12-04,IT,"GARTNER, INC.",Information Technology,Information Technology,232.1,-13.0
2025-12-05,IT,"GARTNER, INC.",Information Technology,Information Technology,229.77,18.0
2025-12-01,ITW,ILLINOIS TOOL WORKS INC.,Industrials,Industrials,247.49,30.0
2025-12-02,ITW,ILLINOIS TOOL WORKS INC.,Industrials,Industrials,248.38,10.0
2025-12-03,ITW,ILLINOIS TOOL WORKS INC.,Industrials,Industrials,250.04,-20.0
2025-12-04,ITW,ILLINOIS TOOL WORKS INC.,Industrials,Industrials,249.38,-5.0
2025-12-05,ITW,ILLINOIS TOOL WORKS INC.,Industrials,Industrials,249.7,-5.0
2025-12-01,IVZ,INVESCO LTD.,Financials,Financials,24.66,16.0
2025-12-02,IVZ,INVESCO LTD.,Financials,Financials,24.24,16.0
2025-12-03,IVZ,INVESCO LTD.,Financials,Financials,24.39,16.0
2025-12-04,IVZ,INVESCO LTD.,Financials,Financials,25.21,-5.0
2025-12-05,IVZ,INVESCO LTD.,Financials,Financials,26.24,-46.0
2025-12-01,IWD,ISHARES:RUSS 1000 VL ETF,,Sector & Style ETFs,208.55,25.0
2025-12-02,IWD,ISHARES:RUSS 1000 VL ETF,,Sector & Style ETFs,208.43,25.0
2025-12-03,IWD,ISHARES:RUSS 1000 VL ETF,,Sector & Style ETFs,210.33,-20.0
2025-12-04,IWD,ISHARES:RUSS 1000 VL ETF,,Sector & Style ETFs,210.24,-13.0
2025-12-05,IWD,ISHARES:RUSS 1000 VL ETF,,Sector & Style ETFs,210.47,-13.0
2025-12-01,IWF,ISHARES:RUSS 1000 GR ETF,,Sector & Style ETFs,474.84,30.0
2025-12-02,IWF,ISHARES:RUSS 1000 GR ETF,,Sector & Style ETFs,476.93,-15.0
2025-12-03,IWF,ISHARES:RUSS 1000 GR ETF,,Sector & Style ETFs,476.48,16.0
2025-12-04,IWF,ISHARES:RUSS 1000 GR ETF,,Sector & Style ETFs,477.43,-7.0
2025-12-05,IWF,ISHARES:RUSS 1000 GR ETF,,Sector & Style ETFs,478.8,-24.0
2025-12-01,IWM,ISHARES:RUSS 2000 ETF,,Sector & Style ETFs,245.62,13.0
2025-12-02,IWM,ISHARES:RUSS 2000 ETF,,Sector & Style ETFs,245.17,26.0
2025-12-03,IWM,ISHARES:RUSS 2000 ETF,,Sector & Style ETFs,249.63,-17.0
2025-12-04,IWM,ISHARES:RUSS 2000 ETF,,Sector & Style ETFs,251.82,-25.0
2025-12-05,IWM,ISHARES:RUSS 2000 ETF,,Sector & Style ETFs,250.77,-11.0
2025-12-01,J,JACOBS SOLUTIONS INC.,Industrials,Industrials,132.84,33.0
2025-12-02,J,JACOBS SOLUTIONS INC.,Industrials,Industrials,135.02,16.0
2025-12-03,J,JACOBS SOLUTIONS INC.,Industrials,Industrials,138.73,-15.0
2025-12-04,J,JACOBS SOLUTIONS INC.,Industrials,Industrials,140.73,-7.0
2025-12-05,J,JACOBS SOLUTIONS INC.,Industrials,Industrials,140.22,11.0
2025-12-01,JBHT,"J. B. HUNT TRANSPORT SERVICES, INC.",Industrials,Industrials,179.73,25.0
2025-12-02,JBHT,"J. B. HUNT TRANSPORT SERVICES, INC.",Industrials,Industrials,185.73,10.0
2025-12-03,JBHT,"J. B. HUNT TRANSPORT SERVICES, INC.",Industrials,Industrials,187.92,-20.0
2025-12-04,JBHT,"J. B. HUNT TRANSPORT SERVICES, INC.",Industrials,Industrials,187.535,-5.0
2025-12-05,JBHT,"J. B. HUNT TRANSPORT SERVICES, INC.",Industrials,Industrials,188.41,-13.0
2025-12-01,JBL,JABIL INC.,Information Technology,Information Technology,209.99,30.0
2025-12-02,JBL,JABIL INC.,Information Technology,Information Technology,212.05,16.0
2025-12-03,JBL,JABIL INC.,Information Technology,Information Technology,214.05,16.0
2025-12-04,JBL,JABIL INC.,Information Technology,Information Technology,218.72,0.0
2025-12-05,JBL,JABIL INC.,Information Technology,Information Technology,220.06,-16.0
2025-12-01,JCI,JOHNSON CONTROLS INTERNATIONAL PLC,Industrials,Industrials,114.94,-13.0
2025-12-02,JCI,JOHNSON CONTROLS INTERNATIONAL PLC,Industrials,Industrials,115.28,-30.0
2025-12-03,JCI,JOHNSON CONTROLS INTERNATIONAL PLC,Industrials,Industrials,114.22,18.0
2025-12-04,JCI,JOHNSON CONTROLS INTERNATIONAL PLC,Industrials,Industrials,114.2,26.0
2025-12-05,JCI,JOHNSON CONTROLS INTERNATIONAL PLC,Industrials,Industrials,114.23,26.0
2025-12-01,JKHY,"JACK HENRY & ASSOCIATES, INC.",Financials,Financials,174.2,10.0
2025-12-02,JKHY,"JACK HENRY & ASSOCIATES, INC.",Financials,Financials,172.68,25.0
2025-12-03,JKHY,"JACK HENRY & ASSOCIATES, INC.",Financials,Financials,176.13,10.0
2025-12-04,JKHY,"JACK HENRY & ASSOCIATES, INC.",Financials,Financials,180.34,-39.0
2025-12-05,JKHY,"JACK HENRY & ASSOCIATES, INC.",Financials,Financials,181.71,-56.0
2025-12-01,JNJ,JOHNSON & JOHNSON,Health Care,Health Care,205.34,-15.0
2025-12-02,JNJ,JOHNSON & JOHNSON,Health Care,Health Care,205.42,-15.0
2025-12-03,JNJ,JOHNSON & JOHNSON,Health Care,Health Care,205.33,-15.0
2025-12-04,JNJ,JOHNSON & JOHNSON,Health Care,Health Care,202.48,33.0
2025-12-05,JNJ,JOHNSON & JOHNSON,Health Care,Health Care,201.93,48.0
2025-12-01,JNK,SPDR BBG HIGH YIELD BD,,Bonds,96.96,21.0
2025-12-02,JNK,SPDR BBG HIGH YIELD BD,,Bonds,97.11,9.0
2025-12-03,JNK,SPDR BBG HIGH YIELD BD,,Bonds,97.26,-17.0
2025-12-04,JNK,SPDR BBG HIGH YIELD BD,,Bonds,97.29,-4.0
2025-12-05,JNK,SPDR BBG HIGH YIELD BD,,Bonds,97.29,-4.0
2025-12-01,JPM,JPMORGAN CHASE & CO.,Financials,Financials,308.92,16.0
2025-12-02,JPM,JPMORGAN CHASE & CO.,Financials,Financials,307.88,33.0
2025-12-03,JPM,JPMORGAN CHASE & CO.,Financials,Financials,312.13,-15.0
2025-12-04,JPM,JPMORGAN CHASE & CO.,Financials,Financials,316.1,-24.0
2025-12-05,JPM,JPMORGAN CHASE & CO.,Financials,Financials,315.04,-7.0
2025-12-01,K,KELLANOVA,Consumer Staples,Consumer Staples,83.07,30.0
2025-12-02,K,KELLANOVA,Consumer Staples,Consumer Staples,83.13,-15.0
2025-12-03,K,KELLANOVA,Consumer Staples,Consumer Staples,83.14,-15.0
2025-12-04,K,KELLANOVA,Consumer Staples,Consumer Staples,83.15,-7.0
2025-12-05,K,KELLANOVA,Consumer Staples,Consumer Staples,83.14,-7.0
2025-12-01,KDP,KEURIG DR PEPPER INC.,Consumer Staples,Consumer Staples,28.17,10.0
2025-12-02,KDP,KEURIG DR PEPPER INC.,Consumer Staples,Consumer Staples,28.13,25.0
2025-12-03,KDP,KEURIG DR PEPPER INC.,Consumer Staples,Consumer Staples,28.33,10.0
2025-12-04,KDP,KEURIG DR PEPPER INC.,Consumer Staples,Consumer Staples,28.58,-13.0
2025-12-05,KDP,KEURIG DR PEPPER INC.,Consumer Staples,Consumer Staples,28.69,-29.0
2025-12-01,KEY,KEYCORP,Financials,Financials,18.62,16.0
2025-12-02,KEY,KEYCORP,Financials,Financials,18.28,30.0
2025-12-03,KEY,KEYCORP,Financials,Financials,18.75,16.0
2025-12-04,KEY,KEYCORP,Financials,Financials,19.11,-39.0
2025-12-05,KEY,KEYCORP,Financials,Financials,19.26,-56.0
2025-12-01,KEYS,"KEYSIGHT TECHNOLOGIES, INC.",Information Technology,Information Technology,197.54,30.0
2025-12-02,KEYS,"KEYSIGHT TECHNOLOGIES, INC.",Information Technology,Information Technology,201.4,10.0
2025-12-03,KEYS,"KEYSIGHT TECHNOLOGIES, INC.",Information Technology,Information Technology,206.61,-20.0
2025-12-04,KEYS,"KEYSIGHT TECHNOLOGIES, INC.",Information Technology,Information Technology,209.07,-5.0
2025-12-05,KEYS,"KEYSIGHT TECHNOLOGIES, INC.",Information Technology,Information Technology,210.49,-21.0
2025-12-01,KHC,THE KRAFT HEINZ COMPANY,Consumer Staples,Consumer Staples,25.37,-37.0
2025-12-02,KHC,THE KRAFT HEINZ COMPANY,Consumer Staples,Consumer Staples,24.96,-20.0
2025-12-03,KHC,THE KRAFT HEINZ COMPANY,Consumer Staples,Consumer Staples,25.03,-20.0
2025-12-04,KHC,THE KRAFT HEINZ COMPANY,Consumer Staples,Consumer Staples,24.59,-9.0
2025-12-05,KHC,THE KRAFT HEINZ COMPANY,Consumer Staples,Consumer Staples,24.34,38.0
2025-12-01,KIM,KIMCO REALTY .,Real Estate,Real Estate,20.49,-37.0
2025-12-02,KIM,KIMCO REALTY .,Real Estate,Real Estate,20.3,16.0
2025-12-03,KIM,KIMCO REALTY .,Real Estate,Real Estate,20.41,-15.0
2025-12-04,KIM,KIMCO REALTY .,Real Estate,Real Estate,20.36,-7.0
2025-12-05,KIM,KIMCO REALTY .,Real Estate,Real Estate,20.13,38.0
2025-12-01,KKR,KKR & CO. INC.,Financials,Financials,122.19,30.0
2025-12-02,KKR,KKR & CO. INC.,Financials,Financials,122.68,16.0
2025-12-03,KKR,KKR & CO. INC.,Financials,Financials,126.48,-15.0
2025-12-04,KKR,KKR & CO. INC.,Financials,Financials,128.43,-13.0
2025-12-05,KKR,KKR & CO. INC.,Financials,Financials,129.42,-29.0
2025-12-01,KLAC,KLA ,Information Technology,Information Technology,1157.18,33.0
2025-12-02,KLAC,KLA ,Information Technology,Information Technology,1189.86,16.0
2025-12-03,KLAC,KLA ,Information Technology,Information Technology,1211.75,-15.0
2025-12-04,KLAC,KLA ,Information Technology,Information Technology,1208.08,0.0
2025-12-05,KLAC,KLA ,Information Technology,Information Technology,1214.46,0.0
2025-12-01,KMB,KIMBERLY-CLARK ,Consumer Staples,Consumer Staples,108.54,-37.0
2025-12-02,KMB,KIMBERLY-CLARK ,Consumer Staples,Consumer Staples,106.95,-20.0
2025-12-03,KMB,KIMBERLY-CLARK ,Consumer Staples,Consumer Staples,106.13,-20.0
2025-12-04,KMB,KIMBERLY-CLARK ,Consumer Staples,Consumer Staples,104.94,23.0
2025-12-05,KMB,KIMBERLY-CLARK ,Consumer Staples,Consumer Staples,102.96,48.0
2025-12-01,KMI,"KINDER MORGAN, INC.",Energy,Energy,27.29,16.0
2025-12-02,KMI,"KINDER MORGAN, INC.",Energy,Energy,26.85,33.0
2025-12-03,KMI,"KINDER MORGAN, INC.",Energy,Energy,27.17,16.0
2025-12-04,KMI,"KINDER MORGAN, INC.",Energy,Energy,27.84,-41.0
2025-12-05,KMI,"KINDER MORGAN, INC.",Energy,Energy,27.77,-34.0
2025-12-01,KMX,"CARMAX, INC.",Consumer Discretionary,Consumer Discretionary,38.56,25.0
2025-12-02,KMX,"CARMAX, INC.",Consumer Discretionary,Consumer Discretionary,38.71,10.0
2025-12-03,KMX,"CARMAX, INC.",Consumer Discretionary,Consumer Discretionary,39.02,-37.0
2025-12-04,KMX,"CARMAX, INC.",Consumer Discretionary,Consumer Discretionary,38.9,-5.0
2025-12-05,KMX,"CARMAX, INC.",Consumer Discretionary,Consumer Discretionary,38.82,-5.0
2025-12-01,KO,THE COCA-COLA COMPANY,Consumer Staples,Consumer Staples,71.95,-31.0
2025-12-02,KO,THE COCA-COLA COMPANY,Consumer Staples,Consumer Staples,70.67,16.0
2025-12-03,KO,THE COCA-COLA COMPANY,Consumer Staples,Consumer Staples,70.81,-15.0
2025-12-04,KO,THE COCA-COLA COMPANY,Consumer Staples,Consumer Staples,70.45,-3.0
2025-12-05,KO,THE COCA-COLA COMPANY,Consumer Staples,Consumer Staples,70.0,38.0
2025-12-01,KR,THE KROGER CO.,Consumer Staples,Consumer Staples,67.55,-20.0
2025-12-02,KR,THE KROGER CO.,Consumer Staples,Consumer Staples,67.03,-15.0
2025-12-03,KR,THE KROGER CO.,Consumer Staples,Consumer Staples,66.2,-15.0
2025-12-04,KR,THE KROGER CO.,Consumer Staples,Consumer Staples,63.14,8.0
2025-12-05,KR,THE KROGER CO.,Consumer Staples,Consumer Staples,62.71,23.0
2025-12-01,KVUE,KENVUE INC.,Consumer Staples,Consumer Staples,17.22,-37.0
2025-12-02,KVUE,KENVUE INC.,Consumer Staples,Consumer Staples,16.86,10.0
2025-12-03,KVUE,KENVUE INC.,Consumer Staples,Consumer Staples,16.97,10.0
2025-12-04,KVUE,KENVUE INC.,Consumer Staples,Consumer Staples,16.99,18.0
2025-12-05,KVUE,KENVUE INC.,Consumer Staples,Consumer Staples,16.93,18.0
2025-12-01,L,LOEWS ,Financials,Financials,106.4,-15.0
2025-12-02,L,LOEWS ,Financials,Financials,106.31,-15.0
2025-12-03,L,LOEWS ,Financials,Financials,105.75,-15.0
2025-12-04,L,LOEWS ,Financials,Financials,104.49,33.0
2025-12-05,L,LOEWS ,Financials,Financials,102.82,52.0
2025-12-01,LDOS,"LEIDOS HOLDINGS, INC.",Industrials,Industrials,188.42,18.0
2025-12-02,LDOS,"LEIDOS HOLDINGS, INC.",Industrials,Industrials,187.07,18.0
2025-12-03,LDOS,"LEIDOS HOLDINGS, INC.",Industrials,Industrials,188.44,18.0
2025-12-04,LDOS,"LEIDOS HOLDINGS, INC.",Industrials,Industrials,192.42,-15.0
2025-12-05,LDOS,"LEIDOS HOLDINGS, INC.",Industrials,Industrials,186.82,8.0
2025-12-01,LEN,LENNAR ,Consumer Discretionary,Consumer Discretionary,130.23,-20.0
2025-12-02,LEN,LENNAR ,Consumer Discretionary,Consumer Discretionary,129.73,-20.0
2025-12-03,LEN,LENNAR ,Consumer Discretionary,Consumer Discretionary,133.13,-37.0
2025-12-04,LEN,LENNAR ,Consumer Discretionary,Consumer Discretionary,126.75,6.0
2025-12-05,LEN,LENNAR ,Consumer Discretionary,Consumer Discretionary,123.91,21.0
2025-12-01,LH,LABORATORY  OF AMERICA HOLDINGS,Health Care,Health Care,267.73,-37.0
2025-12-02,LH,LABORATORY  OF AMERICA HOLDINGS,Health Care,Health Care,265.93,-20.0
2025-12-03,LH,LABORATORY  OF AMERICA HOLDINGS,Health Care,Health Care,265.76,-20.0
2025-12-04,LH,LABORATORY  OF AMERICA HOLDINGS,Health Care,Health Care,261.48,33.0
2025-12-05,LH,LABORATORY  OF AMERICA HOLDINGS,Health Care,Health Care,258.39,48.0
2025-12-01,LHX,"L3HARRIS TECHNOLOGIES, INC.",Industrials,Industrials,272.32,33.0
2025-12-02,LHX,"L3HARRIS TECHNOLOGIES, INC.",Industrials,Industrials,273.97,18.0
2025-12-03,LHX,"L3HARRIS TECHNOLOGIES, INC.",Industrials,Industrials,277.74,-13.0
2025-12-04,LHX,"L3HARRIS TECHNOLOGIES, INC.",Industrials,Industrials,280.51,-24.0
2025-12-05,LHX,"L3HARRIS TECHNOLOGIES, INC.",Industrials,Industrials,278.5,11.0
2025-12-01,LII,LENNOX INTERNATIONAL INC.,Industrials,Industrials,489.46,13.0
2025-12-02,LII,LENNOX INTERNATIONAL INC.,Industrials,Industrials,487.29,26.0
2025-12-03,LII,LENNOX INTERNATIONAL INC.,Industrials,Industrials,500.01,-17.0
2025-12-04,LII,LENNOX INTERNATIONAL INC.,Industrials,Industrials,504.73,-11.0
2025-12-05,LII,LENNOX INTERNATIONAL INC.,Industrials,Industrials,511.63,-25.0
2025-12-01,LIN,LINDE PUBLIC LIMITED COMPANY,Materials,Materials,407.14,-15.0
2025-12-02,LIN,LINDE PUBLIC LIMITED COMPANY,Materials,Materials,408.79,-15.0
2025-12-03,LIN,LINDE PUBLIC LIMITED COMPANY,Materials,Materials,409.15,-15.0
2025-12-04,LIN,LINDE PUBLIC LIMITED COMPANY,Materials,Materials,403.73,33.0
2025-12-05,LIN,LINDE PUBLIC LIMITED COMPANY,Materials,Materials,399.57,48.0
2025-12-01,LKQ,LKQ ,Consumer Discretionary,Consumer Discretionary,29.47,-17.0
2025-12-02,LKQ,LKQ ,Consumer Discretionary,Consumer Discretionary,29.18,13.0
2025-12-03,LKQ,LKQ ,Consumer Discretionary,Consumer Discretionary,29.34,-13.0
2025-12-04,LKQ,LKQ ,Consumer Discretionary,Consumer Discretionary,28.87,17.0
2025-12-05,LKQ,LKQ ,Consumer Discretionary,Consumer Discretionary,29.45,-25.0
2025-12-01,LLY,ELI LILLY AND COMPANY,Health Care,Health Care,1057.89,-31.0
2025-12-02,LLY,ELI LILLY AND COMPANY,Health Care,Health Care,1046.12,-15.0
2025-12-03,LLY,ELI LILLY AND COMPANY,Health Care,Health Care,1033.56,-15.0
2025-12-04,LLY,ELI LILLY AND COMPANY,Health Care,Health Care,1014.49,33.0
2025-12-05,LLY,ELI LILLY AND COMPANY,Health Care,Health Care,1010.31,48.0
2025-12-01,LMT,LOCKHEED MARTIN ,Industrials,Industrials,439.19,33.0
2025-12-02,LMT,LOCKHEED MARTIN ,Industrials,Industrials,441.82,16.0
2025-12-03,LMT,LOCKHEED MARTIN ,Industrials,Industrials,446.8,-15.0
2025-12-04,LMT,LOCKHEED MARTIN ,Industrials,Industrials,448.35,0.0
2025-12-05,LMT,LOCKHEED MARTIN ,Industrials,Industrials,452.2,-24.0
2025-12-01,LNT,ALLIANT ENERGY ,Utilities,Utilities,67.6,-31.0
2025-12-02,LNT,ALLIANT ENERGY ,Utilities,Utilities,66.53,-15.0
2025-12-03,LNT,ALLIANT ENERGY ,Utilities,Utilities,66.38,-13.0
2025-12-04,LNT,ALLIANT ENERGY ,Utilities,Utilities,65.71,26.0
2025-12-05,LNT,ALLIANT ENERGY ,Utilities,Utilities,65.5,41.0
2025-12-01,LOW,"LOWE'S COMPANIES, INC.",Consumer Discretionary,Consumer Discretionary,246.39,-20.0
2025-12-02,LOW,"LOWE'S COMPANIES, INC.",Consumer Discretionary,Consumer Discretionary,243.17,30.0
2025-12-03,LOW,"LOWE'S COMPANIES, INC.",Consumer Discretionary,Consumer Discretionary,246.94,-20.0
2025-12-04,LOW,"LOWE'S COMPANIES, INC.",Consumer Discretionary,Consumer Discretionary,246.17,-9.0
2025-12-05,LOW,"LOWE'S COMPANIES, INC.",Consumer Discretionary,Consumer Discretionary,248.47,-29.0
2025-12-01,LQD,ISHARES:IBOXX $IG CORP,Bonds,Bonds,110.85,16.0
2025-12-02,LQD,ISHARES:IBOXX $IG CORP,Bonds,Bonds,110.92,16.0
2025-12-03,LQD,ISHARES:IBOXX $IG CORP,Bonds,Bonds,111.17,-31.0
2025-12-04,LQD,ISHARES:IBOXX $IG CORP,Bonds,Bonds,110.97,0.0
2025-12-05,LQD,ISHARES:IBOXX $IG CORP,Bonds,Bonds,110.86,33.0
2025-12-01,LRCX,LAM RESEARCH ,Information Technology,Information Technology,154.79,30.0
2025-12-02,LRCX,LAM RESEARCH ,Information Technology,Information Technology,158.19,-15.0
2025-12-03,LRCX,LAM RESEARCH ,Information Technology,Information Technology,159.75,-31.0
2025-12-04,LRCX,LAM RESEARCH ,Information Technology,Information Technology,157.09,33.0
2025-12-05,LRCX,LAM RESEARCH ,Information Technology,Information Technology,158.7,0.0
2025-12-01,LULU,LULULEMON ATHLETICA INC.,Consumer Discretionary,Consumer Discretionary,182.41,10.0
2025-12-02,LULU,LULULEMON ATHLETICA INC.,Consumer Discretionary,Consumer Discretionary,182.4,10.0
2025-12-03,LULU,LULULEMON ATHLETICA INC.,Consumer Discretionary,Consumer Discretionary,182.3,10.0
2025-12-04,LULU,LULULEMON ATHLETICA INC.,Consumer Discretionary,Consumer Discretionary,183.6,27.0
2025-12-05,LULU,LULULEMON ATHLETICA INC.,Consumer Discretionary,Consumer Discretionary,190.01,-21.0
2025-12-01,LUV,SOUTHWEST AIRLINES CO.,Industrials,Industrials,34.77,16.0
2025-12-02,LUV,SOUTHWEST AIRLINES CO.,Industrials,Industrials,35.43,10.0
2025-12-03,LUV,SOUTHWEST AIRLINES CO.,Industrials,Industrials,35.68,10.0
2025-12-04,LUV,SOUTHWEST AIRLINES CO.,Industrials,Industrials,35.81,18.0
2025-12-05,LUV,SOUTHWEST AIRLINES CO.,Industrials,Industrials,37.85,-36.0
2025-12-01,LVS,LAS VEGAS SANDS CORP.,Consumer Discretionary,Consumer Discretionary,69.49,-37.0
2025-12-02,LVS,LAS VEGAS SANDS CORP.,Consumer Discretionary,Consumer Discretionary,68.51,-20.0
2025-12-03,LVS,LAS VEGAS SANDS CORP.,Consumer Discretionary,Consumer Discretionary,66.88,16.0
2025-12-04,LVS,LAS VEGAS SANDS CORP.,Consumer Discretionary,Consumer Discretionary,66.4,33.0
2025-12-05,LVS,LAS VEGAS SANDS CORP.,Consumer Discretionary,Consumer Discretionary,66.25,45.0
2025-12-01,LW,"LAMB WESTON HOLDINGS, INC.",Consumer Staples,Consumer Staples,59.5,9.0
2025-12-02,LW,"LAMB WESTON HOLDINGS, INC.",Consumer Staples,Consumer Staples,59.05,21.0
2025-12-03,LW,"LAMB WESTON HOLDINGS, INC.",Consumer Staples,Consumer Staples,60.49,-31.0
2025-12-04,LW,"LAMB WESTON HOLDINGS, INC.",Consumer Staples,Consumer Staples,59.76,-11.0
2025-12-05,LW,"LAMB WESTON HOLDINGS, INC.",Consumer Staples,Consumer Staples,59.7,-11.0
2025-12-01,LYB,LYONDELLBASELL INDUSTRIES NV,Materials,Materials,47.92,-17.0
2025-12-02,LYB,LYONDELLBASELL INDUSTRIES NV,Materials,Materials,47.78,-17.0
2025-12-03,LYB,LYONDELLBASELL INDUSTRIES NV,Materials,Materials,46.03,-17.0
2025-12-04,LYB,LYONDELLBASELL INDUSTRIES NV,Materials,Materials,43.16,17.0
2025-12-05,LYB,LYONDELLBASELL INDUSTRIES NV,Materials,Materials,43.35,5.0
2025-12-01,LYV,"LIVE NATION ENTERTAINMENT, INC.",Communication Services,Communication Services,131.1,18.0
2025-12-02,LYV,"LIVE NATION ENTERTAINMENT, INC.",Communication Services,Communication Services,128.54,33.0
2025-12-03,LYV,"LIVE NATION ENTERTAINMENT, INC.",Communication Services,Communication Services,136.01,-15.0
2025-12-04,LYV,"LIVE NATION ENTERTAINMENT, INC.",Communication Services,Communication Services,139.68,-34.0
2025-12-05,LYV,"LIVE NATION ENTERTAINMENT, INC.",Communication Services,Communication Services,139.33,-34.0
2025-12-01,MA,MASTERCARD INC..,Financials,Financials,543.97,16.0
2025-12-02,MA,MASTERCARD INC..,Financials,Financials,545.91,16.0
2025-12-03,MA,MASTERCARD INC..,Financials,Financials,553.73,-31.0
2025-12-04,MA,MASTERCARD INC..,Financials,Financials,542.31,6.0
2025-12-05,MA,MASTERCARD INC..,Financials,Financials,545.52,6.0
2025-12-01,MAA,"MID-AMERICA APARTMENT COMMUNITIES, INC.",Real Estate,Real Estate,135.37,-20.0
2025-12-02,MAA,"MID-AMERICA APARTMENT COMMUNITIES, INC.",Real Estate,Real Estate,135.26,-20.0
2025-12-03,MAA,"MID-AMERICA APARTMENT COMMUNITIES, INC.",Real Estate,Real Estate,134.52,-20.0
2025-12-04,MAA,"MID-AMERICA APARTMENT COMMUNITIES, INC.",Real Estate,Real Estate,132.86,33.0
2025-12-05,MAA,"MID-AMERICA APARTMENT COMMUNITIES, INC.",Real Estate,Real Estate,131.67,48.0
2025-12-01,MAR,"MARRIOTT INTERNATIONAL, INC.",Consumer Discretionary,Consumer Discretionary,303.44,-20.0
2025-12-02,MAR,"MARRIOTT INTERNATIONAL, INC.",Consumer Discretionary,Consumer Discretionary,304.65,-20.0
2025-12-03,MAR,"MARRIOTT INTERNATIONAL, INC.",Consumer Discretionary,Consumer Discretionary,306.65,-20.0
2025-12-04,MAR,"MARRIOTT INTERNATIONAL, INC.",Consumer Discretionary,Consumer Discretionary,296.0,6.0
2025-12-05,MAR,"MARRIOTT INTERNATIONAL, INC.",Consumer Discretionary,Consumer Discretionary,292.59,21.0
2025-12-01,MAS,MASCO ,Industrials,Industrials,64.77,-17.0
2025-12-02,MAS,MASCO ,Industrials,Industrials,64.27,-17.0
2025-12-03,MAS,MASCO ,Industrials,Industrials,64.62,-17.0
2025-12-04,MAS,MASCO ,Industrials,Industrials,64.4,-11.0
2025-12-05,MAS,MASCO ,Industrials,Industrials,63.2,36.0
2025-12-01,MCD,MCDONALD'S ,Consumer Discretionary,Consumer Discretionary,303.57,16.0
2025-12-02,MCD,MCDONALD'S ,Consumer Discretionary,Consumer Discretionary,300.72,30.0
2025-12-03,MCD,MCDONALD'S ,Consumer Discretionary,Consumer Discretionary,307.71,-15.0
2025-12-04,MCD,MCDONALD'S ,Consumer Discretionary,Consumer Discretionary,308.54,-34.0
2025-12-05,MCD,MCDONALD'S ,Consumer Discretionary,Consumer Discretionary,311.23,-56.0
2025-12-01,MCHI,ISHARES:MSCI CHINA,,Foreign,62.66,-31.0
2025-12-02,MCHI,ISHARES:MSCI CHINA,,Foreign,62.24,16.0
2025-12-03,MCHI,ISHARES:MSCI CHINA,,Foreign,61.88,33.0
2025-12-04,MCHI,ISHARES:MSCI CHINA,,Foreign,61.98,36.0
2025-12-05,MCHI,ISHARES:MSCI CHINA,,Foreign,62.66,-16.0
2025-12-01,MCHP,MICROCHIP TECHNOLOGY INC.,Information Technology,Information Technology,53.43,30.0
2025-12-02,MCHP,MICROCHIP TECHNOLOGY INC.,Information Technology,Information Technology,56.71,16.0
2025-12-03,MCHP,MICROCHIP TECHNOLOGY INC.,Information Technology,Information Technology,63.61,-20.0
2025-12-04,MCHP,MICROCHIP TECHNOLOGY INC.,Information Technology,Information Technology,64.72,-30.0
2025-12-05,MCHP,MICROCHIP TECHNOLOGY INC.,Information Technology,Information Technology,65.81,-30.0
2025-12-01,MCK,MCKESSON ,Health Care,Health Care,856.89,-31.0
2025-12-02,MCK,MCKESSON ,Health Care,Health Care,829.7,-13.0
2025-12-03,MCK,MCKESSON ,Health Care,Health Care,805.37,18.0
2025-12-04,MCK,MCKESSON ,Health Care,Health Care,814.18,8.0
2025-12-05,MCK,MCKESSON ,Health Care,Health Care,808.62,8.0
2025-12-01,MCO,MOODY'S ,Financials,Financials,487.24,13.0
2025-12-02,MCO,MOODY'S ,Financials,Financials,487.84,13.0
2025-12-03,MCO,MOODY'S ,Financials,Financials,492.01,-17.0
2025-12-04,MCO,MOODY'S ,Financials,Financials,489.48,28.0
2025-12-05,MCO,MOODY'S ,Financials,Financials,496.5,-18.0
2025-12-01,MDLZ,"MONDELEZ INTERNATIONAL, INC.",Consumer Staples,Consumer Staples,56.4,-37.0
2025-12-02,MDLZ,"MONDELEZ INTERNATIONAL, INC.",Consumer Staples,Consumer Staples,55.99,-20.0
2025-12-03,MDLZ,"MONDELEZ INTERNATIONAL, INC.",Consumer Staples,Consumer Staples,56.03,-20.0
2025-12-04,MDLZ,"MONDELEZ INTERNATIONAL, INC.",Consumer Staples,Consumer Staples,55.8,23.0
2025-12-05,MDLZ,"MONDELEZ INTERNATIONAL, INC.",Consumer Staples,Consumer Staples,54.905,48.0
2025-12-01,MDT,MEDTRONIC PUBLIC LIMITED COMPANY,Health Care,Health Care,103.34,-37.0
2025-12-02,MDT,MEDTRONIC PUBLIC LIMITED COMPANY,Health Care,Health Care,102.03,16.0
2025-12-03,MDT,MEDTRONIC PUBLIC LIMITED COMPANY,Health Care,Health Care,101.97,16.0
2025-12-04,MDT,MEDTRONIC PUBLIC LIMITED COMPANY,Health Care,Health Care,101.99,23.0
2025-12-05,MDT,MEDTRONIC PUBLIC LIMITED COMPANY,Health Care,Health Care,101.36,38.0
2025-12-01,MDY,SPDR S&P MIDCAP 400 ETF,,Sector & Style ETFs,602.2,10.0
2025-12-02,MDY,SPDR S&P MIDCAP 400 ETF,,Sector & Style ETFs,600.02,25.0
2025-12-03,MDY,SPDR S&P MIDCAP 400 ETF,,Sector & Style ETFs,604.19,-20.0
2025-12-04,MDY,SPDR S&P MIDCAP 400 ETF,,Sector & Style ETFs,607.15,-13.0
2025-12-05,MDY,SPDR S&P MIDCAP 400 ETF,,Sector & Style ETFs,607.38,-29.0
2025-12-01,MET,"METLIFE, INC.",Financials,Financials,76.31,16.0
2025-12-02,MET,"METLIFE, INC.",Financials,Financials,76.27,30.0
2025-12-03,MET,"METLIFE, INC.",Financials,Financials,77.51,-15.0
2025-12-04,MET,"METLIFE, INC.",Financials,Financials,78.03,-13.0
2025-12-05,MET,"METLIFE, INC.",Financials,Financials,78.66,-29.0
2025-12-01,META,"META PLATFORMS, INC.",Communication Services,Communication Services,640.87,16.0
2025-12-02,META,"META PLATFORMS, INC.",Communication Services,Communication Services,647.1,16.0
2025-12-03,META,"META PLATFORMS, INC.",Communication Services,Communication Services,639.6,16.0
2025-12-04,META,"META PLATFORMS, INC.",Communication Services,Communication Services,661.53,-24.0
2025-12-05,META,"META PLATFORMS, INC.",Communication Services,Communication Services,673.42,-46.0
2025-12-01,MGM,MGM RESORTS INTERNATIONAL,Consumer Discretionary,Consumer Discretionary,35.44,10.0
2025-12-02,MGM,MGM RESORTS INTERNATIONAL,Consumer Discretionary,Consumer Discretionary,35.34,10.0
2025-12-03,MGM,MGM RESORTS INTERNATIONAL,Consumer Discretionary,Consumer Discretionary,35.54,10.0
2025-12-04,MGM,MGM RESORTS INTERNATIONAL,Consumer Discretionary,Consumer Discretionary,35.39,18.0
2025-12-05,MGM,MGM RESORTS INTERNATIONAL,Consumer Discretionary,Consumer Discretionary,36.07,-12.0
2025-12-01,MHK,"MOHAWK INDUSTRIES, INC.",Consumer Discretionary,Consumer Discretionary,115.45,-20.0
2025-12-02,MHK,"MOHAWK INDUSTRIES, INC.",Consumer Discretionary,Consumer Discretionary,114.59,-15.0
2025-12-03,MHK,"MOHAWK INDUSTRIES, INC.",Consumer Discretionary,Consumer Discretionary,115.21,-20.0
2025-12-04,MHK,"MOHAWK INDUSTRIES, INC.",Consumer Discretionary,Consumer Discretionary,111.96,33.0
2025-12-05,MHK,"MOHAWK INDUSTRIES, INC.",Consumer Discretionary,Consumer Discretionary,110.69,48.0
2025-12-01,MKC,"MCCORMICK & COMPANY, INC.",Consumer Staples,Consumer Staples,66.4,-37.0
2025-12-02,MKC,"MCCORMICK & COMPANY, INC.",Consumer Staples,Consumer Staples,65.44,-15.0
2025-12-03,MKC,"MCCORMICK & COMPANY, INC.",Consumer Staples,Consumer Staples,64.12,16.0
2025-12-04,MKC,"MCCORMICK & COMPANY, INC.",Consumer Staples,Consumer Staples,63.44,33.0
2025-12-05,MKC,"MCCORMICK & COMPANY, INC.",Consumer Staples,Consumer Staples,63.3,45.0
2025-12-01,MLM,"MARTIN MARIETTA MATERIALS, INC.",Materials,Materials,615.25,16.0
2025-12-02,MLM,"MARTIN MARIETTA MATERIALS, INC.",Materials,Materials,607.99,30.0
2025-12-03,MLM,"MARTIN MARIETTA MATERIALS, INC.",Materials,Materials,615.87,16.0
2025-12-04,MLM,"MARTIN MARIETTA MATERIALS, INC.",Materials,Materials,618.78,-7.0
2025-12-05,MLM,"MARTIN MARIETTA MATERIALS, INC.",Materials,Materials,624.37,-24.0
2025-12-01,MMC,"MARSH & MCLENNAN COMPANIES, INC.",Financials,Financials,184.0,-20.0
2025-12-02,MMC,"MARSH & MCLENNAN COMPANIES, INC.",Financials,Financials,183.36,-20.0
2025-12-03,MMC,"MARSH & MCLENNAN COMPANIES, INC.",Financials,Financials,183.87,-20.0
2025-12-04,MMC,"MARSH & MCLENNAN COMPANIES, INC.",Financials,Financials,183.2,18.0
2025-12-05,MMC,"MARSH & MCLENNAN COMPANIES, INC.",Financials,Financials,181.82,48.0
2025-12-01,MMM,3M COMPANY,Industrials,Industrials,170.48,-15.0
2025-12-02,MMM,3M COMPANY,Industrials,Industrials,171.56,-15.0
2025-12-03,MMM,3M COMPANY,Industrials,Industrials,173.09,-31.0
2025-12-04,MMM,3M COMPANY,Industrials,Industrials,169.27,6.0
2025-12-05,MMM,3M COMPANY,Industrials,Industrials,167.48,23.0
2025-12-01,MNST,MONSTER BEVERAGE ,Consumer Staples,Consumer Staples,75.95,-37.0
2025-12-02,MNST,MONSTER BEVERAGE ,Consumer Staples,Consumer Staples,74.71,-20.0
2025-12-03,MNST,MONSTER BEVERAGE ,Consumer Staples,Consumer Staples,73.985,10.0
2025-12-04,MNST,MONSTER BEVERAGE ,Consumer Staples,Consumer Staples,73.26,38.0
2025-12-05,MNST,MONSTER BEVERAGE ,Consumer Staples,Consumer Staples,73.74,40.0
2025-12-01,MO,"ALTRIA GROUP, INC.",Consumer Staples,Consumer Staples,59.14,-31.0
2025-12-02,MO,"ALTRIA GROUP, INC.",Consumer Staples,Consumer Staples,58.82,-15.0
2025-12-03,MO,"ALTRIA GROUP, INC.",Consumer Staples,Consumer Staples,58.41,16.0
2025-12-04,MO,"ALTRIA GROUP, INC.",Consumer Staples,Consumer Staples,58.34,33.0
2025-12-05,MO,"ALTRIA GROUP, INC.",Consumer Staples,Consumer Staples,57.99,48.0
2025-12-01,MOH,"MOLINA HEALTHCARE, INC.",Health Care,Health Care,145.0,25.0
2025-12-02,MOH,"MOLINA HEALTHCARE, INC.",Health Care,Health Care,145.97,10.0
2025-12-03,MOH,"MOLINA HEALTHCARE, INC.",Health Care,Health Care,149.09,-20.0
2025-12-04,MOH,"MOLINA HEALTHCARE, INC.",Health Care,Health Care,150.57,-13.0
2025-12-05,MOH,"MOLINA HEALTHCARE, INC.",Health Care,Health Care,151.86,-29.0
2025-12-01,MOS,THE MOSAIC COMPANY,Materials,Materials,24.96,-31.0
2025-12-02,MOS,THE MOSAIC COMPANY,Materials,Materials,24.38,-15.0
2025-12-03,MOS,THE MOSAIC COMPANY,Materials,Materials,24.21,16.0
2025-12-04,MOS,THE MOSAIC COMPANY,Materials,Materials,24.1,23.0
2025-12-05,MOS,THE MOSAIC COMPANY,Materials,Materials,23.61,38.0
2025-12-01,MP,MP MATERIALS CORP,,MR Discretion,58.1,33.0
2025-12-02,MP,MP MATERIALS CORP,,MR Discretion,60.84,-15.0
2025-12-03,MP,MP MATERIALS CORP,,MR Discretion,58.71,18.0
2025-12-04,MP,MP MATERIALS CORP,,MR Discretion,61.8,-34.0
2025-12-05,MP,MP MATERIALS CORP,,MR Discretion,62.09,-7.0
2025-12-01,MPC,MARATHON PETROLEUM ,Energy,Energy,196.14,-37.0
2025-12-02,MPC,MARATHON PETROLEUM ,Energy,Energy,192.7,-15.0
2025-12-03,MPC,MARATHON PETROLEUM ,Energy,Energy,189.43,16.0
2025-12-04,MPC,MARATHON PETROLEUM ,Energy,Energy,190.15,33.0
2025-12-05,MPC,MARATHON PETROLEUM ,Energy,Energy,190.53,33.0
2025-12-01,MPWR,"MONOLITHIC POWER SYSTEMS, INC.",Information Technology,Information Technology,928.35,30.0
2025-12-02,MPWR,"MONOLITHIC POWER SYSTEMS, INC.",Information Technology,Information Technology,952.18,-15.0
2025-12-03,MPWR,"MONOLITHIC POWER SYSTEMS, INC.",Information Technology,Information Technology,958.02,-15.0
2025-12-04,MPWR,"MONOLITHIC POWER SYSTEMS, INC.",Information Technology,Information Technology,952.74,0.0
2025-12-05,MPWR,"MONOLITHIC POWER SYSTEMS, INC.",Information Technology,Information Technology,963.275,-7.0
2025-12-01,MRK,"MERCK & CO., INC.",Health Care,Health Care,101.83,-20.0
2025-12-02,MRK,"MERCK & CO., INC.",Health Care,Health Care,101.03,10.0
2025-12-03,MRK,"MERCK & CO., INC.",Health Care,Health Care,102.27,-37.0
2025-12-04,MRK,"MERCK & CO., INC.",Health Care,Health Care,100.89,18.0
2025-12-05,MRK,"MERCK & CO., INC.",Health Care,Health Care,99.72,32.0
2025-12-01,MRNA,"MODERNA, INC.",Health Care,Health Care,24.16,16.0
2025-12-02,MRNA,"MODERNA, INC.",Health Care,Health Care,24.06,16.0
2025-12-03,MRNA,"MODERNA, INC.",Health Care,Health Care,25.18,10.0
2025-12-04,MRNA,"MODERNA, INC.",Health Care,Health Care,25.49,-13.0
2025-12-05,MRNA,"MODERNA, INC.",Health Care,Health Care,27.7,-46.0
2025-12-01,MS,MORGAN STANLEY,Financials,Financials,168.47,30.0
2025-12-02,MS,MORGAN STANLEY,Financials,Financials,169.09,16.0
2025-12-03,MS,MORGAN STANLEY,Financials,Financials,173.72,-15.0
2025-12-04,MS,MORGAN STANLEY,Financials,Financials,174.89,-7.0
2025-12-05,MS,MORGAN STANLEY,Financials,Financials,176.51,-29.0
2025-12-01,MSCI,MSCI INC.,Financials,Financials,559.66,-31.0
2025-12-02,MSCI,MSCI INC.,Financials,Financials,547.29,-15.0
2025-12-03,MSCI,MSCI INC.,Financials,Financials,545.56,16.0
2025-12-04,MSCI,MSCI INC.,Financials,Financials,540.85,23.0
2025-12-05,MSCI,MSCI INC.,Financials,Financials,538.26,23.0
2025-12-01,MSFT,MICROSOFT ,Information Technology,Information Technology,486.74,-13.0
2025-12-02,MSFT,MICROSOFT ,Information Technology,Information Technology,490.0,-27.0
2025-12-03,MSFT,MICROSOFT ,Information Technology,Information Technology,477.73,26.0
2025-12-04,MSFT,MICROSOFT ,Information Technology,Information Technology,480.84,-3.0
2025-12-05,MSFT,MICROSOFT ,Information Technology,Information Technology,483.16,-3.0
2025-12-01,MSI,"MOTOROLA SOLUTIONS, INC.",Information Technology,Information Technology,373.35,16.0
2025-12-02,MSI,"MOTOROLA SOLUTIONS, INC.",Information Technology,Information Technology,377.56,-31.0
2025-12-03,MSI,"MOTOROLA SOLUTIONS, INC.",Information Technology,Information Technology,375.69,-15.0
2025-12-04,MSI,"MOTOROLA SOLUTIONS, INC.",Information Technology,Information Technology,371.49,48.0
2025-12-05,MSI,"MOTOROLA SOLUTIONS, INC.",Information Technology,Information Technology,374.39,23.0
2025-12-01,MTB,M&T BANK ,Financials,Financials,190.22,30.0
2025-12-02,MTB,M&T BANK ,Financials,Financials,190.98,16.0
2025-12-03,MTB,M&T BANK ,Financials,Financials,195.63,-20.0
2025-12-04,MTB,M&T BANK ,Financials,Financials,195.57,-13.0
2025-12-05,MTB,M&T BANK ,Financials,Financials,195.11,-13.0
2025-12-01,MTCH,"MATCH GROUP, INC.",Communication Services,Communication Services,33.75,10.0
2025-12-02,MTCH,"MATCH GROUP, INC.",Communication Services,Communication Services,33.7,10.0
2025-12-03,MTCH,"MATCH GROUP, INC.",Communication Services,Communication Services,33.63,10.0
2025-12-04,MTCH,"MATCH GROUP, INC.",Communication Services,Communication Services,33.88,27.0
2025-12-05,MTCH,"MATCH GROUP, INC.",Communication Services,Communication Services,34.52,-21.0
2025-12-01,MTD,METTLER-TOLEDO INTERNATIONAL INC.,Health Care,Health Care,1468.09,-31.0
2025-12-02,MTD,METTLER-TOLEDO INTERNATIONAL INC.,Health Care,Health Care,1447.16,-15.0
2025-12-03,MTD,METTLER-TOLEDO INTERNATIONAL INC.,Health Care,Health Care,1434.88,16.0
2025-12-04,MTD,METTLER-TOLEDO INTERNATIONAL INC.,Health Care,Health Care,1422.81,23.0
2025-12-05,MTD,METTLER-TOLEDO INTERNATIONAL INC.,Health Care,Health Care,1414.86,38.0
2025-12-01,MTUM,ISHARES:MSCI USA MOM FCT,,Sector & Style ETFs,247.65,30.0
2025-12-02,MTUM,ISHARES:MSCI USA MOM FCT,,Sector & Style ETFs,248.81,16.0
2025-12-03,MTUM,ISHARES:MSCI USA MOM FCT,,Sector & Style ETFs,249.8,16.0
2025-12-04,MTUM,ISHARES:MSCI USA MOM FCT,,Sector & Style ETFs,251.6,0.0
2025-12-05,MTUM,ISHARES:MSCI USA MOM FCT,,Sector & Style ETFs,252.79,-21.0
2025-12-01,MU,"MICRON TECHNOLOGY, INC.",Information Technology,Information Technology,240.46,-13.0
2025-12-02,MU,"MICRON TECHNOLOGY, INC.",Information Technology,Information Technology,239.49,-13.0
2025-12-03,MU,"MICRON TECHNOLOGY, INC.",Information Technology,Information Technology,234.16,13.0
2025-12-04,MU,"MICRON TECHNOLOGY, INC.",Information Technology,Information Technology,226.65,44.0
2025-12-05,MU,"MICRON TECHNOLOGY, INC.",Information Technology,Information Technology,237.22,9.0
2025-12-01,MUB,ISHARES:NATL MUNI BOND,,Bonds,106.87,-17.0
2025-12-02,MUB,ISHARES:NATL MUNI BOND,,Bonds,106.81,26.0
2025-12-03,MUB,ISHARES:NATL MUNI BOND,,Bonds,106.87,-17.0
2025-12-04,MUB,ISHARES:NATL MUNI BOND,,Bonds,106.86,15.0
2025-12-05,MUB,ISHARES:NATL MUNI BOND,,Bonds,106.91,-25.0
2025-12-01,NCLH,NORWEGIAN CRUISE LINE HOLDINGS LTD.,Consumer Discretionary,Consumer Discretionary,18.57,16.0
2025-12-02,NCLH,NORWEGIAN CRUISE LINE HOLDINGS LTD.,Consumer Discretionary,Consumer Discretionary,18.43,30.0
2025-12-03,NCLH,NORWEGIAN CRUISE LINE HOLDINGS LTD.,Consumer Discretionary,Consumer Discretionary,18.83,-15.0
2025-12-04,NCLH,NORWEGIAN CRUISE LINE HOLDINGS LTD.,Consumer Discretionary,Consumer Discretionary,18.8,-7.0
2025-12-05,NCLH,NORWEGIAN CRUISE LINE HOLDINGS LTD.,Consumer Discretionary,Consumer Discretionary,18.92,-24.0
2025-12-01,NDAQ,"NASDAQ, INC.",Financials,Financials,89.36,-15.0
2025-12-02,NDAQ,"NASDAQ, INC.",Financials,Financials,88.51,16.0
2025-12-03,NDAQ,"NASDAQ, INC.",Financials,Financials,88.32,30.0
2025-12-04,NDAQ,"NASDAQ, INC.",Financials,Financials,90.29,-41.0
2025-12-05,NDAQ,"NASDAQ, INC.",Financials,Financials,90.22,-24.0
2025-12-01,NDSN,NORDSON ,Industrials,Industrials,235.03,25.0
2025-12-02,NDSN,NORDSON ,Industrials,Industrials,236.53,10.0
2025-12-03,NDSN,NORDSON ,Industrials,Industrials,238.59,-20.0
2025-12-04,NDSN,NORDSON ,Industrials,Industrials,238.41,-5.0
2025-12-05,NDSN,NORDSON ,Industrials,Industrials,238.93,-5.0
2025-12-01,NDX,NASDAQ 100 INDEX,,Indices,25342.849609375,30.0
2025-12-02,NDX,NASDAQ 100 INDEX,,Indices,25555.857421875,-15.0
2025-12-03,NDX,NASDAQ 100 INDEX,,Indices,25606.544921875,-15.0
2025-12-04,NDX,NASDAQ 100 INDEX,,Indices,25581.69921875,-15.0
2025-12-05,NDX,NASDAQ 100 INDEX,,Indices,25692.05078125,-31.0
2025-12-01,NEE,"NEXTERA ENERGY, INC.",Utilities,Utilities,84.65,-15.0
2025-12-02,NEE,"NEXTERA ENERGY, INC.",Utilities,Utilities,84.58,-15.0
2025-12-03,NEE,"NEXTERA ENERGY, INC.",Utilities,Utilities,84.95,-15.0
2025-12-04,NEE,"NEXTERA ENERGY, INC.",Utilities,Utilities,83.39,33.0
2025-12-05,NEE,"NEXTERA ENERGY, INC.",Utilities,Utilities,83.13,48.0
2025-12-01,NEM,NEWMONT ,Materials,Materials,91.83,-31.0
2025-12-02,NEM,NEWMONT ,Materials,Materials,90.48,16.0
2025-12-03,NEM,NEWMONT ,Materials,Materials,89.65,16.0
2025-12-04,NEM,NEWMONT ,Materials,Materials,90.72,0.0
2025-12-05,NEM,NEWMONT ,Materials,Materials,89.76,33.0
2025-12-01,NFLX,"NETFLIX, INC.",Communication Services,Communication Services,109.13,-15.0
2025-12-02,NFLX,"NETFLIX, INC.",Communication Services,Communication Services,109.35,-31.0
2025-12-03,NFLX,"NETFLIX, INC.",Communication Services,Communication Services,103.96,18.0
2025-12-04,NFLX,"NETFLIX, INC.",Communication Services,Communication Services,103.22,-2.0
2025-12-05,NFLX,"NETFLIX, INC.",Communication Services,Communication Services,100.24,13.0
2025-12-01,NI,NISOURCE INC.,Utilities,Utilities,43.0,-31.0
2025-12-02,NI,NISOURCE INC.,Utilities,Utilities,42.26,-13.0
2025-12-03,NI,NISOURCE INC.,Utilities,Utilities,41.88,18.0
2025-12-04,NI,NISOURCE INC.,Utilities,Utilities,41.89,36.0
2025-12-05,NI,NISOURCE INC.,Utilities,Utilities,42.0,36.0
2025-12-01,NKE,"NIKE, INC.",Consumer Discretionary,Consumer Discretionary,65.39,9.0
2025-12-02,NKE,"NIKE, INC.",Consumer Discretionary,Consumer Discretionary,64.93,21.0
2025-12-03,NKE,"NIKE, INC.",Consumer Discretionary,Consumer Discretionary,65.65,-17.0
2025-12-04,NKE,"NIKE, INC.",Consumer Discretionary,Consumer Discretionary,65.69,-11.0
2025-12-05,NKE,"NIKE, INC.",Consumer Discretionary,Consumer Discretionary,65.86,-11.0
2025-12-01,NOC,NORTHROP GRUMMAN ,Industrials,Industrials,545.51,33.0
2025-12-02,NOC,NORTHROP GRUMMAN ,Industrials,Industrials,546.97,18.0
2025-12-03,NOC,NORTHROP GRUMMAN ,Industrials,Industrials,553.32,-31.0
2025-12-04,NOC,NORTHROP GRUMMAN ,Industrials,Industrials,553.0,-7.0
2025-12-05,NOC,NORTHROP GRUMMAN ,Industrials,Industrials,548.97,45.0
2025-12-01,NORW,GLBL X MSCI NORWAY ETF,,Foreign,28.8,30.0
2025-12-02,NORW,GLBL X MSCI NORWAY ETF,,Foreign,28.855,16.0
2025-12-03,NORW,GLBL X MSCI NORWAY ETF,,Foreign,29.24,-20.0
2025-12-04,NORW,GLBL X MSCI NORWAY ETF,,Foreign,29.2809,-20.0
2025-12-05,NORW,GLBL X MSCI NORWAY ETF,,Foreign,29.275,-20.0
2025-12-01,NOV,NOV INC.,,MR Discretion,15.43,10.0
2025-12-02,NOV,NOV INC.,,MR Discretion,15.33,30.0
2025-12-03,NOV,NOV INC.,,MR Discretion,16.32,-20.0
2025-12-04,NOV,NOV INC.,,MR Discretion,16.3,-39.0
2025-12-05,NOV,NOV INC.,,MR Discretion,16.17,-39.0
2025-12-01,NOW,"SERVICENOW, INC.",Information Technology,Information Technology,822.07,16.0
2025-12-02,NOW,"SERVICENOW, INC.",Information Technology,Information Technology,824.38,16.0
2025-12-03,NOW,"SERVICENOW, INC.",Information Technology,Information Technology,832.9,16.0
2025-12-04,NOW,"SERVICENOW, INC.",Information Technology,Information Technology,838.87,-7.0
2025-12-05,NOW,"SERVICENOW, INC.",Information Technology,Information Technology,854.36,-16.0
2025-12-01,NQ=F,NASDAQ 100 FUTURES,,Futures,25405.75,30.0
2025-12-02,NQ=F,NASDAQ 100 FUTURES,,Futures,25586.0,16.0
2025-12-03,NQ=F,NASDAQ 100 FUTURES,,Futures,25656.0,-15.0
2025-12-04,NQ=F,NASDAQ 100 FUTURES,,Futures,25632.0,-15.0
2025-12-05,NQ=F,NASDAQ 100 FUTURES,,Futures,25735.0,-31.0
2025-12-01,NRG,"NRG ENERGY, INC.",Utilities,Utilities,165.66,18.0
2025-12-02,NRG,"NRG ENERGY, INC.",Utilities,Utilities,164.08,18.0
2025-12-03,NRG,"NRG ENERGY, INC.",Utilities,Utilities,166.77,-13.0
2025-12-04,NRG,"NRG ENERGY, INC.",Utilities,Utilities,169.36,-24.0
2025-12-05,NRG,"NRG ENERGY, INC.",Utilities,Utilities,163.0,63.0
2025-12-01,NSC,NORFOLK SOUTHERN ,Industrials,Industrials,289.83,30.0
2025-12-02,NSC,NORFOLK SOUTHERN ,Industrials,Industrials,291.75,16.0
2025-12-03,NSC,NORFOLK SOUTHERN ,Industrials,Industrials,294.05,-20.0
2025-12-04,NSC,NORFOLK SOUTHERN ,Industrials,Industrials,295.13,-5.0
2025-12-05,NSC,NORFOLK SOUTHERN ,Industrials,Industrials,294.19,-5.0
2025-12-01,NTAP,"NETAPP, INC.",Information Technology,Information Technology,112.27,30.0
2025-12-02,NTAP,"NETAPP, INC.",Information Technology,Information Technology,115.83,-15.0
2025-12-03,NTAP,"NETAPP, INC.",Information Technology,Information Technology,114.66,16.0
2025-12-04,NTAP,"NETAPP, INC.",Information Technology,Information Technology,115.99,-34.0
2025-12-05,NTAP,"NETAPP, INC.",Information Technology,Information Technology,117.27,-29.0
2025-12-01,NTRS,NORTHERN TRUST ,Financials,Financials,130.98,16.0
2025-12-02,NTRS,NORTHERN TRUST ,Financials,Financials,130.43,30.0
2025-12-03,NTRS,NORTHERN TRUST ,Financials,Financials,132.16,-15.0
2025-12-04,NTRS,NORTHERN TRUST ,Financials,Financials,133.21,-7.0
2025-12-05,NTRS,NORTHERN TRUST ,Financials,Financials,133.21,-7.0
2025-12-01,NUE,NUCOR ,Materials,Materials,160.7,9.0
2025-12-02,NUE,NUCOR ,Materials,Materials,161.09,9.0
2025-12-03,NUE,NUCOR ,Materials,Materials,164.71,-31.0
2025-12-04,NUE,NUCOR ,Materials,Materials,162.54,-4.0
2025-12-05,NUE,NUCOR ,Materials,Materials,159.45,36.0
2025-12-01,NVDA,NVIDIA ,Information Technology,Information Technology,179.92,18.0
2025-12-02,NVDA,NVIDIA ,Information Technology,Information Technology,181.46,-13.0
2025-12-03,NVDA,NVIDIA ,Information Technology,Information Technology,179.59,33.0
2025-12-04,NVDA,NVIDIA ,Information Technology,Information Technology,183.38,-15.0
2025-12-05,NVDA,NVIDIA ,Information Technology,Information Technology,182.41,-6.0
2025-12-01,NVR,"NVR, INC.",Consumer Discretionary,Consumer Discretionary,7517.09,16.0
2025-12-02,NVR,"NVR, INC.",Consumer Discretionary,Consumer Discretionary,7601.1,-15.0
2025-12-03,NVR,"NVR, INC.",Consumer Discretionary,Consumer Discretionary,7679.42,-37.0
2025-12-04,NVR,"NVR, INC.",Consumer Discretionary,Consumer Discretionary,7519.67,16.0
2025-12-05,NVR,"NVR, INC.",Consumer Discretionary,Consumer Discretionary,7538.08,16.0
2025-12-01,NWSA,NEWS CORP.,Communication Services,Communication Services,25.52,16.0
2025-12-02,NWSA,NEWS CORP.,Communication Services,Communication Services,25.4,16.0
2025-12-03,NWSA,NEWS CORP.,Communication Services,Communication Services,25.56,16.0
2025-12-04,NWSA,NEWS CORP.,Communication Services,Communication Services,25.63,9.0
2025-12-05,NWSA,NEWS CORP.,Communication Services,Communication Services,26.04,-16.0
2025-12-01,NXPI,NXP SEMICONDUCTORS NV,Information Technology,Information Technology,199.49,26.0
2025-12-02,NXPI,NXP SEMICONDUCTORS NV,Information Technology,Information Technology,215.35,9.0
2025-12-03,NXPI,NXP SEMICONDUCTORS NV,Information Technology,Information Technology,227.56,-17.0
2025-12-04,NXPI,NXP SEMICONDUCTORS NV,Information Technology,Information Technology,226.16,-25.0
2025-12-05,NXPI,NXP SEMICONDUCTORS NV,Information Technology,Information Technology,227.95,-25.0
2025-12-01,O,REALTY INCOME ,Real Estate,Real Estate,57.43,30.0
2025-12-02,O,REALTY INCOME ,Real Estate,Real Estate,57.5,16.0
2025-12-03,O,REALTY INCOME ,Real Estate,Real Estate,58.09,-15.0
2025-12-04,O,REALTY INCOME ,Real Estate,Real Estate,58.21,-13.0
2025-12-05,O,REALTY INCOME ,Real Estate,Real Estate,58.48,-29.0
2025-12-01,ODFL,"OLD DOMINION FREIGHT LINE, INC.",Industrials,Industrials,139.67,30.0
2025-12-02,ODFL,"OLD DOMINION FREIGHT LINE, INC.",Industrials,Industrials,141.46,10.0
2025-12-03,ODFL,"OLD DOMINION FREIGHT LINE, INC.",Industrials,Industrials,150.945,-20.0
2025-12-04,ODFL,"OLD DOMINION FREIGHT LINE, INC.",Industrials,Industrials,153.51,-39.0
2025-12-05,ODFL,"OLD DOMINION FREIGHT LINE, INC.",Industrials,Industrials,155.15,-39.0
2025-12-01,OEF,ISHARES:S&P 100,,Sector & Style ETFs,342.59,30.0
2025-12-02,OEF,ISHARES:S&P 100,,Sector & Style ETFs,343.56,16.0
2025-12-03,OEF,ISHARES:S&P 100,,Sector & Style ETFs,344.35,-15.0
2025-12-04,OEF,ISHARES:S&P 100,,Sector & Style ETFs,344.53,0.0
2025-12-05,OEF,ISHARES:S&P 100,,Sector & Style ETFs,345.17,-16.0
2025-12-01,OKE,"ONEOK, INC.",Energy,Energy,73.68,10.0
2025-12-02,OKE,"ONEOK, INC.",Energy,Energy,73.1,30.0
2025-12-03,OKE,"ONEOK, INC.",Energy,Energy,74.89,-20.0
2025-12-04,OKE,"ONEOK, INC.",Energy,Energy,76.17,-39.0
2025-12-05,OKE,"ONEOK, INC.",Energy,Energy,76.34,-56.0
2025-12-01,OMC,OMNICOM GROUP INC.,Communication Services,Communication Services,72.01,-15.0
2025-12-02,OMC,OMNICOM GROUP INC.,Communication Services,Communication Services,72.47,-15.0
2025-12-03,OMC,OMNICOM GROUP INC.,Communication Services,Communication Services,71.0,16.0
2025-12-04,OMC,OMNICOM GROUP INC.,Communication Services,Communication Services,70.17,38.0
2025-12-05,OMC,OMNICOM GROUP INC.,Communication Services,Communication Services,73.44,-36.0
2025-12-01,ON,ON SEMICONDUCTOR ,Information Technology,Information Technology,50.43,26.0
2025-12-02,ON,ON SEMICONDUCTOR ,Information Technology,Information Technology,51.48,9.0
2025-12-03,ON,ON SEMICONDUCTOR ,Information Technology,Information Technology,57.15,-31.0
2025-12-04,ON,ON SEMICONDUCTOR ,Information Technology,Information Technology,54.79,-25.0
2025-12-05,ON,ON SEMICONDUCTOR ,Information Technology,Information Technology,54.74,-33.0
2025-12-01,ORCL,ORACLE ,Information Technology,Information Technology,200.94,18.0
2025-12-02,ORCL,ORACLE ,Information Technology,Information Technology,201.1,18.0
2025-12-03,ORCL,ORACLE ,Information Technology,Information Technology,207.73,18.0
2025-12-04,ORCL,ORACLE ,Information Technology,Information Technology,214.33,-7.0
2025-12-05,ORCL,ORACLE ,Information Technology,Information Technology,217.58,-24.0
2025-12-01,ORLY,"O'REILLY AUTOMOTIVE, INC.",Consumer Discretionary,Consumer Discretionary,101.24,-31.0
2025-12-02,ORLY,"O'REILLY AUTOMOTIVE, INC.",Consumer Discretionary,Consumer Discretionary,99.84,-15.0
2025-12-03,ORLY,"O'REILLY AUTOMOTIVE, INC.",Consumer Discretionary,Consumer Discretionary,98.61,16.0
2025-12-04,ORLY,"O'REILLY AUTOMOTIVE, INC.",Consumer Discretionary,Consumer Discretionary,99.51,33.0
2025-12-05,ORLY,"O'REILLY AUTOMOTIVE, INC.",Consumer Discretionary,Consumer Discretionary,98.89,33.0
2025-12-01,OTIS,OTIS WORLDWIDE ,Industrials,Industrials,88.15,-31.0
2025-12-02,OTIS,OTIS WORLDWIDE ,Industrials,Industrials,87.24,-15.0
2025-12-03,OTIS,OTIS WORLDWIDE ,Industrials,Industrials,86.94,16.0
2025-12-04,OTIS,OTIS WORLDWIDE ,Industrials,Industrials,86.91,33.0
2025-12-05,OTIS,OTIS WORLDWIDE ,Industrials,Industrials,86.45,38.0
2025-12-01,OXY,OCCIDENTAL PETROLEUM ,Energy,Energy,42.34,10.0
2025-12-02,OXY,OCCIDENTAL PETROLEUM ,Energy,Energy,41.98,25.0
2025-12-03,OXY,OCCIDENTAL PETROLEUM ,Energy,Energy,42.45,-20.0
2025-12-04,OXY,OCCIDENTAL PETROLEUM ,Energy,Energy,42.67,-29.0
2025-12-05,OXY,OCCIDENTAL PETROLEUM ,Energy,Energy,42.43,-13.0
2025-12-01,PAM,PAMPA ENERGIA SA,,MR Discretion,90.21,16.0
2025-12-02,PAM,PAMPA ENERGIA SA,,MR Discretion,89.36,30.0
2025-12-03,PAM,PAMPA ENERGIA SA,,MR Discretion,92.27,-31.0
2025-12-04,PAM,PAMPA ENERGIA SA,,MR Discretion,91.15,-7.0
2025-12-05,PAM,PAMPA ENERGIA SA,,MR Discretion,90.46,23.0
2025-12-01,PANW,"PALO ALTO NETWORKS, INC.",Information Technology,Information Technology,187.73,28.0
2025-12-02,PANW,"PALO ALTO NETWORKS, INC.",Information Technology,Information Technology,189.88,13.0
2025-12-03,PANW,"PALO ALTO NETWORKS, INC.",Information Technology,Information Technology,193.63,-13.0
2025-12-04,PANW,"PALO ALTO NETWORKS, INC.",Information Technology,Information Technology,195.68,-6.0
2025-12-05,PANW,"PALO ALTO NETWORKS, INC.",Information Technology,Information Technology,198.84,-20.0
2025-12-01,PAYC,"PAYCOM SOFTWARE, INC.",Industrials,Industrials,161.81,30.0
2025-12-02,PAYC,"PAYCOM SOFTWARE, INC.",Industrials,Industrials,161.95,30.0
2025-12-03,PAYC,"PAYCOM SOFTWARE, INC.",Industrials,Industrials,164.56,-15.0
2025-12-04,PAYC,"PAYCOM SOFTWARE, INC.",Industrials,Industrials,166.14,-24.0
2025-12-05,PAYC,"PAYCOM SOFTWARE, INC.",Industrials,Industrials,165.72,-7.0
2025-12-01,PAYX,"PAYCHEX, INC.",Industrials,Industrials,110.54,30.0
2025-12-02,PAYX,"PAYCHEX, INC.",Industrials,Industrials,110.78,16.0
2025-12-03,PAYX,"PAYCHEX, INC.",Industrials,Industrials,113.39,-37.0
2025-12-04,PAYX,"PAYCHEX, INC.",Industrials,Industrials,111.765,0.0
2025-12-05,PAYX,"PAYCHEX, INC.",Industrials,Industrials,112.06,-7.0
2025-12-01,PBR,BRAZILIAN PETROLEUM  - PETROBRAS,,MR Discretion,12.55,16.0
2025-12-02,PBR,BRAZILIAN PETROLEUM  - PETROBRAS,,MR Discretion,12.61,-20.0
2025-12-03,PBR,BRAZILIAN PETROLEUM  - PETROBRAS,,MR Discretion,12.8,-20.0
2025-12-04,PBR,BRAZILIAN PETROLEUM  - PETROBRAS,,MR Discretion,12.88,-13.0
2025-12-05,PBR,BRAZILIAN PETROLEUM  - PETROBRAS,,MR Discretion,12.13,61.0
2025-12-01,PCAR,PACCAR INC,Industrials,Industrials,103.97,30.0
2025-12-02,PCAR,PACCAR INC,Industrials,Industrials,105.89,16.0
2025-12-03,PCAR,PACCAR INC,Industrials,Industrials,108.54,-20.0
2025-12-04,PCAR,PACCAR INC,Industrials,Industrials,108.5,-5.0
2025-12-05,PCAR,PACCAR INC,Industrials,Industrials,110.33,-21.0
2025-12-01,PCG,PG&E ,Utilities,Utilities,15.84,-31.0
2025-12-02,PCG,PG&E ,Utilities,Utilities,15.32,16.0
2025-12-03,PCG,PG&E ,Utilities,Utilities,15.23,16.0
2025-12-04,PCG,PG&E ,Utilities,Utilities,15.33,6.0
2025-12-05,PCG,PG&E ,Utilities,Utilities,15.16,23.0
2025-12-01,PEG,PUBLIC SERVICE ENTERPRISE GROUP INC.,Utilities,Utilities,81.57,-31.0
2025-12-02,PEG,PUBLIC SERVICE ENTERPRISE GROUP INC.,Utilities,Utilities,80.68,-13.0
2025-12-03,PEG,PUBLIC SERVICE ENTERPRISE GROUP INC.,Utilities,Utilities,80.54,18.0
2025-12-04,PEG,PUBLIC SERVICE ENTERPRISE GROUP INC.,Utilities,Utilities,80.77,0.0
2025-12-05,PEG,PUBLIC SERVICE ENTERPRISE GROUP INC.,Utilities,Utilities,79.57,63.0
2025-12-01,PEP,"PEPSICO, INC.",Consumer Staples,Consumer Staples,149.51,-37.0
2025-12-02,PEP,"PEPSICO, INC.",Consumer Staples,Consumer Staples,148.61,-15.0
2025-12-03,PEP,"PEPSICO, INC.",Consumer Staples,Consumer Staples,148.06,-15.0
2025-12-04,PEP,"PEPSICO, INC.",Consumer Staples,Consumer Staples,146.91,33.0
2025-12-05,PEP,"PEPSICO, INC.",Consumer Staples,Consumer Staples,145.02,61.0
2025-12-01,PFE,PFIZER INC.,Health Care,Health Care,25.27,10.0
2025-12-02,PFE,PFIZER INC.,Health Care,Health Care,25.15,30.0
2025-12-03,PFE,PFIZER INC.,Health Care,Health Care,25.57,-20.0
2025-12-04,PFE,PFIZER INC.,Health Care,Health Care,25.7,-13.0
2025-12-05,PFE,PFIZER INC.,Health Care,Health Care,26.03,-29.0
2025-12-01,PFF,ISHARES:PREF AND INC SEC,,Bonds,30.65,26.0
2025-12-02,PFF,ISHARES:PREF AND INC SEC,,Bonds,30.83,-17.0
2025-12-03,PFF,ISHARES:PREF AND INC SEC,,Bonds,30.88,-17.0
2025-12-04,PFF,ISHARES:PREF AND INC SEC,,Bonds,30.785,23.0
2025-12-05,PFF,ISHARES:PREF AND INC SEC,,Bonds,30.87,-11.0
2025-12-01,PFG,"PRINCIPAL FINANCIAL GROUP, INC.",Financials,Financials,84.45,16.0
2025-12-02,PFG,"PRINCIPAL FINANCIAL GROUP, INC.",Financials,Financials,84.32,30.0
2025-12-03,PFG,"PRINCIPAL FINANCIAL GROUP, INC.",Financials,Financials,85.94,-20.0
2025-12-04,PFG,"PRINCIPAL FINANCIAL GROUP, INC.",Financials,Financials,85.93,-13.0
2025-12-05,PFG,"PRINCIPAL FINANCIAL GROUP, INC.",Financials,Financials,87.52,-29.0
2025-12-01,PG,THE PROCTER & GAMBLE COMPANY,Consumer Staples,Consumer Staples,147.44,-37.0
2025-12-02,PG,THE PROCTER & GAMBLE COMPANY,Consumer Staples,Consumer Staples,145.86,-15.0
2025-12-03,PG,THE PROCTER & GAMBLE COMPANY,Consumer Staples,Consumer Staples,146.71,-15.0
2025-12-04,PG,THE PROCTER & GAMBLE COMPANY,Consumer Staples,Consumer Staples,145.36,23.0
2025-12-05,PG,THE PROCTER & GAMBLE COMPANY,Consumer Staples,Consumer Staples,143.45,38.0
2025-12-01,PGR,THE PROGRESSIVE ,Financials,Financials,227.82,-20.0
2025-12-02,PGR,THE PROGRESSIVE ,Financials,Financials,228.76,-20.0
2025-12-03,PGR,THE PROGRESSIVE ,Financials,Financials,227.18,-15.0
2025-12-04,PGR,THE PROGRESSIVE ,Financials,Financials,227.09,-7.0
2025-12-05,PGR,THE PROGRESSIVE ,Financials,Financials,222.89,48.0
2025-12-01,PH,PARKER-HANNIFIN ,Industrials,Industrials,856.12,30.0
2025-12-02,PH,PARKER-HANNIFIN ,Industrials,Industrials,858.94,16.0
2025-12-03,PH,PARKER-HANNIFIN ,Industrials,Industrials,869.2,-20.0
2025-12-04,PH,PARKER-HANNIFIN ,Industrials,Industrials,873.66,-13.0
2025-12-05,PH,PARKER-HANNIFIN ,Industrials,Industrials,880.0,-29.0
2025-12-01,PHM,"PULTEGROUP, INC.",Consumer Discretionary,Consumer Discretionary,127.18,13.0
2025-12-02,PHM,"PULTEGROUP, INC.",Consumer Discretionary,Consumer Discretionary,126.55,13.0
2025-12-03,PHM,"PULTEGROUP, INC.",Consumer Discretionary,Consumer Discretionary,130.33,-31.0
2025-12-04,PHM,"PULTEGROUP, INC.",Consumer Discretionary,Consumer Discretionary,127.89,-25.0
2025-12-05,PHM,"PULTEGROUP, INC.",Consumer Discretionary,Consumer Discretionary,126.99,-3.0
2025-12-01,PKG,PACKAGING  OF AMERICA,Materials,Materials,203.24,-31.0
2025-12-02,PKG,PACKAGING  OF AMERICA,Materials,Materials,192.55,28.0
2025-12-03,PKG,PACKAGING  OF AMERICA,Materials,Materials,197.95,-13.0
2025-12-04,PKG,PACKAGING  OF AMERICA,Materials,Materials,196.63,-3.0
2025-12-05,PKG,PACKAGING  OF AMERICA,Materials,Materials,198.48,-29.0
2025-12-01,PLD,"PROLOGIS, INC.",Real Estate,Real Estate,128.93,-20.0
2025-12-02,PLD,"PROLOGIS, INC.",Real Estate,Real Estate,128.93,-20.0
2025-12-03,PLD,"PROLOGIS, INC.",Real Estate,Real Estate,129.19,-37.0
2025-12-04,PLD,"PROLOGIS, INC.",Real Estate,Real Estate,128.18,27.0
2025-12-05,PLD,"PROLOGIS, INC.",Real Estate,Real Estate,127.98,42.0
2025-12-01,PLTR,PALANTIR TECHNOLOGIES INC.,Information Technology,Information Technology,167.49,31.0
2025-12-02,PLTR,PALANTIR TECHNOLOGIES INC.,Information Technology,Information Technology,170.69,18.0
2025-12-03,PLTR,PALANTIR TECHNOLOGIES INC.,Information Technology,Information Technology,176.08,-13.0
2025-12-04,PLTR,PALANTIR TECHNOLOGIES INC.,Information Technology,Information Technology,177.92,2.0
2025-12-05,PLTR,PALANTIR TECHNOLOGIES INC.,Information Technology,Information Technology,181.76,-22.0
2025-12-01,PM,PHILIP MORRIS INTERNATIONAL INC.,Consumer Staples,Consumer Staples,156.15,-31.0
2025-12-02,PM,PHILIP MORRIS INTERNATIONAL INC.,Consumer Staples,Consumer Staples,154.62,-15.0
2025-12-03,PM,PHILIP MORRIS INTERNATIONAL INC.,Consumer Staples,Consumer Staples,151.71,16.0
2025-12-04,PM,PHILIP MORRIS INTERNATIONAL INC.,Consumer Staples,Consumer Staples,148.58,23.0
2025-12-05,PM,PHILIP MORRIS INTERNATIONAL INC.,Consumer Staples,Consumer Staples,147.81,63.0
2025-12-01,PNC,"THE PNC FINANCIAL SERVICES GROUP, INC.",Financials,Financials,192.4,30.0
2025-12-02,PNC,"THE PNC FINANCIAL SERVICES GROUP, INC.",Financials,Financials,192.05,30.0
2025-12-03,PNC,"THE PNC FINANCIAL SERVICES GROUP, INC.",Financials,Financials,198.0,-20.0
2025-12-04,PNC,"THE PNC FINANCIAL SERVICES GROUP, INC.",Financials,Financials,198.27,-39.0
2025-12-05,PNC,"THE PNC FINANCIAL SERVICES GROUP, INC.",Financials,Financials,197.86,-13.0
2025-12-01,PNR,PENTAIR PUBLIC LIMITED COMPANY,Industrials,Industrials,105.06,16.0
2025-12-02,PNR,PENTAIR PUBLIC LIMITED COMPANY,Industrials,Industrials,105.16,16.0
2025-12-03,PNR,PENTAIR PUBLIC LIMITED COMPANY,Industrials,Industrials,106.47,-31.0
2025-12-04,PNR,PENTAIR PUBLIC LIMITED COMPANY,Industrials,Industrials,104.89,33.0
2025-12-05,PNR,PENTAIR PUBLIC LIMITED COMPANY,Industrials,Industrials,104.25,48.0
2025-12-01,PNW,PINNACLE WEST CAPITAL ,Utilities,Utilities,89.32,-31.0
2025-12-02,PNW,PINNACLE WEST CAPITAL ,Utilities,Utilities,88.54,16.0
2025-12-03,PNW,PINNACLE WEST CAPITAL ,Utilities,Utilities,88.62,-15.0
2025-12-04,PNW,PINNACLE WEST CAPITAL ,Utilities,Utilities,88.08,23.0
2025-12-05,PNW,PINNACLE WEST CAPITAL ,Utilities,Utilities,88.17,29.0
2025-12-01,PODD,INSULET ,Health Care,Health Care,310.83,-13.0
2025-12-02,PODD,INSULET ,Health Care,Health Care,309.0,18.0
2025-12-03,PODD,INSULET ,Health Care,Health Care,307.56,18.0
2025-12-04,PODD,INSULET ,Health Care,Health Care,315.92,-16.0
2025-12-05,PODD,INSULET ,Health Care,Health Care,304.49,23.0
2025-12-01,POOL,POOL ,Consumer Discretionary,Consumer Discretionary,243.37,-17.0
2025-12-02,POOL,POOL ,Consumer Discretionary,Consumer Discretionary,244.73,-17.0
2025-12-03,POOL,POOL ,Consumer Discretionary,Consumer Discretionary,245.98,-31.0
2025-12-04,POOL,POOL ,Consumer Discretionary,Consumer Discretionary,241.92,28.0
2025-12-05,POOL,POOL ,Consumer Discretionary,Consumer Discretionary,239.52,41.0
2025-12-01,POWA,INVESCO BLOOMBERG PRICING POWER,,Sector & Style ETFs,90.9902,16.0
2025-12-02,POWA,INVESCO BLOOMBERG PRICING POWER,,Sector & Style ETFs,90.7584,30.0
2025-12-03,POWA,INVESCO BLOOMBERG PRICING POWER,,Sector & Style ETFs,91.0246,10.0
2025-12-04,POWA,INVESCO BLOOMBERG PRICING POWER,,Sector & Style ETFs,91.12,-13.0
2025-12-05,POWA,INVESCO BLOOMBERG PRICING POWER,,Sector & Style ETFs,91.2488,-29.0
2025-12-01,PPG,"PPG INDUSTRIES, INC.",Materials,Materials,99.86,25.0
2025-12-02,PPG,"PPG INDUSTRIES, INC.",Materials,Materials,100.25,10.0
2025-12-03,PPG,"PPG INDUSTRIES, INC.",Materials,Materials,101.34,-37.0
2025-12-04,PPG,"PPG INDUSTRIES, INC.",Materials,Materials,100.67,-5.0
2025-12-05,PPG,"PPG INDUSTRIES, INC.",Materials,Materials,101.03,-5.0
2025-12-01,PPL,PPL ,Utilities,Utilities,35.8,-31.0
2025-12-02,PPL,PPL ,Utilities,Utilities,35.22,-13.0
2025-12-03,PPL,PPL ,Utilities,Utilities,34.81,-13.0
2025-12-04,PPL,PPL ,Utilities,Utilities,34.16,33.0
2025-12-05,PPL,PPL ,Utilities,Utilities,33.86,60.0
2025-12-01,PPLT,ABRDN:PHYSICAL PLATINUM,,Commodities,151.39,-15.0
2025-12-02,PPLT,ABRDN:PHYSICAL PLATINUM,,Commodities,149.7,16.0
2025-12-03,PPLT,ABRDN:PHYSICAL PLATINUM,,Commodities,151.63,-31.0
2025-12-04,PPLT,ABRDN:PHYSICAL PLATINUM,,Commodities,150.2,23.0
2025-12-05,PPLT,ABRDN:PHYSICAL PLATINUM,,Commodities,149.69,23.0
2025-12-01,PRU,"PRUDENTIAL FINANCIAL, INC.",Financials,Financials,108.22,9.0
2025-12-02,PRU,"PRUDENTIAL FINANCIAL, INC.",Financials,Financials,107.85,21.0
2025-12-03,PRU,"PRUDENTIAL FINANCIAL, INC.",Financials,Financials,109.57,-17.0
2025-12-04,PRU,"PRUDENTIAL FINANCIAL, INC.",Financials,Financials,110.25,-11.0
2025-12-05,PRU,"PRUDENTIAL FINANCIAL, INC.",Financials,Financials,111.68,-25.0
2025-12-01,PSA,PUBLIC STORAGE.,Real Estate,Real Estate,271.15,30.0
2025-12-02,PSA,PUBLIC STORAGE.,Real Estate,Real Estate,273.16,16.0
2025-12-03,PSA,PUBLIC STORAGE.,Real Estate,Real Estate,278.25,-37.0
2025-12-04,PSA,PUBLIC STORAGE.,Real Estate,Real Estate,276.63,-5.0
2025-12-05,PSA,PUBLIC STORAGE.,Real Estate,Real Estate,272.06,33.0
2025-12-01,PSKY,PARAMOUNT SKYDANCE ,Communication Services,Communication Services,15.71,-15.0
2025-12-02,PSKY,PARAMOUNT SKYDANCE ,Communication Services,Communication Services,15.82,-20.0
2025-12-03,PSKY,PARAMOUNT SKYDANCE ,Communication Services,Communication Services,14.67,16.0
2025-12-04,PSKY,PARAMOUNT SKYDANCE ,Communication Services,Communication Services,14.82,-3.0
2025-12-05,PSKY,PARAMOUNT SKYDANCE ,Communication Services,Communication Services,13.365,21.0
2025-12-01,PSX,PHILLIPS 66,Energy,Energy,139.76,-20.0
2025-12-02,PSX,PHILLIPS 66,Energy,Energy,137.57,30.0
2025-12-03,PSX,PHILLIPS 66,Energy,Energy,139.85,-20.0
2025-12-04,PSX,PHILLIPS 66,Energy,Energy,139.42,-13.0
2025-12-05,PSX,PHILLIPS 66,Energy,Energy,139.36,-13.0
2025-12-01,PTC,PTC INC.,Information Technology,Information Technology,174.88,16.0
2025-12-02,PTC,PTC INC.,Information Technology,Information Technology,176.48,-15.0
2025-12-03,PTC,PTC INC.,Information Technology,Information Technology,177.37,-15.0
2025-12-04,PTC,PTC INC.,Information Technology,Information Technology,178.5,-24.0
2025-12-05,PTC,PTC INC.,Information Technology,Information Technology,173.52,32.0
2025-12-01,PWR,"QUANTA SERVICES, INC.",Industrials,Industrials,452.23,30.0
2025-12-02,PWR,"QUANTA SERVICES, INC.",Industrials,Industrials,454.72,16.0
2025-12-03,PWR,"QUANTA SERVICES, INC.",Industrials,Industrials,456.02,16.0
2025-12-04,PWR,"QUANTA SERVICES, INC.",Industrials,Industrials,464.84,-16.0
2025-12-05,PWR,"QUANTA SERVICES, INC.",Industrials,Industrials,460.64,0.0
2025-12-01,PYPL,"PAYPAL HOLDINGS, INC.",Financials,Financials,62.58,-13.0
2025-12-02,PYPL,"PAYPAL HOLDINGS, INC.",Financials,Financials,62.9,-27.0
2025-12-03,PYPL,"PAYPAL HOLDINGS, INC.",Financials,Financials,61.24,26.0
2025-12-04,PYPL,"PAYPAL HOLDINGS, INC.",Financials,Financials,61.73,20.0
2025-12-05,PYPL,"PAYPAL HOLDINGS, INC.",Financials,Financials,62.28,-6.0
2025-12-01,QAT,ISHARES:MSCI QATAR,,Foreign,18.71,30.0
2025-12-02,QAT,ISHARES:MSCI QATAR,,Foreign,18.775,16.0
2025-12-03,QAT,ISHARES:MSCI QATAR,,Foreign,18.9302,-15.0
2025-12-04,QAT,ISHARES:MSCI QATAR,,Foreign,18.9402,-15.0
2025-12-05,QAT,ISHARES:MSCI QATAR,,Foreign,18.9304,-15.0
2025-12-01,QCOM,QUALCOMM INC.,Information Technology,Information Technology,168.04,30.0
2025-12-02,QCOM,QUALCOMM INC.,Information Technology,Information Technology,170.7,16.0
2025-12-03,QCOM,QUALCOMM INC.,Information Technology,Information Technology,175.07,-15.0
2025-12-04,QCOM,QUALCOMM INC.,Information Technology,Information Technology,174.35,0.0
2025-12-05,QCOM,QUALCOMM INC.,Information Technology,Information Technology,174.81,0.0
2025-12-01,QQQ,INVESCO QQQ TRUST 1,,Sector & Style ETFs,617.17,30.0
2025-12-02,QQQ,INVESCO QQQ TRUST 1,,Sector & Style ETFs,622.0,16.0
2025-12-03,QQQ,INVESCO QQQ TRUST 1,,Sector & Style ETFs,623.52,-15.0
2025-12-04,QQQ,INVESCO QQQ TRUST 1,,Sector & Style ETFs,622.94,0.0
2025-12-05,QQQ,INVESCO QQQ TRUST 1,,Sector & Style ETFs,625.48,-24.0
2025-12-01,QUAL,ISHARES:MSCI USA QF,,Sector & Style ETFs,197.67,30.0
2025-12-02,QUAL,ISHARES:MSCI USA QF,,Sector & Style ETFs,198.43,16.0
2025-12-03,QUAL,ISHARES:MSCI USA QF,,Sector & Style ETFs,199.12,-20.0
2025-12-04,QUAL,ISHARES:MSCI USA QF,,Sector & Style ETFs,199.28,-5.0
2025-12-05,QUAL,ISHARES:MSCI USA QF,,Sector & Style ETFs,199.76,-21.0
2025-12-01,RCL,ROYAL CARIBBEAN CRUISES LTD.,Consumer Discretionary,Consumer Discretionary,266.6,-15.0
2025-12-02,RCL,ROYAL CARIBBEAN CRUISES LTD.,Consumer Discretionary,Consumer Discretionary,265.08,-15.0
2025-12-03,RCL,ROYAL CARIBBEAN CRUISES LTD.,Consumer Discretionary,Consumer Discretionary,265.77,-15.0
2025-12-04,RCL,ROYAL CARIBBEAN CRUISES LTD.,Consumer Discretionary,Consumer Discretionary,259.27,36.0
2025-12-05,RCL,ROYAL CARIBBEAN CRUISES LTD.,Consumer Discretionary,Consumer Discretionary,257.66,52.0
2025-12-01,REG,REGENCY CENTERS ,Real Estate,Real Estate,70.84,-37.0
2025-12-02,REG,REGENCY CENTERS ,Real Estate,Real Estate,70.03,-15.0
2025-12-03,REG,REGENCY CENTERS ,Real Estate,Real Estate,69.935,-15.0
2025-12-04,REG,REGENCY CENTERS ,Real Estate,Real Estate,69.07,23.0
2025-12-05,REG,REGENCY CENTERS ,Real Estate,Real Estate,68.7,38.0
2025-12-01,REGN,"REGENERON PHARMACEUTICALS, INC.",Health Care,Health Care,750.11,-31.0
2025-12-02,REGN,"REGENERON PHARMACEUTICALS, INC.",Health Care,Health Care,742.0,-15.0
2025-12-03,REGN,"REGENERON PHARMACEUTICALS, INC.",Health Care,Health Care,723.67,16.0
2025-12-04,REGN,"REGENERON PHARMACEUTICALS, INC.",Health Care,Health Care,722.8,33.0
2025-12-05,REGN,"REGENERON PHARMACEUTICALS, INC.",Health Care,Health Care,718.36,23.0
2025-12-01,RF,REGIONS FINANCIAL ,Financials,Financials,25.33,26.0
2025-12-02,RF,REGIONS FINANCIAL ,Financials,Financials,25.41,26.0
2025-12-03,RF,REGIONS FINANCIAL ,Financials,Financials,26.2,-17.0
2025-12-04,RF,REGIONS FINANCIAL ,Financials,Financials,26.41,-11.0
2025-12-05,RF,REGIONS FINANCIAL ,Financials,Financials,26.28,-33.0
2025-12-01,RIG,TRANSOCEAN LTD,,MR Discretion,4.35,10.0
2025-12-02,RIG,TRANSOCEAN LTD,,MR Discretion,4.31,25.0
2025-12-03,RIG,TRANSOCEAN LTD,,MR Discretion,4.45,-20.0
2025-12-04,RIG,TRANSOCEAN LTD,,MR Discretion,4.43,-13.0
2025-12-05,RIG,TRANSOCEAN LTD,,MR Discretion,4.44,-13.0
2025-12-01,RJF,"RAYMOND JAMES FINANCIAL, INC.",Financials,Financials,155.83,18.0
2025-12-02,RJF,"RAYMOND JAMES FINANCIAL, INC.",Financials,Financials,155.64,18.0
2025-12-03,RJF,"RAYMOND JAMES FINANCIAL, INC.",Financials,Financials,158.79,16.0
2025-12-04,RJF,"RAYMOND JAMES FINANCIAL, INC.",Financials,Financials,162.6,-7.0
2025-12-05,RJF,"RAYMOND JAMES FINANCIAL, INC.",Financials,Financials,163.13,-24.0
2025-12-01,RL,RALPH LAUREN ,Consumer Discretionary,Consumer Discretionary,365.88,-15.0
2025-12-02,RL,RALPH LAUREN ,Consumer Discretionary,Consumer Discretionary,355.89,16.0
2025-12-03,RL,RALPH LAUREN ,Consumer Discretionary,Consumer Discretionary,358.15,16.0
2025-12-04,RL,RALPH LAUREN ,Consumer Discretionary,Consumer Discretionary,356.97,23.0
2025-12-05,RL,RALPH LAUREN ,Consumer Discretionary,Consumer Discretionary,368.42,-41.0
2025-12-01,RMD,RESMED INC.,Health Care,Health Care,248.38,30.0
2025-12-02,RMD,RESMED INC.,Health Care,Health Care,250.85,16.0
2025-12-03,RMD,RESMED INC.,Health Care,Health Care,251.44,16.0
2025-12-04,RMD,RESMED INC.,Health Care,Health Care,251.51,23.0
2025-12-05,RMD,RESMED INC.,Health Care,Health Care,256.55,-16.0
2025-12-01,ROK,"ROCKWELL AUTOMATION, INC.",Industrials,Industrials,389.96,30.0
2025-12-02,ROK,"ROCKWELL AUTOMATION, INC.",Industrials,Industrials,391.2,16.0
2025-12-03,ROK,"ROCKWELL AUTOMATION, INC.",Industrials,Industrials,400.37,-20.0
2025-12-04,ROK,"ROCKWELL AUTOMATION, INC.",Industrials,Industrials,403.89,-13.0
2025-12-05,ROK,"ROCKWELL AUTOMATION, INC.",Industrials,Industrials,404.29,-13.0
2025-12-01,ROKU,"ROKU, INC.",,MR Discretion,96.52,-15.0
2025-12-02,ROKU,"ROKU, INC.",,MR Discretion,98.26,-15.0
2025-12-03,ROKU,"ROKU, INC.",,MR Discretion,92.98,33.0
2025-12-04,ROKU,"ROKU, INC.",,MR Discretion,94.54,-3.0
2025-12-05,ROKU,"ROKU, INC.",,MR Discretion,100.09,-41.0
2025-12-01,ROL,"ROLLINS, INC.",Industrials,Industrials,61.18,-15.0
2025-12-02,ROL,"ROLLINS, INC.",Industrials,Industrials,60.9,-15.0
2025-12-03,ROL,"ROLLINS, INC.",Industrials,Industrials,60.62,16.0
2025-12-04,ROL,"ROLLINS, INC.",Industrials,Industrials,60.34,48.0
2025-12-05,ROL,"ROLLINS, INC.",Industrials,Industrials,61.4,-6.0
2025-12-01,ROP,"ROPER TECHNOLOGIES, INC.",Information Technology,Information Technology,443.58,25.0
2025-12-02,ROP,"ROPER TECHNOLOGIES, INC.",Information Technology,Information Technology,444.15,10.0
2025-12-03,ROP,"ROPER TECHNOLOGIES, INC.",Information Technology,Information Technology,445.89,-20.0
2025-12-04,ROP,"ROPER TECHNOLOGIES, INC.",Information Technology,Information Technology,444.78,27.0
2025-12-05,ROP,"ROPER TECHNOLOGIES, INC.",Information Technology,Information Technology,447.56,-21.0
2025-12-01,ROST,"ROSS STORES, INC.",Consumer Discretionary,Consumer Discretionary,177.5,10.0
2025-12-02,ROST,"ROSS STORES, INC.",Consumer Discretionary,Consumer Discretionary,177.57,10.0
2025-12-03,ROST,"ROSS STORES, INC.",Consumer Discretionary,Consumer Discretionary,178.0,-37.0
2025-12-04,ROST,"ROSS STORES, INC.",Consumer Discretionary,Consumer Discretionary,177.09,42.0
2025-12-05,ROST,"ROSS STORES, INC.",Consumer Discretionary,Consumer Discretionary,177.87,-5.0
2025-12-01,RSG,"REPUBLIC SERVICES, INC.",Industrials,Industrials,214.07,16.0
2025-12-02,RSG,"REPUBLIC SERVICES, INC.",Industrials,Industrials,212.67,30.0
2025-12-03,RSG,"REPUBLIC SERVICES, INC.",Industrials,Industrials,215.37,-15.0
2025-12-04,RSG,"REPUBLIC SERVICES, INC.",Industrials,Industrials,215.12,-7.0
2025-12-05,RSG,"REPUBLIC SERVICES, INC.",Industrials,Industrials,216.53,-24.0
2025-12-01,RSP,INVESCO S&P500 EWGHT,,Sector & Style ETFs,190.22,10.0
2025-12-02,RSP,INVESCO S&P500 EWGHT,,Sector & Style ETFs,190.04,25.0
2025-12-03,RSP,INVESCO S&P500 EWGHT,,Sector & Style ETFs,191.49,-20.0
2025-12-04,RSP,INVESCO S&P500 EWGHT,,Sector & Style ETFs,191.55,-13.0
2025-12-05,RSP,INVESCO S&P500 EWGHT,,Sector & Style ETFs,192.0,-29.0
2025-12-01,RTX,RTX ,Industrials,Industrials,168.02,16.0
2025-12-02,RTX,RTX ,Industrials,Industrials,168.8,18.0
2025-12-03,RTX,RTX ,Industrials,Industrials,168.45,16.0
2025-12-04,RTX,RTX ,Industrials,Industrials,171.31,-15.0
2025-12-05,RTX,RTX ,Industrials,Industrials,171.1,-15.0
2025-12-01,RUT,RUSSELL 2000 INDEX,,Indices,2469.12890625,16.0
2025-12-02,RUT,RUSSELL 2000 INDEX,,Indices,2464.9833984375,30.0
2025-12-03,RUT,RUSSELL 2000 INDEX,,Indices,2512.13647460937,-20.0
2025-12-04,RUT,RUSSELL 2000 INDEX,,Indices,2531.15869140625,-37.0
2025-12-05,RUT,RUSSELL 2000 INDEX,,Indices,2521.48413085937,-20.0
2025-12-01,RVTY,"REVVITY, INC.",Health Care,Health Care,102.43,-20.0
2025-12-02,RVTY,"REVVITY, INC.",Health Care,Health Care,102.73,-20.0
2025-12-03,RVTY,"REVVITY, INC.",Health Care,Health Care,103.26,-20.0
2025-12-04,RVTY,"REVVITY, INC.",Health Care,Health Care,102.55,-5.0
2025-12-05,RVTY,"REVVITY, INC.",Health Care,Health Care,100.79,48.0
2025-12-01,SBAC,SBA COMMUNICATIONS ,Real Estate,Real Estate,188.57,-15.0
2025-12-02,SBAC,SBA COMMUNICATIONS ,Real Estate,Real Estate,186.97,30.0
2025-12-03,SBAC,SBA COMMUNICATIONS ,Real Estate,Real Estate,187.34,16.0
2025-12-04,SBAC,SBA COMMUNICATIONS ,Real Estate,Real Estate,190.0,-16.0
2025-12-05,SBAC,SBA COMMUNICATIONS ,Real Estate,Real Estate,189.58,0.0
2025-12-01,SBLK,STAR BULK CARRIERS CORP.,,MR Discretion,20.01,10.0
2025-12-02,SBLK,STAR BULK CARRIERS CORP.,,MR Discretion,19.8,25.0
2025-12-03,SBLK,STAR BULK CARRIERS CORP.,,MR Discretion,20.41,-20.0
2025-12-04,SBLK,STAR BULK CARRIERS CORP.,,MR Discretion,20.5,-13.0
2025-12-05,SBLK,STAR BULK CARRIERS CORP.,,MR Discretion,20.45,-39.0
2025-12-01,SBUX,STARBUCKS ,Consumer Discretionary,Consumer Discretionary,84.91,10.0
2025-12-02,SBUX,STARBUCKS ,Consumer Discretionary,Consumer Discretionary,85.2,10.0
2025-12-03,SBUX,STARBUCKS ,Consumer Discretionary,Consumer Discretionary,87.11,-37.0
2025-12-04,SBUX,STARBUCKS ,Consumer Discretionary,Consumer Discretionary,85.0,1.0
2025-12-05,SBUX,STARBUCKS ,Consumer Discretionary,Consumer Discretionary,85.12,1.0
2025-12-01,SCHP,SCHWAB STR:US TIPS,,Bonds,26.73,16.0
2025-12-02,SCHP,SCHWAB STR:US TIPS,,Bonds,26.74,16.0
2025-12-03,SCHP,SCHWAB STR:US TIPS,,Bonds,26.79,-31.0
2025-12-04,SCHP,SCHWAB STR:US TIPS,,Bonds,26.76,0.0
2025-12-05,SCHP,SCHWAB STR:US TIPS,,Bonds,26.71,48.0
2025-12-01,SCHW,THE CHARLES SCHWAB ,Financials,Financials,92.69,16.0
2025-12-02,SCHW,THE CHARLES SCHWAB ,Financials,Financials,92.07,30.0
2025-12-03,SCHW,THE CHARLES SCHWAB ,Financials,Financials,93.99,-15.0
2025-12-04,SCHW,THE CHARLES SCHWAB ,Financials,Financials,95.03,-24.0
2025-12-05,SCHW,THE CHARLES SCHWAB ,Financials,Financials,93.82,-34.0
2025-12-01,SD,"SANDRIDGE ENERGY, INC.",,MR Discretion,14.52,9.0
2025-12-02,SD,"SANDRIDGE ENERGY, INC.",,MR Discretion,14.34,21.0
2025-12-03,SD,"SANDRIDGE ENERGY, INC.",,MR Discretion,15.12,-17.0
2025-12-04,SD,"SANDRIDGE ENERGY, INC.",,MR Discretion,15.09,-33.0
2025-12-05,SD,"SANDRIDGE ENERGY, INC.",,MR Discretion,15.22,-33.0
2025-12-01,SDY,SPDR S&P DIVIDEND,,Sector & Style ETFs,139.89,9.0
2025-12-02,SDY,SPDR S&P DIVIDEND,,Sector & Style ETFs,139.2,26.0
2025-12-03,SDY,SPDR S&P DIVIDEND,,Sector & Style ETFs,140.22,-17.0
2025-12-04,SDY,SPDR S&P DIVIDEND,,Sector & Style ETFs,140.11,-11.0
2025-12-05,SDY,SPDR S&P DIVIDEND,,Sector & Style ETFs,140.08,-11.0
2025-12-01,SHW,THE SHERWIN-WILLIAMS COMPANY,Materials,Materials,341.49,-37.0
2025-12-02,SHW,THE SHERWIN-WILLIAMS COMPANY,Materials,Materials,337.49,-15.0
2025-12-03,SHW,THE SHERWIN-WILLIAMS COMPANY,Materials,Materials,339.24,-15.0
2025-12-04,SHW,THE SHERWIN-WILLIAMS COMPANY,Materials,Materials,335.37,23.0
2025-12-05,SHW,THE SHERWIN-WILLIAMS COMPANY,Materials,Materials,333.11,38.0
2025-12-01,SHY,ISHARES:1-3 TRS BD ETF,Bonds,Bonds,82.76,26.0
2025-12-02,SHY,ISHARES:1-3 TRS BD ETF,Bonds,Bonds,82.81,-13.0
2025-12-03,SHY,ISHARES:1-3 TRS BD ETF,Bonds,Bonds,82.86,-27.0
2025-12-04,SHY,ISHARES:1-3 TRS BD ETF,Bonds,Bonds,82.8,28.0
2025-12-05,SHY,ISHARES:1-3 TRS BD ETF,Bonds,Bonds,82.77,28.0
2025-12-01,SILJ,ETFMG PRIME JR SILVR MNR,,Commodities,26.08,-31.0
2025-12-02,SILJ,ETFMG PRIME JR SILVR MNR,,Commodities,26.04,-15.0
2025-12-03,SILJ,ETFMG PRIME JR SILVR MNR,,Commodities,25.82,16.0
2025-12-04,SILJ,ETFMG PRIME JR SILVR MNR,,Commodities,25.67,23.0
2025-12-05,SILJ,ETFMG PRIME JR SILVR MNR,,Commodities,25.66,23.0
2025-12-01,SJM,THE J. M. SMUCKER COMPANY,Consumer Staples,Consumer Staples,103.09,-31.0
2025-12-02,SJM,THE J. M. SMUCKER COMPANY,Consumer Staples,Consumer Staples,101.0,-15.0
2025-12-03,SJM,THE J. M. SMUCKER COMPANY,Consumer Staples,Consumer Staples,100.36,16.0
2025-12-04,SJM,THE J. M. SMUCKER COMPANY,Consumer Staples,Consumer Staples,99.61,23.0
2025-12-05,SJM,THE J. M. SMUCKER COMPANY,Consumer Staples,Consumer Staples,100.11,33.0
2025-12-01,SLB,SCHLUMBERGER N.V.,Energy,Energy,36.6,10.0
2025-12-02,SLB,SCHLUMBERGER N.V.,Energy,Energy,36.36,25.0
2025-12-03,SLB,SCHLUMBERGER N.V.,Energy,Energy,37.55,-20.0
2025-12-04,SLB,SCHLUMBERGER N.V.,Energy,Energy,38.12,-39.0
2025-12-05,SLB,SCHLUMBERGER N.V.,Energy,Energy,38.46,-29.0
2025-12-01,SLV,ISHARES:SILVER TRUST,,Commodities,52.52,16.0
2025-12-02,SLV,ISHARES:SILVER TRUST,,Commodities,53.13,-15.0
2025-12-03,SLV,ISHARES:SILVER TRUST,,Commodities,53.07,-15.0
2025-12-04,SLV,ISHARES:SILVER TRUST,,Commodities,51.76,48.0
2025-12-05,SLV,ISHARES:SILVER TRUST,,Commodities,52.95,0.0
2025-12-01,SMCI,"SUPER MICRO COMPUTER, INC.",Information Technology,Information Technology,33.41,18.0
2025-12-02,SMCI,"SUPER MICRO COMPUTER, INC.",Information Technology,Information Technology,32.92,33.0
2025-12-03,SMCI,"SUPER MICRO COMPUTER, INC.",Information Technology,Information Technology,33.68,18.0
2025-12-04,SMCI,"SUPER MICRO COMPUTER, INC.",Information Technology,Information Technology,34.23,-6.0
2025-12-05,SMCI,"SUPER MICRO COMPUTER, INC.",Information Technology,Information Technology,34.69,-22.0
2025-12-01,SMH,VANECK:SEMICONDUCTOR,,Sector & Style ETFs,352.96,30.0
2025-12-02,SMH,VANECK:SEMICONDUCTOR,,Sector & Style ETFs,359.43,16.0
2025-12-03,SMH,VANECK:SEMICONDUCTOR,,Sector & Style ETFs,364.37,-15.0
2025-12-04,SMH,VANECK:SEMICONDUCTOR,,Sector & Style ETFs,361.6,0.0
2025-12-05,SMH,VANECK:SEMICONDUCTOR,,Sector & Style ETFs,364.42,0.0
2025-12-01,SNA,SNAP-ON INC.,Industrials,Industrials,338.47,30.0
2025-12-02,SNA,SNAP-ON INC.,Industrials,Industrials,340.58,16.0
2025-12-03,SNA,SNAP-ON INC.,Industrials,Industrials,344.34,-15.0
2025-12-04,SNA,SNAP-ON INC.,Industrials,Industrials,346.13,-13.0
2025-12-05,SNA,SNAP-ON INC.,Industrials,Industrials,347.21,-21.0
2025-12-01,SNDK,SANDISK CORPORATION,Information Technology,Information Technology,210.17,16.0
2025-12-02,SNDK,SANDISK CORPORATION,Information Technology,Information Technology,205.35,16.0
2025-12-03,SNDK,SANDISK CORPORATION,Information Technology,Information Technology,194.38,31.0
2025-12-04,SNDK,SANDISK CORPORATION,Information Technology,Information Technology,213.31,-25.0
2025-12-05,SNDK,SANDISK CORPORATION,Information Technology,Information Technology,228.47,-42.0
2025-12-01,SNPS,"SYNOPSYS, INC.",Information Technology,Information Technology,438.29,21.0
2025-12-02,SNPS,"SYNOPSYS, INC.",Information Technology,Information Technology,449.35,9.0
2025-12-03,SNPS,"SYNOPSYS, INC.",Information Technology,Information Technology,466.44,-17.0
2025-12-04,SNPS,"SYNOPSYS, INC.",Information Technology,Information Technology,463.74,-4.0
2025-12-05,SNPS,"SYNOPSYS, INC.",Information Technology,Information Technology,466.76,-4.0
2025-12-01,SO,THE SOUTHERN COMPANY,Utilities,Utilities,89.01,-15.0
2025-12-02,SO,THE SOUTHERN COMPANY,Utilities,Utilities,89.04,-15.0
2025-12-03,SO,THE SOUTHERN COMPANY,Utilities,Utilities,87.98,-13.0
2025-12-04,SO,THE SOUTHERN COMPANY,Utilities,Utilities,87.33,26.0
2025-12-05,SO,THE SOUTHERN COMPANY,Utilities,Utilities,86.28,41.0
2025-12-01,SOLV,SOLVENTUM ,Health Care,Health Care,85.56,-20.0
2025-12-02,SOLV,SOLVENTUM ,Health Care,Health Care,85.59,-37.0
2025-12-03,SOLV,SOLVENTUM ,Health Care,Health Care,85.25,25.0
2025-12-04,SOLV,SOLVENTUM ,Health Care,Health Care,85.26,18.0
2025-12-05,SOLV,SOLVENTUM ,Health Care,Health Care,85.43,-8.0
2025-12-01,SOYB,TEUCRIUM:SOYBEAN,,Commodities,23.47,-20.0
2025-12-02,SOYB,TEUCRIUM:SOYBEAN,,Commodities,23.43,-20.0
2025-12-03,SOYB,TEUCRIUM:SOYBEAN,,Commodities,23.28,10.0
2025-12-04,SOYB,TEUCRIUM:SOYBEAN,,Commodities,23.3,27.0
2025-12-05,SOYB,TEUCRIUM:SOYBEAN,,Commodities,23.03,48.0
2025-12-01,SPG,"SIMON PROPERTY GROUP, INC.",Real Estate,Real Estate,185.14,-31.0
2025-12-02,SPG,"SIMON PROPERTY GROUP, INC.",Real Estate,Real Estate,182.17,16.0
2025-12-03,SPG,"SIMON PROPERTY GROUP, INC.",Real Estate,Real Estate,182.3,16.0
2025-12-04,SPG,"SIMON PROPERTY GROUP, INC.",Real Estate,Real Estate,183.32,-7.0
2025-12-05,SPG,"SIMON PROPERTY GROUP, INC.",Real Estate,Real Estate,182.56,23.0
2025-12-01,SPGI,S&P GLOBAL INC.,Financials,Financials,495.27,16.0
2025-12-02,SPGI,S&P GLOBAL INC.,Financials,Financials,491.21,30.0
2025-12-03,SPGI,S&P GLOBAL INC.,Financials,Financials,499.88,-31.0
2025-12-04,SPGI,S&P GLOBAL INC.,Financials,Financials,496.99,-34.0
2025-12-05,SPGI,S&P GLOBAL INC.,Financials,Financials,498.52,-7.0
2025-12-01,SPHB,INVESCO S&P500 HI BE,,Sector & Style ETFs,112.94,30.0
2025-12-02,SPHB,INVESCO S&P500 HI BE,,Sector & Style ETFs,114.07,10.0
2025-12-03,SPHB,INVESCO S&P500 HI BE,,Sector & Style ETFs,116.26,-20.0
2025-12-04,SPHB,INVESCO S&P500 HI BE,,Sector & Style ETFs,116.59,-5.0
2025-12-05,SPHB,INVESCO S&P500 HI BE,,Sector & Style ETFs,117.45,-29.0
2025-12-01,SPLV,INVESCO S&P500 LOWVL,,Sector & Style ETFs,72.27,-31.0
2025-12-02,SPLV,INVESCO S&P500 LOWVL,,Sector & Style ETFs,71.77,-15.0
2025-12-03,SPLV,INVESCO S&P500 LOWVL,,Sector & Style ETFs,71.74,-15.0
2025-12-04,SPLV,INVESCO S&P500 LOWVL,,Sector & Style ETFs,71.51,23.0
2025-12-05,SPLV,INVESCO S&P500 LOWVL,,Sector & Style ETFs,71.32,38.0
2025-12-01,SPX,S&P 500 INDEX,,Indices,6812.6298828125,30.0
2025-12-02,SPX,S&P 500 INDEX,,Indices,6829.3701171875,16.0
2025-12-03,SPX,S&P 500 INDEX,,Indices,6849.72021484375,-20.0
2025-12-04,SPX,S&P 500 INDEX,,Indices,6857.1201171875,-20.0
2025-12-05,SPX,S&P 500 INDEX,,Indices,6870.39990234375,-37.0
2025-12-01,SPY,SPDR S&P 500 ETF,,Sector & Style ETFs,680.27,30.0
2025-12-02,SPY,SPDR S&P 500 ETF,,Sector & Style ETFs,681.53,16.0
2025-12-03,SPY,SPDR S&P 500 ETF,,Sector & Style ETFs,683.89,-15.0
2025-12-04,SPY,SPDR S&P 500 ETF,,Sector & Style ETFs,684.39,0.0
2025-12-05,SPY,SPDR S&P 500 ETF,,Sector & Style ETFs,685.69,-24.0
2025-12-01,SRE,SEMPRA,Utilities,Utilities,91.5,-31.0
2025-12-02,SRE,SEMPRA,Utilities,Utilities,90.95,-15.0
2025-12-03,SRE,SEMPRA,Utilities,Utilities,90.73,16.0
2025-12-04,SRE,SEMPRA,Utilities,Utilities,90.07,38.0
2025-12-05,SRE,SEMPRA,Utilities,Utilities,90.66,45.0
2025-12-01,STE,STERIS PUBLIC LIMITED COMPANY,Health Care,Health Care,262.89,-20.0
2025-12-02,STE,STERIS PUBLIC LIMITED COMPANY,Health Care,Health Care,259.3,25.0
2025-12-03,STE,STERIS PUBLIC LIMITED COMPANY,Health Care,Health Care,259.4,10.0
2025-12-04,STE,STERIS PUBLIC LIMITED COMPANY,Health Care,Health Care,261.02,27.0
2025-12-05,STE,STERIS PUBLIC LIMITED COMPANY,Health Care,Health Care,263.28,-29.0
2025-12-01,STIP,ISHARES:0-5 TIPS BD ETF,Bonds,Bonds,102.66,30.0
2025-12-02,STIP,ISHARES:0-5 TIPS BD ETF,Bonds,Bonds,102.68,16.0
2025-12-03,STIP,ISHARES:0-5 TIPS BD ETF,Bonds,Bonds,102.75,-31.0
2025-12-04,STIP,ISHARES:0-5 TIPS BD ETF,Bonds,Bonds,102.74,0.0
2025-12-05,STIP,ISHARES:0-5 TIPS BD ETF,Bonds,Bonds,102.72,0.0
2025-12-01,STLA,STELLANTIS NV,,MR Discretion,10.65,25.0
2025-12-02,STLA,STELLANTIS NV,,MR Discretion,10.95,10.0
2025-12-03,STLA,STELLANTIS NV,,MR Discretion,11.46,-20.0
2025-12-04,STLA,STELLANTIS NV,,MR Discretion,11.84,-13.0
2025-12-05,STLA,STELLANTIS NV,,MR Discretion,12.05,-21.0
2025-12-01,STLD,"STEEL DYNAMICS, INC.",Materials,Materials,167.62,16.0
2025-12-02,STLD,"STEEL DYNAMICS, INC.",Materials,Materials,167.63,16.0
2025-12-03,STLD,"STEEL DYNAMICS, INC.",Materials,Materials,171.5,-37.0
2025-12-04,STLD,"STEEL DYNAMICS, INC.",Materials,Materials,168.11,-24.0
2025-12-05,STLD,"STEEL DYNAMICS, INC.",Materials,Materials,165.22,48.0
2025-12-01,STNG,SCORPIO TANKERS INC.,,MR Discretion,55.56,33.0
2025-12-02,STNG,SCORPIO TANKERS INC.,,MR Discretion,56.35,-15.0
2025-12-03,STNG,SCORPIO TANKERS INC.,,MR Discretion,56.58,-31.0
2025-12-04,STNG,SCORPIO TANKERS INC.,,MR Discretion,55.94,33.0
2025-12-05,STNG,SCORPIO TANKERS INC.,,MR Discretion,55.89,36.0
2025-12-01,STT,STATE STREET ,Financials,Financials,118.12,30.0
2025-12-02,STT,STATE STREET ,Financials,Financials,119.02,16.0
2025-12-03,STT,STATE STREET ,Financials,Financials,120.9,-15.0
2025-12-04,STT,STATE STREET ,Financials,Financials,121.87,-7.0
2025-12-05,STT,STATE STREET ,Financials,Financials,123.61,-29.0
2025-12-01,STX,SEAGATE TECHNOLOGY HOLDINGS,Information Technology,Information Technology,270.1,-15.0
2025-12-02,STX,SEAGATE TECHNOLOGY HOLDINGS,Information Technology,Information Technology,266.87,16.0
2025-12-03,STX,SEAGATE TECHNOLOGY HOLDINGS,Information Technology,Information Technology,258.67,33.0
2025-12-04,STX,SEAGATE TECHNOLOGY HOLDINGS,Information Technology,Information Technology,265.63,33.0
2025-12-05,STX,SEAGATE TECHNOLOGY HOLDINGS,Information Technology,Information Technology,278.79,-16.0
2025-12-01,STZ,"CONSTELLATION BRANDS, INC.",Consumer Staples,Consumer Staples,137.87,10.0
2025-12-02,STZ,"CONSTELLATION BRANDS, INC.",Consumer Staples,Consumer Staples,137.86,10.0
2025-12-03,STZ,"CONSTELLATION BRANDS, INC.",Consumer Staples,Consumer Staples,138.08,10.0
2025-12-04,STZ,"CONSTELLATION BRANDS, INC.",Consumer Staples,Consumer Staples,138.03,18.0
2025-12-05,STZ,"CONSTELLATION BRANDS, INC.",Consumer Staples,Consumer Staples,142.37,-12.0
2025-12-01,SW,SMURFIT WESTROCK PUBLIC LIMITED COMPANY,Materials,Materials,35.65,10.0
2025-12-02,SW,SMURFIT WESTROCK PUBLIC LIMITED COMPANY,Materials,Materials,34.45,30.0
2025-12-03,SW,SMURFIT WESTROCK PUBLIC LIMITED COMPANY,Materials,Materials,36.12,-20.0
2025-12-04,SW,SMURFIT WESTROCK PUBLIC LIMITED COMPANY,Materials,Materials,36.45,-39.0
2025-12-05,SW,SMURFIT WESTROCK PUBLIC LIMITED COMPANY,Materials,Materials,36.04,-39.0
2025-12-01,SWK,"STANLEY BLACK & DECKER, INC.",Industrials,Industrials,70.56,25.0
2025-12-02,SWK,"STANLEY BLACK & DECKER, INC.",Industrials,Industrials,71.24,10.0
2025-12-03,SWK,"STANLEY BLACK & DECKER, INC.",Industrials,Industrials,72.53,-20.0
2025-12-04,SWK,"STANLEY BLACK & DECKER, INC.",Industrials,Industrials,72.21,-5.0
2025-12-05,SWK,"STANLEY BLACK & DECKER, INC.",Industrials,Industrials,72.47,-5.0
2025-12-01,SWKS,"SKYWORKS SOLUTIONS, INC.",Information Technology,Information Technology,65.83,26.0
2025-12-02,SWKS,"SKYWORKS SOLUTIONS, INC.",Information Technology,Information Technology,68.24,9.0
2025-12-03,SWKS,"SKYWORKS SOLUTIONS, INC.",Information Technology,Information Technology,69.37,-17.0
2025-12-04,SWKS,"SKYWORKS SOLUTIONS, INC.",Information Technology,Information Technology,69.01,-4.0
2025-12-05,SWKS,"SKYWORKS SOLUTIONS, INC.",Information Technology,Information Technology,69.32,-4.0
2025-12-01,SYF,SYNCHRONY FINANCIAL,Financials,Financials,78.05,30.0
2025-12-02,SYF,SYNCHRONY FINANCIAL,Financials,Financials,78.88,16.0
2025-12-03,SYF,SYNCHRONY FINANCIAL,Financials,Financials,79.15,16.0
2025-12-04,SYF,SYNCHRONY FINANCIAL,Financials,Financials,80.4,-21.0
2025-12-05,SYF,SYNCHRONY FINANCIAL,Financials,Financials,80.36,-5.0
2025-12-01,SYK,STRYKER ,Health Care,Health Care,372.32,-37.0
2025-12-02,SYK,STRYKER ,Health Care,Health Care,366.68,-15.0
2025-12-03,SYK,STRYKER ,Health Care,Health Care,365.95,16.0
2025-12-04,SYK,STRYKER ,Health Care,Health Care,364.35,23.0
2025-12-05,SYK,STRYKER ,Health Care,Health Care,364.02,23.0
2025-12-01,SYY,SYSCO ,Consumer Staples,Consumer Staples,75.91,-37.0
2025-12-02,SYY,SYSCO ,Consumer Staples,Consumer Staples,74.44,-15.0
2025-12-03,SYY,SYSCO ,Consumer Staples,Consumer Staples,73.36,16.0
2025-12-04,SYY,SYSCO ,Consumer Staples,Consumer Staples,73.44,33.0
2025-12-05,SYY,SYSCO ,Consumer Staples,Consumer Staples,73.1,33.0
2025-12-01,T,AT&T INC.,Communication Services,Communication Services,25.79,-31.0
2025-12-02,T,AT&T INC.,Communication Services,Communication Services,25.52,-15.0
2025-12-03,T,AT&T INC.,Communication Services,Communication Services,25.32,16.0
2025-12-04,T,AT&T INC.,Communication Services,Communication Services,25.39,33.0
2025-12-05,T,AT&T INC.,Communication Services,Communication Services,25.28,33.0
2025-12-01,TAGS,TEUCRIUM:AGRICULTURAL,,Commodities,23.4312,9.0
2025-12-02,TAGS,TEUCRIUM:AGRICULTURAL,,Commodities,23.5745,-31.0
2025-12-03,TAGS,TEUCRIUM:AGRICULTURAL,,Commodities,23.375,13.0
2025-12-04,TAGS,TEUCRIUM:AGRICULTURAL,,Commodities,23.4692,-11.0
2025-12-05,TAGS,TEUCRIUM:AGRICULTURAL,,Commodities,23.32,32.0
2025-12-01,TAP,MOLSON COORS BEVERAGE COMPANY,Consumer Staples,Consumer Staples,46.91,-37.0
2025-12-02,TAP,MOLSON COORS BEVERAGE COMPANY,Consumer Staples,Consumer Staples,46.5,-20.0
2025-12-03,TAP,MOLSON COORS BEVERAGE COMPANY,Consumer Staples,Consumer Staples,46.24,-20.0
2025-12-04,TAP,MOLSON COORS BEVERAGE COMPANY,Consumer Staples,Consumer Staples,45.57,33.0
2025-12-05,TAP,MOLSON COORS BEVERAGE COMPANY,Consumer Staples,Consumer Staples,45.13,48.0
2025-12-01,TDG,TRANSDIGM GROUP INC.,Industrials,Industrials,1354.86,-15.0
2025-12-02,TDG,TRANSDIGM GROUP INC.,Industrials,Industrials,1343.65,16.0
2025-12-03,TDG,TRANSDIGM GROUP INC.,Industrials,Industrials,1337.33,30.0
2025-12-04,TDG,TRANSDIGM GROUP INC.,Industrials,Industrials,1360.1,-16.0
2025-12-05,TDG,TRANSDIGM GROUP INC.,Industrials,Industrials,1346.86,33.0
2025-12-01,TDW,TIDEWATER INC.,,MR Discretion,54.87,16.0
2025-12-02,TDW,TIDEWATER INC.,,MR Discretion,54.64,30.0
2025-12-03,TDW,TIDEWATER INC.,,MR Discretion,59.75,-37.0
2025-12-04,TDW,TIDEWATER INC.,,MR Discretion,59.5,-39.0
2025-12-05,TDW,TIDEWATER INC.,,MR Discretion,57.63,-34.0
2025-12-01,TDY,TELEDYNE TECHNOLOGIES INC.,Information Technology,Information Technology,492.56,30.0
2025-12-02,TDY,TELEDYNE TECHNOLOGIES INC.,Information Technology,Information Technology,495.72,16.0
2025-12-03,TDY,TELEDYNE TECHNOLOGIES INC.,Information Technology,Information Technology,503.96,16.0
2025-12-04,TDY,TELEDYNE TECHNOLOGIES INC.,Information Technology,Information Technology,518.0,-5.0
2025-12-05,TDY,TELEDYNE TECHNOLOGIES INC.,Information Technology,Information Technology,522.3,-21.0
2025-12-01,TECH,BIO-TECHNE ,Health Care,Health Care,63.76,-20.0
2025-12-02,TECH,BIO-TECHNE ,Health Care,Health Care,62.95,10.0
2025-12-03,TECH,BIO-TECHNE ,Health Care,Health Care,63.82,-20.0
2025-12-04,TECH,BIO-TECHNE ,Health Care,Health Care,63.54,-13.0
2025-12-05,TECH,BIO-TECHNE ,Health Care,Health Care,61.68,48.0
2025-12-01,TECK,TECK RESOURCES LIMITED,,MR Discretion,43.3,30.0
2025-12-02,TECK,TECK RESOURCES LIMITED,,MR Discretion,43.23,30.0
2025-12-03,TECK,TECK RESOURCES LIMITED,,MR Discretion,44.45,-20.0
2025-12-04,TECK,TECK RESOURCES LIMITED,,MR Discretion,44.88,-13.0
2025-12-05,TECK,TECK RESOURCES LIMITED,,MR Discretion,45.07,-29.0
2025-12-01,TEL,TE CONNECTIVITY LTD,Information Technology,Information Technology,225.75,30.0
2025-12-02,TEL,TE CONNECTIVITY LTD,Information Technology,Information Technology,229.55,16.0
2025-12-03,TEL,TE CONNECTIVITY LTD,Information Technology,Information Technology,230.8,-15.0
2025-12-04,TEL,TE CONNECTIVITY LTD,Information Technology,Information Technology,233.41,-7.0
2025-12-05,TEL,TE CONNECTIVITY LTD,Information Technology,Information Technology,234.36,-24.0
2025-12-01,TER,"TERADYNE, INC.",Information Technology,Information Technology,179.63,30.0
2025-12-02,TER,"TERADYNE, INC.",Information Technology,Information Technology,189.94,16.0
2025-12-03,TER,"TERADYNE, INC.",Information Technology,Information Technology,195.08,-15.0
2025-12-04,TER,"TERADYNE, INC.",Information Technology,Information Technology,198.63,-13.0
2025-12-05,TER,"TERADYNE, INC.",Information Technology,Information Technology,200.77,-13.0
2025-12-01,TFC,TRUIST FINANCIAL ,Financials,Financials,46.57,26.0
2025-12-02,TFC,TRUIST FINANCIAL ,Financials,Financials,46.48,26.0
2025-12-03,TFC,TRUIST FINANCIAL ,Financials,Financials,47.42,-17.0
2025-12-04,TFC,TRUIST FINANCIAL ,Financials,Financials,47.54,-11.0
2025-12-05,TFC,TRUIST FINANCIAL ,Financials,Financials,47.53,-11.0
2025-12-01,TGT,TARGET ,Consumer Staples,Consumer Staples,91.36,-20.0
2025-12-02,TGT,TARGET ,Consumer Staples,Consumer Staples,90.47,25.0
2025-12-03,TGT,TARGET ,Consumer Staples,Consumer Staples,90.92,10.0
2025-12-04,TGT,TARGET ,Consumer Staples,Consumer Staples,91.59,-13.0
2025-12-05,TGT,TARGET ,Consumer Staples,Consumer Staples,92.19,-29.0
2025-12-01,THD,ISHARES:MSCI THAI,,Foreign,60.14,-20.0
2025-12-02,THD,ISHARES:MSCI THAI,,Foreign,60.16,-20.0
2025-12-03,THD,ISHARES:MSCI THAI,,Foreign,60.04,10.0
2025-12-04,THD,ISHARES:MSCI THAI,,Foreign,59.77,42.0
2025-12-05,THD,ISHARES:MSCI THAI,,Foreign,60.16,6.0
2025-12-01,TIP,ISHARES:TIPS BD ETF,Bonds,Bonds,110.5,16.0
2025-12-02,TIP,ISHARES:TIPS BD ETF,Bonds,Bonds,110.53,16.0
2025-12-03,TIP,ISHARES:TIPS BD ETF,Bonds,Bonds,110.78,-31.0
2025-12-04,TIP,ISHARES:TIPS BD ETF,Bonds,Bonds,110.63,0.0
2025-12-05,TIP,ISHARES:TIPS BD ETF,Bonds,Bonds,110.45,33.0
2025-12-01,TJX,"THE TJX COMPANIES, INC.",Consumer Discretionary,Consumer Discretionary,151.13,-15.0
2025-12-02,TJX,"THE TJX COMPANIES, INC.",Consumer Discretionary,Consumer Discretionary,150.02,16.0
2025-12-03,TJX,"THE TJX COMPANIES, INC.",Consumer Discretionary,Consumer Discretionary,150.06,16.0
2025-12-04,TJX,"THE TJX COMPANIES, INC.",Consumer Discretionary,Consumer Discretionary,150.3,23.0
2025-12-05,TJX,"THE TJX COMPANIES, INC.",Consumer Discretionary,Consumer Discretionary,153.28,-31.0
2025-12-01,TKO,"TKO GROUP HOLDINGS, INC.",Communication Services,Communication Services,193.98,18.0
2025-12-02,TKO,"TKO GROUP HOLDINGS, INC.",Communication Services,Communication Services,194.64,18.0
2025-12-03,TKO,"TKO GROUP HOLDINGS, INC.",Communication Services,Communication Services,194.9,18.0
2025-12-04,TKO,"TKO GROUP HOLDINGS, INC.",Communication Services,Communication Services,200.87,0.0
2025-12-05,TKO,"TKO GROUP HOLDINGS, INC.",Communication Services,Communication Services,202.22,-16.0
2025-12-01,TLT,ISHARES:20+ TRS BD ETF,Bonds,Bonds,88.77,-15.0
2025-12-02,TLT,ISHARES:20+ TRS BD ETF,Bonds,Bonds,88.81,-15.0
2025-12-03,TLT,ISHARES:20+ TRS BD ETF,Bonds,Bonds,89.06,-31.0
2025-12-04,TLT,ISHARES:20+ TRS BD ETF,Bonds,Bonds,88.58,33.0
2025-12-05,TLT,ISHARES:20+ TRS BD ETF,Bonds,Bonds,88.17,48.0
2025-12-01,TMO,THERMO FISHER SCIENTIFIC INC.,Health Care,Health Care,585.15,-31.0
2025-12-02,TMO,THERMO FISHER SCIENTIFIC INC.,Health Care,Health Care,580.37,-15.0
2025-12-03,TMO,THERMO FISHER SCIENTIFIC INC.,Health Care,Health Care,580.45,-15.0
2025-12-04,TMO,THERMO FISHER SCIENTIFIC INC.,Health Care,Health Care,575.24,23.0
2025-12-05,TMO,THERMO FISHER SCIENTIFIC INC.,Health Care,Health Care,572.77,38.0
2025-12-01,TMUS,"T-MOBILE US, INC.",Communication Services,Communication Services,206.63,26.0
2025-12-02,TMUS,"T-MOBILE US, INC.",Communication Services,Communication Services,210.13,-27.0
2025-12-03,TMUS,"T-MOBILE US, INC.",Communication Services,Communication Services,208.51,13.0
2025-12-04,TMUS,"T-MOBILE US, INC.",Communication Services,Communication Services,208.01,20.0
2025-12-05,TMUS,"T-MOBILE US, INC.",Communication Services,Communication Services,209.63,-6.0
2025-12-01,TNX,10 Y TSY YLD NDX,Yields,Yields,4.0959997177124,10.0
2025-12-02,TNX,10 Y TSY YLD NDX,Yields,Yields,4.08599996566772,10.0
2025-12-03,TNX,10 Y TSY YLD NDX,Yields,Yields,4.05700016021728,30.0
2025-12-04,TNX,10 Y TSY YLD NDX,Yields,Yields,4.1080002784729,-20.0
2025-12-05,TNX,10 Y TSY YLD NDX,Yields,Yields,4.13899993896484,-37.0
2025-12-01,TPL,TEXAS PACIFIC LAND ,Energy,Energy,853.74,33.0
2025-12-02,TPL,TEXAS PACIFIC LAND ,Energy,Energy,864.67,18.0
2025-12-03,TPL,TEXAS PACIFIC LAND ,Energy,Energy,914.72,-15.0
2025-12-04,TPL,TEXAS PACIFIC LAND ,Energy,Energy,919.75,-34.0
2025-12-05,TPL,TEXAS PACIFIC LAND ,Energy,Energy,925.08,-34.0
2025-12-01,TPR,"TAPESTRY, INC.",Consumer Discretionary,Consumer Discretionary,112.1,16.0
2025-12-02,TPR,"TAPESTRY, INC.",Consumer Discretionary,Consumer Discretionary,109.26,30.0
2025-12-03,TPR,"TAPESTRY, INC.",Consumer Discretionary,Consumer Discretionary,111.92,16.0
2025-12-04,TPR,"TAPESTRY, INC.",Consumer Discretionary,Consumer Discretionary,115.06,-34.0
2025-12-05,TPR,"TAPESTRY, INC.",Consumer Discretionary,Consumer Discretionary,116.3,-50.0
2025-12-01,TRGP,TARGA RESOURCES CORP.,Energy,Energy,176.68,16.0
2025-12-02,TRGP,TARGA RESOURCES CORP.,Energy,Energy,171.8,30.0
2025-12-03,TRGP,TARGA RESOURCES CORP.,Energy,Energy,175.72,16.0
2025-12-04,TRGP,TARGA RESOURCES CORP.,Energy,Energy,180.02,-34.0
2025-12-05,TRGP,TARGA RESOURCES CORP.,Energy,Energy,180.74,-50.0
2025-12-01,TRMB,TRIMBLE INC.,Information Technology,Information Technology,81.67,30.0
2025-12-02,TRMB,TRIMBLE INC.,Information Technology,Information Technology,82.23,16.0
2025-12-03,TRMB,TRIMBLE INC.,Information Technology,Information Technology,82.335,16.0
2025-12-04,TRMB,TRIMBLE INC.,Information Technology,Information Technology,82.3,23.0
2025-12-05,TRMB,TRIMBLE INC.,Information Technology,Information Technology,83.52,-12.0
2025-12-01,TROW,"T. ROWE PRICE GROUP, INC.",Financials,Financials,101.59,30.0
2025-12-02,TROW,"T. ROWE PRICE GROUP, INC.",Financials,Financials,102.47,16.0
2025-12-03,TROW,"T. ROWE PRICE GROUP, INC.",Financials,Financials,105.05,-20.0
2025-12-04,TROW,"T. ROWE PRICE GROUP, INC.",Financials,Financials,105.79,-13.0
2025-12-05,TROW,"T. ROWE PRICE GROUP, INC.",Financials,Financials,106.58,-29.0
2025-12-01,TRV,"THE TRAVELERS COMPANIES, INC.",Financials,Financials,290.5,-31.0
2025-12-02,TRV,"THE TRAVELERS COMPANIES, INC.",Financials,Financials,288.52,-15.0
2025-12-03,TRV,"THE TRAVELERS COMPANIES, INC.",Financials,Financials,284.27,16.0
2025-12-04,TRV,"THE TRAVELERS COMPANIES, INC.",Financials,Financials,282.85,23.0
2025-12-05,TRV,"THE TRAVELERS COMPANIES, INC.",Financials,Financials,280.89,38.0
2025-12-01,TS,TENARIS SA,,MR Discretion,40.57,13.0
2025-12-02,TS,TENARIS SA,,MR Discretion,39.79,26.0
2025-12-03,TS,TENARIS SA,,MR Discretion,41.16,-13.0
2025-12-04,TS,TENARIS SA,,MR Discretion,41.34,-33.0
2025-12-05,TS,TENARIS SA,,MR Discretion,40.88,-29.0
2025-12-01,TSCO,TRACTOR SUPPLY COMPANY,Consumer Discretionary,Consumer Discretionary,53.66,16.0
2025-12-02,TSCO,TRACTOR SUPPLY COMPANY,Consumer Discretionary,Consumer Discretionary,53.22,30.0
2025-12-03,TSCO,TRACTOR SUPPLY COMPANY,Consumer Discretionary,Consumer Discretionary,54.07,-15.0
2025-12-04,TSCO,TRACTOR SUPPLY COMPANY,Consumer Discretionary,Consumer Discretionary,54.38,-24.0
2025-12-05,TSCO,TRACTOR SUPPLY COMPANY,Consumer Discretionary,Consumer Discretionary,54.08,-7.0
2025-12-01,TSLA,"TESLA, INC.",Consumer Discretionary,Consumer Discretionary,430.14,30.0
2025-12-02,TSLA,"TESLA, INC.",Consumer Discretionary,Consumer Discretionary,429.24,30.0
2025-12-03,TSLA,"TESLA, INC.",Consumer Discretionary,Consumer Discretionary,446.74,-15.0
2025-12-04,TSLA,"TESLA, INC.",Consumer Discretionary,Consumer Discretionary,454.53,-7.0
2025-12-05,TSLA,"TESLA, INC.",Consumer Discretionary,Consumer Discretionary,455.0,-7.0
2025-12-01,TSN,"TYSON FOODS, INC.",Consumer Staples,Consumer Staples,58.3,-31.0
2025-12-02,TSN,"TYSON FOODS, INC.",Consumer Staples,Consumer Staples,57.34,-17.0
2025-12-03,TSN,"TYSON FOODS, INC.",Consumer Staples,Consumer Staples,56.78,9.0
2025-12-04,TSN,"TYSON FOODS, INC.",Consumer Staples,Consumer Staples,56.14,32.0
2025-12-05,TSN,"TYSON FOODS, INC.",Consumer Staples,Consumer Staples,56.92,1.0
2025-12-01,TT,TRANE TECHNOLOGIES PLC,Industrials,Industrials,410.16,-13.0
2025-12-02,TT,TRANE TECHNOLOGIES PLC,Industrials,Industrials,411.22,-13.0
2025-12-03,TT,TRANE TECHNOLOGIES PLC,Industrials,Industrials,409.07,-13.0
2025-12-04,TT,TRANE TECHNOLOGIES PLC,Industrials,Industrials,405.35,36.0
2025-12-05,TT,TRANE TECHNOLOGIES PLC,Industrials,Industrials,401.43,41.0
2025-12-01,TTD,"THE TRADE DESK, INC.",Communication Services,Communication Services,39.58,-15.0
2025-12-02,TTD,"THE TRADE DESK, INC.",Communication Services,Communication Services,39.95,-15.0
2025-12-03,TTD,"THE TRADE DESK, INC.",Communication Services,Communication Services,38.61,30.0
2025-12-04,TTD,"THE TRADE DESK, INC.",Communication Services,Communication Services,39.35,-3.0
2025-12-05,TTD,"THE TRADE DESK, INC.",Communication Services,Communication Services,40.05,-7.0
2025-12-01,TTWO,"TAKE-TWO INTERACTIVE SOFTWARE, INC.",Communication Services,Communication Services,249.34,-27.0
2025-12-02,TTWO,"TAKE-TWO INTERACTIVE SOFTWARE, INC.",Communication Services,Communication Services,246.83,13.0
2025-12-03,TTWO,"TAKE-TWO INTERACTIVE SOFTWARE, INC.",Communication Services,Communication Services,244.95,26.0
2025-12-04,TTWO,"TAKE-TWO INTERACTIVE SOFTWARE, INC.",Communication Services,Communication Services,247.51,0.0
2025-12-05,TTWO,"TAKE-TWO INTERACTIVE SOFTWARE, INC.",Communication Services,Communication Services,247.88,0.0
2025-12-01,TUR,ISHARES:MSCI TURKEY,,Foreign,34.03,-20.0
2025-12-02,TUR,ISHARES:MSCI TURKEY,,Foreign,34.1,-37.0
2025-12-03,TUR,ISHARES:MSCI TURKEY,,Foreign,33.87,10.0
2025-12-04,TUR,ISHARES:MSCI TURKEY,,Foreign,33.55,38.0
2025-12-05,TUR,ISHARES:MSCI TURKEY,,Foreign,33.84,27.0
2025-12-01,TXN,TEXAS INSTRUMENTS INC.,Information Technology,Information Technology,168.16,30.0
2025-12-02,TXN,TEXAS INSTRUMENTS INC.,Information Technology,Information Technology,175.26,10.0
2025-12-03,TXN,TEXAS INSTRUMENTS INC.,Information Technology,Information Technology,182.6,-20.0
2025-12-04,TXN,TEXAS INSTRUMENTS INC.,Information Technology,Information Technology,180.12,-30.0
2025-12-05,TXN,TEXAS INSTRUMENTS INC.,Information Technology,Information Technology,182.54,-30.0
2025-12-01,TXT,TEXTRON INC.,Industrials,Industrials,82.0,30.0
2025-12-02,TXT,TEXTRON INC.,Industrials,Industrials,82.43,10.0
2025-12-03,TXT,TEXTRON INC.,Industrials,Industrials,83.7,-37.0
2025-12-04,TXT,TEXTRON INC.,Industrials,Industrials,83.14,-30.0
2025-12-05,TXT,TEXTRON INC.,Industrials,Industrials,83.47,-13.0
2025-12-01,TYL,"TYLER TECHNOLOGIES, INC.",Information Technology,Information Technology,465.55,-15.0
2025-12-02,TYL,"TYLER TECHNOLOGIES, INC.",Information Technology,Information Technology,461.53,30.0
2025-12-03,TYL,"TYLER TECHNOLOGIES, INC.",Information Technology,Information Technology,461.84,16.0
2025-12-04,TYL,"TYLER TECHNOLOGIES, INC.",Information Technology,Information Technology,466.63,0.0
2025-12-05,TYL,"TYLER TECHNOLOGIES, INC.",Information Technology,Information Technology,469.33,-24.0
2025-12-01,TYX,30 Y TSY YLD NDX,Yields,Yields,4.74399995803833,16.0
2025-12-02,TYX,30 Y TSY YLD NDX,Yields,Yields,4.74100017547607,16.0
2025-12-03,TYX,30 Y TSY YLD NDX,Yields,Yields,4.72499990463256,30.0
2025-12-04,TYX,30 Y TSY YLD NDX,Yields,Yields,4.76500034332275,-20.0
2025-12-05,TYX,30 Y TSY YLD NDX,Yields,Yields,4.79199981689453,-37.0
2025-12-01,UAL,"UNITED AIRLINES HOLDINGS, INC.",Industrials,Industrials,101.12,30.0
2025-12-02,UAL,"UNITED AIRLINES HOLDINGS, INC.",Industrials,Industrials,104.38,16.0
2025-12-03,UAL,"UNITED AIRLINES HOLDINGS, INC.",Industrials,Industrials,108.48,-37.0
2025-12-04,UAL,"UNITED AIRLINES HOLDINGS, INC.",Industrials,Industrials,104.73,6.0
2025-12-05,UAL,"UNITED AIRLINES HOLDINGS, INC.",Industrials,Industrials,104.95,-24.0
2025-12-01,UBER,"UBER TECHNOLOGIES, INC.",Industrials,Industrials,86.57,33.0
2025-12-02,UBER,"UBER TECHNOLOGIES, INC.",Industrials,Industrials,87.57,16.0
2025-12-03,UBER,"UBER TECHNOLOGIES, INC.",Industrials,Industrials,90.68,-15.0
2025-12-04,UBER,"UBER TECHNOLOGIES, INC.",Industrials,Industrials,90.99,-7.0
2025-12-05,UBER,"UBER TECHNOLOGIES, INC.",Industrials,Industrials,91.32,-7.0
2025-12-01,UDR,"UDR, INC.",Real Estate,Real Estate,36.09,-17.0
2025-12-02,UDR,"UDR, INC.",Real Estate,Real Estate,36.29,-31.0
2025-12-03,UDR,"UDR, INC.",Real Estate,Real Estate,35.75,-17.0
2025-12-04,UDR,"UDR, INC.",Real Estate,Real Estate,35.22,20.0
2025-12-05,UDR,"UDR, INC.",Real Estate,Real Estate,35.2,32.0
2025-12-01,UHS,"UNIVERSAL HEALTH SERVICES, INC.",Health Care,Health Care,239.43,-31.0
2025-12-02,UHS,"UNIVERSAL HEALTH SERVICES, INC.",Health Care,Health Care,238.68,-31.0
2025-12-03,UHS,"UNIVERSAL HEALTH SERVICES, INC.",Health Care,Health Care,230.15,16.0
2025-12-04,UHS,"UNIVERSAL HEALTH SERVICES, INC.",Health Care,Health Care,230.59,-3.0
2025-12-05,UHS,"UNIVERSAL HEALTH SERVICES, INC.",Health Care,Health Care,231.08,-3.0
2025-12-01,ULTA,"ULTA BEAUTY, INC.",Consumer Discretionary,Consumer Discretionary,547.64,16.0
2025-12-02,ULTA,"ULTA BEAUTY, INC.",Consumer Discretionary,Consumer Discretionary,548.05,16.0
2025-12-03,ULTA,"ULTA BEAUTY, INC.",Consumer Discretionary,Consumer Discretionary,544.52,16.0
2025-12-04,ULTA,"ULTA BEAUTY, INC.",Consumer Discretionary,Consumer Discretionary,533.95,33.0
2025-12-05,ULTA,"ULTA BEAUTY, INC.",Consumer Discretionary,Consumer Discretionary,601.5,-36.0
2025-12-01,UNG,UNITED STATES NAT GAS,Energy Complex,Commodities,15.21,16.0
2025-12-02,UNG,UNITED STATES NAT GAS,Energy Complex,Commodities,14.96,30.0
2025-12-03,UNG,UNITED STATES NAT GAS,Energy Complex,Commodities,15.47,10.0
2025-12-04,UNG,UNITED STATES NAT GAS,Energy Complex,Commodities,15.66,-13.0
2025-12-05,UNG,UNITED STATES NAT GAS,Energy Complex,Commodities,16.37,-29.0
2025-12-01,UNH,UNITEDHEALTH GROUP INC.,Health Care,Health Care,323.21,30.0
2025-12-02,UNH,UNITEDHEALTH GROUP INC.,Health Care,Health Care,324.54,16.0
2025-12-03,UNH,UNITEDHEALTH GROUP INC.,Health Care,Health Care,339.71,-37.0
2025-12-04,UNH,UNITEDHEALTH GROUP INC.,Health Care,Health Care,333.49,-30.0
2025-12-05,UNH,UNITEDHEALTH GROUP INC.,Health Care,Health Care,330.91,-39.0
2025-12-01,UNP,UNION PACIFIC ,Industrials,Industrials,231.36,25.0
2025-12-02,UNP,UNION PACIFIC ,Industrials,Industrials,232.24,10.0
2025-12-03,UNP,UNION PACIFIC ,Industrials,Industrials,235.23,-20.0
2025-12-04,UNP,UNION PACIFIC ,Industrials,Industrials,237.29,-29.0
2025-12-05,UNP,UNION PACIFIC ,Industrials,Industrials,235.31,6.0
2025-12-01,UPS,"UNITED PARCEL SERVICE, INC.",Industrials,Industrials,95.22,10.0
2025-12-02,UPS,"UNITED PARCEL SERVICE, INC.",Industrials,Industrials,95.58,10.0
2025-12-03,UPS,"UNITED PARCEL SERVICE, INC.",Industrials,Industrials,98.21,-37.0
2025-12-04,UPS,"UNITED PARCEL SERVICE, INC.",Industrials,Industrials,94.76,1.0
2025-12-05,UPS,"UNITED PARCEL SERVICE, INC.",Industrials,Industrials,94.87,1.0
2025-12-01,URA,GLBL X URANIUM ETF,,Commodities,44.2,33.0
2025-12-02,URA,GLBL X URANIUM ETF,,Commodities,45.26,16.0
2025-12-03,URA,GLBL X URANIUM ETF,,Commodities,46.62,16.0
2025-12-04,URA,GLBL X URANIUM ETF,,Commodities,49.2,-16.0
2025-12-05,URA,GLBL X URANIUM ETF,,Commodities,47.92,0.0
2025-12-01,URI,"UNITED RENTALS, INC.",Industrials,Industrials,805.24,-15.0
2025-12-02,URI,"UNITED RENTALS, INC.",Industrials,Industrials,800.83,16.0
2025-12-03,URI,"UNITED RENTALS, INC.",Industrials,Industrials,813.66,-31.0
2025-12-04,URI,"UNITED RENTALS, INC.",Industrials,Industrials,807.74,-7.0
2025-12-05,URI,"UNITED RENTALS, INC.",Industrials,Industrials,796.91,41.0
2025-12-01,URNM,SPROTT URANIUM MINERS,,MR Discretion,54.76,30.0
2025-12-02,URNM,SPROTT URANIUM MINERS,,MR Discretion,55.99,16.0
2025-12-03,URNM,SPROTT URANIUM MINERS,,MR Discretion,57.73,-15.0
2025-12-04,URNM,SPROTT URANIUM MINERS,,MR Discretion,60.12,-21.0
2025-12-05,URNM,SPROTT URANIUM MINERS,,MR Discretion,58.61,11.0
2025-12-01,USB,U.S. BANCORP,Financials,Financials,49.41,30.0
2025-12-02,USB,U.S. BANCORP,Financials,Financials,49.68,10.0
2025-12-03,USB,U.S. BANCORP,Financials,Financials,50.93,-20.0
2025-12-04,USB,U.S. BANCORP,Financials,Financials,51.37,-13.0
2025-12-05,USB,U.S. BANCORP,Financials,Financials,51.26,-13.0
2025-12-01,USO,UNITED STATES OIL FUND,Energy Complex,Commodities,71.06,-13.0
2025-12-02,USO,UNITED STATES OIL FUND,Energy Complex,Commodities,70.2,26.0
2025-12-03,USO,UNITED STATES OIL FUND,Energy Complex,Commodities,70.66,13.0
2025-12-04,USO,UNITED STATES OIL FUND,Energy Complex,Commodities,71.39,-11.0
2025-12-05,USO,UNITED STATES OIL FUND,Energy Complex,Commodities,71.92,-25.0
2025-12-01,UUP,INVESCO DB USD IDX BL,USD,Currencies,28.2,-31.0
2025-12-02,UUP,INVESCO DB USD IDX BL,USD,Currencies,28.19,-15.0
2025-12-03,UUP,INVESCO DB USD IDX BL,USD,Currencies,28.05,30.0
2025-12-04,UUP,INVESCO DB USD IDX BL,USD,Currencies,28.11,33.0
2025-12-05,UUP,INVESCO DB USD IDX BL,USD,Currencies,28.08,23.0
2025-12-01,V,VISA INC.,Financials,Financials,330.39,-15.0
2025-12-02,V,VISA INC.,Financials,Financials,329.62,-15.0
2025-12-03,V,VISA INC.,Financials,Financials,329.61,-15.0
2025-12-04,V,VISA INC.,Financials,Financials,327.1,48.0
2025-12-05,V,VISA INC.,Financials,Financials,331.24,-16.0
2025-12-01,VAL,VALARIS LIMITED,,MR Discretion,57.59,10.0
2025-12-02,VAL,VALARIS LIMITED,,MR Discretion,56.91,30.0
2025-12-03,VAL,VALARIS LIMITED,,MR Discretion,60.42,-20.0
2025-12-04,VAL,VALARIS LIMITED,,MR Discretion,59.6,-39.0
2025-12-05,VAL,VALARIS LIMITED,,MR Discretion,59.93,-39.0
2025-12-01,VICI,VICI PROPERTIES INC.,Real Estate,Real Estate,28.59,-31.0
2025-12-02,VICI,VICI PROPERTIES INC.,Real Estate,Real Estate,28.45,-15.0
2025-12-03,VICI,VICI PROPERTIES INC.,Real Estate,Real Estate,28.3,-15.0
2025-12-04,VICI,VICI PROPERTIES INC.,Real Estate,Real Estate,28.0,33.0
2025-12-05,VICI,VICI PROPERTIES INC.,Real Estate,Real Estate,27.73,52.0
2025-12-01,VIX,CBOE MKT VOLATILITY IDX,,Volatility,17.24,-27.0
2025-12-02,VIX,CBOE MKT VOLATILITY IDX,,Volatility,16.59,-13.0
2025-12-03,VIX,CBOE MKT VOLATILITY IDX,,Volatility,16.08,13.0
2025-12-04,VIX,CBOE MKT VOLATILITY IDX,,Volatility,15.78,13.0
2025-12-05,VIX,CBOE MKT VOLATILITY IDX,,Volatility,15.41,26.0
2025-12-01,VLO,VALERO ENERGY ,Energy,Energy,180.54,-37.0
2025-12-02,VLO,VALERO ENERGY ,Energy,Energy,178.53,-15.0
2025-12-03,VLO,VALERO ENERGY ,Energy,Energy,177.05,-15.0
2025-12-04,VLO,VALERO ENERGY ,Energy,Energy,174.95,23.0
2025-12-05,VLO,VALERO ENERGY ,Energy,Energy,174.14,61.0
2025-12-01,VLTO,VERALTO ,Industrials,Industrials,100.97,30.0
2025-12-02,VLTO,VERALTO ,Industrials,Industrials,101.8,16.0
2025-12-03,VLTO,VERALTO ,Industrials,Industrials,102.18,-15.0
2025-12-04,VLTO,VERALTO ,Industrials,Industrials,102.89,-24.0
2025-12-05,VLTO,VERALTO ,Industrials,Industrials,102.16,11.0
2025-12-01,VMC,VULCAN MATERIALS COMPANY,Materials,Materials,291.85,16.0
2025-12-02,VMC,VULCAN MATERIALS COMPANY,Materials,Materials,289.84,30.0
2025-12-03,VMC,VULCAN MATERIALS COMPANY,Materials,Materials,292.59,-15.0
2025-12-04,VMC,VULCAN MATERIALS COMPANY,Materials,Materials,293.65,-7.0
2025-12-05,VMC,VULCAN MATERIALS COMPANY,Materials,Materials,294.87,-24.0
2025-12-01,VNM,VANECK:VIETNAM,,Foreign,18.38,26.0
2025-12-02,VNM,VANECK:VIETNAM,,Foreign,18.65,-17.0
2025-12-03,VNM,VANECK:VIETNAM,,Foreign,18.69,-17.0
2025-12-04,VNM,VANECK:VIETNAM,,Foreign,18.59,23.0
2025-12-05,VNM,VANECK:VIETNAM,,Foreign,18.65,-11.0
2025-12-01,VRSK,"VERISK ANALYTICS, INC.",Industrials,Industrials,224.01,-20.0
2025-12-02,VRSK,"VERISK ANALYTICS, INC.",Industrials,Industrials,224.85,-20.0
2025-12-03,VRSK,"VERISK ANALYTICS, INC.",Industrials,Industrials,224.48,-20.0
2025-12-04,VRSK,"VERISK ANALYTICS, INC.",Industrials,Industrials,222.09,27.0
2025-12-05,VRSK,"VERISK ANALYTICS, INC.",Industrials,Industrials,221.24,48.0
2025-12-01,VRSN,"VERISIGN, INC.",Information Technology,Information Technology,251.02,-15.0
2025-12-02,VRSN,"VERISIGN, INC.",Information Technology,Information Technology,253.67,-31.0
2025-12-03,VRSN,"VERISIGN, INC.",Information Technology,Information Technology,249.94,16.0
2025-12-04,VRSN,"VERISIGN, INC.",Information Technology,Information Technology,248.64,-3.0
2025-12-05,VRSN,"VERISIGN, INC.",Information Technology,Information Technology,249.54,23.0
2025-12-01,VRTX,VERTEX PHARMACEUTICALS INC.,Health Care,Health Care,425.6,30.0
2025-12-02,VRTX,VERTEX PHARMACEUTICALS INC.,Health Care,Health Care,433.15,16.0
2025-12-03,VRTX,VERTEX PHARMACEUTICALS INC.,Health Care,Health Care,463.13,-20.0
2025-12-04,VRTX,VERTEX PHARMACEUTICALS INC.,Health Care,Health Care,457.36,-30.0
2025-12-05,VRTX,VERTEX PHARMACEUTICALS INC.,Health Care,Health Care,455.48,-39.0
2025-12-01,VST,VISTRA CORP.,Utilities,Utilities,173.64,-13.0
2025-12-02,VST,VISTRA CORP.,Utilities,Utilities,172.55,-13.0
2025-12-03,VST,VISTRA CORP.,Utilities,Utilities,171.65,18.0
2025-12-04,VST,VISTRA CORP.,Utilities,Utilities,176.07,-15.0
2025-12-05,VST,VISTRA CORP.,Utilities,Utilities,167.17,23.0
2025-12-01,VTR,"VENTAS, INC.",Real Estate,Real Estate,80.39,-15.0
2025-12-02,VTR,"VENTAS, INC.",Real Estate,Real Estate,80.08,16.0
2025-12-03,VTR,"VENTAS, INC.",Real Estate,Real Estate,80.0,30.0
2025-12-04,VTR,"VENTAS, INC.",Real Estate,Real Estate,80.45,0.0
2025-12-05,VTR,"VENTAS, INC.",Real Estate,Real Estate,80.61,-16.0
2025-12-01,VTRS,VIATRIS INC.,Health Care,Health Care,10.7,16.0
2025-12-02,VTRS,VIATRIS INC.,Health Care,Health Care,10.71,16.0
2025-12-03,VTRS,VIATRIS INC.,Health Care,Health Care,10.84,-15.0
2025-12-04,VTRS,VIATRIS INC.,Health Care,Health Care,10.76,33.0
2025-12-05,VTRS,VIATRIS INC.,Health Care,Health Care,10.93,-21.0
2025-12-01,VXN,CBOE NASDAQ MKT VOL NDX,,Volatility,22.0599994659423,-30.0
2025-12-02,VXN,CBOE NASDAQ MKT VOL NDX,,Volatility,21.2800006866455,-13.0
2025-12-03,VXN,CBOE NASDAQ MKT VOL NDX,,Volatility,20.6499996185302,18.0
2025-12-04,VXN,CBOE NASDAQ MKT VOL NDX,,Volatility,20.1900005340576,18.0
2025-12-05,VXN,CBOE NASDAQ MKT VOL NDX,,Volatility,19.6200008392334,33.0
2025-12-01,VZ,VERIZON COMMUNICATIONS INC.,Communication Services,Communication Services,40.74,16.0
2025-12-02,VZ,VERIZON COMMUNICATIONS INC.,Communication Services,Communication Services,40.61,16.0
2025-12-03,VZ,VERIZON COMMUNICATIONS INC.,Communication Services,Communication Services,40.67,16.0
2025-12-04,VZ,VERIZON COMMUNICATIONS INC.,Communication Services,Communication Services,41.26,0.0
2025-12-05,VZ,VERIZON COMMUNICATIONS INC.,Communication Services,Communication Services,41.69,-21.0
2025-12-01,WAB,WESTINGHOUSE AIR BRAKE TECHNOLOGIES ,Industrials,Industrials,208.65,30.0
2025-12-02,WAB,WESTINGHOUSE AIR BRAKE TECHNOLOGIES ,Industrials,Industrials,208.38,30.0
2025-12-03,WAB,WESTINGHOUSE AIR BRAKE TECHNOLOGIES ,Industrials,Industrials,213.45,-15.0
2025-12-04,WAB,WESTINGHOUSE AIR BRAKE TECHNOLOGIES ,Industrials,Industrials,214.04,-34.0
2025-12-05,WAB,WESTINGHOUSE AIR BRAKE TECHNOLOGIES ,Industrials,Industrials,214.95,-13.0
2025-12-01,WAT,WATERS ,Health Care,Health Care,397.79,-15.0
2025-12-02,WAT,WATERS ,Health Care,Health Care,398.62,-37.0
2025-12-03,WAT,WATERS ,Health Care,Health Care,397.62,-15.0
2025-12-04,WAT,WATERS ,Health Care,Health Care,396.37,23.0
2025-12-05,WAT,WATERS ,Health Care,Health Care,394.81,38.0
2025-12-01,WBD,"WARNER BROS. DISCOVERY, INC.",Communication Services,Communication Services,23.87,30.0
2025-12-02,WBD,"WARNER BROS. DISCOVERY, INC.",Communication Services,Communication Services,24.53,16.0
2025-12-03,WBD,"WARNER BROS. DISCOVERY, INC.",Communication Services,Communication Services,24.57,16.0
2025-12-04,WBD,"WARNER BROS. DISCOVERY, INC.",Communication Services,Communication Services,24.54,23.0
2025-12-05,WBD,"WARNER BROS. DISCOVERY, INC.",Communication Services,Communication Services,26.08,-36.0
2025-12-01,WDAY,"WORKDAY, INC.",Information Technology,Information Technology,213.35,16.0
2025-12-02,WDAY,"WORKDAY, INC.",Information Technology,Information Technology,213.06,16.0
2025-12-03,WDAY,"WORKDAY, INC.",Information Technology,Information Technology,214.84,16.0
2025-12-04,WDAY,"WORKDAY, INC.",Information Technology,Information Technology,216.62,-7.0
2025-12-05,WDAY,"WORKDAY, INC.",Information Technology,Information Technology,219.96,-21.0
2025-12-01,WDC,WESTERN DIGITAL ,Information Technology,Information Technology,163.54,-15.0
2025-12-02,WDC,WESTERN DIGITAL ,Information Technology,Information Technology,159.99,16.0
2025-12-03,WDC,WESTERN DIGITAL ,Information Technology,Information Technology,155.59,33.0
2025-12-04,WDC,WESTERN DIGITAL ,Information Technology,Information Technology,161.0,33.0
2025-12-05,WDC,WESTERN DIGITAL ,Information Technology,Information Technology,168.89,-16.0
2025-12-01,WEAT,TEUCRIUM:WHEAT,,Commodities,20.74,16.0
2025-12-02,WEAT,TEUCRIUM:WHEAT,,Commodities,20.91,-31.0
2025-12-03,WEAT,TEUCRIUM:WHEAT,,Commodities,20.85,-15.0
2025-12-04,WEAT,TEUCRIUM:WHEAT,,Commodities,20.87,-7.0
2025-12-05,WEAT,TEUCRIUM:WHEAT,,Commodities,20.7,48.0
2025-12-01,WEC,"WEC ENERGY GROUP, INC.",Utilities,Utilities,109.34,-27.0
2025-12-02,WEC,"WEC ENERGY GROUP, INC.",Utilities,Utilities,108.09,-11.0
2025-12-03,WEC,"WEC ENERGY GROUP, INC.",Utilities,Utilities,107.29,15.0
2025-12-04,WEC,"WEC ENERGY GROUP, INC.",Utilities,Utilities,106.28,22.0
2025-12-05,WEC,"WEC ENERGY GROUP, INC.",Utilities,Utilities,105.71,53.0
2025-12-01,WELL,WELLTOWER INC.,Real Estate,Real Estate,203.9,-15.0
2025-12-02,WELL,WELLTOWER INC.,Real Estate,Real Estate,203.2,16.0
2025-12-03,WELL,WELLTOWER INC.,Real Estate,Real Estate,201.92,30.0
2025-12-04,WELL,WELLTOWER INC.,Real Estate,Real Estate,203.87,0.0
2025-12-05,WELL,WELLTOWER INC.,Real Estate,Real Estate,204.31,0.0
2025-12-01,WFC,WELLS FARGO & COMPANY,Financials,Financials,85.4,30.0
2025-12-02,WFC,WELLS FARGO & COMPANY,Financials,Financials,86.32,16.0
2025-12-03,WFC,WELLS FARGO & COMPANY,Financials,Financials,89.35,-15.0
2025-12-04,WFC,WELLS FARGO & COMPANY,Financials,Financials,90.21,-39.0
2025-12-05,WFC,WELLS FARGO & COMPANY,Financials,Financials,89.83,-24.0
2025-12-01,WM,"WASTE MANAGEMENT, INC.",Industrials,Industrials,215.93,-20.0
2025-12-02,WM,"WASTE MANAGEMENT, INC.",Industrials,Industrials,214.54,16.0
2025-12-03,WM,"WASTE MANAGEMENT, INC.",Industrials,Industrials,216.15,-37.0
2025-12-04,WM,"WASTE MANAGEMENT, INC.",Industrials,Industrials,214.19,23.0
2025-12-05,WM,"WASTE MANAGEMENT, INC.",Industrials,Industrials,213.58,38.0
2025-12-01,WMB,"THE WILLIAMS COMPANIES, INC.",Energy,Energy,61.44,16.0
2025-12-02,WMB,"THE WILLIAMS COMPANIES, INC.",Energy,Energy,60.21,33.0
2025-12-03,WMB,"THE WILLIAMS COMPANIES, INC.",Energy,Energy,61.55,16.0
2025-12-04,WMB,"THE WILLIAMS COMPANIES, INC.",Energy,Energy,63.66,-50.0
2025-12-05,WMB,"THE WILLIAMS COMPANIES, INC.",Energy,Energy,62.81,-34.0
2025-12-01,WMT,WALMART INC.,Consumer Staples,Consumer Staples,111.53,30.0
2025-12-02,WMT,WALMART INC.,Consumer Staples,Consumer Staples,112.41,16.0
2025-12-03,WMT,WALMART INC.,Consumer Staples,Consumer Staples,114.41,-20.0
2025-12-04,WMT,WALMART INC.,Consumer Staples,Consumer Staples,114.84,-5.0
2025-12-05,WMT,WALMART INC.,Consumer Staples,Consumer Staples,115.11,-13.0
2025-12-01,WRB,W. R. BERKLEY ,Financials,Financials,72.98,-15.0
2025-12-02,WRB,W. R. BERKLEY ,Financials,Financials,72.8,-15.0
2025-12-03,WRB,W. R. BERKLEY ,Financials,Financials,71.65,-13.0
2025-12-04,WRB,W. R. BERKLEY ,Financials,Financials,70.87,26.0
2025-12-05,WRB,W. R. BERKLEY ,Financials,Financials,66.72,33.0
2025-12-01,WSM,"WILLIAMS-SONOMA, INC.",Consumer Discretionary,Consumer Discretionary,182.44,-31.0
2025-12-02,WSM,"WILLIAMS-SONOMA, INC.",Consumer Discretionary,Consumer Discretionary,178.06,18.0
2025-12-03,WSM,"WILLIAMS-SONOMA, INC.",Consumer Discretionary,Consumer Discretionary,178.34,18.0
2025-12-04,WSM,"WILLIAMS-SONOMA, INC.",Consumer Discretionary,Consumer Discretionary,176.66,41.0
2025-12-05,WSM,"WILLIAMS-SONOMA, INC.",Consumer Discretionary,Consumer Discretionary,179.36,0.0
2025-12-01,WST,"WEST PHARMACEUTICAL SERVICES, INC.",Health Care,Health Care,274.14,16.0
2025-12-02,WST,"WEST PHARMACEUTICAL SERVICES, INC.",Health Care,Health Care,273.03,30.0
2025-12-03,WST,"WEST PHARMACEUTICAL SERVICES, INC.",Health Care,Health Care,284.31,-37.0
2025-12-04,WST,"WEST PHARMACEUTICAL SERVICES, INC.",Health Care,Health Care,281.77,-39.0
2025-12-05,WST,"WEST PHARMACEUTICAL SERVICES, INC.",Health Care,Health Care,280.23,-39.0
2025-12-01,WTW,WILLIS TOWERS WATSON,Financials,Financials,320.79,-15.0
2025-12-02,WTW,WILLIS TOWERS WATSON,Financials,Financials,315.69,33.0
2025-12-03,WTW,WILLIS TOWERS WATSON,Financials,Financials,316.53,16.0
2025-12-04,WTW,WILLIS TOWERS WATSON,Financials,Financials,320.0,-24.0
2025-12-05,WTW,WILLIS TOWERS WATSON,Financials,Financials,320.7,-7.0
2025-12-01,WY,WEYERHAEUSER COMPANY,Real Estate,Real Estate,22.12,-37.0
2025-12-02,WY,WEYERHAEUSER COMPANY,Real Estate,Real Estate,21.89,-20.0
2025-12-03,WY,WEYERHAEUSER COMPANY,Real Estate,Real Estate,21.87,-20.0
2025-12-04,WY,WEYERHAEUSER COMPANY,Real Estate,Real Estate,21.4,48.0
2025-12-05,WY,WEYERHAEUSER COMPANY,Real Estate,Real Estate,21.69,40.0
2025-12-01,WYNN,"WYNN RESORTS, LIMITED",Consumer Discretionary,Consumer Discretionary,132.77,-20.0
2025-12-02,WYNN,"WYNN RESORTS, LIMITED",Consumer Discretionary,Consumer Discretionary,133.09,-20.0
2025-12-03,WYNN,"WYNN RESORTS, LIMITED",Consumer Discretionary,Consumer Discretionary,131.53,-20.0
2025-12-04,WYNN,"WYNN RESORTS, LIMITED",Consumer Discretionary,Consumer Discretionary,125.72,30.0
2025-12-05,WYNN,"WYNN RESORTS, LIMITED",Consumer Discretionary,Consumer Discretionary,125.51,48.0
2025-12-01,XEL,XCEL ENERGY INC.,Utilities,Utilities,79.73,-31.0
2025-12-02,XEL,XCEL ENERGY INC.,Utilities,Utilities,79.04,-15.0
2025-12-03,XEL,XCEL ENERGY INC.,Utilities,Utilities,78.39,16.0
2025-12-04,XEL,XCEL ENERGY INC.,Utilities,Utilities,77.77,36.0
2025-12-05,XEL,XCEL ENERGY INC.,Utilities,Utilities,77.18,63.0
2025-12-01,XES,SPDR S&P OIL&GAS E&S,,MR Discretion,82.139,25.0
2025-12-02,XES,SPDR S&P OIL&GAS E&S,,MR Discretion,82.31,25.0
2025-12-03,XES,SPDR S&P OIL&GAS E&S,,MR Discretion,86.31,-20.0
2025-12-04,XES,SPDR S&P OIL&GAS E&S,,MR Discretion,87.19,-39.0
2025-12-05,XES,SPDR S&P OIL&GAS E&S,,MR Discretion,86.67,-39.0
2025-12-01,XLB,SEL SECTOR:MATRLS SPDR,,Sector & Style ETFs,44.59,-31.0
2025-12-02,XLB,SEL SECTOR:MATRLS SPDR,,Sector & Style ETFs,44.185,9.0
2025-12-03,XLB,SEL SECTOR:MATRLS SPDR,,Sector & Style ETFs,44.495,-17.0
2025-12-04,XLB,SEL SECTOR:MATRLS SPDR,,Sector & Style ETFs,44.235,15.0
2025-12-05,XLB,SEL SECTOR:MATRLS SPDR,,Sector & Style ETFs,44.09,28.0
2025-12-01,XLC,SEL SECTOR:COMM SVC SPDR,,Sector & Style ETFs,114.85,16.0
2025-12-02,XLC,SEL SECTOR:COMM SVC SPDR,,Sector & Style ETFs,115.23,16.0
2025-12-03,XLC,SEL SECTOR:COMM SVC SPDR,,Sector & Style ETFs,115.13,16.0
2025-12-04,XLC,SEL SECTOR:COMM SVC SPDR,,Sector & Style ETFs,115.79,0.0
2025-12-05,XLC,SEL SECTOR:COMM SVC SPDR,,Sector & Style ETFs,117.13,-6.0
2025-12-01,XLE,SEL SECTOR:ENERGY SPDR,,Sector & Style ETFs,45.66,10.0
2025-12-02,XLE,SEL SECTOR:ENERGY SPDR,,Sector & Style ETFs,45.07,30.0
2025-12-03,XLE,SEL SECTOR:ENERGY SPDR,,Sector & Style ETFs,45.915,-20.0
2025-12-04,XLE,SEL SECTOR:ENERGY SPDR,,Sector & Style ETFs,46.11,-39.0
2025-12-05,XLE,SEL SECTOR:ENERGY SPDR,,Sector & Style ETFs,45.92,-39.0
2025-12-01,XLF,SEL SECTOR:FINL S SPDR,,Sector & Style ETFs,52.89,30.0
2025-12-02,XLF,SEL SECTOR:FINL S SPDR,,Sector & Style ETFs,52.84,30.0
2025-12-03,XLF,SEL SECTOR:FINL S SPDR,,Sector & Style ETFs,53.55,-15.0
2025-12-04,XLF,SEL SECTOR:FINL S SPDR,,Sector & Style ETFs,53.66,-7.0
2025-12-05,XLF,SEL SECTOR:FINL S SPDR,,Sector & Style ETFs,53.68,-7.0
2025-12-01,XLI,SEL SECTOR:INDUST SPDR,,Sector & Style ETFs,151.44,30.0
2025-12-02,XLI,SEL SECTOR:INDUST SPDR,,Sector & Style ETFs,152.76,16.0
2025-12-03,XLI,SEL SECTOR:INDUST SPDR,,Sector & Style ETFs,154.21,-15.0
2025-12-04,XLI,SEL SECTOR:INDUST SPDR,,Sector & Style ETFs,155.01,-5.0
2025-12-05,XLI,SEL SECTOR:INDUST SPDR,,Sector & Style ETFs,154.58,-5.0
2025-12-01,XLK,SEL SECTOR:TECH SPDR,,Sector & Style ETFs,143.175,30.0
2025-12-02,XLK,SEL SECTOR:TECH SPDR,,Sector & Style ETFs,144.65,16.0
2025-12-03,XLK,SEL SECTOR:TECH SPDR,,Sector & Style ETFs,144.995,-15.0
2025-12-04,XLK,SEL SECTOR:TECH SPDR,,Sector & Style ETFs,145.535,-7.0
2025-12-05,XLK,SEL SECTOR:TECH SPDR,,Sector & Style ETFs,146.6,-24.0
2025-12-01,XLP,SEL SECTOR:C STP SPDR,,Sector & Style ETFs,79.29,-37.0
2025-12-02,XLP,SEL SECTOR:C STP SPDR,,Sector & Style ETFs,78.77,-15.0
2025-12-03,XLP,SEL SECTOR:C STP SPDR,,Sector & Style ETFs,78.83,-20.0
2025-12-04,XLP,SEL SECTOR:C STP SPDR,,Sector & Style ETFs,78.45,23.0
2025-12-05,XLP,SEL SECTOR:C STP SPDR,,Sector & Style ETFs,78.46,23.0
2025-12-01,XLRE,SEL SECTOR:RL EST SPDR,,Sector & Style ETFs,41.09,-31.0
2025-12-02,XLRE,SEL SECTOR:RL EST SPDR,,Sector & Style ETFs,40.99,16.0
2025-12-03,XLRE,SEL SECTOR:RL EST SPDR,,Sector & Style ETFs,41.07,-15.0
2025-12-04,XLRE,SEL SECTOR:RL EST SPDR,,Sector & Style ETFs,41.0,23.0
2025-12-05,XLRE,SEL SECTOR:RL EST SPDR,,Sector & Style ETFs,40.99,23.0
2025-12-01,XLU,SEL SECTOR:UTIL SPDR,,Sector & Style ETFs,44.255,-31.0
2025-12-02,XLU,SEL SECTOR:UTIL SPDR,,Sector & Style ETFs,43.94,-13.0
2025-12-03,XLU,SEL SECTOR:UTIL SPDR,,Sector & Style ETFs,43.8,18.0
2025-12-04,XLU,SEL SECTOR:UTIL SPDR,,Sector & Style ETFs,43.71,26.0
2025-12-05,XLU,SEL SECTOR:UTIL SPDR,,Sector & Style ETFs,43.3,52.0
2025-12-01,XLV,SEL SECTOR:H CARE SPDR,,Sector & Style ETFs,155.29,-31.0
2025-12-02,XLV,SEL SECTOR:H CARE SPDR,,Sector & Style ETFs,154.36,16.0
2025-12-03,XLV,SEL SECTOR:H CARE SPDR,,Sector & Style ETFs,155.08,-15.0
2025-12-04,XLV,SEL SECTOR:H CARE SPDR,,Sector & Style ETFs,153.9,23.0
2025-12-05,XLV,SEL SECTOR:H CARE SPDR,,Sector & Style ETFs,153.26,38.0
2025-12-01,XLY,SEL SECTOR:C DSC SPDR,,Sector & Style ETFs,118.3,16.0
2025-12-02,XLY,SEL SECTOR:C DSC SPDR,,Sector & Style ETFs,118.22,30.0
2025-12-03,XLY,SEL SECTOR:C DSC SPDR,,Sector & Style ETFs,119.495,-15.0
2025-12-04,XLY,SEL SECTOR:C DSC SPDR,,Sector & Style ETFs,119.07,-7.0
2025-12-05,XLY,SEL SECTOR:C DSC SPDR,,Sector & Style ETFs,119.73,-29.0
2025-12-01,XOM,EXXON MOBIL ,Energy,Energy,116.63,16.0
2025-12-02,XOM,EXXON MOBIL ,Energy,Energy,115.38,30.0
2025-12-03,XOM,EXXON MOBIL ,Energy,Energy,117.8,-31.0
2025-12-04,XOM,EXXON MOBIL ,Energy,Energy,117.14,-34.0
2025-12-05,XOM,EXXON MOBIL ,Energy,Energy,116.54,-3.0
2025-12-01,XOP,SPDR S&P OIL&GAS EXP,,MR Discretion,135.08,10.0
2025-12-02,XOP,SPDR S&P OIL&GAS EXP,,MR Discretion,133.05,25.0
2025-12-03,XOP,SPDR S&P OIL&GAS EXP,,MR Discretion,136.48,-20.0
2025-12-04,XOP,SPDR S&P OIL&GAS EXP,,MR Discretion,136.48,-39.0
2025-12-05,XOP,SPDR S&P OIL&GAS EXP,,MR Discretion,136.69,-13.0
2025-12-01,XYL,XYLEM INC.,Industrials,Industrials,139.41,16.0
2025-12-02,XYL,XYLEM INC.,Industrials,Industrials,139.42,16.0
2025-12-03,XYL,XYLEM INC.,Industrials,Industrials,140.89,-31.0
2025-12-04,XYL,XYLEM INC.,Industrials,Industrials,140.87,-24.0
2025-12-05,XYL,XYLEM INC.,Industrials,Industrials,139.01,63.0
2025-12-01,XYZ,"BLOCK, INC.",Financials,Financials,64.35,-31.0
2025-12-02,XYZ,"BLOCK, INC.",Financials,Financials,60.11,33.0
2025-12-03,XYZ,"BLOCK, INC.",Financials,Financials,61.11,16.0
2025-12-04,XYZ,"BLOCK, INC.",Financials,Financials,62.19,-34.0
2025-12-05,XYZ,"BLOCK, INC.",Financials,Financials,61.11,-3.0
2025-12-01,YUM,"YUM! BRANDS, INC.",Consumer Discretionary,Consumer Discretionary,150.64,-37.0
2025-12-02,YUM,"YUM! BRANDS, INC.",Consumer Discretionary,Consumer Discretionary,147.62,-15.0
2025-12-03,YUM,"YUM! BRANDS, INC.",Consumer Discretionary,Consumer Discretionary,148.52,-15.0
2025-12-04,YUM,"YUM! BRANDS, INC.",Consumer Discretionary,Consumer Discretionary,145.86,-3.0
2025-12-05,YUM,"YUM! BRANDS, INC.",Consumer Discretionary,Consumer Discretionary,144.96,11.0
2025-12-01,ZBH,"ZIMMER BIOMET HOLDINGS, INC.",Health Care,Health Care,94.76,-31.0
2025-12-02,ZBH,"ZIMMER BIOMET HOLDINGS, INC.",Health Care,Health Care,94.14,-15.0
2025-12-03,ZBH,"ZIMMER BIOMET HOLDINGS, INC.",Health Care,Health Care,93.1,30.0
2025-12-04,ZBH,"ZIMMER BIOMET HOLDINGS, INC.",Health Care,Health Care,93.16,33.0
2025-12-05,ZBH,"ZIMMER BIOMET HOLDINGS, INC.",Health Care,Health Care,94.28,0.0
2025-12-01,ZBRA,ZEBRA TECHNOLOGIES ,Information Technology,Information Technology,251.29,30.0
2025-12-02,ZBRA,ZEBRA TECHNOLOGIES ,Information Technology,Information Technology,253.37,16.0
2025-12-03,ZBRA,ZEBRA TECHNOLOGIES ,Information Technology,Information Technology,259.34,-20.0
2025-12-04,ZBRA,ZEBRA TECHNOLOGIES ,Information Technology,Information Technology,263.05,-13.0
2025-12-05,ZBRA,ZEBRA TECHNOLOGIES ,Information Technology,Information Technology,264.81,-29.0
2025-12-01,ZTS,ZOETIS INC.,Health Care,Health Care,127.25,-37.0
2025-12-02,ZTS,ZOETIS INC.,Health Care,Health Care,124.44,-20.0
2025-12-03,ZTS,ZOETIS INC.,Health Care,Health Care,122.57,16.0
2025-12-04,ZTS,ZOETIS INC.,Health Care,Health Care,120.41,23.0
2025-12-05,ZTS,ZOETIS INC.,Health Care,Health Care,118.65,38.0
