Date,Ticker,Close,day_pr_low,day_pr_high,week_pr_low,week_pr_high,month_pr_low,month_pr_high
2025-12-01,A,150.1,,,139.98,170.3,127.94,178.05
2025-12-02,A,148.81,,,139.98,170.3,127.94,178.05
2025-12-03,A,149.26,,,139.98,170.3,127.94,178.05
2025-12-04,A,148.32,,,139.98,170.3,127.94,178.05
2025-12-05,A,145.49,,,139.98,170.3,127.94,178.05
2025-12-08,A,,121.79,149.65,139.98,170.3,127.94,178.05
2025-12-01,AAPL,283.1,,,266.44,302.41,240.8,328.53
2025-12-02,AAPL,286.19,,,266.44,302.41,240.8,328.53
2025-12-03,AAPL,284.15,,,266.44,302.41,240.8,328.53
2025-12-04,AAPL,280.7,,,266.44,302.41,240.8,328.53
2025-12-05,AAPL,278.78,,,266.44,302.41,240.8,328.53
2025-12-08,AAPL,,261.9,326.54,266.44,302.41,240.8,328.53
2025-12-01,ABBV,225.11,,,213.47,251.82,193.32,276.84
2025-12-02,ABBV,224.37,,,213.47,251.82,193.32,276.84
2025-12-03,ABBV,230.24,,,213.47,251.82,193.32,276.84
2025-12-04,ABBV,228.71,,,213.47,251.82,193.32,276.84
2025-12-05,ABBV,226.08,,,213.47,251.82,193.32,276.84
2025-12-08,ABBV,,182.62,269.61,213.47,251.82,193.32,276.84
2025-12-01,ABNB,118.8,,,107.9,126.5,98.03,139.87
2025-12-02,ABNB,118.5,,,107.9,126.5,98.03,139.87
2025-12-03,ABNB,120.13,,,107.9,126.5,98.03,139.87
2025-12-04,ABNB,120.82,,,107.9,126.5,98.03,139.87
2025-12-05,ABNB,124.32,,,107.9,126.5,98.03,139.87
2025-12-08,ABNB,,117.88,146.67,107.9,126.5,98.03,139.87
2025-12-01,ABT,128.01,,,120.29,133.63,112.97,145.78
2025-12-02,ABT,126.32,,,120.29,133.63,112.97,145.78
2025-12-03,ABT,125.29,,,120.29,133.63,112.97,145.78
2025-12-04,ABT,125.4,,,120.29,133.63,112.97,145.78
2025-12-05,ABT,125.08,,,120.29,133.63,112.97,145.78
2025-12-08,ABT,,112.26,139.15,120.29,133.63,112.97,145.78
2025-12-01,ACGL,93.16,,,85.93,100.98,79.74,105.9
2025-12-02,ACGL,92.69,,,85.93,100.98,79.74,105.9
2025-12-03,ACGL,92.72,,,85.93,100.98,79.74,105.9
2025-12-04,ACGL,92.39,,,85.93,100.98,79.74,105.9
2025-12-05,ACGL,91.72,,,85.93,100.98,79.74,105.9
2025-12-08,ACGL,,82.87,102.81,85.93,100.98,79.74,105.9
2025-12-01,ACN,257.43,,,235.28,287.45,214.1,297.05
2025-12-02,ACN,261.02,,,235.28,287.45,214.1,297.05
2025-12-03,ACN,272.85,,,235.28,287.45,214.1,297.05
2025-12-04,ACN,269.34,,,235.28,287.45,214.1,297.05
2025-12-05,ACN,266.59,,,235.28,287.45,214.1,297.05
2025-12-08,ACN,,237.47,304.36,235.28,287.45,214.1,297.05
2025-12-01,ADBE,322.85,,,303.91,354.75,273.14,369.89
2025-12-02,ADBE,322.81,,,303.91,354.75,273.14,369.89
2025-12-03,ADBE,326.78,,,303.91,354.75,273.14,369.89
2025-12-04,ADBE,328.73,,,303.91,354.75,273.14,369.89
2025-12-05,ADBE,346.26,,,303.91,354.75,273.14,369.89
2025-12-08,ADBE,,297.74,402.57,303.91,354.75,273.14,369.89
2025-12-01,ADI,266.51,,,225.91,303.29,215.83,314.51
2025-12-02,ADI,272.97,,,225.91,303.29,215.83,314.51
2025-12-03,ADI,278.24,,,225.91,303.29,215.83,314.51
2025-12-04,ADI,277.26,,,225.91,303.29,215.83,314.51
2025-12-05,ADI,281.29,,,225.91,303.29,215.83,314.51
2025-12-08,ADI,,248.14,324.48,225.91,303.29,215.83,314.51
2025-12-01,ADM,60.52,,,54.29,63.93,48.28,69.01
2025-12-02,ADM,60.31,,,54.29,63.93,48.28,69.01
2025-12-03,ADM,59.8,,,54.29,63.93,48.28,69.01
2025-12-04,ADM,59.36,,,54.29,63.93,48.28,69.01
2025-12-05,ADM,59.01,,,54.29,63.93,48.28,69.01
2025-12-08,ADM,,45.68,60.94,54.29,63.93,48.28,69.01
2025-12-01,ADP,255.84,,,229.28,278.51,230.79,288.42
2025-12-02,ADP,257.18,,,229.28,278.51,230.79,288.42
2025-12-03,ADP,260.22,,,229.28,278.51,230.79,288.42
2025-12-04,ADP,259.4,,,229.28,278.51,230.79,288.42
2025-12-05,ADP,261.63,,,229.28,278.51,230.79,288.42
2025-12-08,ADP,,258.0,262.69,229.28,278.51,230.79,288.42
2025-12-01,ADSK,305.12,,,280.85,326.1,259.36,363.72
2025-12-02,ADSK,310.25,,,280.85,326.1,259.36,363.72
2025-12-03,ADSK,307.24,,,280.85,326.1,259.36,363.72
2025-12-04,ADSK,305.85,,,280.85,326.1,259.36,363.72
2025-12-05,ADSK,306.74,,,280.85,326.1,259.36,363.72
2025-12-08,ADSK,,297.99,453.55,280.85,326.1,259.36,363.72
2025-12-01,AEE,103.0,,,96.11,110.78,94.71,116.84
2025-12-02,AEE,101.51,,,96.11,110.78,94.71,116.84
2025-12-03,AEE,101.47,,,96.11,110.78,94.71,116.84
2025-12-04,AEE,100.85,,,96.11,110.78,94.71,116.84
2025-12-05,AEE,99.86,,,96.11,110.78,94.71,116.84
2025-12-08,AEE,,89.9,129.76,96.11,110.78,94.71,116.84
2025-12-01,AEP,120.51,,,114.54,130.04,110.01,138.51
2025-12-02,AEP,119.23,,,114.54,130.04,110.01,138.51
2025-12-03,AEP,118.06,,,114.54,130.04,110.01,138.51
2025-12-04,AEP,118.04,,,114.54,130.04,110.01,138.51
2025-12-05,AEP,117.54,,,114.54,130.04,110.01,138.51
2025-12-08,AEP,,117.4,118.27,114.54,130.04,110.01,138.51
2025-12-01,AES,13.99,,,13.02,15.32,11.54,16.35
2025-12-02,AES,13.96,,,13.02,15.32,11.54,16.35
2025-12-03,AES,13.71,,,13.02,15.32,11.54,16.35
2025-12-04,AES,13.93,,,13.02,15.32,11.54,16.35
2025-12-05,AES,13.92,,,13.02,15.32,11.54,16.35
2025-12-08,AES,,13.5,14.72,13.02,15.32,11.54,16.35
2025-12-01,AFL,109.55,,,105.03,118.66,97.92,128.79
2025-12-02,AFL,108.83,,,105.03,118.66,97.92,128.79
2025-12-03,AFL,109.04,,,105.03,118.66,97.92,128.79
2025-12-04,AFL,109.24,,,105.03,118.66,97.92,128.79
2025-12-05,AFL,109.28,,,105.03,118.66,97.92,128.79
2025-12-08,AFL,,93.25,119.36,105.03,118.66,97.92,128.79
2025-12-01,AIG,76.61,,,70.9,81.89,68.17,90.57
2025-12-02,AIG,76.95,,,70.9,81.89,68.17,90.57
2025-12-03,AIG,77.07,,,70.9,81.89,68.17,90.57
2025-12-04,AIG,77.28,,,70.9,81.89,68.17,90.57
2025-12-05,AIG,77.03,,,70.9,81.89,68.17,90.57
2025-12-08,AIG,,68.47,81.73,70.9,81.89,68.17,90.57
2025-12-01,AIZ,225.43,,,213.05,242.52,196.28,255.64
2025-12-02,AIZ,221.37,,,213.05,242.52,196.28,255.64
2025-12-03,AIZ,222.33,,,213.05,242.52,196.28,255.64
2025-12-04,AIZ,224.27,,,213.05,242.52,196.28,255.64
2025-12-05,AIZ,222.87,,,213.05,242.52,196.28,255.64
2025-12-08,AIZ,,176.8,295.5,213.05,242.52,196.28,255.64
2025-12-01,AJG,246.1,,,219.66,262.2,212.72,292.78
2025-12-02,AJG,244.22,,,219.66,262.2,212.72,292.78
2025-12-03,AJG,245.36,,,219.66,262.2,212.72,292.78
2025-12-04,AJG,245.41,,,219.66,262.2,212.72,292.78
2025-12-05,AJG,239.71,,,219.66,262.2,212.72,292.78
2025-12-08,AJG,,214.31,261.88,219.66,262.2,212.72,292.78
2025-12-01,AKAM,87.71,,,77.8,100.05,67.3,99.6
2025-12-02,AKAM,86.83,,,77.8,100.05,67.3,99.6
2025-12-03,AKAM,87.97,,,77.8,100.05,67.3,99.6
2025-12-04,AKAM,86.6,,,77.8,100.05,67.3,99.6
2025-12-05,AKAM,83.49,,,77.8,100.05,67.3,99.6
2025-12-08,AKAM,,69.4,98.31,77.8,100.05,67.3,99.6
2025-12-01,ALB,128.33,,,109.63,151.82,83.42,157.97
2025-12-02,ALB,128.14,,,109.63,151.82,83.42,157.97
2025-12-03,ALB,126.49,,,109.63,151.82,83.42,157.97
2025-12-04,ALB,119.14,,,109.63,151.82,83.42,157.97
2025-12-05,ALB,125.19,,,109.63,151.82,83.42,157.97
2025-12-08,ALB,,111.78,136.12,109.63,151.82,83.42,157.97
2025-12-01,ALGN,146.72,,,132.82,170.6,113.39,175.27
2025-12-02,ALGN,150.93,,,132.82,170.6,113.39,175.27
2025-12-03,ALGN,155.0,,,132.82,170.6,113.39,175.27
2025-12-04,ALGN,156.84,,,132.82,170.6,113.39,175.27
2025-12-05,ALGN,157.21,,,132.82,170.6,113.39,175.27
2025-12-08,ALGN,,155.22,162.14,132.82,170.6,113.39,175.27
2025-12-01,ALL,210.0,,,193.93,230.01,181.33,241.31
2025-12-02,ALL,208.91,,,193.93,230.01,181.33,241.31
2025-12-03,ALL,208.62,,,193.93,230.01,181.33,241.31
2025-12-04,ALL,206.37,,,193.93,230.01,181.33,241.31
2025-12-05,ALL,202.27,,,193.93,230.01,181.33,241.31
2025-12-08,ALL,,179.76,215.78,193.93,230.01,181.33,241.31
2025-12-01,ALLE,165.17,,,153.24,176.16,146.11,188.86
2025-12-02,ALLE,164.16,,,153.24,176.16,146.11,188.86
2025-12-03,ALLE,164.03,,,153.24,176.16,146.11,188.86
2025-12-04,ALLE,160.85,,,153.24,176.16,146.11,188.86
2025-12-05,ALLE,159.08,,,153.24,176.16,146.11,188.86
2025-12-08,ALLE,,138.72,194.19,153.24,176.16,146.11,188.86
2025-12-01,AMAT,254.75,,,226.93,300.3,192.92,323.23
2025-12-02,AMAT,265.33,,,226.93,300.3,192.92,323.23
2025-12-03,AMAT,268.63,,,226.93,300.3,192.92,323.23
2025-12-04,AMAT,269.44,,,226.93,300.3,192.92,323.23
2025-12-05,AMAT,268.0,,,226.93,300.3,192.92,323.23
2025-12-08,AMAT,,232.57,280.82,226.93,300.3,192.92,323.23
2025-12-01,AMCR,8.54,,,7.89,8.93,7.09,9.6
2025-12-02,AMCR,8.4,,,7.89,8.93,7.09,9.6
2025-12-03,AMCR,8.46,,,7.89,8.93,7.09,9.6
2025-12-04,AMCR,8.32,,,7.89,8.93,7.09,9.6
2025-12-05,AMCR,8.3,,,7.89,8.93,7.09,9.6
2025-12-08,AMCR,,7.49,10.1,7.89,8.93,7.09,9.6
2025-12-01,AMD,219.76,,,177.92,275.13,170.43,316.65
2025-12-02,AMD,215.24,,,177.92,275.13,170.43,316.65
2025-12-03,AMD,217.6,,,177.92,275.13,170.43,316.65
2025-12-04,AMD,215.98,,,177.92,275.13,170.43,316.65
2025-12-05,AMD,217.97,,,177.92,275.13,170.43,316.65
2025-12-08,AMD,,209.3,225.74,177.92,275.13,170.43,316.65
2025-12-01,AME,195.61,,,185.65,214.08,173.26,224.85
2025-12-02,AME,197.29,,,185.65,214.08,173.26,224.85
2025-12-03,AME,199.22,,,185.65,214.08,173.26,224.85
2025-12-04,AME,199.22,,,185.65,214.08,173.26,224.85
2025-12-05,AME,199.8,,,185.65,214.08,173.26,224.85
2025-12-08,AME,,168.97,216.16,185.65,214.08,173.26,224.85
2025-12-01,AMGN,337.49,,,313.56,379.18,276.37,400.27
2025-12-02,AMGN,338.36,,,313.56,379.18,276.37,400.27
2025-12-03,AMGN,345.42,,,313.56,379.18,276.37,400.27
2025-12-04,AMGN,340.16,,,313.56,379.18,276.37,400.27
2025-12-05,AMGN,329.89,,,313.56,379.18,276.37,400.27
2025-12-08,AMGN,,281.72,371.8,313.56,379.18,276.37,400.27
2025-12-01,AMP,454.91,,,417.05,492.43,384.95,544.27
2025-12-02,AMP,456.79,,,417.05,492.43,384.95,544.27
2025-12-03,AMP,470.11,,,417.05,492.43,384.95,544.27
2025-12-04,AMP,474.11,,,417.05,492.43,384.95,544.27
2025-12-05,AMP,477.06,,,417.05,492.43,384.95,544.27
2025-12-08,AMP,,426.77,485.16,417.05,492.43,384.95,544.27
2025-12-01,AMT,176.27,,,166.43,185.2,153.06,203.18
2025-12-02,AMT,175.81,,,166.43,185.2,153.06,203.18
2025-12-03,AMT,176.18,,,166.43,185.2,153.06,203.18
2025-12-04,AMT,178.83,,,166.43,185.2,153.06,203.18
2025-12-05,AMT,178.86,,,166.43,185.2,153.06,203.18
2025-12-08,AMT,,164.78,209.18,166.43,185.2,153.06,203.18
2025-12-01,AMZN,233.88,,,208.35,261.12,196.24,291.76
2025-12-02,AMZN,234.42,,,208.35,261.12,196.24,291.76
2025-12-03,AMZN,232.38,,,208.35,261.12,196.24,291.76
2025-12-04,AMZN,229.11,,,208.35,261.12,196.24,291.76
2025-12-05,AMZN,229.53,,,208.35,261.12,196.24,291.76
2025-12-08,AMZN,,217.84,237.15,208.35,261.12,196.24,291.76
2025-12-01,ANET,128.11,,,108.29,144.71,100.99,192.44
2025-12-02,ANET,127.22,,,108.29,144.71,100.99,192.44
2025-12-03,ANET,127.8,,,108.29,144.71,100.99,192.44
2025-12-04,ANET,128.55,,,108.29,144.71,100.99,192.44
2025-12-05,ANET,128.59,,,108.29,144.71,100.99,192.44
2025-12-08,ANET,,123.14,130.59,108.29,144.71,100.99,192.44
2025-12-01,AON,351.17,,,318.87,369.31,302.76,396.31
2025-12-02,AON,345.7,,,318.87,369.31,302.76,396.31
2025-12-03,AON,344.45,,,318.87,369.31,302.76,396.31
2025-12-04,AON,347.71,,,318.87,369.31,302.76,396.31
2025-12-05,AON,345.2,,,318.87,369.31,302.76,396.31
2025-12-08,AON,,268.53,399.39,318.87,369.31,302.76,396.31
2025-12-01,AOS,66.02,,,60.76,70.48,58.51,75.06
2025-12-02,AOS,65.96,,,60.76,70.48,58.51,75.06
2025-12-03,AOS,67.32,,,60.76,70.48,58.51,75.06
2025-12-04,AOS,67.2,,,60.76,70.48,58.51,75.06
2025-12-05,AOS,68.03,,,60.76,70.48,58.51,75.06
2025-12-08,AOS,,61.01,74.18,60.76,70.48,58.51,75.06
2025-12-01,APA,25.28,,,22.97,28.82,18.88,30.41
2025-12-02,APA,25.45,,,22.97,28.82,18.88,30.41
2025-12-03,APA,26.95,,,22.97,28.82,18.88,30.41
2025-12-04,APA,26.71,,,22.97,28.82,18.88,30.41
2025-12-05,APA,27.1,,,22.97,28.82,18.88,30.41
2025-12-08,APA,,26.08,28.07,22.97,28.82,18.88,30.41
2025-12-01,APD,260.86,,,233.88,276.7,215.85,294.31
2025-12-02,APD,256.77,,,233.88,276.7,215.85,294.31
2025-12-03,APD,260.35,,,233.88,276.7,215.85,294.31
2025-12-04,APD,261.62,,,233.88,276.7,215.85,294.31
2025-12-05,APD,260.69,,,233.88,276.7,215.85,294.31
2025-12-08,APD,,253.67,273.03,233.88,276.7,215.85,294.31
2025-12-01,APH,139.22,,,130.34,153.67,120.52,174.73
2025-12-02,APH,141.49,,,130.34,153.67,120.52,174.73
2025-12-03,APH,138.65,,,130.34,153.67,120.52,174.73
2025-12-04,APH,139.46,,,130.34,153.67,120.52,174.73
2025-12-05,APH,139.36,,,130.34,153.67,120.52,174.73
2025-12-08,APH,,112.83,172.62,130.34,153.67,120.52,174.73
2025-12-01,APO,131.39,,,120.4,146.95,109.48,160.51
2025-12-02,APO,132.08,,,120.4,146.95,109.48,160.51
2025-12-03,APO,134.5,,,120.4,146.95,109.48,160.51
2025-12-04,APO,136.75,,,120.4,146.95,109.48,160.51
2025-12-05,APO,138.13,,,120.4,146.95,109.48,160.51
2025-12-08,APO,,129.29,140.52,120.4,146.95,109.48,160.51
2025-12-01,APP,623.59,,,481.77,776.99,479.9,1078.79
2025-12-02,APP,653.0,,,481.77,776.99,479.9,1078.79
2025-12-03,APP,662.21,,,481.77,776.99,479.9,1078.79
2025-12-04,APP,683.78,,,481.77,776.99,479.9,1078.79
2025-12-05,APP,691.94,,,481.77,776.99,479.9,1078.79
2025-12-08,APP,,701.23,743.2,481.77,776.99,479.9,1078.79
2025-12-01,APTV,76.94,,,69.33,82.33,61.98,92.65
2025-12-02,APTV,77.48,,,69.33,82.33,61.98,92.65
2025-12-03,APTV,78.09,,,69.33,82.33,61.98,92.65
2025-12-04,APTV,76.44,,,69.33,82.33,61.98,92.65
2025-12-05,APTV,76.37,,,69.33,82.33,61.98,92.65
2025-12-08,APTV,,72.35,78.73,69.33,82.33,61.98,92.65
2025-12-01,ARE,53.1,,,38.41,60.64,37.86,62.54
2025-12-02,ARE,53.83,,,38.41,60.64,37.86,62.54
2025-12-03,ARE,48.42,,,38.41,60.64,37.86,62.54
2025-12-04,ARE,46.59,,,38.41,60.64,37.86,62.54
2025-12-05,ARE,45.48,,,38.41,60.64,37.86,62.54
2025-12-08,ARE,,43.28,53.7,38.41,60.64,37.86,62.54
2025-12-01,ASC,12.06,,,10.9,13.82,9.92,15.39
2025-12-02,ASC,12.09,,,10.9,13.82,9.92,15.39
2025-12-03,ASC,12.25,,,10.9,13.82,9.92,15.39
2025-12-04,ASC,11.96,,,10.9,13.82,9.92,15.39
2025-12-05,ASC,11.83,,,10.9,13.82,9.92,15.39
2025-12-08,ASC,,11.45,12.61,10.9,13.82,9.92,15.39
2025-12-01,ATO,171.72,,,166.03,182.96,162.72,198.04
2025-12-02,ATO,170.08,,,166.03,182.96,162.72,198.04
2025-12-03,ATO,171.15,,,166.03,182.96,162.72,198.04
2025-12-04,ATO,170.95,,,166.03,182.96,162.72,198.04
2025-12-05,ATO,171.29,,,166.03,182.96,162.72,198.04
2025-12-08,ATO,,166.14,174.6,166.03,182.96,162.72,198.04
2025-12-01,AVB,179.65,,,169.44,186.91,155.21,202.2
2025-12-02,AVB,181.12,,,169.44,186.91,155.21,202.2
2025-12-03,AVB,181.52,,,169.44,186.91,155.21,202.2
2025-12-04,AVB,179.42,,,169.44,186.91,155.21,202.2
2025-12-05,AVB,178.02,,,169.44,186.91,155.21,202.2
2025-12-08,AVB,,168.78,197.95,169.44,186.91,155.21,202.2
2025-12-01,AVGO,386.08,,,335.63,439.9,320.37,503.32
2025-12-02,AVGO,381.57,,,335.63,439.9,320.37,503.32
2025-12-03,AVGO,380.61,,,335.63,439.9,320.37,503.32
2025-12-04,AVGO,381.03,,,335.63,439.9,320.37,503.32
2025-12-05,AVGO,390.24,,,335.63,439.9,320.37,503.32
2025-12-08,AVGO,,274.02,522.93,335.63,439.9,320.37,503.32
2025-12-01,AVY,172.53,,,158.36,195.33,153.41,192.35
2025-12-02,AVY,172.22,,,158.36,195.33,153.41,192.35
2025-12-03,AVY,175.59,,,158.36,195.33,153.41,192.35
2025-12-04,AVY,174.96,,,158.36,195.33,153.41,192.35
2025-12-05,AVY,179.33,,,158.36,195.33,153.41,192.35
2025-12-08,AVY,,147.54,212.15,158.36,195.33,153.41,192.35
2025-12-01,AWK,131.0,,,115.7,140.94,115.62,147.42
2025-12-02,AWK,130.75,,,115.7,140.94,115.62,147.42
2025-12-03,AWK,130.97,,,115.7,140.94,115.62,147.42
2025-12-04,AWK,128.93,,,115.7,140.94,115.62,147.42
2025-12-05,AWK,129.5,,,115.7,140.94,115.62,147.42
2025-12-08,AWK,,86.3,157.42,115.7,140.94,115.62,147.42
2025-12-01,AXON,533.21,,,437.87,596.84,444.63,833.84
2025-12-02,AXON,537.75,,,437.87,596.84,444.63,833.84
2025-12-03,AXON,543.55,,,437.87,596.84,444.63,833.84
2025-12-04,AXON,550.61,,,437.87,596.84,444.63,833.84
2025-12-05,AXON,550.95,,,437.87,596.84,444.63,833.84
2025-12-08,AXON,,486.29,712.71,437.87,596.84,444.63,833.84
2025-12-01,AXP,360.31,,,333.73,397.61,316.29,433.93
2025-12-02,AXP,360.7,,,333.73,397.61,316.29,433.93
2025-12-03,AXP,368.13,,,333.73,397.61,316.29,433.93
2025-12-04,AXP,371.15,,,333.73,397.61,316.29,433.93
2025-12-05,AXP,370.35,,,333.73,397.61,316.29,433.93
2025-12-08,AXP,,339.94,385.3,333.73,397.61,316.29,433.93
2025-12-01,AZO,3946.99,,,3537.43,4255.85,3357.24,4532.91
2025-12-02,AZO,3826.77,,,3537.43,4255.85,3357.24,4532.91
2025-12-03,AZO,3822.92,,,3537.43,4255.85,3357.24,4532.91
2025-12-04,AZO,3840.5,,,3537.43,4255.85,3357.24,4532.91
2025-12-05,AZO,3822.66,,,3537.43,4255.85,3357.24,4532.91
2025-12-08,AZO,,3695.79,3784.97,3537.43,4255.85,3357.24,4532.91
2025-12-01,BA,186.46,,,166.4,208.35,152.04,230.6
2025-12-02,BA,205.38,,,166.4,208.35,152.04,230.6
2025-12-03,BA,202.54,,,166.4,208.35,152.04,230.6
2025-12-04,BA,201.87,,,166.4,208.35,152.04,230.6
2025-12-05,BA,201.89,,,166.4,208.35,152.04,230.6
2025-12-08,BA,,204.65,219.84,166.4,208.35,152.04,230.6
2025-12-01,BAC,53.24,,,49.72,57.23,46.85,62.43
2025-12-02,BAC,53.19,,,49.72,57.23,46.85,62.43
2025-12-03,BAC,54.09,,,49.72,57.23,46.85,62.43
2025-12-04,BAC,54.16,,,49.72,57.23,46.85,62.43
2025-12-05,BAC,53.95,,,49.72,57.23,46.85,62.43
2025-12-08,BAC,,49.92,55.1,49.72,57.23,46.85,62.43
2025-12-01,BALL,49.03,,,46.07,51.15,40.3,56.25
2025-12-02,BALL,48.41,,,46.07,51.15,40.3,56.25
2025-12-03,BALL,48.78,,,46.07,51.15,40.3,56.25
2025-12-04,BALL,48.85,,,46.07,51.15,40.3,56.25
2025-12-05,BALL,49.03,,,46.07,51.15,40.3,56.25
2025-12-08,BALL,,39.99,65.24,46.07,51.15,40.3,56.25
2025-12-01,BAX,19.08,,,16.23,20.21,14.59,21.21
2025-12-02,BAX,18.84,,,16.23,20.21,14.59,21.21
2025-12-03,BAX,18.89,,,16.23,20.21,14.59,21.21
2025-12-04,BAX,18.48,,,16.23,20.21,14.59,21.21
2025-12-05,BAX,18.54,,,16.23,20.21,14.59,21.21
2025-12-08,BAX,,16.34,20.16,16.23,20.21,14.59,21.21
2025-12-01,BBY,77.24,,,69.37,85.71,64.28,89.29
2025-12-02,BBY,74.89,,,69.37,85.71,64.28,89.29
2025-12-03,BBY,74.38,,,69.37,85.71,64.28,89.29
2025-12-04,BBY,74.06,,,69.37,85.71,64.28,89.29
2025-12-05,BBY,74.17,,,69.37,85.71,64.28,89.29
2025-12-08,BBY,,72.13,75.94,69.37,85.71,64.28,89.29
2025-12-01,BDX,191.82,,,175.45,207.86,150.42,221.04
2025-12-02,BDX,190.47,,,175.45,207.86,150.42,221.04
2025-12-03,BDX,193.57,,,175.45,207.86,150.42,221.04
2025-12-04,BDX,193.76,,,175.45,207.86,150.42,221.04
2025-12-05,BDX,193.96,,,175.45,207.86,150.42,221.04
2025-12-08,BDX,,167.87,225.45,175.45,207.86,150.42,221.04
2025-12-01,BEN,22.54,,,20.49,24.19,18.64,26.35
2025-12-02,BEN,22.42,,,20.49,24.19,18.64,26.35
2025-12-03,BEN,23.01,,,20.49,24.19,18.64,26.35
2025-12-04,BEN,23.14,,,20.49,24.19,18.64,26.35
2025-12-05,BEN,23.4,,,20.49,24.19,18.64,26.35
2025-12-08,BEN,,19.24,24.28,20.49,24.19,18.64,26.35
2025-12-01,BF.B,29.72,,,27.04,32.84,23.49,33.05
2025-12-02,BF.B,29.89,,,27.04,32.84,23.49,33.05
2025-12-03,BF.B,30.09,,,27.04,32.84,23.49,33.05
2025-12-04,BF.B,29.7,,,27.04,32.84,23.49,33.05
2025-12-05,BF.B,30.4,,,27.04,32.84,23.49,33.05
2025-12-08,BF.B,,26.48,34.21,27.04,32.84,23.49,33.05
2025-12-01,BG,96.42,,,85.61,107.64,78.7,111.97
2025-12-02,BG,96.05,,,85.61,107.64,78.7,111.97
2025-12-03,BG,95.29,,,85.61,107.64,78.7,111.97
2025-12-04,BG,94.39,,,85.61,107.64,78.7,111.97
2025-12-05,BG,93.63,,,85.61,107.64,78.7,111.97
2025-12-08,BG,,80.64,110.45,85.61,107.64,78.7,111.97
2025-12-01,BIIB,177.78,,,168.49,206.15,133.15,211.15
2025-12-02,BIIB,180.18,,,168.49,206.15,133.15,211.15
2025-12-03,BIIB,180.75,,,168.49,206.15,133.15,211.15
2025-12-04,BIIB,181.98,,,168.49,206.15,133.15,211.15
2025-12-05,BIIB,181.3,,,168.49,206.15,133.15,211.15
2025-12-08,BIIB,,149.42,217.72,168.49,206.15,133.15,211.15
2025-12-01,BK,111.81,,,104.2,119.33,102.43,131.59
2025-12-02,BK,112.08,,,104.2,119.33,102.43,131.59
2025-12-03,BK,113.09,,,104.2,119.33,102.43,131.59
2025-12-04,BK,113.95,,,104.2,119.33,102.43,131.59
2025-12-05,BK,114.02,,,104.2,119.33,102.43,131.59
2025-12-08,BK,,76.94,116.36,104.2,119.33,102.43,131.59
2025-12-01,BKNG,4891.81,,,4492.75,5305.79,4213.85,5961.18
2025-12-02,BKNG,5135.07,,,4492.75,5305.79,4213.85,5961.18
2025-12-03,BKNG,5047.21,,,4492.75,5305.79,4213.85,5961.18
2025-12-04,BKNG,5027.2,,,4492.75,5305.79,4213.85,5961.18
2025-12-05,BKNG,5197.04,,,4492.75,5305.79,4213.85,5961.18
2025-12-08,BKNG,,5067.13,5513.28,4492.75,5305.79,4213.85,5961.18
2025-12-01,BKR,50.16,,,46.49,54.41,42.77,58.94
2025-12-02,BKR,49.48,,,46.49,54.41,42.77,58.94
2025-12-03,BKR,50.49,,,46.49,54.41,42.77,58.94
2025-12-04,BKR,50.61,,,46.49,54.41,42.77,58.94
2025-12-05,BKR,49.2,,,46.49,54.41,42.77,58.94
2025-12-08,BKR,,48.57,51.4,46.49,54.41,42.77,58.94
2025-12-01,BLDR,113.18,,,91.55,123.35,84.55,132.84
2025-12-02,BLDR,112.1,,,91.55,123.35,84.55,132.84
2025-12-03,BLDR,114.44,,,91.55,123.35,84.55,132.84
2025-12-04,BLDR,111.01,,,91.55,123.35,84.55,132.84
2025-12-05,BLDR,110.01,,,91.55,123.35,84.55,132.84
2025-12-08,BLDR,,99.34,122.75,91.55,123.35,84.55,132.84
2025-12-01,BLK,1039.94,,,949.53,1133.47,914.71,1231.86
2025-12-02,BLK,1038.62,,,949.53,1133.47,914.71,1231.86
2025-12-03,BLK,1079.87,,,949.53,1133.47,914.71,1231.86
2025-12-04,BLK,1075.58,,,949.53,1133.47,914.71,1231.86
2025-12-05,BLK,1072.16,,,949.53,1133.47,914.71,1231.86
2025-12-08,BLK,,989.45,1088.41,949.53,1133.47,914.71,1231.86
2025-12-01,BMY,49.18,,,45.68,54.89,40.6,58.74
2025-12-02,BMY,48.25,,,45.68,54.89,40.6,58.74
2025-12-03,BMY,50.96,,,45.68,54.89,40.6,58.74
2025-12-04,BMY,51.95,,,45.68,54.89,40.6,58.74
2025-12-05,BMY,52.15,,,45.68,54.89,40.6,58.74
2025-12-08,BMY,,47.35,55.2,45.68,54.89,40.6,58.74
2025-12-01,BR,226.55,,,211.0,241.74,205.75,253.98
2025-12-02,BR,227.61,,,211.0,241.74,205.75,253.98
2025-12-03,BR,230.46,,,211.0,241.74,205.75,253.98
2025-12-04,BR,230.88,,,211.0,241.74,205.75,253.98
2025-12-05,BR,232.02,,,211.0,241.74,205.75,253.98
2025-12-08,BR,,214.42,262.48,211.0,241.74,205.75,253.98
2025-12-01,BRK.B,508.55,,,482.19,533.17,435.04,608.04
2025-12-02,BRK.B,506.65,,,482.19,533.17,435.04,608.04
2025-12-03,BRK.B,503.6,,,482.19,533.17,435.04,608.04
2025-12-04,BRK.B,503.23,,,482.19,533.17,435.04,608.04
2025-12-05,BRK.B,504.34,,,482.19,533.17,435.04,608.04
2025-12-08,BRK.B,,507.79,494.43,482.19,533.17,435.04,608.04
2025-12-01,BRO,81.18,,,72.37,84.98,68.73,93.78
2025-12-02,BRO,79.84,,,72.37,84.98,68.73,93.78
2025-12-03,BRO,79.65,,,72.37,84.98,68.73,93.78
2025-12-04,BRO,79.64,,,72.37,84.98,68.73,93.78
2025-12-05,BRO,78.37,,,72.37,84.98,68.73,93.78
2025-12-08,BRO,,60.13,85.68,72.37,84.98,68.73,93.78
2025-12-01,BSX,101.01,,,88.84,107.74,89.48,118.71
2025-12-02,BSX,99.02,,,88.84,107.74,89.48,118.71
2025-12-03,BSX,98.57,,,88.84,107.74,89.48,118.71
2025-12-04,BSX,97.72,,,88.84,107.74,89.48,118.71
2025-12-05,BSX,97.52,,,88.84,107.74,89.48,118.71
2025-12-08,BSX,,88.64,103.75,88.84,107.74,89.48,118.71
2025-12-01,BTC=F,86715.0,,,77812.38,99113.77,74067.13,123762.4
2025-12-02,BTC=F,91730.0,,,77812.38,99113.77,74067.13,123762.4
2025-12-03,BTC=F,93320.0,,,77812.38,99113.77,74067.13,123762.4
2025-12-04,BTC=F,92415.0,,,77812.38,99113.77,74067.13,123762.4
2025-12-05,BTC=F,89425.0,,,77812.38,99113.77,74067.13,123762.4
2025-12-08,BTC=F,,83779.81,110695.23,77812.38,99113.77,74067.13,123762.4
2025-12-01,BTI,58.13,,,52.86,62.49,50.84,68.08
2025-12-02,BTI,57.93,,,52.86,62.49,50.84,68.08
2025-12-03,BTI,57.51,,,52.86,62.49,50.84,68.08
2025-12-04,BTI,58.04,,,52.86,62.49,50.84,68.08
2025-12-05,BTI,57.01,,,52.86,62.49,50.84,68.08
2025-12-08,BTI,,38.14,67.04,52.86,62.49,50.84,68.08
2025-12-01,BTU,26.75,,,23.19,36.34,20.71,39.53
2025-12-02,BTU,27.58,,,23.19,36.34,20.71,39.53
2025-12-03,BTU,29.43,,,23.19,36.34,20.71,39.53
2025-12-04,BTU,29.51,,,23.19,36.34,20.71,39.53
2025-12-05,BTU,29.02,,,23.19,36.34,20.71,39.53
2025-12-08,BTU,,25.15,35.08,23.19,36.34,20.71,39.53
2025-12-01,BX,146.35,,,130.24,159.47,122.03,176.96
2025-12-02,BX,146.74,,,130.24,159.47,122.03,176.96
2025-12-03,BX,151.52,,,130.24,159.47,122.03,176.96
2025-12-04,BX,151.39,,,130.24,159.47,122.03,176.96
2025-12-05,BX,152.15,,,130.24,159.47,122.03,176.96
2025-12-08,BX,,142.79,155.62,130.24,159.47,122.03,176.96
2025-12-01,BXP,71.97,,,66.23,75.5,59.67,82.74
2025-12-02,BXP,71.75,,,66.23,75.5,59.67,82.74
2025-12-03,BXP,71.15,,,66.23,75.5,59.67,82.74
2025-12-04,BXP,70.56,,,66.23,75.5,59.67,82.74
2025-12-05,BXP,69.28,,,66.23,75.5,59.67,82.74
2025-12-08,BXP,,63.63,77.79,66.23,75.5,59.67,82.74
2025-12-01,C,102.68,,,96.72,113.11,90.05,126.2
2025-12-02,C,103.19,,,96.72,113.11,90.05,126.2
2025-12-03,C,106.72,,,96.72,113.11,90.05,126.2
2025-12-04,C,107.79,,,96.72,113.11,90.05,126.2
2025-12-05,C,108.88,,,96.72,113.11,90.05,126.2
2025-12-08,C,,88.0,109.89,96.72,113.11,90.05,126.2
2025-12-01,CAG,17.67,,,16.15,18.78,14.54,19.28
2025-12-02,CAG,17.22,,,16.15,18.78,14.54,19.28
2025-12-03,CAG,17.16,,,16.15,18.78,14.54,19.28
2025-12-04,CAG,16.95,,,16.15,18.78,14.54,19.28
2025-12-05,CAG,17.05,,,16.15,18.78,14.54,19.28
2025-12-08,CAG,,17.02,19.49,16.15,18.78,14.54,19.28
2025-12-01,CAH,208.0,,,190.73,253.92,176.11,253.22
2025-12-02,CAH,205.13,,,190.73,253.92,176.11,253.22
2025-12-03,CAH,199.71,,,190.73,253.92,176.11,253.22
2025-12-04,CAH,199.19,,,190.73,253.92,176.11,253.22
2025-12-05,CAH,198.83,,,190.73,253.92,176.11,253.22
2025-12-08,CAH,,175.4,307.06,190.73,253.92,176.11,253.22
2025-12-01,CALM,83.63,,,72.76,88.57,73.87,107.34
2025-12-02,CALM,81.51,,,72.76,88.57,73.87,107.34
2025-12-03,CALM,82.67,,,72.76,88.57,73.87,107.34
2025-12-04,CALM,85.21,,,72.76,88.57,73.87,107.34
2025-12-05,CALM,84.71,,,72.76,88.57,73.87,107.34
2025-12-08,CALM,,77.3,101.71,72.76,88.57,73.87,107.34
2025-12-01,CANE,9.51,,,8.98,10.13,8.31,10.4
2025-12-02,CANE,9.62,,,8.98,10.13,8.31,10.4
2025-12-03,CANE,9.6,,,8.98,10.13,8.31,10.4
2025-12-04,CANE,9.605,,,8.98,10.13,8.31,10.4
2025-12-05,CANE,9.572,,,8.98,10.13,8.31,10.4
2025-12-08,CANE,,8.25,11.8,8.98,10.13,8.31,10.4
2025-12-01,CARR,54.25,,,48.73,56.74,45.56,64.99
2025-12-02,CARR,53.82,,,48.73,56.74,45.56,64.99
2025-12-03,CARR,54.62,,,48.73,56.74,45.56,64.99
2025-12-04,CARR,54.5,,,48.73,56.74,45.56,64.99
2025-12-05,CARR,54.29,,,48.73,56.74,45.56,64.99
2025-12-08,CARR,,38.91,70.8,48.73,56.74,45.56,64.99
2025-12-01,CAT,568.06,,,552.34,652.8,499.05,715.66
2025-12-02,CAT,582.47,,,552.34,652.8,499.05,715.66
2025-12-03,CAT,591.49,,,552.34,652.8,499.05,715.66
2025-12-04,CAT,599.15,,,552.34,652.8,499.05,715.66
2025-12-05,CAT,603.17,,,552.34,652.8,499.05,715.66
2025-12-08,CAT,,543.04,646.32,552.34,652.8,499.05,715.66
2025-12-01,CB,293.88,,,278.92,314.88,263.58,327.71
2025-12-02,CB,294.5,,,278.92,314.88,263.58,327.71
2025-12-03,CB,295.05,,,278.92,314.88,263.58,327.71
2025-12-04,CB,294.64,,,278.92,314.88,263.58,327.71
2025-12-05,CB,295.0,,,278.92,314.88,263.58,327.71
2025-12-08,CB,,265.96,324.9,278.92,314.88,263.58,327.71
2025-12-01,CBOE,255.28,,,243.79,272.19,228.98,296.58
2025-12-02,CBOE,254.35,,,243.79,272.19,228.98,296.58
2025-12-03,CBOE,253.9,,,243.79,272.19,228.98,296.58
2025-12-04,CBOE,254.92,,,243.79,272.19,228.98,296.58
2025-12-05,CBOE,252.76,,,243.79,272.19,228.98,296.58
2025-12-08,CBOE,,217.12,271.84,243.79,272.19,228.98,296.58
2025-12-01,CBRE,159.34,,,148.69,175.35,136.91,194.57
2025-12-02,CBRE,159.33,,,148.69,175.35,136.91,194.57
2025-12-03,CBRE,162.28,,,148.69,175.35,136.91,194.57
2025-12-04,CBRE,161.47,,,148.69,175.35,136.91,194.57
2025-12-05,CBRE,160.86,,,148.69,175.35,136.91,194.57
2025-12-08,CBRE,,143.18,182.51,148.69,175.35,136.91,194.57
2025-12-01,CCI,88.5,,,82.71,93.98,77.48,101.01
2025-12-02,CCI,88.28,,,82.71,93.98,77.48,101.01
2025-12-03,CCI,88.33,,,82.71,93.98,77.48,101.01
2025-12-04,CCI,88.61,,,82.71,93.98,77.48,101.01
2025-12-05,CCI,89.28,,,82.71,93.98,77.48,101.01
2025-12-08,CCI,,83.72,92.47,82.71,93.98,77.48,101.01
2025-12-01,CCJ,87.53,,,77.94,105.14,68.5,127.78
2025-12-02,CCJ,88.23,,,77.94,105.14,68.5,127.78
2025-12-03,CCJ,89.45,,,77.94,105.14,68.5,127.78
2025-12-04,CCJ,94.09,,,77.94,105.14,68.5,127.78
2025-12-05,CCJ,91.27,,,77.94,105.14,68.5,127.78
2025-12-08,CCJ,,81.1,112.83,77.94,105.14,68.5,127.78
2025-12-01,CCL,25.93,,,23.09,27.74,21.03,33.68
2025-12-02,CCL,25.84,,,23.09,27.74,21.03,33.68
2025-12-03,CCL,26.04,,,23.09,27.74,21.03,33.68
2025-12-04,CCL,25.82,,,23.09,27.74,21.03,33.68
2025-12-05,CCL,25.87,,,23.09,27.74,21.03,33.68
2025-12-08,CCL,,23.35,29.8,23.09,27.74,21.03,33.68
2025-12-01,CDNS,309.62,,,280.22,350.24,261.89,394.75
2025-12-02,CDNS,317.94,,,280.22,350.24,261.89,394.75
2025-12-03,CDNS,336.11,,,280.22,350.24,261.89,394.75
2025-12-04,CDNS,337.3,,,280.22,350.24,261.89,394.75
2025-12-05,CDNS,337.53,,,280.22,350.24,261.89,394.75
2025-12-08,CDNS,,259.92,387.57,280.22,350.24,261.89,394.75
2025-12-01,CDW,143.03,,,129.51,151.42,119.49,172.27
2025-12-02,CDW,144.16,,,129.51,151.42,119.49,172.27
2025-12-03,CDW,143.68,,,129.51,151.42,119.49,172.27
2025-12-04,CDW,144.54,,,129.51,151.42,119.49,172.27
2025-12-05,CDW,146.25,,,129.51,151.42,119.49,172.27
2025-12-08,CDW,,137.55,165.03,129.51,151.42,119.49,172.27
2025-12-01,CEG,359.05,,,320.38,408.28,274.63,534.09
2025-12-02,CEG,363.67,,,320.38,408.28,274.63,534.09
2025-12-03,CEG,361.26,,,320.38,408.28,274.63,534.09
2025-12-04,CEG,368.62,,,320.38,408.28,274.63,534.09
2025-12-05,CEG,359.82,,,320.38,408.28,274.63,534.09
2025-12-08,CEG,,344.98,393.05,320.38,408.28,274.63,534.09
2025-12-01,CF,79.8,,,73.37,83.5,68.12,95.96
2025-12-02,CF,78.97,,,73.37,83.5,68.12,95.96
2025-12-03,CF,79.29,,,73.37,83.5,68.12,95.96
2025-12-04,CF,80.23,,,73.37,83.5,68.12,95.96
2025-12-05,CF,77.88,,,73.37,83.5,68.12,95.96
2025-12-08,CF,,66.23,92.9,73.37,83.5,68.12,95.96
2025-12-01,CFG,54.58,,,50.07,58.5,47.46,63.51
2025-12-02,CFG,54.66,,,50.07,58.5,47.46,63.51
2025-12-03,CFG,55.68,,,50.07,58.5,47.46,63.51
2025-12-04,CFG,55.88,,,50.07,58.5,47.46,63.51
2025-12-05,CFG,55.46,,,50.07,58.5,47.46,63.51
2025-12-08,CFG,,43.85,61.34,50.07,58.5,47.46,63.51
2025-12-01,CHD,84.58,,,77.93,86.36,74.58,96.1
2025-12-02,CHD,83.54,,,77.93,86.36,74.58,96.1
2025-12-03,CHD,83.91,,,77.93,86.36,74.58,96.1
2025-12-04,CHD,83.95,,,77.93,86.36,74.58,96.1
2025-12-05,CHD,84.52,,,77.93,86.36,74.58,96.1
2025-12-08,CHD,,83.2,85.33,77.93,86.36,74.58,96.1
2025-12-01,CHRW,160.32,,,146.99,179.54,134.63,193.36
2025-12-02,CHRW,159.63,,,146.99,179.54,134.63,193.36
2025-12-03,CHRW,159.54,,,146.99,179.54,134.63,193.36
2025-12-04,CHRW,158.05,,,146.99,179.54,134.63,193.36
2025-12-05,CHRW,157.22,,,146.99,179.54,134.63,193.36
2025-12-08,CHRW,,146.06,163.18,146.99,179.54,134.63,193.36
2025-12-01,CHTR,196.94,,,175.48,217.39,154.87,257.63
2025-12-02,CHTR,197.72,,,175.48,217.39,154.87,257.63
2025-12-03,CHTR,199.955,,,175.48,217.39,154.87,257.63
2025-12-04,CHTR,199.98,,,175.48,217.39,154.87,257.63
2025-12-05,CHTR,205.1,,,175.48,217.39,154.87,257.63
2025-12-08,CHTR,,174.69,233.46,175.48,217.39,154.87,257.63
2025-12-01,CI,273.57,,,237.6,300.06,218.23,311.8
2025-12-02,CI,274.1,,,237.6,300.06,218.23,311.8
2025-12-03,CI,270.32,,,237.6,300.06,218.23,311.8
2025-12-04,CI,268.42,,,237.6,300.06,218.23,311.8
2025-12-05,CI,265.44,,,237.6,300.06,218.23,311.8
2025-12-08,CI,,222.78,279.85,237.6,300.06,218.23,311.8
2025-12-01,CINF,166.03,,,153.34,180.97,148.88,189.05
2025-12-02,CINF,163.77,,,153.34,180.97,148.88,189.05
2025-12-03,CINF,162.83,,,153.34,180.97,148.88,189.05
2025-12-04,CINF,163.01,,,153.34,180.97,148.88,189.05
2025-12-05,CINF,162.3,,,153.34,180.97,148.88,189.05
2025-12-08,CINF,,157.39,161.72,153.34,180.97,148.88,189.05
2025-12-01,CIVI,29.7,,,25.37,32.48,21.38,34.47
2025-12-02,CIVI,29.29,,,25.37,32.48,21.38,34.47
2025-12-03,CIVI,30.39,,,25.37,32.48,21.38,34.47
2025-12-04,CIVI,30.46,,,25.37,32.48,21.38,34.47
2025-12-05,CIVI,30.39,,,25.37,32.48,21.38,34.47
2025-12-08,CIVI,,29.31,31.79,25.37,32.48,21.38,34.47
2025-12-01,CL,79.94,,,73.78,83.62,69.05,89.94
2025-12-02,CL,78.82,,,73.78,83.62,69.05,89.94
2025-12-03,CL,78.2,,,73.78,83.62,69.05,89.94
2025-12-04,CL,77.6,,,73.78,83.62,69.05,89.94
2025-12-05,CL,78.07,,,73.78,83.62,69.05,89.94
2025-12-08,CL,,77.85,77.3,73.78,83.62,69.05,89.94
2025-12-01,CLX,106.41,,,95.68,111.7,87.93,122.57
2025-12-02,CLX,105.89,,,95.68,111.7,87.93,122.57
2025-12-03,CLX,105.17,,,95.68,111.7,87.93,122.57
2025-12-04,CLX,105.1,,,95.68,111.7,87.93,122.57
2025-12-05,CLX,104.9,,,95.68,111.7,87.93,122.57
2025-12-08,CLX,,105.26,110.97,95.68,111.7,87.93,122.57
2025-12-01,CMBT,10.64,,,9.72,12.43,7.89,12.82
2025-12-02,CMBT,10.82,,,9.72,12.43,7.89,12.82
2025-12-03,CMBT,11.07,,,9.72,12.43,7.89,12.82
2025-12-04,CMBT,10.93,,,9.72,12.43,7.89,12.82
2025-12-05,CMBT,10.81,,,9.72,12.43,7.89,12.82
2025-12-08,CMBT,,10.78,11.31,9.72,12.43,7.89,12.82
2025-12-01,CMCSA,26.58,,,24.1,28.26,22.38,31.05
2025-12-02,CMCSA,27.02,,,24.1,28.26,22.38,31.05
2025-12-03,CMCSA,27.43,,,24.1,28.26,22.38,31.05
2025-12-04,CMCSA,27.2,,,24.1,28.26,22.38,31.05
2025-12-05,CMCSA,27.31,,,24.1,28.26,22.38,31.05
2025-12-08,CMCSA,,27.4,30.75,24.1,28.26,22.38,31.05
2025-12-01,CME,278.99,,,260.52,295.63,247.44,315.62
2025-12-02,CME,277.49,,,260.52,295.63,247.44,315.62
2025-12-03,CME,274.34,,,260.52,295.63,247.44,315.62
2025-12-04,CME,273.19,,,260.52,295.63,247.44,315.62
2025-12-05,CME,270.87,,,260.52,295.63,247.44,315.62
2025-12-08,CME,,249.79,321.23,260.52,295.63,247.44,315.62
2025-12-01,CMG,34.24,,,26.85,39.67,26.16,40.59
2025-12-02,CMG,34.14,,,26.85,39.67,26.16,40.59
2025-12-03,CMG,33.93,,,26.85,39.67,26.16,40.59
2025-12-04,CMG,34.15,,,26.85,39.67,26.16,40.59
2025-12-05,CMG,33.94,,,26.85,39.67,26.16,40.59
2025-12-08,CMG,,33.19,33.25,26.85,39.67,26.16,40.59
2025-12-01,CMI,496.15,,,473.2,551.66,417.93,602.86
2025-12-02,CMI,501.5,,,473.2,551.66,417.93,602.86
2025-12-03,CMI,507.81,,,473.2,551.66,417.93,602.86
2025-12-04,CMI,510.74,,,473.2,551.66,417.93,602.86
2025-12-05,CMI,510.65,,,473.2,551.66,417.93,602.86
2025-12-08,CMI,,414.09,580.32,473.2,551.66,417.93,602.86
2025-12-01,CMRE,15.53,,,13.92,18.07,11.63,19.42
2025-12-02,CMRE,15.82,,,13.92,18.07,11.63,19.42
2025-12-03,CMRE,16.14,,,13.92,18.07,11.63,19.42
2025-12-04,CMRE,16.33,,,13.92,18.07,11.63,19.42
2025-12-05,CMRE,16.13,,,13.92,18.07,11.63,19.42
2025-12-08,CMRE,,15.51,17.43,13.92,18.07,11.63,19.42
2025-12-01,CMS,73.16,,,69.1,78.65,64.97,84.95
2025-12-02,CMS,72.64,,,69.1,78.65,64.97,84.95
2025-12-03,CMS,72.19,,,69.1,78.65,64.97,84.95
2025-12-04,CMS,71.7,,,69.1,78.65,64.97,84.95
2025-12-05,CMS,71.09,,,69.1,78.65,64.97,84.95
2025-12-08,CMS,,70.07,70.1,69.1,78.65,64.97,84.95
2025-12-01,CNC,37.89,,,35.97,44.79,24.65,49.36
2025-12-02,CNC,38.81,,,35.97,44.79,24.65,49.36
2025-12-03,CNC,38.81,,,35.97,44.79,24.65,49.36
2025-12-04,CNC,38.85,,,35.97,44.79,24.65,49.36
2025-12-05,CNC,38.34,,,35.97,44.79,24.65,49.36
2025-12-08,CNC,,37.55,39.18,35.97,44.79,24.65,49.36
2025-12-01,CNP,39.13,,,36.97,41.98,35.63,44.59
2025-12-02,CNP,38.35,,,36.97,41.98,35.63,44.59
2025-12-03,CNP,38.38,,,36.97,41.98,35.63,44.59
2025-12-04,CNP,38.54,,,36.97,41.98,35.63,44.59
2025-12-05,CNP,38.43,,,36.97,41.98,35.63,44.59
2025-12-08,CNP,,34.12,38.8,36.97,41.98,35.63,44.59
2025-12-01,CNR,77.32,,,68.59,95.76,64.0,102.67
2025-12-02,CNR,77.81,,,68.59,95.76,64.0,102.67
2025-12-03,CNR,82.68,,,68.59,95.76,64.0,102.67
2025-12-04,CNR,84.04,,,68.59,95.76,64.0,102.67
2025-12-05,CNR,83.27,,,68.59,95.76,64.0,102.67
2025-12-08,CNR,,69.06,88.79,68.59,95.76,64.0,102.67
2025-12-01,COF,220.37,,,196.11,244.26,190.61,262.1
2025-12-02,COF,224.0,,,196.11,244.26,190.61,262.1
2025-12-03,COF,227.24,,,196.11,244.26,190.61,262.1
2025-12-04,COF,229.71,,,196.11,244.26,190.61,262.1
2025-12-05,COF,230.68,,,196.11,244.26,190.61,262.1
2025-12-08,COF,,213.09,245.07,196.11,244.26,190.61,262.1
2025-12-01,COIN,259.84,,,216.39,311.88,191.08,423.51
2025-12-02,COIN,263.26,,,216.39,311.88,191.08,423.51
2025-12-03,COIN,276.92,,,216.39,311.88,191.08,423.51
2025-12-04,COIN,274.05,,,216.39,311.88,191.08,423.51
2025-12-05,COIN,269.73,,,216.39,311.88,191.08,423.51
2025-12-08,COIN,,258.22,308.19,216.39,311.88,191.08,423.51
2025-12-01,COMT,26.98,,,25.69,27.78,24.84,29.29
2025-12-02,COMT,26.88,,,25.69,27.78,24.84,29.29
2025-12-03,COMT,26.9649,,,25.69,27.78,24.84,29.29
2025-12-04,COMT,27.0717,,,25.69,27.78,24.84,29.29
2025-12-05,COMT,27.22,,,25.69,27.78,24.84,29.29
2025-12-08,COMT,,24.88,29.72,25.69,27.78,24.84,29.29
2025-12-01,COO,77.41,,,72.43,92.77,63.42,92.68
2025-12-02,COO,75.84,,,72.43,92.77,63.42,92.68
2025-12-03,COO,75.98,,,72.43,92.77,63.42,92.68
2025-12-04,COO,77.03,,,72.43,92.77,63.42,92.68
2025-12-05,COO,81.4,,,72.43,92.77,63.42,92.68
2025-12-08,COO,,63.69,112.84,72.43,92.77,63.42,92.68
2025-12-01,COP,90.26,,,81.48,98.89,77.66,100.4
2025-12-02,COP,89.29,,,81.48,98.89,77.66,100.4
2025-12-03,COP,91.81,,,81.48,98.89,77.66,100.4
2025-12-04,COP,93.12,,,81.48,98.89,77.66,100.4
2025-12-05,COP,93.69,,,81.48,98.89,77.66,100.4
2025-12-08,COP,,89.26,96.86,81.48,98.89,77.66,100.4
2025-12-01,COR,360.12,,,326.69,405.03,317.49,421.72
2025-12-02,COR,350.67,,,326.69,405.03,317.49,421.72
2025-12-03,COR,335.31,,,326.69,405.03,317.49,421.72
2025-12-04,COR,337.63,,,326.69,405.03,317.49,421.72
2025-12-05,COR,339.66,,,326.69,405.03,317.49,421.72
2025-12-08,COR,,267.68,437.39,326.69,405.03,317.49,421.72
2025-12-01,CORN,17.9073,,,17.19,18.62,16.21,19.29
2025-12-02,CORN,18.05,,,17.19,18.62,16.21,19.29
2025-12-03,CORN,17.81,,,17.19,18.62,16.21,19.29
2025-12-04,CORN,17.89,,,17.19,18.62,16.21,19.29
2025-12-05,CORN,17.85,,,17.19,18.62,16.21,19.29
2025-12-08,CORN,,16.46,18.15,17.19,18.62,16.21,19.29
2025-12-01,COST,911.96,,,840.69,946.7,808.28,1056.04
2025-12-02,COST,922.03,,,840.69,946.7,808.28,1056.04
2025-12-03,COST,922.26,,,840.69,946.7,808.28,1056.04
2025-12-04,COST,895.855,,,840.69,946.7,808.28,1056.04
2025-12-05,COST,894.68,,,840.69,946.7,808.28,1056.04
2025-12-08,COST,,747.01,1267.31,840.69,946.7,808.28,1056.04
2025-12-01,CPAY,296.27,,,261.91,325.82,236.65,349.42
2025-12-02,CPAY,294.95,,,261.91,325.82,236.65,349.42
2025-12-03,CPAY,299.89,,,261.91,325.82,236.65,349.42
2025-12-04,CPAY,297.39,,,261.91,325.82,236.65,349.42
2025-12-05,CPAY,310.64,,,261.91,325.82,236.65,349.42
2025-12-08,CPAY,,249.94,386.63,261.91,325.82,236.65,349.42
2025-12-01,CPB,30.59,,,27.8,32.48,26.32,33.56
2025-12-02,CPB,29.89,,,27.8,32.48,26.32,33.56
2025-12-03,CPB,29.84,,,27.8,32.48,26.32,33.56
2025-12-04,CPB,29.36,,,27.8,32.48,26.32,33.56
2025-12-05,CPB,29.6,,,27.8,32.48,26.32,33.56
2025-12-08,CPB,,27.19,33.53,27.8,32.48,26.32,33.56
2025-12-01,CPER,32.29,,,30.31,35.46,29.06,37.97
2025-12-02,CPER,32.14,,,30.31,35.46,29.06,37.97
2025-12-03,CPER,33.03,,,30.31,35.46,29.06,37.97
2025-12-04,CPER,32.84,,,30.31,35.46,29.06,37.97
2025-12-05,CPER,33.35,,,30.31,35.46,29.06,37.97
2025-12-08,CPER,,32.47,34.12,30.31,35.46,29.06,37.97
2025-12-01,CPRT,39.15,,,35.96,40.75,34.03,47.8
2025-12-02,CPRT,38.96,,,35.96,40.75,34.03,47.8
2025-12-03,CPRT,38.85,,,35.96,40.75,34.03,47.8
2025-12-04,CPRT,38.8,,,35.96,40.75,34.03,47.8
2025-12-05,CPRT,38.72,,,35.96,40.75,34.03,47.8
2025-12-08,CPRT,,38.07,40.91,35.96,40.75,34.03,47.8
2025-12-01,CPT,106.06,,,98.32,110.89,90.12,119.65
2025-12-02,CPT,106.0,,,98.32,110.89,90.12,119.65
2025-12-03,CPT,105.56,,,98.32,110.89,90.12,119.65
2025-12-04,CPT,104.51,,,98.32,110.89,90.12,119.65
2025-12-05,CPT,103.88,,,98.32,110.89,90.12,119.65
2025-12-08,CPT,,82.75,118.18,98.32,110.89,90.12,119.65
2025-12-01,CRESY,11.5,,,10.06,14.59,9.68,14.72
2025-12-02,CRESY,11.34,,,10.06,14.59,9.68,14.72
2025-12-03,CRESY,11.74,,,10.06,14.59,9.68,14.72
2025-12-04,CRESY,11.68,,,10.06,14.59,9.68,14.72
2025-12-05,CRESY,11.49,,,10.06,14.59,9.68,14.72
2025-12-08,CRESY,,9.67,13.08,10.06,14.59,9.68,14.72
2025-12-01,CRL,176.09,,,157.41,202.14,133.87,210.34
2025-12-02,CRL,174.76,,,157.41,202.14,133.87,210.34
2025-12-03,CRL,184.67,,,157.41,202.14,133.87,210.34
2025-12-04,CRL,184.04,,,157.41,202.14,133.87,210.34
2025-12-05,CRL,184.31,,,157.41,202.14,133.87,210.34
2025-12-08,CRL,,174.52,189.91,157.41,202.14,133.87,210.34
2025-12-01,CRM,232.83,,,216.12,264.38,195.73,294.2
2025-12-02,CRM,234.71,,,216.12,264.38,195.73,294.2
2025-12-03,CRM,238.72,,,216.12,264.38,195.73,294.2
2025-12-04,CRM,247.46,,,216.12,264.38,195.73,294.2
2025-12-05,CRM,260.57,,,216.12,264.38,195.73,294.2
2025-12-08,CRM,,146.46,324.24,216.12,264.38,195.73,294.2
2025-12-01,CRWD,504.13,,,464.85,582.97,426.2,663.02
2025-12-02,CRWD,516.55,,,464.85,582.97,426.2,663.02
2025-12-03,CRWD,524.17,,,464.85,582.97,426.2,663.02
2025-12-04,CRWD,513.12,,,464.85,582.97,426.2,663.02
2025-12-05,CRWD,512.03,,,464.85,582.97,426.2,663.02
2025-12-08,CRWD,,482.69,573.2,464.85,582.97,426.2,663.02
2025-12-01,CSCO,76.04,,,72.63,82.92,64.74,92.54
2025-12-02,CSCO,76.87,,,72.63,82.92,64.74,92.54
2025-12-03,CSCO,77.75,,,72.63,82.92,64.74,92.54
2025-12-04,CSCO,77.76,,,72.63,82.92,64.74,92.54
2025-12-05,CSCO,77.97,,,72.63,82.92,64.74,92.54
2025-12-08,CSCO,,54.54,81.08,72.63,82.92,64.74,92.54
2025-12-01,CSGP,68.02,,,60.29,72.59,56.74,80.02
2025-12-02,CSGP,68.2,,,60.29,72.59,56.74,80.02
2025-12-03,CSGP,69.02,,,60.29,72.59,56.74,80.02
2025-12-04,CSGP,68.19,,,60.29,72.59,56.74,80.02
2025-12-05,CSGP,68.01,,,60.29,72.59,56.74,80.02
2025-12-08,CSGP,,64.97,70.43,60.29,72.59,56.74,80.02
2025-12-01,CSX,34.85,,,33.02,38.1,30.49,40.59
2025-12-02,CSX,34.97,,,33.02,38.1,30.49,40.59
2025-12-03,CSX,35.95,,,33.02,38.1,30.49,40.59
2025-12-04,CSX,36.18,,,33.02,38.1,30.49,40.59
2025-12-05,CSX,36.3,,,33.02,38.1,30.49,40.59
2025-12-08,CSX,,34.0,37.27,33.02,38.1,30.49,40.59
2025-12-01,CTAS,185.43,,,172.35,192.16,161.7,218.38
2025-12-02,CTAS,184.19,,,172.35,192.16,161.7,218.38
2025-12-03,CTAS,184.71,,,172.35,192.16,161.7,218.38
2025-12-04,CTAS,184.03,,,172.35,192.16,161.7,218.38
2025-12-05,CTAS,186.75,,,172.35,192.16,161.7,218.38
2025-12-08,CTAS,,158.93,258.72,172.35,192.16,161.7,218.38
2025-12-01,CTRA,26.95,,,24.38,30.6,22.01,31.25
2025-12-02,CTRA,26.39,,,24.38,30.6,22.01,31.25
2025-12-03,CTRA,27.16,,,24.38,30.6,22.01,31.25
2025-12-04,CTRA,27.34,,,24.38,30.6,22.01,31.25
2025-12-05,CTRA,27.39,,,24.38,30.6,22.01,31.25
2025-12-08,CTRA,,20.9,34.67,24.38,30.6,22.01,31.25
2025-12-01,CTSH,77.43,,,72.62,85.36,64.41,90.16
2025-12-02,CTSH,77.69,,,72.62,85.36,64.41,90.16
2025-12-03,CTSH,79.24,,,72.62,85.36,64.41,90.16
2025-12-04,CTSH,80.2,,,72.62,85.36,64.41,90.16
2025-12-05,CTSH,80.72,,,72.62,85.36,64.41,90.16
2025-12-08,CTSH,,73.38,85.07,72.62,85.36,64.41,90.16
2025-12-01,CTVA,66.54,,,60.17,71.01,56.8,77.0
2025-12-02,CTVA,65.6,,,60.17,71.01,56.8,77.0
2025-12-03,CTVA,65.3,,,60.17,71.01,56.8,77.0
2025-12-04,CTVA,66.29,,,60.17,71.01,56.8,77.0
2025-12-05,CTVA,66.0,,,60.17,71.01,56.8,77.0
2025-12-08,CTVA,,62.94,69.79,60.17,71.01,56.8,77.0
2025-12-01,CVS,79.1,,,72.6,86.9,63.7,93.51
2025-12-02,CVS,77.62,,,72.6,86.9,63.7,93.51
2025-12-03,CVS,75.0,,,72.6,86.9,63.7,93.51
2025-12-04,CVS,76.75,,,72.6,86.9,63.7,93.51
2025-12-05,CVS,75.63,,,72.6,86.9,63.7,93.51
2025-12-08,CVS,,64.96,83.81,72.6,86.9,63.7,93.51
2025-12-01,CVX,152.54,,,141.52,158.12,135.29,173.18
2025-12-02,CVX,150.25,,,141.52,158.12,135.29,173.18
2025-12-03,CVX,151.59,,,141.52,158.12,135.29,173.18
2025-12-04,CVX,152.26,,,141.52,158.12,135.29,173.18
2025-12-05,CVX,150.0,,,141.52,158.12,135.29,173.18
2025-12-08,CVX,,140.17,167.23,141.52,158.12,135.29,173.18
2025-12-01,D,60.8,,,57.2,64.83,53.98,68.85
2025-12-02,D,60.35,,,57.2,64.83,53.98,68.85
2025-12-03,D,60.03,,,57.2,64.83,53.98,68.85
2025-12-04,D,59.84,,,57.2,64.83,53.98,68.85
2025-12-05,D,58.49,,,57.2,64.83,53.98,68.85
2025-12-08,D,,50.39,60.37,57.2,64.83,53.98,68.85
2025-12-01,DAL,64.15,,,57.01,71.21,50.71,80.01
2025-12-02,DAL,65.14,,,57.01,71.21,50.71,80.01
2025-12-03,DAL,67.49,,,57.01,71.21,50.71,80.01
2025-12-04,DAL,67.24,,,57.01,71.21,50.71,80.01
2025-12-05,DAL,67.1,,,57.01,71.21,50.71,80.01
2025-12-08,DAL,,63.67,69.45,57.01,71.21,50.71,80.01
2025-12-01,DASH,205.58,,,162.36,238.58,170.23,296.15
2025-12-02,DASH,216.98,,,162.36,238.58,170.23,296.15
2025-12-03,DASH,222.48,,,162.36,238.58,170.23,296.15
2025-12-04,DASH,221.19,,,162.36,238.58,170.23,296.15
2025-12-05,DASH,225.0,,,162.36,238.58,170.23,296.15
2025-12-08,DASH,,222.41,308.0,162.36,238.58,170.23,296.15
2025-12-01,DAY,69.12,,,65.53,73.56,58.37,79.07
2025-12-02,DAY,69.11,,,65.53,73.56,58.37,79.07
2025-12-03,DAY,69.1,,,65.53,73.56,58.37,79.07
2025-12-04,DAY,69.11,,,65.53,73.56,58.37,79.07
2025-12-05,DAY,69.07,,,65.53,73.56,58.37,79.07
2025-12-08,DAY,,66.38,69.37,65.53,73.56,58.37,79.07
2025-12-01,DBA,26.29,,,24.65,27.2,24.06,29.84
2025-12-02,DBA,26.41,,,24.65,27.2,24.06,29.84
2025-12-03,DBA,26.38,,,24.65,27.2,24.06,29.84
2025-12-04,DBA,26.46,,,24.65,27.2,24.06,29.84
2025-12-05,DBA,26.52,,,24.65,27.2,24.06,29.84
2025-12-08,DBA,,24.66,27.11,24.65,27.2,24.06,29.84
2025-12-01,DBB,22.01,,,20.87,23.42,19.97,24.38
2025-12-02,DBB,21.89,,,20.87,23.42,19.97,24.38
2025-12-03,DBB,22.24,,,20.87,23.42,19.97,24.38
2025-12-04,DBB,22.21,,,20.87,23.42,19.97,24.38
2025-12-05,DBB,22.43,,,20.87,23.42,19.97,24.38
2025-12-08,DBB,,21.53,23.27,20.87,23.42,19.97,24.38
2025-12-01,DBC,23.12,,,21.83,24.02,21.13,25.03
2025-12-02,DBC,23.02,,,21.83,24.02,21.13,25.03
2025-12-03,DBC,23.13,,,21.83,24.02,21.13,25.03
2025-12-04,DBC,23.19,,,21.83,24.02,21.13,25.03
2025-12-05,DBC,23.33,,,21.83,24.02,21.13,25.03
2025-12-08,DBC,,21.52,25.29,21.83,24.02,21.13,25.03
2025-12-01,DD,39.91,,,24.15,53.45,25.77,52.13
2025-12-02,DD,39.52,,,24.15,53.45,25.77,52.13
2025-12-03,DD,39.66,,,24.15,53.45,25.77,52.13
2025-12-04,DD,39.82,,,24.15,53.45,25.77,52.13
2025-12-05,DD,40.51,,,24.15,53.45,25.77,52.13
2025-12-08,DD,,37.83,43.44,24.15,53.45,25.77,52.13
2025-12-01,DDOG,157.9,,,141.74,188.19,131.62,220.73
2025-12-02,DDOG,156.48,,,141.74,188.19,131.62,220.73
2025-12-03,DDOG,155.83,,,141.74,188.19,131.62,220.73
2025-12-04,DDOG,153.0,,,141.74,188.19,131.62,220.73
2025-12-05,DDOG,151.41,,,141.74,188.19,131.62,220.73
2025-12-08,DDOG,,146.87,158.53,141.74,188.19,131.62,220.73
2025-12-01,DE,468.11,,,437.92,514.28,416.5,546.82
2025-12-02,DE,469.15,,,437.92,514.28,416.5,546.82
2025-12-03,DE,481.82,,,437.92,514.28,416.5,546.82
2025-12-04,DE,483.03,,,437.92,514.28,416.5,546.82
2025-12-05,DE,475.11,,,437.92,514.28,416.5,546.82
2025-12-08,DE,,382.29,506.99,437.92,514.28,416.5,546.82
2025-12-01,DECK,92.02,,,75.88,101.29,66.62,114.74
2025-12-02,DECK,91.77,,,75.88,101.29,66.62,114.74
2025-12-03,DECK,94.97,,,75.88,101.29,66.62,114.74
2025-12-04,DECK,96.25,,,75.88,101.29,66.62,114.74
2025-12-05,DECK,99.7,,,75.88,101.29,66.62,114.74
2025-12-08,DECK,,94.43,104.98,75.88,101.29,66.62,114.74
2025-12-01,DELL,132.09,,,113.05,157.29,101.45,197.26
2025-12-02,DELL,135.95,,,113.05,157.29,101.45,197.26
2025-12-03,DELL,133.63,,,113.05,157.29,101.45,197.26
2025-12-04,DELL,138.99,,,113.05,157.29,101.45,197.26
2025-12-05,DELL,138.91,,,113.05,157.29,101.45,197.26
2025-12-08,DELL,,133.85,143.88,113.05,157.29,101.45,197.26
2025-12-01,DG,109.34,,,97.64,140.0,86.99,142.8
2025-12-02,DG,110.03,,,97.64,140.0,86.99,142.8
2025-12-03,DG,109.89,,,97.64,140.0,86.99,142.8
2025-12-04,DG,125.29,,,97.64,140.0,86.99,142.8
2025-12-05,DG,132.37,,,97.64,140.0,86.99,142.8
2025-12-08,DG,,101.65,169.22,97.64,140.0,86.99,142.8
2025-12-01,DGX,183.77,,,177.8,203.83,168.59,210.54
2025-12-02,DGX,182.55,,,177.8,203.83,168.59,210.54
2025-12-03,DGX,182.61,,,177.8,203.83,168.59,210.54
2025-12-04,DGX,184.18,,,177.8,203.83,168.59,210.54
2025-12-05,DGX,182.51,,,177.8,203.83,168.59,210.54
2025-12-08,DGX,,166.74,206.67,177.8,203.83,168.59,210.54
2025-12-01,DHI,157.37,,,135.22,175.54,125.61,189.88
2025-12-02,DHI,158.46,,,135.22,175.54,125.61,189.88
2025-12-03,DHI,165.0,,,135.22,175.54,125.61,189.88
2025-12-04,DHI,160.73,,,135.22,175.54,125.61,189.88
2025-12-05,DHI,158.62,,,135.22,175.54,125.61,189.88
2025-12-08,DHI,,149.27,181.8,135.22,175.54,125.61,189.88
2025-12-01,DHR,224.14,,,212.03,255.91,193.46,257.8
2025-12-02,DHR,226.59,,,212.03,255.91,193.46,257.8
2025-12-03,DHR,228.46,,,212.03,255.91,193.46,257.8
2025-12-04,DHR,227.13,,,212.03,255.91,193.46,257.8
2025-12-05,DHR,226.25,,,212.03,255.91,193.46,257.8
2025-12-08,DHR,,223.01,231.24,212.03,255.91,193.46,257.8
2025-12-01,DHT,12.9,,,11.99,14.46,11.4,15.28
2025-12-02,DHT,12.84,,,11.99,14.46,11.4,15.28
2025-12-03,DHT,12.92,,,11.99,14.46,11.4,15.28
2025-12-04,DHT,12.75,,,11.99,14.46,11.4,15.28
2025-12-05,DHT,12.76,,,11.99,14.46,11.4,15.28
2025-12-08,DHT,,11.82,13.8,11.99,14.46,11.4,15.28
2025-12-01,DIA,473.32,,,446.91,504.46,427.43,527.13
2025-12-02,DIA,475.26,,,446.91,504.46,427.43,527.13
2025-12-03,DIA,479.41,,,446.91,504.46,427.43,527.13
2025-12-04,DIA,479.07,,,446.91,504.46,427.43,527.13
2025-12-05,DIA,480.03,,,446.91,504.46,427.43,527.13
2025-12-08,DIA,,374.18,584.81,446.91,504.46,427.43,527.13
2025-12-01,DIS,106.77,,,97.57,111.41,88.47,130.04
2025-12-02,DIS,104.83,,,97.57,111.41,88.47,130.04
2025-12-03,DIS,105.74,,,97.57,111.41,88.47,130.04
2025-12-04,DIS,105.47,,,97.57,111.41,88.47,130.04
2025-12-05,DIS,105.3,,,97.57,111.41,88.47,130.04
2025-12-08,DIS,,106.85,104.1,97.57,111.41,88.47,130.04
2025-12-01,DJI,47289.328125,,,45524.35,49524.78,44395.85,50661.87
2025-12-02,DJI,47474.4609375,,,45524.35,49524.78,44395.85,50661.87
2025-12-03,DJI,47882.8984375,,,45524.35,49524.78,44395.85,50661.87
2025-12-04,DJI,47850.94140625,,,45524.35,49524.78,44395.85,50661.87
2025-12-05,DJI,47954.98828125,,,45524.35,49524.78,44395.85,50661.87
2025-12-08,DJI,,44289.58,47953.11,45524.35,49524.78,44395.85,50661.87
2025-12-01,DLR,156.39,,,147.39,170.78,138.37,192.0
2025-12-02,DLR,156.5,,,147.39,170.78,138.37,192.0
2025-12-03,DLR,159.69,,,147.39,170.78,138.37,192.0
2025-12-04,DLR,161.02,,,147.39,170.78,138.37,192.0
2025-12-05,DLR,164.73,,,147.39,170.78,138.37,192.0
2025-12-08,DLR,,139.71,181.0,147.39,170.78,138.37,192.0
2025-12-01,DLTR,109.89,,,96.0,133.78,83.38,136.59
2025-12-02,DLTR,108.99,,,96.0,133.78,83.38,136.59
2025-12-03,DLTR,112.92,,,96.0,133.78,83.38,136.59
2025-12-04,DLTR,115.87,,,96.0,133.78,83.38,136.59
2025-12-05,DLTR,122.44,,,96.0,133.78,83.38,136.59
2025-12-08,DLTR,,86.38,135.47,96.0,133.78,83.38,136.59
2025-12-01,DOC,18.19,,,16.48,19.31,15.57,20.04
2025-12-02,DOC,18.04,,,16.48,19.31,15.57,20.04
2025-12-03,DOC,17.29,,,16.48,19.31,15.57,20.04
2025-12-04,DOC,17.18,,,16.48,19.31,15.57,20.04
2025-12-05,DOC,17.02,,,16.48,19.31,15.57,20.04
2025-12-08,DOC,,16.88,19.51,16.48,19.31,15.57,20.04
2025-12-01,DOV,184.89,,,170.34,204.94,159.34,213.9
2025-12-02,DOV,187.48,,,170.34,204.94,159.34,213.9
2025-12-03,DOV,190.27,,,170.34,204.94,159.34,213.9
2025-12-04,DOV,190.64,,,170.34,204.94,159.34,213.9
2025-12-05,DOV,191.09,,,170.34,204.94,159.34,213.9
2025-12-08,DOV,,191.29,190.63,170.34,204.94,159.34,213.9
2025-12-01,DOW,23.84,,,20.82,26.19,17.58,26.32
2025-12-02,DOW,23.86,,,20.82,26.19,17.58,26.32
2025-12-03,DOW,23.76,,,20.82,26.19,17.58,26.32
2025-12-04,DOW,22.87,,,20.82,26.19,17.58,26.32
2025-12-05,DOW,22.96,,,20.82,26.19,17.58,26.32
2025-12-08,DOW,,20.19,25.69,20.82,26.19,17.58,26.32
2025-12-01,DPZ,423.85,,,385.83,440.27,366.44,473.41
2025-12-02,DPZ,424.64,,,385.83,440.27,366.44,473.41
2025-12-03,DPZ,431.69,,,385.83,440.27,366.44,473.41
2025-12-04,DPZ,427.07,,,385.83,440.27,366.44,473.41
2025-12-05,DPZ,416.55,,,385.83,440.27,366.44,473.41
2025-12-08,DPZ,,386.22,451.69,385.83,440.27,366.44,473.41
2025-12-01,DRI,173.94,,,155.82,193.0,154.96,201.73
2025-12-02,DRI,174.64,,,155.82,193.0,154.96,201.73
2025-12-03,DRI,177.32,,,155.82,193.0,154.96,201.73
2025-12-04,DRI,176.26,,,155.82,193.0,154.96,201.73
2025-12-05,DRI,177.72,,,155.82,193.0,154.96,201.73
2025-12-08,DRI,,166.58,179.18,155.82,193.0,154.96,201.73
2025-12-01,DTE,133.27,,,124.79,142.99,122.61,151.57
2025-12-02,DTE,131.55,,,124.79,142.99,122.61,151.57
2025-12-03,DTE,133.18,,,124.79,142.99,122.61,151.57
2025-12-04,DTE,132.16,,,124.79,142.99,122.61,151.57
2025-12-05,DTE,131.23,,,124.79,142.99,122.61,151.57
2025-12-08,DTE,,126.23,141.74,124.79,142.99,122.61,151.57
2025-12-01,DUK,120.75,,,113.19,128.4,110.45,138.75
2025-12-02,DUK,119.69,,,113.19,128.4,110.45,138.75
2025-12-03,DUK,118.62,,,113.19,128.4,110.45,138.75
2025-12-04,DUK,117.97,,,113.19,128.4,110.45,138.75
2025-12-05,DUK,116.52,,,113.19,128.4,110.45,138.75
2025-12-08,DUK,,95.4,136.55,113.19,128.4,110.45,138.75
2025-12-01,DVA,119.24,,,109.83,123.74,104.53,139.86
2025-12-02,DVA,119.18,,,109.83,123.74,104.53,139.86
2025-12-03,DVA,118.25,,,109.83,123.74,104.53,139.86
2025-12-04,DVA,117.28,,,109.83,123.74,104.53,139.86
2025-12-05,DVA,117.39,,,109.83,123.74,104.53,139.86
2025-12-08,DVA,,102.25,137.95,109.83,123.74,104.53,139.86
2025-12-01,DVN,37.86,,,34.01,40.97,28.8,41.84
2025-12-02,DVN,37.26,,,34.01,40.97,28.8,41.84
2025-12-03,DVN,37.69,,,34.01,40.97,28.8,41.84
2025-12-04,DVN,37.71,,,34.01,40.97,28.8,41.84
2025-12-05,DVN,37.47,,,34.01,40.97,28.8,41.84
2025-12-08,DVN,,37.6,39.82,34.01,40.97,28.8,41.84
2025-12-01,DXCM,63.52,,,54.3,69.66,44.35,76.01
2025-12-02,DXCM,64.45,,,54.3,69.66,44.35,76.01
2025-12-03,DXCM,64.85,,,54.3,69.66,44.35,76.01
2025-12-04,DXCM,65.25,,,54.3,69.66,44.35,76.01
2025-12-05,DXCM,65.49,,,54.3,69.66,44.35,76.01
2025-12-08,DXCM,,63.6,70.74,54.3,69.66,44.35,76.01
2025-12-01,EA,202.62,,,188.11,221.44,179.95,232.0
2025-12-02,EA,203.24,,,188.11,221.44,179.95,232.0
2025-12-03,EA,203.21,,,188.11,221.44,179.95,232.0
2025-12-04,EA,203.44,,,188.11,221.44,179.95,232.0
2025-12-05,EA,203.92,,,188.11,221.44,179.95,232.0
2025-12-08,EA,,170.06,253.8,188.11,221.44,179.95,232.0
2025-12-01,EBAY,82.73,,,74.7,89.27,73.36,103.21
2025-12-02,EBAY,82.91,,,74.7,89.27,73.36,103.21
2025-12-03,EBAY,82.0,,,74.7,89.27,73.36,103.21
2025-12-04,EBAY,82.13,,,74.7,89.27,73.36,103.21
2025-12-05,EBAY,82.47,,,74.7,89.27,73.36,103.21
2025-12-08,EBAY,,75.86,90.95,74.7,89.27,73.36,103.21
2025-12-01,EC,9.95,,,9.16,10.93,8.02,11.94
2025-12-02,EC,9.91,,,9.16,10.93,8.02,11.94
2025-12-03,EC,10.13,,,9.16,10.93,8.02,11.94
2025-12-04,EC,10.06,,,9.16,10.93,8.02,11.94
2025-12-05,EC,9.89,,,9.16,10.93,8.02,11.94
2025-12-08,EC,,7.4,13.64,9.16,10.93,8.02,11.94
2025-12-01,ECH,37.69,,,35.84,40.53,33.32,43.06
2025-12-02,ECH,38.29,,,35.84,40.53,33.32,43.06
2025-12-03,ECH,38.62,,,35.84,40.53,33.32,43.06
2025-12-04,ECH,38.51,,,35.84,40.53,33.32,43.06
2025-12-05,ECH,38.18,,,35.84,40.53,33.32,43.06
2025-12-08,ECH,,36.25,39.54,35.84,40.53,33.32,43.06
2025-12-01,ECL,272.86,,,246.44,294.44,235.03,307.97
2025-12-02,ECL,270.89,,,246.44,294.44,235.03,307.97
2025-12-03,ECL,264.33,,,246.44,294.44,235.03,307.97
2025-12-04,ECL,264.42,,,246.44,294.44,235.03,307.97
2025-12-05,ECL,259.69,,,246.44,294.44,235.03,307.97
2025-12-08,ECL,,256.65,307.22,246.44,294.44,235.03,307.97
2025-12-01,ED,97.88,,,92.75,104.87,86.89,114.57
2025-12-02,ED,96.87,,,92.75,104.87,86.89,114.57
2025-12-03,ED,96.45,,,92.75,104.87,86.89,114.57
2025-12-04,ED,96.22,,,92.75,104.87,86.89,114.57
2025-12-05,ED,96.6,,,92.75,104.87,86.89,114.57
2025-12-08,ED,,87.73,96.64,92.75,104.87,86.89,114.57
2025-12-01,EDEN,110.58,,,103.35,115.82,98.93,121.39
2025-12-02,EDEN,110.8923,,,103.35,115.82,98.93,121.39
2025-12-03,EDEN,111.5059,,,103.35,115.82,98.93,121.39
2025-12-04,EDEN,111.9811,,,103.35,115.82,98.93,121.39
2025-12-05,EDEN,112.0878,,,103.35,115.82,98.93,121.39
2025-12-08,EDEN,,83.32,139.77,103.35,115.82,98.93,121.39
2025-12-01,EDV,67.57,,,64.82,71.57,62.0,73.32
2025-12-02,EDV,67.62,,,64.82,71.57,62.0,73.32
2025-12-03,EDV,67.84,,,64.82,71.57,62.0,73.32
2025-12-04,EDV,67.35,,,64.82,71.57,62.0,73.32
2025-12-05,EDV,66.84,,,64.82,71.57,62.0,73.32
2025-12-08,EDV,,63.43,73.24,64.82,71.57,62.0,73.32
2025-12-01,EFNL,45.5266,,,42.63,48.93,42.15,50.4
2025-12-02,EFNL,45.734,,,42.63,48.93,42.15,50.4
2025-12-03,EFNL,46.3017,,,42.63,48.93,42.15,50.4
2025-12-04,EFNL,46.32,,,42.63,48.93,42.15,50.4
2025-12-05,EFNL,46.201,,,42.63,48.93,42.15,50.4
2025-12-08,EFNL,,46.68,46.21,42.63,48.93,42.15,50.4
2025-12-01,EFX,208.94,,,191.81,227.02,180.08,237.13
2025-12-02,EFX,208.67,,,191.81,227.02,180.08,237.13
2025-12-03,EFX,209.75,,,191.81,227.02,180.08,237.13
2025-12-04,EFX,211.28,,,191.81,227.02,180.08,237.13
2025-12-05,EFX,211.51,,,191.81,227.02,180.08,237.13
2025-12-08,EFX,,191.2,238.14,191.81,227.02,180.08,237.13
2025-12-01,EG,312.09,,,272.8,334.69,280.3,348.18
2025-12-02,EG,312.21,,,272.8,334.69,280.3,348.18
2025-12-03,EG,314.03,,,272.8,334.69,280.3,348.18
2025-12-04,EG,313.71,,,272.8,334.69,280.3,348.18
2025-12-05,EG,309.97,,,272.8,334.69,280.3,348.18
2025-12-08,EG,,310.14,319.47,272.8,334.69,280.3,348.18
2025-12-01,EIDO,18.79,,,17.95,19.94,16.27,20.95
2025-12-02,EIDO,18.92,,,17.95,19.94,16.27,20.95
2025-12-03,EIDO,18.83,,,17.95,19.94,16.27,20.95
2025-12-04,EIDO,18.79,,,17.95,19.94,16.27,20.95
2025-12-05,EIDO,18.82,,,17.95,19.94,16.27,20.95
2025-12-08,EIDO,,18.68,18.82,17.95,19.94,16.27,20.95
2025-12-01,EIRL,73.1893,,,68.08,76.86,64.91,79.44
2025-12-02,EIRL,72.64,,,68.08,76.86,64.91,79.44
2025-12-03,EIRL,72.8102,,,68.08,76.86,64.91,79.44
2025-12-04,EIRL,72.3719,,,68.08,76.86,64.91,79.44
2025-12-05,EIRL,72.42,,,68.08,76.86,64.91,79.44
2025-12-08,EIRL,,72.47,74.2,68.08,76.86,64.91,79.44
2025-12-01,EIS,104.03,,,99.06,112.52,96.99,121.11
2025-12-02,EIS,105.7,,,99.06,112.52,96.99,121.11
2025-12-03,EIS,107.25,,,99.06,112.52,96.99,121.11
2025-12-04,EIS,107.64,,,99.06,112.52,96.99,121.11
2025-12-05,EIS,107.54,,,99.06,112.52,96.99,121.11
2025-12-08,EIS,,106.68,114.65,99.06,112.52,96.99,121.11
2025-12-01,EIX,58.13,,,54.14,61.98,45.11,71.24
2025-12-02,EIX,57.14,,,54.14,61.98,45.11,71.24
2025-12-03,EIX,57.3,,,54.14,61.98,45.11,71.24
2025-12-04,EIX,57.55,,,54.14,61.98,45.11,71.24
2025-12-05,EIX,58.09,,,54.14,61.98,45.11,71.24
2025-12-08,EIX,,45.09,60.24,54.14,61.98,45.11,71.24
2025-12-01,EL,94.71,,,83.86,112.41,72.9,115.14
2025-12-02,EL,99.64,,,83.86,112.41,72.9,115.14
2025-12-03,EL,102.03,,,83.86,112.41,72.9,115.14
2025-12-04,EL,103.82,,,83.86,112.41,72.9,115.14
2025-12-05,EL,105.13,,,83.86,112.41,72.9,115.14
2025-12-08,EL,,103.37,116.41,83.86,112.41,72.9,115.14
2025-12-01,ELV,329.68,,,297.88,374.11,257.59,386.99
2025-12-02,ELV,330.92,,,297.88,374.11,257.59,386.99
2025-12-03,ELV,330.75,,,297.88,374.11,257.59,386.99
2025-12-04,ELV,333.49,,,297.88,374.11,257.59,386.99
2025-12-05,ELV,330.75,,,297.88,374.11,257.59,386.99
2025-12-08,ELV,,325.75,338.3,297.88,374.11,257.59,386.99
2025-12-01,EME,607.78,,,540.06,700.75,506.93,851.75
2025-12-02,EME,606.37,,,540.06,700.75,506.93,851.75
2025-12-03,EME,612.0,,,540.06,700.75,506.93,851.75
2025-12-04,EME,635.36,,,540.06,700.75,506.93,851.75
2025-12-05,EME,623.62,,,540.06,700.75,506.93,851.75
2025-12-08,EME,,562.53,716.4,540.06,700.75,506.93,851.75
2025-12-01,EMN,61.95,,,53.69,66.31,47.7,70.99
2025-12-02,EMN,60.99,,,53.69,66.31,47.7,70.99
2025-12-03,EMN,61.57,,,53.69,66.31,47.7,70.99
2025-12-04,EMN,60.66,,,53.69,66.31,47.7,70.99
2025-12-05,EMN,61.53,,,53.69,66.31,47.7,70.99
2025-12-08,EMN,,58.93,66.87,53.69,66.31,47.7,70.99
2025-12-01,EMR,131.94,,,121.37,142.93,111.95,163.0
2025-12-02,EMR,131.84,,,121.37,142.93,111.95,163.0
2025-12-03,EMR,134.89,,,121.37,142.93,111.95,163.0
2025-12-04,EMR,136.64,,,121.37,142.93,111.95,163.0
2025-12-05,EMR,137.39,,,121.37,142.93,111.95,163.0
2025-12-08,EMR,,118.18,146.48,121.37,142.93,111.95,163.0
2025-12-01,ENZL,45.48,,,42.94,48.54,41.94,48.44
2025-12-02,ENZL,45.8184,,,42.94,48.54,41.94,48.44
2025-12-03,ENZL,46.1656,,,42.94,48.54,41.94,48.44
2025-12-04,ENZL,46.005,,,42.94,48.54,41.94,48.44
2025-12-05,ENZL,45.995,,,42.94,48.54,41.94,48.44
2025-12-08,ENZL,,45.03,46.41,42.94,48.54,41.94,48.44
2025-12-01,EOG,109.71,,,99.01,116.1,94.17,123.65
2025-12-02,EOG,109.06,,,99.01,116.1,94.17,123.65
2025-12-03,EOG,111.51,,,99.01,116.1,94.17,123.65
2025-12-04,EOG,112.16,,,99.01,116.1,94.17,123.65
2025-12-05,EOG,112.17,,,99.01,116.1,94.17,123.65
2025-12-08,EOG,,110.15,115.26,99.01,116.1,94.17,123.65
2025-12-01,EPAM,190.42,,,168.2,216.8,137.54,229.47
2025-12-02,EPAM,192.99,,,168.2,216.8,137.54,229.47
2025-12-03,EPAM,200.0,,,168.2,216.8,137.54,229.47
2025-12-04,EPAM,201.5,,,168.2,216.8,137.54,229.47
2025-12-05,EPAM,203.6,,,168.2,216.8,137.54,229.47
2025-12-08,EPAM,,185.96,206.7,168.2,216.8,137.54,229.47
2025-12-01,EPHE,25.24,,,23.3,26.44,21.7,27.42
2025-12-02,EPHE,25.06,,,23.3,26.44,21.7,27.42
2025-12-03,EPHE,24.68,,,23.3,26.44,21.7,27.42
2025-12-04,EPHE,24.2,,,23.3,26.44,21.7,27.42
2025-12-05,EPHE,24.73,,,23.3,26.44,21.7,27.42
2025-12-08,EPHE,,23.27,25.16,23.3,26.44,21.7,27.42
2025-12-01,EPOL,33.9,,,31.74,36.01,31.19,37.95
2025-12-02,EPOL,33.65,,,31.74,36.01,31.19,37.95
2025-12-03,EPOL,33.61,,,31.74,36.01,31.19,37.95
2025-12-04,EPOL,33.53,,,31.74,36.01,31.19,37.95
2025-12-05,EPOL,33.44,,,31.74,36.01,31.19,37.95
2025-12-08,EPOL,,27.43,41.21,31.74,36.01,31.19,37.95
2025-12-01,EPU,64.57,,,58.85,72.87,57.14,77.64
2025-12-02,EPU,64.67,,,58.85,72.87,57.14,77.64
2025-12-03,EPU,66.03,,,58.85,72.87,57.14,77.64
2025-12-04,EPU,67.0,,,58.85,72.87,57.14,77.64
2025-12-05,EPU,67.03,,,58.85,72.87,57.14,77.64
2025-12-08,EPU,,55.83,80.81,58.85,72.87,57.14,77.64
2025-12-01,EQIX,733.28,,,669.4,815.71,654.63,877.55
2025-12-02,EQIX,727.38,,,669.4,815.71,654.63,877.55
2025-12-03,EQIX,732.72,,,669.4,815.71,654.63,877.55
2025-12-04,EQIX,726.09,,,669.4,815.71,654.63,877.55
2025-12-05,EQIX,741.58,,,669.4,815.71,654.63,877.55
2025-12-08,EQIX,,633.53,843.69,669.4,815.71,654.63,877.55
2025-12-01,EQR,61.44,,,57.76,63.82,53.65,68.79
2025-12-02,EQR,61.98,,,57.76,63.82,53.65,68.79
2025-12-03,EQR,62.03,,,57.76,63.82,53.65,68.79
2025-12-04,EQR,61.61,,,57.76,63.82,53.65,68.79
2025-12-05,EQR,61.06,,,57.76,63.82,53.65,68.79
2025-12-08,EQR,,57.68,69.9,57.76,63.82,53.65,68.79
2025-12-01,EQT,60.52,,,53.03,66.98,50.3,72.19
2025-12-02,EQT,58.6,,,53.03,66.98,50.3,72.19
2025-12-03,EQT,61.17,,,53.03,66.98,50.3,72.19
2025-12-04,EQT,60.07,,,53.03,66.98,50.3,72.19
2025-12-05,EQT,60.68,,,53.03,66.98,50.3,72.19
2025-12-08,EQT,,55.9,63.36,53.03,66.98,50.3,72.19
2025-12-01,ERIE,293.76,,,270.5,315.63,247.83,346.21
2025-12-02,ERIE,295.95,,,270.5,315.63,247.83,346.21
2025-12-03,ERIE,296.21,,,270.5,315.63,247.83,346.21
2025-12-04,ERIE,299.78,,,270.5,315.63,247.83,346.21
2025-12-05,ERIE,296.46,,,270.5,315.63,247.83,346.21
2025-12-08,ERIE,,279.99,309.51,270.5,315.63,247.83,346.21
2025-12-01,ES,66.55,,,60.16,73.48,58.2,78.94
2025-12-02,ES,66.31,,,60.16,73.48,58.2,78.94
2025-12-03,ES,65.97,,,60.16,73.48,58.2,78.94
2025-12-04,ES,67.06,,,60.16,73.48,58.2,78.94
2025-12-05,ES,66.74,,,60.16,73.48,58.2,78.94
2025-12-08,ES,,59.39,74.45,60.16,73.48,58.2,78.94
2025-12-01,ES=F,6825.5,,,6555.36,7174.59,6324.51,7350.41
2025-12-02,ES=F,6838.75,,,6555.36,7174.59,6324.51,7350.41
2025-12-03,ES=F,6865.0,,,6555.36,7174.59,6324.51,7350.41
2025-12-04,ES=F,6867.0,,,6555.36,7174.59,6324.51,7350.41
2025-12-05,ES=F,6879.5,,,6555.36,7174.59,6324.51,7350.41
2025-12-08,ES=F,,6762.67,7590.08,6555.36,7174.59,6324.51,7350.41
2025-12-01,ESS,260.24,,,246.94,270.76,225.71,294.81
2025-12-02,ESS,260.73,,,246.94,270.76,225.71,294.81
2025-12-03,ESS,259.78,,,246.94,270.76,225.71,294.81
2025-12-04,ESS,257.57,,,246.94,270.76,225.71,294.81
2025-12-05,ESS,255.37,,,246.94,270.76,225.71,294.81
2025-12-08,ESS,,242.94,278.29,246.94,270.76,225.71,294.81
2025-12-01,ETN,339.71,,,304.17,365.15,279.97,439.45
2025-12-02,ETN,333.11,,,304.17,365.15,279.97,439.45
2025-12-03,ETN,335.57,,,304.17,365.15,279.97,439.45
2025-12-04,ETN,338.93,,,304.17,365.15,279.97,439.45
2025-12-05,ETN,337.66,,,304.17,365.15,279.97,439.45
2025-12-08,ETN,,316.54,337.24,304.17,365.15,279.97,439.45
2025-12-01,ETR,94.59,,,89.93,101.39,89.48,111.31
2025-12-02,ETR,92.97,,,89.93,101.39,89.48,111.31
2025-12-03,ETR,94.24,,,89.93,101.39,89.48,111.31
2025-12-04,ETR,94.46,,,89.93,101.39,89.48,111.31
2025-12-05,ETR,94.22,,,89.93,101.39,89.48,111.31
2025-12-08,ETR,,80.02,111.09,89.93,101.39,89.48,111.31
2025-12-01,EVRG,75.52,,,71.51,81.3,69.55,86.64
2025-12-02,EVRG,74.53,,,71.51,81.3,69.55,86.64
2025-12-03,EVRG,74.29,,,71.51,81.3,69.55,86.64
2025-12-04,EVRG,73.81,,,71.51,81.3,69.55,86.64
2025-12-05,EVRG,73.28,,,71.51,81.3,69.55,86.64
2025-12-08,EVRG,,70.31,74.62,71.51,81.3,69.55,86.64
2025-12-01,EW,85.27,,,78.87,95.91,71.16,100.14
2025-12-02,EW,84.71,,,78.87,95.91,71.16,100.14
2025-12-03,EW,83.98,,,78.87,95.91,71.16,100.14
2025-12-04,EW,85.78,,,78.87,95.91,71.16,100.14
2025-12-05,EW,86.19,,,78.87,95.91,71.16,100.14
2025-12-08,EW,,78.43,94.01,78.87,95.91,71.16,100.14
2025-12-01,EWA,25.73,,,24.41,27.19,23.05,28.64
2025-12-02,EWA,25.93,,,24.41,27.19,23.05,28.64
2025-12-03,EWA,26.13,,,24.41,27.19,23.05,28.64
2025-12-04,EWA,26.29,,,24.41,27.19,23.05,28.64
2025-12-05,EWA,26.34,,,24.41,27.19,23.05,28.64
2025-12-08,EWA,,25.32,27.34,24.41,27.19,23.05,28.64
2025-12-01,EWC,52.18,,,49.4,55.79,47.79,57.72
2025-12-02,EWC,52.14,,,49.4,55.79,47.79,57.72
2025-12-03,EWC,52.47,,,49.4,55.79,47.79,57.72
2025-12-04,EWC,53.07,,,49.4,55.79,47.79,57.72
2025-12-05,EWC,53.29,,,49.4,55.79,47.79,57.72
2025-12-08,EWC,,51.08,55.85,49.4,55.79,47.79,57.72
2025-12-01,EWD,47.58,,,44.34,51.06,43.59,52.47
2025-12-02,EWD,47.61,,,44.34,51.06,43.59,52.47
2025-12-03,EWD,47.77,,,44.34,51.06,43.59,52.47
2025-12-04,EWD,48.09,,,44.34,51.06,43.59,52.47
2025-12-05,EWD,48.37,,,44.34,51.06,43.59,52.47
2025-12-08,EWD,,45.59,52.17,44.34,51.06,43.59,52.47
2025-12-01,EWG,40.52,,,38.18,42.77,37.37,45.44
2025-12-02,EWG,40.89,,,38.18,42.77,37.37,45.44
2025-12-03,EWG,40.95,,,38.18,42.77,37.37,45.44
2025-12-04,EWG,41.14,,,38.18,42.77,37.37,45.44
2025-12-05,EWG,41.41,,,38.18,42.77,37.37,45.44
2025-12-08,EWG,,38.4,46.88,38.18,42.77,37.37,45.44
2025-12-01,EWH,22.26,,,20.91,23.71,19.62,26.15
2025-12-02,EWH,22.18,,,20.91,23.71,19.62,26.15
2025-12-03,EWH,22.23,,,20.91,23.71,19.62,26.15
2025-12-04,EWH,22.08,,,20.91,23.71,19.62,26.15
2025-12-05,EWH,22.05,,,20.91,23.71,19.62,26.15
2025-12-08,EWH,,18.92,28.94,20.91,23.71,19.62,26.15
2025-12-01,EWI,52.66,,,50.32,55.18,49.07,58.95
2025-12-02,EWI,53.0,,,50.32,55.18,49.07,58.95
2025-12-03,EWI,53.29,,,50.32,55.18,49.07,58.95
2025-12-04,EWI,53.15,,,50.32,55.18,49.07,58.95
2025-12-05,EWI,52.98,,,50.32,55.18,49.07,58.95
2025-12-08,EWI,,48.37,54.62,50.32,55.18,49.07,58.95
2025-12-01,EWJ,82.53,,,77.44,88.03,74.43,91.47
2025-12-02,EWJ,82.47,,,77.44,88.03,74.43,91.47
2025-12-03,EWJ,82.61,,,77.44,88.03,74.43,91.47
2025-12-04,EWJ,83.62,,,77.44,88.03,74.43,91.47
2025-12-05,EWJ,83.7,,,77.44,88.03,74.43,91.47
2025-12-08,EWJ,,70.31,118.18,77.44,88.03,74.43,91.47
2025-12-01,EWK,24.16,,,22.78,26.08,22.49,26.25
2025-12-02,EWK,24.16,,,22.78,26.08,22.49,26.25
2025-12-03,EWK,24.26,,,22.78,26.08,22.49,26.25
2025-12-04,EWK,24.197,,,22.78,26.08,22.49,26.25
2025-12-05,EWK,24.36,,,22.78,26.08,22.49,26.25
2025-12-08,EWK,,23.66,25.25,22.78,26.08,22.49,26.25
2025-12-01,EWL,57.42,,,54.75,60.44,52.43,62.82
2025-12-02,EWL,57.94,,,54.75,60.44,52.43,62.82
2025-12-03,EWL,58.07,,,54.75,60.44,52.43,62.82
2025-12-04,EWL,57.91,,,54.75,60.44,52.43,62.82
2025-12-05,EWL,58.03,,,54.75,60.44,52.43,62.82
2025-12-08,EWL,,56.66,60.73,54.75,60.44,52.43,62.82
2025-12-01,EWM,26.6,,,26.19,27.49,24.58,29.25
2025-12-02,EWM,26.67,,,26.19,27.49,24.58,29.25
2025-12-03,EWM,26.73,,,26.19,27.49,24.58,29.25
2025-12-04,EWM,26.59,,,26.19,27.49,24.58,29.25
2025-12-05,EWM,26.64,,,26.19,27.49,24.58,29.25
2025-12-08,EWM,,24.29,28.67,26.19,27.49,24.58,29.25
2025-12-01,EWN,58.32,,,53.74,63.48,52.64,64.66
2025-12-02,EWN,58.57,,,53.74,63.48,52.64,64.66
2025-12-03,EWN,59.18,,,53.74,63.48,52.64,64.66
2025-12-04,EWN,58.78,,,53.74,63.48,52.64,64.66
2025-12-05,EWN,58.55,,,53.74,63.48,52.64,64.66
2025-12-08,EWN,,52.23,60.21,53.74,63.48,52.64,64.66
2025-12-01,EWO,33.06,,,30.89,35.03,30.07,37.07
2025-12-02,EWO,33.45,,,30.89,35.03,30.07,37.07
2025-12-03,EWO,33.49,,,30.89,35.03,30.07,37.07
2025-12-04,EWO,33.66,,,30.89,35.03,30.07,37.07
2025-12-05,EWO,33.55,,,30.89,35.03,30.07,37.07
2025-12-08,EWO,,33.05,34.3,30.89,35.03,30.07,37.07
2025-12-01,EWP,51.57,,,49.21,54.72,47.87,58.64
2025-12-02,EWP,52.02,,,49.21,54.72,47.87,58.64
2025-12-03,EWP,52.41,,,49.21,54.72,47.87,58.64
2025-12-04,EWP,52.49,,,49.21,54.72,47.87,58.64
2025-12-05,EWP,52.29,,,49.21,54.72,47.87,58.64
2025-12-08,EWP,,50.85,53.53,49.21,54.72,47.87,58.64
2025-12-01,EWQ,44.41,,,42.28,46.35,40.81,48.26
2025-12-02,EWQ,44.44,,,42.28,46.35,40.81,48.26
2025-12-03,EWQ,44.79,,,42.28,46.35,40.81,48.26
2025-12-04,EWQ,44.75,,,42.28,46.35,40.81,48.26
2025-12-05,EWQ,44.62,,,42.28,46.35,40.81,48.26
2025-12-08,EWQ,,41.42,47.14,42.28,46.35,40.81,48.26
2025-12-01,EWS,27.99,,,26.75,29.49,25.92,31.42
2025-12-02,EWS,28.2,,,26.75,29.49,25.92,31.42
2025-12-03,EWS,28.15,,,26.75,29.49,25.92,31.42
2025-12-04,EWS,28.02,,,26.75,29.49,25.92,31.42
2025-12-05,EWS,27.82,,,26.75,29.49,25.92,31.42
2025-12-08,EWS,,22.43,37.74,26.75,29.49,25.92,31.42
2025-12-01,EWT,64.13,,,60.03,68.56,55.21,74.81
2025-12-02,EWT,64.63,,,60.03,68.56,55.21,74.81
2025-12-03,EWT,64.85,,,60.03,68.56,55.21,74.81
2025-12-04,EWT,64.51,,,60.03,68.56,55.21,74.81
2025-12-05,EWT,65.35,,,60.03,68.56,55.21,74.81
2025-12-08,EWT,,58.34,73.0,60.03,68.56,55.21,74.81
2025-12-01,EWU,42.93,,,40.76,44.86,39.48,46.91
2025-12-02,EWU,43.01,,,40.76,44.86,39.48,46.91
2025-12-03,EWU,43.46,,,40.76,44.86,39.48,46.91
2025-12-04,EWU,43.42,,,40.76,44.86,39.48,46.91
2025-12-05,EWU,43.22,,,40.76,44.86,39.48,46.91
2025-12-08,EWU,,38.73,48.62,40.76,44.86,39.48,46.91
2025-12-01,EWW,68.46,,,64.67,73.13,59.47,77.13
2025-12-02,EWW,68.71,,,64.67,73.13,59.47,77.13
2025-12-03,EWW,68.43,,,64.67,73.13,59.47,77.13
2025-12-04,EWW,68.82,,,64.67,73.13,59.47,77.13
2025-12-05,EWW,68.68,,,64.67,73.13,59.47,77.13
2025-12-08,EWW,,68.46,72.28,64.67,73.13,59.47,77.13
2025-12-01,EWY,90.62,,,84.48,103.11,79.38,115.18
2025-12-02,EWY,92.07,,,84.48,103.11,79.38,115.18
2025-12-03,EWY,93.0,,,84.48,103.11,79.38,115.18
2025-12-04,EWY,91.87,,,84.48,103.11,79.38,115.18
2025-12-05,EWY,94.3,,,84.48,103.11,79.38,115.18
2025-12-08,EWY,,88.19,101.26,84.48,103.11,79.38,115.18
2025-12-01,EWZ,33.4,,,30.63,36.87,28.7,36.88
2025-12-02,EWZ,34.03,,,30.63,36.87,28.7,36.88
2025-12-03,EWZ,34.2,,,30.63,36.87,28.7,36.88
2025-12-04,EWZ,34.72,,,30.63,36.87,28.7,36.88
2025-12-05,EWZ,32.53,,,30.63,36.87,28.7,36.88
2025-12-08,EWZ,,28.63,40.01,30.63,36.87,28.7,36.88
2025-12-01,EXC,45.69,,,42.16,49.55,41.77,52.23
2025-12-02,EXC,45.0,,,42.16,49.55,41.77,52.23
2025-12-03,EXC,44.54,,,42.16,49.55,41.77,52.23
2025-12-04,EXC,43.91,,,42.16,49.55,41.77,52.23
2025-12-05,EXC,43.81,,,42.16,49.55,41.77,52.23
2025-12-08,EXC,,42.1,49.65,42.16,49.55,41.77,52.23
2025-12-01,EXE,121.58,,,109.6,137.32,99.79,142.71
2025-12-02,EXE,117.72,,,109.6,137.32,99.79,142.71
2025-12-03,EXE,122.89,,,109.6,137.32,99.79,142.71
2025-12-04,EXE,122.09,,,109.6,137.32,99.79,142.71
2025-12-05,EXE,122.86,,,109.6,137.32,99.79,142.71
2025-12-08,EXE,,101.86,137.66,109.6,137.32,99.79,142.71
2025-12-01,EXPD,146.45,,,133.26,170.24,117.59,171.67
2025-12-02,EXPD,146.48,,,133.26,170.24,117.59,171.67
2025-12-03,EXPD,148.09,,,133.26,170.24,117.59,171.67
2025-12-04,EXPD,150.5,,,133.26,170.24,117.59,171.67
2025-12-05,EXPD,151.47,,,133.26,170.24,117.59,171.67
2025-12-08,EXPD,,134.43,159.37,133.26,170.24,117.59,171.67
2025-12-01,EXPE,258.95,,,232.72,292.97,205.45,319.55
2025-12-02,EXPE,263.7,,,232.72,292.97,205.45,319.55
2025-12-03,EXPE,262.42,,,232.72,292.97,205.45,319.55
2025-12-04,EXPE,258.38,,,232.72,292.97,205.45,319.55
2025-12-05,EXPE,263.43,,,232.72,292.97,205.45,319.55
2025-12-08,EXPE,,260.72,295.83,232.72,292.97,205.45,319.55
2025-12-01,EXR,131.94,,,120.49,141.65,112.14,149.76
2025-12-02,EXR,132.52,,,120.49,141.65,112.14,149.76
2025-12-03,EXR,132.24,,,120.49,141.65,112.14,149.76
2025-12-04,EXR,131.09,,,120.49,141.65,112.14,149.76
2025-12-05,EXR,129.56,,,120.49,141.65,112.14,149.76
2025-12-08,EXR,,106.05,163.65,120.49,141.65,112.14,149.76
2025-12-01,F,13.16,,,11.74,15.14,11.44,15.28
2025-12-02,F,12.96,,,11.74,15.14,11.44,15.28
2025-12-03,F,13.09,,,11.74,15.14,11.44,15.28
2025-12-04,F,13.14,,,11.74,15.14,11.44,15.28
2025-12-05,F,13.03,,,11.74,15.14,11.44,15.28
2025-12-08,F,,12.7,14.39,11.74,15.14,11.44,15.28
2025-12-01,FANG,156.16,,,142.42,170.38,125.74,176.47
2025-12-02,FANG,155.98,,,142.42,170.38,125.74,176.47
2025-12-03,FANG,158.38,,,142.42,170.38,125.74,176.47
2025-12-04,FANG,159.51,,,142.42,170.38,125.74,176.47
2025-12-05,FANG,158.6,,,142.42,170.38,125.74,176.47
2025-12-08,FANG,,156.82,172.89,142.42,170.38,125.74,176.47
2025-12-01,FAST,40.15,,,36.48,43.19,35.72,48.58
2025-12-02,FAST,40.47,,,36.48,43.19,35.72,48.58
2025-12-03,FAST,41.22,,,36.48,43.19,35.72,48.58
2025-12-04,FAST,41.75,,,36.48,43.19,35.72,48.58
2025-12-05,FAST,41.5,,,36.48,43.19,35.72,48.58
2025-12-08,FAST,,38.57,43.86,36.48,43.19,35.72,48.58
2025-12-01,FCX,43.07,,,36.39,47.8,34.68,51.17
2025-12-02,FCX,42.97,,,36.39,47.8,34.68,51.17
2025-12-03,FCX,44.53,,,36.39,47.8,34.68,51.17
2025-12-04,FCX,44.61,,,36.39,47.8,34.68,51.17
2025-12-05,FCX,45.2,,,36.39,47.8,34.68,51.17
2025-12-08,FCX,,43.14,46.88,36.39,47.8,34.68,51.17
2025-12-01,FDS,277.13,,,231.82,309.75,219.08,319.02
2025-12-02,FDS,278.28,,,231.82,309.75,219.08,319.02
2025-12-03,FDS,279.15,,,231.82,309.75,219.08,319.02
2025-12-04,FDS,278.92,,,231.82,309.75,219.08,319.02
2025-12-05,FDS,290.63,,,231.82,309.75,219.08,319.02
2025-12-08,FDS,,231.19,366.99,231.82,309.75,219.08,319.02
2025-12-01,FDX,273.34,,,260.82,294.06,231.95,305.89
2025-12-02,FDX,270.37,,,260.82,294.06,231.95,305.89
2025-12-03,FDX,270.45,,,260.82,294.06,231.95,305.89
2025-12-04,FDX,274.05,,,260.82,294.06,231.95,305.89
2025-12-05,FDX,274.29,,,260.82,294.06,231.95,305.89
2025-12-08,FDX,,222.53,315.69,260.82,294.06,231.95,305.89
2025-12-01,FE,46.43,,,43.93,50.06,42.27,51.71
2025-12-02,FE,45.66,,,43.93,50.06,42.27,51.71
2025-12-03,FE,45.23,,,43.93,50.06,42.27,51.71
2025-12-04,FE,45.14,,,43.93,50.06,42.27,51.71
2025-12-05,FE,44.91,,,43.93,50.06,42.27,51.71
2025-12-08,FE,,40.55,46.93,43.93,50.06,42.27,51.71
2025-12-01,FFIV,238.57,,,201.53,268.78,201.36,303.51
2025-12-02,FFIV,238.52,,,201.53,268.78,201.36,303.51
2025-12-03,FFIV,240.63,,,201.53,268.78,201.36,303.51
2025-12-04,FFIV,243.33,,,201.53,268.78,201.36,303.51
2025-12-05,FFIV,248.12,,,201.53,268.78,201.36,303.51
2025-12-08,FFIV,,233.24,277.68,201.53,268.78,201.36,303.51
2025-12-01,FICO,1768.68,,,1689.8,2059.2,1460.35,2264.18
2025-12-02,FICO,1778.71,,,1689.8,2059.2,1460.35,2264.18
2025-12-03,FICO,1762.35,,,1689.8,2059.2,1460.35,2264.18
2025-12-04,FICO,1771.87,,,1689.8,2059.2,1460.35,2264.18
2025-12-05,FICO,1798.53,,,1689.8,2059.2,1460.35,2264.18
2025-12-08,FICO,,1083.38,2608.43,1689.8,2059.2,1460.35,2264.18
2025-12-01,FIS,66.2,,,59.84,69.81,55.86,74.92
2025-12-02,FIS,66.8,,,59.84,69.81,55.86,74.92
2025-12-03,FIS,65.66,,,59.84,69.81,55.86,74.92
2025-12-04,FIS,65.56,,,59.84,69.81,55.86,74.92
2025-12-05,FIS,66.66,,,59.84,69.81,55.86,74.92
2025-12-08,FIS,,58.12,92.33,59.84,69.81,55.86,74.92
2025-12-01,FISV,62.69,,,39.16,81.96,43.29,84.55
2025-12-02,FISV,63.24,,,39.16,81.96,43.29,84.55
2025-12-03,FISV,66.95,,,39.16,81.96,43.29,84.55
2025-12-04,FISV,66.06,,,39.16,81.96,43.29,84.55
2025-12-05,FISV,66.28,,,39.16,81.96,43.29,84.55
2025-12-08,FISV,,67.08,68.98,39.16,81.96,43.29,84.55
2025-12-01,FITB,43.77,,,39.56,48.04,37.61,50.85
2025-12-02,FITB,43.73,,,39.56,48.04,37.61,50.85
2025-12-03,FITB,44.93,,,39.56,48.04,37.61,50.85
2025-12-04,FITB,45.46,,,39.56,48.04,37.61,50.85
2025-12-05,FITB,45.42,,,39.56,48.04,37.61,50.85
2025-12-08,FITB,,26.37,48.8,39.56,48.04,37.61,50.85
2025-12-01,FOXA,66.39,,,60.5,74.6,61.24,78.25
2025-12-02,FOXA,66.25,,,60.5,74.6,61.24,78.25
2025-12-03,FOXA,66.45,,,60.5,74.6,61.24,78.25
2025-12-04,FOXA,67.79,,,60.5,74.6,61.24,78.25
2025-12-05,FOXA,68.4,,,60.5,74.6,61.24,78.25
2025-12-08,FOXA,,35.86,127.32,60.5,74.6,61.24,78.25
2025-12-01,FRO,22.85,,,21.71,27.03,19.44,29.63
2025-12-02,FRO,23.3,,,21.71,27.03,19.44,29.63
2025-12-03,FRO,23.6,,,21.71,27.03,19.44,29.63
2025-12-04,FRO,23.24,,,21.71,27.03,19.44,29.63
2025-12-05,FRO,23.38,,,21.71,27.03,19.44,29.63
2025-12-08,FRO,,20.41,27.12,21.71,27.03,19.44,29.63
2025-12-01,FRT,98.32,,,92.23,101.91,82.86,107.58
2025-12-02,FRT,97.6,,,92.23,101.91,82.86,107.58
2025-12-03,FRT,97.88,,,92.23,101.91,82.86,107.58
2025-12-04,FRT,97.13,,,92.23,101.91,82.86,107.58
2025-12-05,FRT,97.2,,,92.23,101.91,82.86,107.58
2025-12-08,FRT,,94.04,100.18,92.23,101.91,82.86,107.58
2025-12-01,FSLR,263.54,,,243.35,298.27,215.75,352.65
2025-12-02,FSLR,262.56,,,243.35,298.27,215.75,352.65
2025-12-03,FSLR,256.06,,,243.35,298.27,215.75,352.65
2025-12-04,FSLR,257.28,,,243.35,298.27,215.75,352.65
2025-12-05,FSLR,257.61,,,243.35,298.27,215.75,352.65
2025-12-08,FSLR,,244.96,307.87,243.35,298.27,215.75,352.65
2025-12-01,FTI,45.64,,,42.08,51.1,39.25,53.76
2025-12-02,FTI,45.32,,,42.08,51.1,39.25,53.76
2025-12-03,FTI,46.67,,,42.08,51.1,39.25,53.76
2025-12-04,FTI,46.51,,,42.08,51.1,39.25,53.76
2025-12-05,FTI,46.02,,,42.08,51.1,39.25,53.76
2025-12-08,FTI,,44.78,47.45,42.08,51.1,39.25,53.76
2025-12-01,FTNT,81.82,,,75.05,90.56,68.13,102.17
2025-12-02,FTNT,82.94,,,75.05,90.56,68.13,102.17
2025-12-03,FTNT,82.76,,,75.05,90.56,68.13,102.17
2025-12-04,FTNT,85.18,,,75.05,90.56,68.13,102.17
2025-12-05,FTNT,86.92,,,75.05,90.56,68.13,102.17
2025-12-08,FTNT,,77.82,91.92,75.05,90.56,68.13,102.17
2025-12-01,FTV,52.77,,,50.89,58.69,44.48,60.98
2025-12-02,FTV,53.14,,,50.89,58.69,44.48,60.98
2025-12-03,FTV,53.45,,,50.89,58.69,44.48,60.98
2025-12-04,FTV,53.38,,,50.89,58.69,44.48,60.98
2025-12-05,FTV,53.75,,,50.89,58.69,44.48,60.98
2025-12-08,FTV,,53.23,55.0,50.89,58.69,44.48,60.98
2025-12-01,FVX,3.6729998588562,,,3.49,3.78,3.28,3.96
2025-12-02,FVX,3.65899991989135,,,3.49,3.78,3.28,3.96
2025-12-03,FVX,3.62400007247924,,,3.49,3.78,3.28,3.96
2025-12-04,FVX,3.6819999217987,,,3.49,3.78,3.28,3.96
2025-12-05,FVX,3.71500015258789,,,3.49,3.78,3.28,3.96
2025-12-08,FVX,,3.66,3.81,3.49,3.78,3.28,3.96
2025-12-01,FXA,64.7603,,,62.92,67.29,61.12,67.95
2025-12-02,FXA,65.0116,,,62.92,67.29,61.12,67.95
2025-12-03,FXA,65.3646,,,62.92,67.29,61.12,67.95
2025-12-04,FXA,65.4662,,,62.92,67.29,61.12,67.95
2025-12-05,FXA,65.7236,,,62.92,67.29,61.12,67.95
2025-12-08,FXA,,64.45,65.52,62.92,67.29,61.12,67.95
2025-12-01,FXB,126.9161,,,122.2,132.33,120.27,134.19
2025-12-02,FXB,126.9255,,,122.2,132.33,120.27,134.19
2025-12-03,FXB,128.2506,,,122.2,132.33,120.27,134.19
2025-12-04,FXB,128.0577,,,122.2,132.33,120.27,134.19
2025-12-05,FXB,128.1,,,122.2,132.33,120.27,134.19
2025-12-08,FXB,,130.19,126.8,122.2,132.33,120.27,134.19
2025-12-01,FXC,69.81,,,67.61,72.65,66.34,73.44
2025-12-02,FXC,69.92,,,67.61,72.65,66.34,73.44
2025-12-03,FXC,70.0447,,,67.61,72.65,66.34,73.44
2025-12-04,FXC,70.03,,,67.61,72.65,66.34,73.44
2025-12-05,FXC,70.67,,,67.61,72.65,66.34,73.44
2025-12-08,FXC,,63.18,80.35,67.61,72.65,66.34,73.44
2025-12-01,FXE,107.07,,,103.82,109.87,100.18,115.66
2025-12-02,FXE,107.25,,,103.82,109.87,100.18,115.66
2025-12-03,FXE,107.615,,,103.82,109.87,100.18,115.66
2025-12-04,FXE,107.45,,,103.82,109.87,100.18,115.66
2025-12-05,FXE,107.42,,,103.82,109.87,100.18,115.66
2025-12-08,FXE,,95.52,121.02,103.82,109.87,100.18,115.66
2025-12-01,FXY,59.2,,,56.79,60.15,55.07,62.96
2025-12-02,FXY,59.02,,,56.79,60.15,55.07,62.96
2025-12-03,FXY,59.29,,,56.79,60.15,55.07,62.96
2025-12-04,FXY,59.3,,,56.79,60.15,55.07,62.96
2025-12-05,FXY,59.245,,,56.79,60.15,55.07,62.96
2025-12-08,FXY,,59.43,58.73,56.79,60.15,55.07,62.96
2025-12-01,GD,332.38,,,322.76,362.59,313.78,387.92
2025-12-02,GD,335.8,,,322.76,362.59,313.78,387.92
2025-12-03,GD,338.08,,,322.76,362.59,313.78,387.92
2025-12-04,GD,341.7,,,322.76,362.59,313.78,387.92
2025-12-05,GD,337.31,,,322.76,362.59,313.78,387.92
2025-12-08,GD,,255.74,382.95,322.76,362.59,313.78,387.92
2025-12-01,GDDY,127.94,,,117.49,134.6,110.35,153.5
2025-12-02,GDDY,128.31,,,117.49,134.6,110.35,153.5
2025-12-03,GDDY,130.08,,,117.49,134.6,110.35,153.5
2025-12-04,GDDY,130.26,,,117.49,134.6,110.35,153.5
2025-12-05,GDDY,128.46,,,117.49,134.6,110.35,153.5
2025-12-08,GDDY,,117.46,140.26,117.49,134.6,110.35,153.5
2025-12-01,GDX,82.82,,,71.9,94.99,68.33,102.57
2025-12-02,GDX,81.61,,,71.9,94.99,68.33,102.57
2025-12-03,GDX,81.06,,,71.9,94.99,68.33,102.57
2025-12-04,GDX,81.39,,,71.9,94.99,68.33,102.57
2025-12-05,GDX,81.03,,,71.9,94.99,68.33,102.57
2025-12-08,GDX,,77.32,87.61,71.9,94.99,68.33,102.57
2025-12-01,GDXJ,108.28,,,93.21,125.22,88.09,136.65
2025-12-02,GDXJ,107.29,,,93.21,125.22,88.09,136.65
2025-12-03,GDXJ,106.75,,,93.21,125.22,88.09,136.65
2025-12-04,GDXJ,106.98,,,93.21,125.22,88.09,136.65
2025-12-05,GDXJ,106.68,,,93.21,125.22,88.09,136.65
2025-12-08,GDXJ,,91.88,128.55,93.21,125.22,88.09,136.65
2025-12-01,GE,288.45,,,273.75,312.28,264.15,367.29
2025-12-02,GE,289.32,,,273.75,312.28,264.15,367.29
2025-12-03,GE,288.49,,,273.75,312.28,264.15,367.29
2025-12-04,GE,291.86,,,273.75,312.28,264.15,367.29
2025-12-05,GE,283.94,,,273.75,312.28,264.15,367.29
2025-12-08,GE,,269.72,362.72,273.75,312.28,264.15,367.29
2025-12-01,GEHC,79.24,,,73.57,90.7,63.78,96.77
2025-12-02,GEHC,80.22,,,73.57,90.7,63.78,96.77
2025-12-03,GEHC,83.59,,,73.57,90.7,63.78,96.77
2025-12-04,GEHC,82.52,,,73.57,90.7,63.78,96.77
2025-12-05,GEHC,85.46,,,73.57,90.7,63.78,96.77
2025-12-08,GEHC,,76.51,87.74,73.57,90.7,63.78,96.77
2025-12-01,GEN,26.28,,,24.43,27.74,22.67,30.14
2025-12-02,GEN,26.25,,,24.43,27.74,22.67,30.14
2025-12-03,GEN,27.19,,,24.43,27.74,22.67,30.14
2025-12-04,GEN,27.06,,,24.43,27.74,22.67,30.14
2025-12-05,GEN,27.09,,,24.43,27.74,22.67,30.14
2025-12-08,GEN,,22.4,27.59,24.43,27.74,22.67,30.14
2025-12-01,GEOS,13.04,,,8.34,18.36,8.89,31.85
2025-12-02,GEOS,12.66,,,8.34,18.36,8.89,31.85
2025-12-03,GEOS,14.14,,,8.34,18.36,8.89,31.85
2025-12-04,GEOS,15.13,,,8.34,18.36,8.89,31.85
2025-12-05,GEOS,14.76,,,8.34,18.36,8.89,31.85
2025-12-08,GEOS,,11.63,16.3,8.34,18.36,8.89,31.85
2025-12-01,GEV,576.9,,,525.4,661.66,513.12,906.23
2025-12-02,GEV,601.58,,,525.4,661.66,513.12,906.23
2025-12-03,GEV,601.97,,,525.4,661.66,513.12,906.23
2025-12-04,GEV,629.11,,,525.4,661.66,513.12,906.23
2025-12-05,GEV,631.32,,,525.4,661.66,513.12,906.23
2025-12-08,GEV,,554.74,723.36,525.4,661.66,513.12,906.23
2025-12-01,GGB,3.57,,,3.28,3.96,3.01,4.07
2025-12-02,GGB,3.58,,,3.28,3.96,3.01,4.07
2025-12-03,GGB,3.67,,,3.28,3.96,3.01,4.07
2025-12-04,GGB,3.7,,,3.28,3.96,3.01,4.07
2025-12-05,GGB,3.48,,,3.28,3.96,3.01,4.07
2025-12-08,GGB,,3.19,3.89,3.28,3.96,3.01,4.07
2025-12-01,GILD,124.33,,,117.27,134.96,106.97,149.23
2025-12-02,GILD,123.91,,,117.27,134.96,106.97,149.23
2025-12-03,GILD,125.0,,,117.27,134.96,106.97,149.23
2025-12-04,GILD,122.62,,,117.27,134.96,106.97,149.23
2025-12-05,GILD,121.22,,,117.27,134.96,106.97,149.23
2025-12-08,GILD,,97.3,157.84,117.27,134.96,106.97,149.23
2025-12-01,GIS,47.07,,,43.56,49.75,40.68,52.37
2025-12-02,GIS,45.93,,,43.56,49.75,40.68,52.37
2025-12-03,GIS,46.2,,,43.56,49.75,40.68,52.37
2025-12-04,GIS,45.98,,,43.56,49.75,40.68,52.37
2025-12-05,GIS,45.93,,,43.56,49.75,40.68,52.37
2025-12-08,GIS,,45.5,48.08,43.56,49.75,40.68,52.37
2025-12-01,GL,132.53,,,124.56,141.0,85.23,166.24
2025-12-02,GL,131.15,,,124.56,141.0,85.23,166.24
2025-12-03,GL,130.82,,,124.56,141.0,85.23,166.24
2025-12-04,GL,130.82,,,124.56,141.0,85.23,166.24
2025-12-05,GL,131.37,,,124.56,141.0,85.23,166.24
2025-12-08,GL,,106.89,154.15,124.56,141.0,85.23,166.24
2025-12-01,GLATF,0.37,,,0.3,0.45,0.23,0.47
2025-12-02,GLATF,0.38,,,0.3,0.45,0.23,0.47
2025-12-03,GLATF,0.3867,,,0.3,0.45,0.23,0.47
2025-12-04,GLATF,0.4041,,,0.3,0.45,0.23,0.47
2025-12-05,GLATF,0.3827,,,0.3,0.45,0.23,0.47
2025-12-08,GLATF,,0.37,0.45,0.3,0.45,0.23,0.47
2025-12-01,GLD,389.75,,,366.91,431.03,364.15,450.75
2025-12-02,GLD,387.24,,,366.91,431.03,364.15,450.75
2025-12-03,GLD,386.88,,,366.91,431.03,364.15,450.75
2025-12-04,GLD,387.13,,,366.91,431.03,364.15,450.75
2025-12-05,GLD,386.44,,,366.91,431.03,364.15,450.75
2025-12-08,GLD,,363.34,428.67,366.91,431.03,364.15,450.75
2025-12-01,GLW,82.9,,,77.8,93.96,73.84,109.47
2025-12-02,GLW,83.71,,,77.8,93.96,73.84,109.47
2025-12-03,GLW,83.55,,,77.8,93.96,73.84,109.47
2025-12-04,GLW,85.45,,,77.8,93.96,73.84,109.47
2025-12-05,GLW,85.97,,,77.8,93.96,73.84,109.47
2025-12-08,GLW,,78.25,91.87,77.8,93.96,73.84,109.47
2025-12-01,GM,72.95,,,66.2,84.84,64.91,88.19
2025-12-02,GM,73.66,,,66.2,84.84,64.91,88.19
2025-12-03,GM,74.69,,,66.2,84.84,64.91,88.19
2025-12-04,GM,75.29,,,66.2,84.84,64.91,88.19
2025-12-05,GM,76.05,,,66.2,84.84,64.91,88.19
2025-12-08,GM,,59.14,98.33,66.2,84.84,64.91,88.19
2025-12-01,GNK,18.88,,,17.19,21.43,14.83,22.54
2025-12-02,GNK,18.85,,,17.19,21.43,14.83,22.54
2025-12-03,GNK,19.09,,,17.19,21.43,14.83,22.54
2025-12-04,GNK,19.09,,,17.19,21.43,14.83,22.54
2025-12-05,GNK,19.32,,,17.19,21.43,14.83,22.54
2025-12-08,GNK,,19.14,19.3,17.19,21.43,14.83,22.54
2025-12-01,GNRC,149.22,,,130.56,173.68,122.64,200.42
2025-12-02,GNRC,155.31,,,130.56,173.68,122.64,200.42
2025-12-03,GNRC,159.17,,,130.56,173.68,122.64,200.42
2025-12-04,GNRC,163.24,,,130.56,173.68,122.64,200.42
2025-12-05,GNRC,162.33,,,130.56,173.68,122.64,200.42
2025-12-08,GNRC,,157.68,174.6,130.56,173.68,122.64,200.42
2025-12-01,GOOGL,314.89,,,299.82,362.73,258.54,409.97
2025-12-02,GOOGL,315.81,,,299.82,362.73,258.54,409.97
2025-12-03,GOOGL,319.63,,,299.82,362.73,258.54,409.97
2025-12-04,GOOGL,317.62,,,299.82,362.73,258.54,409.97
2025-12-05,GOOGL,321.27,,,299.82,362.73,258.54,409.97
2025-12-08,GOOGL,,274.6,325.69,299.82,362.73,258.54,409.97
2025-12-01,GPC,129.95,,,120.57,135.68,111.96,143.85
2025-12-02,GPC,128.95,,,120.57,135.68,111.96,143.85
2025-12-03,GPC,129.47,,,120.57,135.68,111.96,143.85
2025-12-04,GPC,130.33,,,120.57,135.68,111.96,143.85
2025-12-05,GPC,130.24,,,120.57,135.68,111.96,143.85
2025-12-08,GPC,,125.58,132.63,120.57,135.68,111.96,143.85
2025-12-01,GPN,76.24,,,67.34,85.46,60.85,88.36
2025-12-02,GPN,78.69,,,67.34,85.46,60.85,88.36
2025-12-03,GPN,79.96,,,67.34,85.46,60.85,88.36
2025-12-04,GPN,79.74,,,67.34,85.46,60.85,88.36
2025-12-05,GPN,78.85,,,67.34,85.46,60.85,88.36
2025-12-08,GPN,,79.99,82.38,67.34,85.46,60.85,88.36
2025-12-01,GREK,66.28,,,62.47,69.55,60.2,75.14
2025-12-02,GREK,66.64,,,62.47,69.55,60.2,75.14
2025-12-03,GREK,66.37,,,62.47,69.55,60.2,75.14
2025-12-04,GREK,66.3,,,62.47,69.55,60.2,75.14
2025-12-05,GREK,66.45,,,62.47,69.55,60.2,75.14
2025-12-08,GREK,,63.52,71.16,62.47,69.55,60.2,75.14
2025-12-01,GRMN,196.88,,,167.93,220.94,168.6,249.97
2025-12-02,GRMN,197.18,,,167.93,220.94,168.6,249.97
2025-12-03,GRMN,199.46,,,167.93,220.94,168.6,249.97
2025-12-04,GRMN,202.09,,,167.93,220.94,168.6,249.97
2025-12-05,GRMN,203.59,,,167.93,220.94,168.6,249.97
2025-12-08,GRMN,,190.0,218.57,167.93,220.94,168.6,249.97
2025-12-01,GS,810.86,,,744.27,911.54,715.89,993.24
2025-12-02,GS,815.21,,,744.27,911.54,715.89,993.24
2025-12-03,GS,836.57,,,744.27,911.54,715.89,993.24
2025-12-04,GS,837.83,,,744.27,911.54,715.89,993.24
2025-12-05,GS,854.56,,,744.27,911.54,715.89,993.24
2025-12-08,GS,,592.44,1095.05,744.27,911.54,715.89,993.24
2025-12-01,GWW,944.87,,,894.9,995.89,830.35,1109.71
2025-12-02,GWW,961.15,,,894.9,995.89,830.35,1109.71
2025-12-03,GWW,971.16,,,894.9,995.89,830.35,1109.71
2025-12-04,GWW,968.91,,,894.9,995.89,830.35,1109.71
2025-12-05,GWW,975.54,,,894.9,995.89,830.35,1109.71
2025-12-08,GWW,,956.74,998.45,894.9,995.89,830.35,1109.71
2025-12-01,HAL,26.63,,,23.12,31.4,21.89,31.58
2025-12-02,HAL,26.91,,,23.12,31.4,21.89,31.58
2025-12-03,HAL,27.4,,,23.12,31.4,21.89,31.58
2025-12-04,HAL,27.83,,,23.12,31.4,21.89,31.58
2025-12-05,HAL,28.45,,,23.12,31.4,21.89,31.58
2025-12-08,HAL,,25.28,31.53,23.12,31.4,21.89,31.58
2025-12-01,HAS,82.69,,,74.5,88.44,70.04,97.78
2025-12-02,HAS,81.65,,,74.5,88.44,70.04,97.78
2025-12-03,HAS,82.47,,,74.5,88.44,70.04,97.78
2025-12-04,HAS,81.85,,,74.5,88.44,70.04,97.78
2025-12-05,HAS,81.1,,,74.5,88.44,70.04,97.78
2025-12-08,HAS,,81.0,81.97,74.5,88.44,70.04,97.78
2025-12-01,HBAN,16.54,,,14.66,18.0,14.02,18.88
2025-12-02,HBAN,16.56,,,14.66,18.0,14.02,18.88
2025-12-03,HBAN,17.04,,,14.66,18.0,14.02,18.88
2025-12-04,HBAN,17.1,,,14.66,18.0,14.02,18.88
2025-12-05,HBAN,16.9,,,14.66,18.0,14.02,18.88
2025-12-08,HBAN,,12.52,18.14,14.66,18.0,14.02,18.88
2025-12-01,HCA,503.0,,,476.13,552.87,429.19,604.81
2025-12-02,HCA,500.31,,,476.13,552.87,429.19,604.81
2025-12-03,HCA,486.77,,,476.13,552.87,429.19,604.81
2025-12-04,HCA,487.66,,,476.13,552.87,429.19,604.81
2025-12-05,HCA,486.7,,,476.13,552.87,429.19,604.81
2025-12-08,HCA,,472.11,525.3,476.13,552.87,429.19,604.81
2025-12-01,HD,357.33,,,312.85,372.85,300.11,421.26
2025-12-02,HD,354.03,,,312.85,372.85,300.11,421.26
2025-12-03,HD,357.91,,,312.85,372.85,300.11,421.26
2025-12-04,HD,351.17,,,312.85,372.85,300.11,421.26
2025-12-05,HD,354.61,,,312.85,372.85,300.11,421.26
2025-12-08,HD,,332.5,371.68,312.85,372.85,300.11,421.26
2025-12-01,HIG,135.5,,,125.07,146.21,117.55,157.13
2025-12-02,HIG,135.1,,,125.07,146.21,117.55,157.13
2025-12-03,HIG,133.04,,,125.07,146.21,117.55,157.13
2025-12-04,HIG,131.86,,,125.07,146.21,117.55,157.13
2025-12-05,HIG,129.43,,,125.07,146.21,117.55,157.13
2025-12-08,HIG,,116.8,145.06,125.07,146.21,117.55,157.13
2025-12-01,HII,306.65,,,289.72,338.9,253.41,383.0
2025-12-02,HII,307.2,,,289.72,338.9,253.41,383.0
2025-12-03,HII,309.23,,,289.72,338.9,253.41,383.0
2025-12-04,HII,315.88,,,289.72,338.9,253.41,383.0
2025-12-05,HII,304.58,,,289.72,338.9,253.41,383.0
2025-12-08,HII,,260.03,507.91,289.72,338.9,253.41,383.0
2025-12-01,HLT,283.04,,,260.46,300.18,235.57,331.82
2025-12-02,HLT,281.18,,,260.46,300.18,235.57,331.82
2025-12-03,HLT,280.24,,,260.46,300.18,235.57,331.82
2025-12-04,HLT,273.45,,,260.46,300.18,235.57,331.82
2025-12-05,HLT,272.25,,,260.46,300.18,235.57,331.82
2025-12-08,HLT,,263.56,307.99,260.46,300.18,235.57,331.82
2025-12-01,HLX,6.81,,,6.13,8.05,5.56,8.0
2025-12-02,HLX,6.98,,,6.13,8.05,5.56,8.0
2025-12-03,HLX,7.3,,,6.13,8.05,5.56,8.0
2025-12-04,HLX,7.51,,,6.13,8.05,5.56,8.0
2025-12-05,HLX,7.33,,,6.13,8.05,5.56,8.0
2025-12-08,HLX,,7.14,8.18,6.13,8.05,5.56,8.0
2025-12-01,HOLX,74.84,,,68.84,82.36,65.31,83.29
2025-12-02,HOLX,74.82,,,68.84,82.36,65.31,83.29
2025-12-03,HOLX,75.01,,,68.84,82.36,65.31,83.29
2025-12-04,HOLX,74.86,,,68.84,82.36,65.31,83.29
2025-12-05,HOLX,74.97,,,68.84,82.36,65.31,83.29
2025-12-08,HOLX,,59.13,79.52,68.84,82.36,65.31,83.29
2025-12-01,HON,190.22,,,178.88,203.88,166.35,220.48
2025-12-02,HON,193.15,,,178.88,203.88,166.35,220.48
2025-12-03,HON,193.47,,,178.88,203.88,166.35,220.48
2025-12-04,HON,192.23,,,178.88,203.88,166.35,220.48
2025-12-05,HON,191.33,,,178.88,203.88,166.35,220.48
2025-12-08,HON,,193.27,205.08,178.88,203.88,166.35,220.48
2025-12-01,HOOD,123.24,,,102.49,153.57,98.39,203.81
2025-12-02,HOOD,125.95,,,102.49,153.57,98.39,203.81
2025-12-03,HOOD,133.64,,,102.49,153.57,98.39,203.81
2025-12-04,HOOD,137.08,,,102.49,153.57,98.39,203.81
2025-12-05,HOOD,131.95,,,102.49,153.57,98.39,203.81
2025-12-08,HOOD,,121.65,147.34,102.49,153.57,98.39,203.81
2025-12-01,HPE,21.94,,,18.74,24.93,17.07,28.82
2025-12-02,HPE,21.92,,,18.74,24.93,17.07,28.82
2025-12-03,HPE,22.26,,,18.74,24.93,17.07,28.82
2025-12-04,HPE,22.9,,,18.74,24.93,17.07,28.82
2025-12-05,HPE,23.33,,,18.74,24.93,17.07,28.82
2025-12-08,HPE,,18.37,28.5,18.74,24.93,17.07,28.82
2025-12-01,HPQ,24.39,,,21.62,27.06,19.5,30.67
2025-12-02,HPQ,25.15,,,21.62,27.06,19.5,30.67
2025-12-03,HPQ,25.19,,,21.62,27.06,19.5,30.67
2025-12-04,HPQ,25.9,,,21.62,27.06,19.5,30.67
2025-12-05,HPQ,25.91,,,21.62,27.06,19.5,30.67
2025-12-08,HPQ,,24.94,25.97,21.62,27.06,19.5,30.67
2025-12-01,HRL,23.3,,,21.16,25.44,19.43,26.35
2025-12-02,HRL,23.09,,,21.16,25.44,19.43,26.35
2025-12-03,HRL,23.27,,,21.16,25.44,19.43,26.35
2025-12-04,HRL,24.16,,,21.16,25.44,19.43,26.35
2025-12-05,HRL,24.34,,,21.16,25.44,19.43,26.35
2025-12-08,HRL,,20.55,31.66,21.16,25.44,19.43,26.35
2025-12-01,HSIC,73.11,,,66.86,83.7,60.83,82.68
2025-12-02,HSIC,71.67,,,66.86,83.7,60.83,82.68
2025-12-03,HSIC,72.88,,,66.86,83.7,60.83,82.68
2025-12-04,HSIC,73.34,,,66.86,83.7,60.83,82.68
2025-12-05,HSIC,73.62,,,66.86,83.7,60.83,82.68
2025-12-08,HSIC,,60.86,90.36,66.86,83.7,60.83,82.68
2025-12-01,HST,17.55,,,16.09,18.71,14.17,20.04
2025-12-02,HST,17.53,,,16.09,18.71,14.17,20.04
2025-12-03,HST,17.66,,,16.09,18.71,14.17,20.04
2025-12-04,HST,17.16,,,16.09,18.71,14.17,20.04
2025-12-05,HST,17.26,,,16.09,18.71,14.17,20.04
2025-12-08,HST,,15.62,17.97,16.09,18.71,14.17,20.04
2025-12-01,HSY,185.08,,,167.64,201.85,150.76,210.93
2025-12-02,HSY,182.77,,,167.64,201.85,150.76,210.93
2025-12-03,HSY,180.63,,,167.64,201.85,150.76,210.93
2025-12-04,HSY,182.46,,,167.64,201.85,150.76,210.93
2025-12-05,HSY,182.3,,,167.64,201.85,150.76,210.93
2025-12-08,HSY,,173.86,182.18,167.64,201.85,150.76,210.93
2025-12-01,HUBB,427.85,,,385.18,478.84,365.64,537.78
2025-12-02,HUBB,427.48,,,385.18,478.84,365.64,537.78
2025-12-03,HUBB,429.34,,,385.18,478.84,365.64,537.78
2025-12-04,HUBB,437.71,,,385.18,478.84,365.64,537.78
2025-12-05,HUBB,440.53,,,385.18,478.84,365.64,537.78
2025-12-08,HUBB,,396.29,493.87,385.18,478.84,365.64,537.78
2025-12-01,HUM,242.23,,,200.62,280.06,185.41,304.14
2025-12-02,HUM,241.96,,,200.62,280.06,185.41,304.14
2025-12-03,HUM,256.92,,,200.62,280.06,185.41,304.14
2025-12-04,HUM,253.02,,,200.62,280.06,185.41,304.14
2025-12-05,HUM,257.85,,,200.62,280.06,185.41,304.14
2025-12-08,HUM,,227.95,274.83,200.62,280.06,185.41,304.14
2025-12-01,HWM,198.74,,,186.49,217.99,179.45,257.33
2025-12-02,HWM,196.26,,,186.49,217.99,179.45,257.33
2025-12-03,HWM,194.29,,,186.49,217.99,179.45,257.33
2025-12-04,HWM,196.27,,,186.49,217.99,179.45,257.33
2025-12-05,HWM,190.98,,,186.49,217.99,179.45,257.33
2025-12-08,HWM,,180.66,194.68,186.49,217.99,179.45,257.33
2025-12-01,HYD,50.93,,,48.74,53.66,48.26,53.55
2025-12-02,HYD,50.81,,,48.74,53.66,48.26,53.55
2025-12-03,HYD,50.86,,,48.74,53.66,48.26,53.55
2025-12-04,HYD,50.9,,,48.74,53.66,48.26,53.55
2025-12-05,HYD,50.885,,,48.74,53.66,48.26,53.55
2025-12-08,HYD,,42.51,62.52,48.74,53.66,48.26,53.55
2025-12-01,HYG,80.47,,,77.15,84.31,75.89,85.31
2025-12-02,HYG,80.62,,,77.15,84.31,75.89,85.31
2025-12-03,HYG,80.69,,,77.15,84.31,75.89,85.31
2025-12-04,HYG,80.75,,,77.15,84.31,75.89,85.31
2025-12-05,HYG,80.75,,,77.15,84.31,75.89,85.31
2025-12-08,HYG,,74.04,84.91,77.15,84.31,75.89,85.31
2025-12-01,IBKR,63.54,,,57.14,70.61,54.4,87.4
2025-12-02,IBKR,63.59,,,57.14,70.61,54.4,87.4
2025-12-03,IBKR,64.96,,,57.14,70.61,54.4,87.4
2025-12-04,IBKR,65.95,,,57.14,70.61,54.4,87.4
2025-12-05,IBKR,64.5,,,57.14,70.61,54.4,87.4
2025-12-08,IBKR,,53.85,68.26,57.14,70.61,54.4,87.4
2025-12-01,IBM,305.67,,,288.17,338.34,267.85,381.43
2025-12-02,IBM,301.78,,,288.17,338.34,267.85,381.43
2025-12-03,IBM,302.62,,,288.17,338.34,267.85,381.43
2025-12-04,IBM,307.99,,,288.17,338.34,267.85,381.43
2025-12-05,IBM,307.94,,,288.17,338.34,267.85,381.43
2025-12-08,IBM,,287.22,316.63,288.17,338.34,267.85,381.43
2025-12-01,ICE,156.94,,,140.04,166.44,132.05,179.97
2025-12-02,ICE,155.36,,,140.04,166.44,132.05,179.97
2025-12-03,ICE,156.85,,,140.04,166.44,132.05,179.97
2025-12-04,ICE,159.11,,,140.04,166.44,132.05,179.97
2025-12-05,ICE,157.82,,,140.04,166.44,132.05,179.97
2025-12-08,ICE,,156.78,208.87,140.04,166.44,132.05,179.97
2025-12-01,ICL,5.57,,,4.68,6.23,4.58,7.18
2025-12-02,ICL,5.62,,,4.68,6.23,4.58,7.18
2025-12-03,ICL,5.25,,,4.68,6.23,4.58,7.18
2025-12-04,ICL,5.18,,,4.68,6.23,4.58,7.18
2025-12-05,ICL,5.18,,,4.68,6.23,4.58,7.18
2025-12-08,ICL,,4.9,5.35,4.68,6.23,4.58,7.18
2025-12-01,IDXX,728.97,,,686.38,815.09,609.29,885.33
2025-12-02,IDXX,732.73,,,686.38,815.09,609.29,885.33
2025-12-03,IDXX,725.93,,,686.38,815.09,609.29,885.33
2025-12-04,IDXX,717.47,,,686.38,815.09,609.29,885.33
2025-12-05,IDXX,714.1,,,686.38,815.09,609.29,885.33
2025-12-08,IDXX,,684.82,757.51,686.38,815.09,609.29,885.33
2025-12-01,IEF,96.69,,,93.7,100.54,91.32,103.13
2025-12-02,IEF,96.77,,,93.7,100.54,91.32,103.13
2025-12-03,IEF,96.97,,,93.7,100.54,91.32,103.13
2025-12-04,IEF,96.67,,,93.7,100.54,91.32,103.13
2025-12-05,IEF,96.47,,,93.7,100.54,91.32,103.13
2025-12-08,IEF,,90.61,102.09,93.7,100.54,91.32,103.13
2025-12-01,IEX,174.64,,,164.29,187.96,147.98,194.62
2025-12-02,IEX,175.1,,,164.29,187.96,147.98,194.62
2025-12-03,IEX,178.21,,,164.29,187.96,147.98,194.62
2025-12-04,IEX,179.03,,,164.29,187.96,147.98,194.62
2025-12-05,IEX,177.54,,,164.29,187.96,147.98,194.62
2025-12-08,IEX,,173.8,186.75,164.29,187.96,147.98,194.62
2025-12-01,IFF,69.27,,,62.69,74.19,55.74,77.11
2025-12-02,IFF,68.54,,,62.69,74.19,55.74,77.11
2025-12-03,IFF,67.12,,,62.69,74.19,55.74,77.11
2025-12-04,IFF,66.49,,,62.69,74.19,55.74,77.11
2025-12-05,IFF,67.18,,,62.69,74.19,55.74,77.11
2025-12-08,IFF,,59.65,80.26,62.69,74.19,55.74,77.11
2025-12-01,INCY,102.04,,,94.26,115.92,86.75,125.91
2025-12-02,INCY,101.44,,,94.26,115.92,86.75,125.91
2025-12-03,INCY,101.5,,,94.26,115.92,86.75,125.91
2025-12-04,INCY,100.46,,,94.26,115.92,86.75,125.91
2025-12-05,INCY,102.52,,,94.26,115.92,86.75,125.91
2025-12-08,INCY,,95.47,108.28,94.26,115.92,86.75,125.91
2025-12-01,INDA,54.33,,,52.22,56.72,49.07,60.23
2025-12-02,INDA,53.88,,,52.22,56.72,49.07,60.23
2025-12-03,INDA,53.41,,,52.22,56.72,49.07,60.23
2025-12-04,INDA,53.76,,,52.22,56.72,49.07,60.23
2025-12-05,INDA,53.97,,,52.22,56.72,49.07,60.23
2025-12-08,INDA,,48.84,59.59,52.22,56.72,49.07,60.23
2025-12-01,INTC,40.01,,,34.55,51.21,28.48,51.8
2025-12-02,INTC,43.47,,,34.55,51.21,28.48,51.8
2025-12-03,INTC,43.76,,,34.55,51.21,28.48,51.8
2025-12-04,INTC,40.5,,,34.55,51.21,28.48,51.8
2025-12-05,INTC,41.41,,,34.55,51.21,28.48,51.8
2025-12-08,INTC,,40.49,47.33,34.55,51.21,28.48,51.8
2025-12-01,INTU,631.62,,,589.44,699.56,539.94,783.38
2025-12-02,INTU,635.63,,,589.44,699.56,539.94,783.38
2025-12-03,INTU,647.68,,,589.44,699.56,539.94,783.38
2025-12-04,INTU,663.08,,,589.44,699.56,539.94,783.38
2025-12-05,INTU,673.63,,,589.44,699.56,539.94,783.38
2025-12-08,INTU,,606.42,701.8,589.44,699.56,539.94,783.38
2025-12-01,INVH,27.79,,,26.19,28.88,24.49,31.17
2025-12-02,INVH,27.9,,,26.19,28.88,24.49,31.17
2025-12-03,INVH,27.66,,,26.19,28.88,24.49,31.17
2025-12-04,INVH,27.38,,,26.19,28.88,24.49,31.17
2025-12-05,INVH,27.14,,,26.19,28.88,24.49,31.17
2025-12-08,INVH,,26.73,29.85,26.19,28.88,24.49,31.17
2025-12-01,IP,39.19,,,32.88,43.07,31.7,45.82
2025-12-02,IP,37.85,,,32.88,43.07,31.7,45.82
2025-12-03,IP,39.22,,,32.88,43.07,31.7,45.82
2025-12-04,IP,39.13,,,32.88,43.07,31.7,45.82
2025-12-05,IP,39.06,,,32.88,43.07,31.7,45.82
2025-12-08,IP,,36.9,39.53,32.88,43.07,31.7,45.82
2025-12-01,IQV,228.47,,,208.91,252.65,183.43,267.86
2025-12-02,IQV,225.63,,,208.91,252.65,183.43,267.86
2025-12-03,IQV,227.24,,,208.91,252.65,183.43,267.86
2025-12-04,IQV,224.92,,,208.91,252.65,183.43,267.86
2025-12-05,IQV,225.85,,,208.91,252.65,183.43,267.86
2025-12-08,IQV,,178.4,239.03,208.91,252.65,183.43,267.86
2025-12-01,IR,79.19,,,73.03,84.89,66.14,91.76
2025-12-02,IR,79.18,,,73.03,84.89,66.14,91.76
2025-12-03,IR,79.75,,,73.03,84.89,66.14,91.76
2025-12-04,IR,79.99,,,73.03,84.89,66.14,91.76
2025-12-05,IR,79.86,,,73.03,84.89,66.14,91.76
2025-12-08,IR,,76.09,82.33,73.03,84.89,66.14,91.76
2025-12-01,IRM,82.83,,,74.06,95.86,69.28,116.27
2025-12-02,IRM,82.77,,,74.06,95.86,69.28,116.27
2025-12-03,IRM,84.28,,,74.06,95.86,69.28,116.27
2025-12-04,IRM,85.03,,,74.06,95.86,69.28,116.27
2025-12-05,IRM,84.31,,,74.06,95.86,69.28,116.27
2025-12-08,IRM,,69.78,85.48,74.06,95.86,69.28,116.27
2025-12-01,ISRG,567.37,,,511.73,679.37,491.06,677.12
2025-12-02,ISRG,567.72,,,511.73,679.37,491.06,677.12
2025-12-03,ISRG,569.71,,,511.73,679.37,491.06,677.12
2025-12-04,ISRG,568.63,,,511.73,679.37,491.06,677.12
2025-12-05,ISRG,575.34,,,511.73,679.37,491.06,677.12
2025-12-08,ISRG,,552.97,586.23,511.73,679.37,491.06,677.12
2025-12-01,IT,230.78,,,211.35,250.02,179.02,277.25
2025-12-02,IT,228.62,,,211.35,250.02,179.02,277.25
2025-12-03,IT,231.91,,,211.35,250.02,179.02,277.25
2025-12-04,IT,232.1,,,211.35,250.02,179.02,277.25
2025-12-05,IT,229.77,,,211.35,250.02,179.02,277.25
2025-12-08,IT,,218.66,239.26,211.35,250.02,179.02,277.25
2025-12-01,ITW,247.49,,,232.86,260.25,220.68,275.51
2025-12-02,ITW,248.38,,,232.86,260.25,220.68,275.51
2025-12-03,ITW,250.04,,,232.86,260.25,220.68,275.51
2025-12-04,ITW,249.38,,,232.86,260.25,220.68,275.51
2025-12-05,ITW,249.7,,,232.86,260.25,220.68,275.51
2025-12-08,ITW,,249.29,250.37,232.86,260.25,220.68,275.51
2025-12-01,IVZ,24.66,,,22.23,28.04,20.32,29.9
2025-12-02,IVZ,24.24,,,22.23,28.04,20.32,29.9
2025-12-03,IVZ,24.39,,,22.23,28.04,20.32,29.9
2025-12-04,IVZ,25.21,,,22.23,28.04,20.32,29.9
2025-12-05,IVZ,26.24,,,22.23,28.04,20.32,29.9
2025-12-08,IVZ,,22.73,39.61,22.23,28.04,20.32,29.9
2025-12-01,IWD,208.55,,,196.67,219.55,190.84,225.99
2025-12-02,IWD,208.43,,,196.67,219.55,190.84,225.99
2025-12-03,IWD,210.33,,,196.67,219.55,190.84,225.99
2025-12-04,IWD,210.24,,,196.67,219.55,190.84,225.99
2025-12-05,IWD,210.47,,,196.67,219.55,190.84,225.99
2025-12-08,IWD,,190.67,228.27,196.67,219.55,190.84,225.99
2025-12-01,IWF,474.84,,,440.79,512.17,423.0,548.46
2025-12-02,IWF,476.93,,,440.79,512.17,423.0,548.46
2025-12-03,IWF,476.48,,,440.79,512.17,423.0,548.46
2025-12-04,IWF,477.43,,,440.79,512.17,423.0,548.46
2025-12-05,IWF,478.8,,,440.79,512.17,423.0,548.46
2025-12-08,IWF,,465.77,490.98,440.79,512.17,423.0,548.46
2025-12-01,IWM,245.62,,,226.1,264.94,215.57,279.63
2025-12-02,IWM,245.17,,,226.1,264.94,215.57,279.63
2025-12-03,IWM,249.63,,,226.1,264.94,215.57,279.63
2025-12-04,IWM,251.82,,,226.1,264.94,215.57,279.63
2025-12-05,IWM,250.77,,,226.1,264.94,215.57,279.63
2025-12-08,IWM,,211.07,267.5,226.1,264.94,215.57,279.63
2025-12-01,J,132.84,,,115.77,151.97,116.65,170.21
2025-12-02,J,135.02,,,115.77,151.97,116.65,170.21
2025-12-03,J,138.73,,,115.77,151.97,116.65,170.21
2025-12-04,J,140.73,,,115.77,151.97,116.65,170.21
2025-12-05,J,140.22,,,115.77,151.97,116.65,170.21
2025-12-08,J,,129.52,148.87,115.77,151.97,116.65,170.21
2025-12-01,JBHT,179.73,,,154.58,207.56,144.15,202.92
2025-12-02,JBHT,185.73,,,154.58,207.56,144.15,202.92
2025-12-03,JBHT,187.92,,,154.58,207.56,144.15,202.92
2025-12-04,JBHT,187.535,,,154.58,207.56,144.15,202.92
2025-12-05,JBHT,188.41,,,154.58,207.56,144.15,202.92
2025-12-08,JBHT,,185.57,210.0,154.58,207.56,144.15,202.92
2025-12-01,JBL,209.99,,,188.01,234.24,174.07,268.84
2025-12-02,JBL,212.05,,,188.01,234.24,174.07,268.84
2025-12-03,JBL,214.05,,,188.01,234.24,174.07,268.84
2025-12-04,JBL,218.72,,,188.01,234.24,174.07,268.84
2025-12-05,JBL,220.06,,,188.01,234.24,174.07,268.84
2025-12-08,JBL,,184.97,277.68,188.01,234.24,174.07,268.84
2025-12-01,JCI,114.94,,,108.9,123.17,103.85,139.91
2025-12-02,JCI,115.28,,,108.9,123.17,103.85,139.91
2025-12-03,JCI,114.22,,,108.9,123.17,103.85,139.91
2025-12-04,JCI,114.2,,,108.9,123.17,103.85,139.91
2025-12-05,JCI,114.23,,,108.9,123.17,103.85,139.91
2025-12-08,JCI,,108.4,130.9,108.9,123.17,103.85,139.91
2025-12-01,JKHY,174.2,,,158.76,191.54,144.92,194.11
2025-12-02,JKHY,172.68,,,158.76,191.54,144.92,194.11
2025-12-03,JKHY,176.13,,,158.76,191.54,144.92,194.11
2025-12-04,JKHY,180.34,,,158.76,191.54,144.92,194.11
2025-12-05,JKHY,181.71,,,158.76,191.54,144.92,194.11
2025-12-08,JKHY,,142.82,201.77,158.76,191.54,144.92,194.11
2025-12-01,JNJ,205.34,,,194.92,222.95,169.74,241.23
2025-12-02,JNJ,205.42,,,194.92,222.95,169.74,241.23
2025-12-03,JNJ,205.33,,,194.92,222.95,169.74,241.23
2025-12-04,JNJ,202.48,,,194.92,222.95,169.74,241.23
2025-12-05,JNJ,201.93,,,194.92,222.95,169.74,241.23
2025-12-08,JNJ,,167.3,246.35,194.92,222.95,169.74,241.23
2025-12-01,JNK,96.96,,,93.75,100.35,91.49,102.27
2025-12-02,JNK,97.11,,,93.75,100.35,91.49,102.27
2025-12-03,JNK,97.26,,,93.75,100.35,91.49,102.27
2025-12-04,JNK,97.29,,,93.75,100.35,91.49,102.27
2025-12-05,JNK,97.29,,,93.75,100.35,91.49,102.27
2025-12-08,JNK,,89.24,104.57,93.75,100.35,91.49,102.27
2025-12-01,JPM,308.92,,,285.05,331.8,279.05,367.44
2025-12-02,JPM,307.88,,,285.05,331.8,279.05,367.44
2025-12-03,JPM,312.13,,,285.05,331.8,279.05,367.44
2025-12-04,JPM,316.1,,,285.05,331.8,279.05,367.44
2025-12-05,JPM,315.04,,,285.05,331.8,279.05,367.44
2025-12-08,JPM,,239.78,358.45,285.05,331.8,279.05,367.44
2025-12-01,K,83.07,,,77.87,91.05,74.54,97.6
2025-12-02,K,83.13,,,77.87,91.05,74.54,97.6
2025-12-03,K,83.14,,,77.87,91.05,74.54,97.6
2025-12-04,K,83.15,,,77.87,91.05,74.54,97.6
2025-12-05,K,83.14,,,77.87,91.05,74.54,97.6
2025-12-08,K,,73.8,84.57,77.87,91.05,74.54,97.6
2025-12-01,KDP,28.17,,,25.43,30.43,23.48,31.66
2025-12-02,KDP,28.13,,,25.43,30.43,23.48,31.66
2025-12-03,KDP,28.33,,,25.43,30.43,23.48,31.66
2025-12-04,KDP,28.58,,,25.43,30.43,23.48,31.66
2025-12-05,KDP,28.69,,,25.43,30.43,23.48,31.66
2025-12-08,KDP,,28.0,28.66,25.43,30.43,23.48,31.66
2025-12-01,KEY,18.62,,,16.86,20.49,15.84,21.73
2025-12-02,KEY,18.28,,,16.86,20.49,15.84,21.73
2025-12-03,KEY,18.75,,,16.86,20.49,15.84,21.73
2025-12-04,KEY,19.11,,,16.86,20.49,15.84,21.73
2025-12-05,KEY,19.26,,,16.86,20.49,15.84,21.73
2025-12-08,KEY,,14.37,21.98,16.86,20.49,15.84,21.73
2025-12-01,KEYS,197.54,,,171.52,232.19,162.53,234.32
2025-12-02,KEYS,201.4,,,171.52,232.19,162.53,234.32
2025-12-03,KEYS,206.61,,,171.52,232.19,162.53,234.32
2025-12-04,KEYS,209.07,,,171.52,232.19,162.53,234.32
2025-12-05,KEYS,210.49,,,171.52,232.19,162.53,234.32
2025-12-08,KEYS,,184.77,212.66,171.52,232.19,162.53,234.32
2025-12-01,KHC,25.37,,,23.34,26.48,20.87,28.01
2025-12-02,KHC,24.96,,,23.34,26.48,20.87,28.01
2025-12-03,KHC,25.03,,,23.34,26.48,20.87,28.01
2025-12-04,KHC,24.59,,,23.34,26.48,20.87,28.01
2025-12-05,KHC,24.34,,,23.34,26.48,20.87,28.01
2025-12-08,KHC,,24.09,26.94,23.34,26.48,20.87,28.01
2025-12-01,KIM,20.49,,,18.95,21.68,17.92,23.0
2025-12-02,KIM,20.3,,,18.95,21.68,17.92,23.0
2025-12-03,KIM,20.41,,,18.95,21.68,17.92,23.0
2025-12-04,KIM,20.36,,,18.95,21.68,17.92,23.0
2025-12-05,KIM,20.13,,,18.95,21.68,17.92,23.0
2025-12-08,KIM,,19.79,21.49,18.95,21.68,17.92,23.0
2025-12-01,KKR,122.19,,,107.54,136.67,99.17,154.46
2025-12-02,KKR,122.68,,,107.54,136.67,99.17,154.46
2025-12-03,KKR,126.48,,,107.54,136.67,99.17,154.46
2025-12-04,KKR,128.43,,,107.54,136.67,99.17,154.46
2025-12-05,KKR,129.42,,,107.54,136.67,99.17,154.46
2025-12-08,KKR,,121.09,132.8,107.54,136.67,99.17,154.46
2025-12-01,KLAC,1157.18,,,1067.78,1353.74,981.42,1538.98
2025-12-02,KLAC,1189.86,,,1067.78,1353.74,981.42,1538.98
2025-12-03,KLAC,1211.75,,,1067.78,1353.74,981.42,1538.98
2025-12-04,KLAC,1208.08,,,1067.78,1353.74,981.42,1538.98
2025-12-05,KLAC,1214.46,,,1067.78,1353.74,981.42,1538.98
2025-12-08,KLAC,,1058.78,1291.61,1067.78,1353.74,981.42,1538.98
2025-12-01,KMB,108.54,,,90.22,119.78,87.98,123.41
2025-12-02,KMB,106.95,,,90.22,119.78,87.98,123.41
2025-12-03,KMB,106.13,,,90.22,119.78,87.98,123.41
2025-12-04,KMB,104.94,,,90.22,119.78,87.98,123.41
2025-12-05,KMB,102.96,,,90.22,119.78,87.98,123.41
2025-12-08,KMB,,88.89,118.34,90.22,119.78,87.98,123.41
2025-12-01,KMI,27.29,,,25.31,29.16,24.2,32.39
2025-12-02,KMI,26.85,,,25.31,29.16,24.2,32.39
2025-12-03,KMI,27.17,,,25.31,29.16,24.2,32.39
2025-12-04,KMI,27.84,,,25.31,29.16,24.2,32.39
2025-12-05,KMI,27.77,,,25.31,29.16,24.2,32.39
2025-12-08,KMI,,24.76,32.6,25.31,29.16,24.2,32.39
2025-12-01,KMX,38.56,,,27.97,43.72,27.73,45.54
2025-12-02,KMX,38.71,,,27.97,43.72,27.73,45.54
2025-12-03,KMX,39.02,,,27.97,43.72,27.73,45.54
2025-12-04,KMX,38.9,,,27.97,43.72,27.73,45.54
2025-12-05,KMX,38.82,,,27.97,43.72,27.73,45.54
2025-12-08,KMX,,36.15,40.45,27.97,43.72,27.73,45.54
2025-12-01,KO,71.95,,,68.07,77.1,63.12,82.65
2025-12-02,KO,70.67,,,68.07,77.1,63.12,82.65
2025-12-03,KO,70.81,,,68.07,77.1,63.12,82.65
2025-12-04,KO,70.45,,,68.07,77.1,63.12,82.65
2025-12-05,KO,70.0,,,68.07,77.1,63.12,82.65
2025-12-08,KO,,69.36,74.81,68.07,77.1,63.12,82.65
2025-12-01,KR,67.55,,,58.08,70.96,59.02,75.05
2025-12-02,KR,67.03,,,58.08,70.96,59.02,75.05
2025-12-03,KR,66.2,,,58.08,70.96,59.02,75.05
2025-12-04,KR,63.14,,,58.08,70.96,59.02,75.05
2025-12-05,KR,62.71,,,58.08,70.96,59.02,75.05
2025-12-08,KR,,38.28,107.13,58.08,70.96,59.02,75.05
2025-12-01,KVUE,17.22,,,15.01,18.92,13.62,20.05
2025-12-02,KVUE,16.86,,,15.01,18.92,13.62,20.05
2025-12-03,KVUE,16.97,,,15.01,18.92,13.62,20.05
2025-12-04,KVUE,16.99,,,15.01,18.92,13.62,20.05
2025-12-05,KVUE,16.93,,,15.01,18.92,13.62,20.05
2025-12-08,KVUE,,14.66,19.14,15.01,18.92,13.62,20.05
2025-12-01,L,106.4,,,100.51,114.56,94.85,120.77
2025-12-02,L,106.31,,,100.51,114.56,94.85,120.77
2025-12-03,L,105.75,,,100.51,114.56,94.85,120.77
2025-12-04,L,104.49,,,100.51,114.56,94.85,120.77
2025-12-05,L,102.82,,,100.51,114.56,94.85,120.77
2025-12-08,L,,94.64,114.52,100.51,114.56,94.85,120.77
2025-12-01,LDOS,188.42,,,178.08,206.64,171.09,238.54
2025-12-02,LDOS,187.07,,,178.08,206.64,171.09,238.54
2025-12-03,LDOS,188.44,,,178.08,206.64,171.09,238.54
2025-12-04,LDOS,192.42,,,178.08,206.64,171.09,238.54
2025-12-05,LDOS,186.82,,,178.08,206.64,171.09,238.54
2025-12-08,LDOS,,169.63,300.74,178.08,206.64,171.09,238.54
2025-12-01,LEN,130.23,,,111.58,143.55,103.0,151.65
2025-12-02,LEN,129.73,,,111.58,143.55,103.0,151.65
2025-12-03,LEN,133.13,,,111.58,143.55,103.0,151.65
2025-12-04,LEN,126.75,,,111.58,143.55,103.0,151.65
2025-12-05,LEN,123.91,,,111.58,143.55,103.0,151.65
2025-12-08,LEN,,113.42,148.1,111.58,143.55,103.0,151.65
2025-12-01,LH,267.73,,,237.3,291.51,226.61,304.04
2025-12-02,LH,265.93,,,237.3,291.51,226.61,304.04
2025-12-03,LH,265.76,,,237.3,291.51,226.61,304.04
2025-12-04,LH,261.48,,,237.3,291.51,226.61,304.04
2025-12-05,LH,258.39,,,237.3,291.51,226.61,304.04
2025-12-08,LH,,236.68,277.23,237.3,291.51,226.61,304.04
2025-12-01,LHX,272.32,,,258.18,299.74,249.26,335.24
2025-12-02,LHX,273.97,,,258.18,299.74,249.26,335.24
2025-12-03,LHX,277.74,,,258.18,299.74,249.26,335.24
2025-12-04,LHX,280.51,,,258.18,299.74,249.26,335.24
2025-12-05,LHX,278.5,,,258.18,299.74,249.26,335.24
2025-12-08,LHX,,223.4,340.95,258.18,299.74,249.26,335.24
2025-12-01,LII,489.46,,,436.54,530.92,418.43,577.85
2025-12-02,LII,487.29,,,436.54,530.92,418.43,577.85
2025-12-03,LII,500.01,,,436.54,530.92,418.43,577.85
2025-12-04,LII,504.73,,,436.54,530.92,418.43,577.85
2025-12-05,LII,511.63,,,436.54,530.92,418.43,577.85
2025-12-08,LII,,446.41,536.84,436.54,530.92,418.43,577.85
2025-12-01,LIN,407.14,,,375.75,427.9,366.45,459.52
2025-12-02,LIN,408.79,,,375.75,427.9,366.45,459.52
2025-12-03,LIN,409.15,,,375.75,427.9,366.45,459.52
2025-12-04,LIN,403.73,,,375.75,427.9,366.45,459.52
2025-12-05,LIN,399.57,,,375.75,427.9,366.45,459.52
2025-12-08,LIN,,360.38,525.03,375.75,427.9,366.45,459.52
2025-12-01,LKQ,29.47,,,27.1,31.32,24.58,34.26
2025-12-02,LKQ,29.18,,,27.1,31.32,24.58,34.26
2025-12-03,LKQ,29.34,,,27.1,31.32,24.58,34.26
2025-12-04,LKQ,28.87,,,27.1,31.32,24.58,34.26
2025-12-05,LKQ,29.45,,,27.1,31.32,24.58,34.26
2025-12-08,LKQ,,28.1,29.68,27.1,31.32,24.58,34.26
2025-12-01,LLY,1057.89,,,991.69,1225.89,828.26,1321.09
2025-12-02,LLY,1046.12,,,991.69,1225.89,828.26,1321.09
2025-12-03,LLY,1033.56,,,991.69,1225.89,828.26,1321.09
2025-12-04,LLY,1014.49,,,991.69,1225.89,828.26,1321.09
2025-12-05,LLY,1010.31,,,991.69,1225.89,828.26,1321.09
2025-12-08,LLY,,842.18,1230.92,991.69,1225.89,828.26,1321.09
2025-12-01,LMT,439.19,,,412.32,489.4,392.44,540.36
2025-12-02,LMT,441.82,,,412.32,489.4,392.44,540.36
2025-12-03,LMT,446.8,,,412.32,489.4,392.44,540.36
2025-12-04,LMT,448.35,,,412.32,489.4,392.44,540.36
2025-12-05,LMT,452.2,,,412.32,489.4,392.44,540.36
2025-12-08,LMT,,397.87,469.1,412.32,489.4,392.44,540.36
2025-12-01,LNT,67.6,,,63.24,72.96,61.01,77.17
2025-12-02,LNT,66.53,,,63.24,72.96,61.01,77.17
2025-12-03,LNT,66.38,,,63.24,72.96,61.01,77.17
2025-12-04,LNT,65.71,,,63.24,72.96,61.01,77.17
2025-12-05,LNT,65.5,,,63.24,72.96,61.01,77.17
2025-12-08,LNT,,61.37,73.17,63.24,72.96,61.01,77.17
2025-12-01,LOW,246.39,,,213.49,261.89,201.19,286.41
2025-12-02,LOW,243.17,,,213.49,261.89,201.19,286.41
2025-12-03,LOW,246.94,,,213.49,261.89,201.19,286.41
2025-12-04,LOW,246.17,,,213.49,261.89,201.19,286.41
2025-12-05,LOW,248.47,,,213.49,261.89,201.19,286.41
2025-12-08,LOW,,191.89,264.64,213.49,261.89,201.19,286.41
2025-12-01,LQD,110.85,,,106.77,116.77,101.93,121.37
2025-12-02,LQD,110.92,,,106.77,116.77,101.93,121.37
2025-12-03,LQD,111.17,,,106.77,116.77,101.93,121.37
2025-12-04,LQD,110.97,,,106.77,116.77,101.93,121.37
2025-12-05,LQD,110.86,,,106.77,116.77,101.93,121.37
2025-12-08,LQD,,108.24,114.2,106.77,116.77,101.93,121.37
2025-12-01,LRCX,154.79,,,142.19,183.97,123.74,208.76
2025-12-02,LRCX,158.19,,,142.19,183.97,123.74,208.76
2025-12-03,LRCX,159.75,,,142.19,183.97,123.74,208.76
2025-12-04,LRCX,157.09,,,142.19,183.97,123.74,208.76
2025-12-05,LRCX,158.7,,,142.19,183.97,123.74,208.76
2025-12-08,LRCX,,153.74,176.5,142.19,183.97,123.74,208.76
2025-12-01,LULU,182.41,,,158.91,208.68,134.7,213.58
2025-12-02,LULU,182.4,,,158.91,208.68,134.7,213.58
2025-12-03,LULU,182.3,,,158.91,208.68,134.7,213.58
2025-12-04,LULU,183.6,,,158.91,208.68,134.7,213.58
2025-12-05,LULU,190.01,,,158.91,208.68,134.7,213.58
2025-12-08,LULU,,167.73,226.17,158.91,208.68,134.7,213.58
2025-12-01,LUV,34.77,,,31.66,40.21,28.53,41.59
2025-12-02,LUV,35.43,,,31.66,40.21,28.53,41.59
2025-12-03,LUV,35.68,,,31.66,40.21,28.53,41.59
2025-12-04,LUV,35.81,,,31.66,40.21,28.53,41.59
2025-12-05,LUV,37.85,,,31.66,40.21,28.53,41.59
2025-12-08,LUV,,33.21,46.31,31.66,40.21,28.53,41.59
2025-12-01,LVS,69.49,,,59.18,78.75,52.82,82.65
2025-12-02,LVS,68.51,,,59.18,78.75,52.82,82.65
2025-12-03,LVS,66.88,,,59.18,78.75,52.82,82.65
2025-12-04,LVS,66.4,,,59.18,78.75,52.82,82.65
2025-12-05,LVS,66.25,,,59.18,78.75,52.82,82.65
2025-12-08,LVS,,60.1,80.4,59.18,78.75,52.82,82.65
2025-12-01,LW,59.5,,,53.01,65.63,45.36,71.3
2025-12-02,LW,59.05,,,53.01,65.63,45.36,71.3
2025-12-03,LW,60.49,,,53.01,65.63,45.36,71.3
2025-12-04,LW,59.76,,,53.01,65.63,45.36,71.3
2025-12-05,LW,59.7,,,53.01,65.63,45.36,71.3
2025-12-08,LW,,59.4,60.6,53.01,65.63,45.36,71.3
2025-12-01,LYB,47.92,,,40.39,51.82,34.82,52.82
2025-12-02,LYB,47.78,,,40.39,51.82,34.82,52.82
2025-12-03,LYB,46.03,,,40.39,51.82,34.82,52.82
2025-12-04,LYB,43.16,,,40.39,51.82,34.82,52.82
2025-12-05,LYB,43.35,,,40.39,51.82,34.82,52.82
2025-12-08,LYB,,36.6,53.5,40.39,51.82,34.82,52.82
2025-12-01,LYV,131.1,,,115.63,144.79,112.27,171.05
2025-12-02,LYV,128.54,,,115.63,144.79,112.27,171.05
2025-12-03,LYV,136.01,,,115.63,144.79,112.27,171.05
2025-12-04,LYV,139.68,,,115.63,144.79,112.27,171.05
2025-12-05,LYV,139.33,,,115.63,144.79,112.27,171.05
2025-12-08,LYV,,107.83,151.0,115.63,144.79,112.27,171.05
2025-12-01,MA,543.97,,,515.37,569.5,483.78,629.92
2025-12-02,MA,545.91,,,515.37,569.5,483.78,629.92
2025-12-03,MA,553.73,,,515.37,569.5,483.78,629.92
2025-12-04,MA,542.31,,,515.37,569.5,483.78,629.92
2025-12-05,MA,545.52,,,515.37,569.5,483.78,629.92
2025-12-08,MA,,529.65,620.37,515.37,569.5,483.78,629.92
2025-12-01,MAA,135.37,,,126.22,140.27,116.84,151.82
2025-12-02,MAA,135.26,,,126.22,140.27,116.84,151.82
2025-12-03,MAA,134.52,,,126.22,140.27,116.84,151.82
2025-12-04,MAA,132.86,,,126.22,140.27,116.84,151.82
2025-12-05,MAA,131.67,,,126.22,140.27,116.84,151.82
2025-12-08,MAA,,121.64,144.91,126.22,140.27,116.84,151.82
2025-12-01,MAR,303.44,,,272.42,326.77,239.97,362.85
2025-12-02,MAR,304.65,,,272.42,326.77,239.97,362.85
2025-12-03,MAR,306.65,,,272.42,326.77,239.97,362.85
2025-12-04,MAR,296.0,,,272.42,326.77,239.97,362.85
2025-12-05,MAR,292.59,,,272.42,326.77,239.97,362.85
2025-12-08,MAR,,275.61,333.58,272.42,326.77,239.97,362.85
2025-12-01,MAS,64.77,,,57.21,68.18,52.82,73.46
2025-12-02,MAS,64.27,,,57.21,68.18,52.82,73.46
2025-12-03,MAS,64.62,,,57.21,68.18,52.82,73.46
2025-12-04,MAS,64.4,,,57.21,68.18,52.82,73.46
2025-12-05,MAS,63.2,,,57.21,68.18,52.82,73.46
2025-12-08,MAS,,56.34,64.46,57.21,68.18,52.82,73.46
2025-12-01,MCD,303.57,,,288.4,324.08,273.68,344.46
2025-12-02,MCD,300.72,,,288.4,324.08,273.68,344.46
2025-12-03,MCD,307.71,,,288.4,324.08,273.68,344.46
2025-12-04,MCD,308.54,,,288.4,324.08,273.68,344.46
2025-12-05,MCD,311.23,,,288.4,324.08,273.68,344.46
2025-12-08,MCD,,269.1,346.83,288.4,324.08,273.68,344.46
2025-12-01,MCHI,62.66,,,57.77,66.13,56.16,73.89
2025-12-02,MCHI,62.24,,,57.77,66.13,56.16,73.89
2025-12-03,MCHI,61.88,,,57.77,66.13,56.16,73.89
2025-12-04,MCHI,61.98,,,57.77,66.13,56.16,73.89
2025-12-05,MCHI,62.66,,,57.77,66.13,56.16,73.89
2025-12-08,MCHI,,58.73,66.79,57.77,66.13,56.16,73.89
2025-12-01,MCHP,53.43,,,45.68,68.03,40.35,74.33
2025-12-02,MCHP,56.71,,,45.68,68.03,40.35,74.33
2025-12-03,MCHP,63.61,,,45.68,68.03,40.35,74.33
2025-12-04,MCHP,64.72,,,45.68,68.03,40.35,74.33
2025-12-05,MCHP,65.81,,,45.68,68.03,40.35,74.33
2025-12-08,MCHP,,52.73,85.52,45.68,68.03,40.35,74.33
2025-12-01,MCK,856.89,,,797.28,962.56,739.45,1031.1
2025-12-02,MCK,829.7,,,797.28,962.56,739.45,1031.1
2025-12-03,MCK,805.37,,,797.28,962.56,739.45,1031.1
2025-12-04,MCK,814.18,,,797.28,962.56,739.45,1031.1
2025-12-05,MCK,808.62,,,797.28,962.56,739.45,1031.1
2025-12-08,MCK,,715.1,903.42,797.28,962.56,739.45,1031.1
2025-12-01,MCO,487.24,,,460.59,518.85,432.72,547.85
2025-12-02,MCO,487.84,,,460.59,518.85,432.72,547.85
2025-12-03,MCO,492.01,,,460.59,518.85,432.72,547.85
2025-12-04,MCO,489.48,,,460.59,518.85,432.72,547.85
2025-12-05,MCO,496.5,,,460.59,518.85,432.72,547.85
2025-12-08,MCO,,465.27,546.59,460.59,518.85,432.72,547.85
2025-12-01,MDLZ,56.4,,,52.66,59.17,48.78,62.82
2025-12-02,MDLZ,55.99,,,52.66,59.17,48.78,62.82
2025-12-03,MDLZ,56.03,,,52.66,59.17,48.78,62.82
2025-12-04,MDLZ,55.8,,,52.66,59.17,48.78,62.82
2025-12-05,MDLZ,54.905,,,52.66,59.17,48.78,62.82
2025-12-08,MDLZ,,53.98,55.42,52.66,59.17,48.78,62.82
2025-12-01,MDT,103.34,,,96.61,115.47,84.51,120.85
2025-12-02,MDT,102.03,,,96.61,115.47,84.51,120.85
2025-12-03,MDT,101.97,,,96.61,115.47,84.51,120.85
2025-12-04,MDT,101.99,,,96.61,115.47,84.51,120.85
2025-12-05,MDT,101.36,,,96.61,115.47,84.51,120.85
2025-12-08,MDT,,95.61,106.51,96.61,115.47,84.51,120.85
2025-12-01,MDY,602.2,,,562.28,630.95,532.95,664.44
2025-12-02,MDY,600.02,,,562.28,630.95,532.95,664.44
2025-12-03,MDY,604.19,,,562.28,630.95,532.95,664.44
2025-12-04,MDY,607.15,,,562.28,630.95,532.95,664.44
2025-12-05,MDY,607.38,,,562.28,630.95,532.95,664.44
2025-12-08,MDY,,523.86,722.88,562.28,630.95,532.95,664.44
2025-12-01,MET,76.31,,,70.85,81.38,66.21,89.03
2025-12-02,MET,76.27,,,70.85,81.38,66.21,89.03
2025-12-03,MET,77.51,,,70.85,81.38,66.21,89.03
2025-12-04,MET,78.03,,,70.85,81.38,66.21,89.03
2025-12-05,MET,78.66,,,70.85,81.38,66.21,89.03
2025-12-08,MET,,69.1,83.48,70.85,81.38,66.21,89.03
2025-12-01,META,640.87,,,557.1,719.92,537.12,809.13
2025-12-02,META,647.1,,,557.1,719.92,537.12,809.13
2025-12-03,META,639.6,,,557.1,719.92,537.12,809.13
2025-12-04,META,661.53,,,557.1,719.92,537.12,809.13
2025-12-05,META,673.42,,,557.1,719.92,537.12,809.13
2025-12-08,META,,415.38,1158.21,557.1,719.92,537.12,809.13
2025-12-01,MGM,35.44,,,30.64,38.44,27.89,40.56
2025-12-02,MGM,35.34,,,30.64,38.44,27.89,40.56
2025-12-03,MGM,35.54,,,30.64,38.44,27.89,40.56
2025-12-04,MGM,35.39,,,30.64,38.44,27.89,40.56
2025-12-05,MGM,36.07,,,30.64,38.44,27.89,40.56
2025-12-08,MGM,,29.61,46.59,30.64,38.44,27.89,40.56
2025-12-01,MHK,115.45,,,100.0,123.61,91.96,137.27
2025-12-02,MHK,114.59,,,100.0,123.61,91.96,137.27
2025-12-03,MHK,115.21,,,100.0,123.61,91.96,137.27
2025-12-04,MHK,111.96,,,100.0,123.61,91.96,137.27
2025-12-05,MHK,110.69,,,100.0,123.61,91.96,137.27
2025-12-08,MHK,,99.53,122.31,100.0,123.61,91.96,137.27
2025-12-01,MKC,66.4,,,60.55,70.45,57.05,74.9
2025-12-02,MKC,65.44,,,60.55,70.45,57.05,74.9
2025-12-03,MKC,64.12,,,60.55,70.45,57.05,74.9
2025-12-04,MKC,63.44,,,60.55,70.45,57.05,74.9
2025-12-05,MKC,63.3,,,60.55,70.45,57.05,74.9
2025-12-08,MKC,,59.35,70.0,60.55,70.45,57.05,74.9
2025-12-01,MLM,615.25,,,582.54,652.15,530.52,725.6
2025-12-02,MLM,607.99,,,582.54,652.15,530.52,725.6
2025-12-03,MLM,615.87,,,582.54,652.15,530.52,725.6
2025-12-04,MLM,618.78,,,582.54,652.15,530.52,725.6
2025-12-05,MLM,624.37,,,582.54,652.15,530.52,725.6
2025-12-08,MLM,,577.23,711.27,582.54,652.15,530.52,725.6
2025-12-01,MMC,184.0,,,167.84,194.19,160.01,204.78
2025-12-02,MMC,183.36,,,167.84,194.19,160.01,204.78
2025-12-03,MMC,183.87,,,167.84,194.19,160.01,204.78
2025-12-04,MMC,183.2,,,167.84,194.19,160.01,204.78
2025-12-05,MMC,181.82,,,167.84,194.19,160.01,204.78
2025-12-08,MMC,,162.38,202.31,167.84,194.19,160.01,204.78
2025-12-01,MMM,170.48,,,160.08,185.86,150.52,203.2
2025-12-02,MMM,171.56,,,160.08,185.86,150.52,203.2
2025-12-03,MMM,173.09,,,160.08,185.86,150.52,203.2
2025-12-04,MMM,169.27,,,160.08,185.86,150.52,203.2
2025-12-05,MMM,167.48,,,160.08,185.86,150.52,203.2
2025-12-08,MMM,,161.64,176.04,160.08,185.86,150.52,203.2
2025-12-01,MNST,75.95,,,71.01,79.85,62.88,84.2
2025-12-02,MNST,74.71,,,71.01,79.85,62.88,84.2
2025-12-03,MNST,73.985,,,71.01,79.85,62.88,84.2
2025-12-04,MNST,73.26,,,71.01,79.85,62.88,84.2
2025-12-05,MNST,73.74,,,71.01,79.85,62.88,84.2
2025-12-08,MNST,,65.89,75.65,71.01,79.85,62.88,84.2
2025-12-01,MO,59.14,,,52.91,61.72,52.86,67.88
2025-12-02,MO,58.82,,,52.91,61.72,52.86,67.88
2025-12-03,MO,58.41,,,52.91,61.72,52.86,67.88
2025-12-04,MO,58.34,,,52.91,61.72,52.86,67.88
2025-12-05,MO,57.99,,,52.91,61.72,52.86,67.88
2025-12-08,MO,,41.42,78.53,52.91,61.72,52.86,67.88
2025-12-01,MOH,145.0,,,124.98,165.25,101.22,180.65
2025-12-02,MOH,145.97,,,124.98,165.25,101.22,180.65
2025-12-03,MOH,149.09,,,124.98,165.25,101.22,180.65
2025-12-04,MOH,150.57,,,124.98,165.25,101.22,180.65
2025-12-05,MOH,151.86,,,124.98,165.25,101.22,180.65
2025-12-08,MOH,,146.48,151.47,124.98,165.25,101.22,180.65
2025-12-01,MOS,24.96,,,21.14,26.23,19.26,30.71
2025-12-02,MOS,24.38,,,21.14,26.23,19.26,30.71
2025-12-03,MOS,24.21,,,21.14,26.23,19.26,30.71
2025-12-04,MOS,24.1,,,21.14,26.23,19.26,30.71
2025-12-05,MOS,23.61,,,21.14,26.23,19.26,30.71
2025-12-08,MOS,,21.58,26.28,21.14,26.23,19.26,30.71
2025-12-01,MP,58.1,,,49.0,73.6,42.35,93.69
2025-12-02,MP,60.84,,,49.0,73.6,42.35,93.69
2025-12-03,MP,58.71,,,49.0,73.6,42.35,93.69
2025-12-04,MP,61.8,,,49.0,73.6,42.35,93.69
2025-12-05,MP,62.09,,,49.0,73.6,42.35,93.69
2025-12-08,MP,,50.08,68.05,49.0,73.6,42.35,93.69
2025-12-01,MPC,196.14,,,179.15,210.12,159.3,231.96
2025-12-02,MPC,192.7,,,179.15,210.12,159.3,231.96
2025-12-03,MPC,189.43,,,179.15,210.12,159.3,231.96
2025-12-04,MPC,190.15,,,179.15,210.12,159.3,231.96
2025-12-05,MPC,190.53,,,179.15,210.12,159.3,231.96
2025-12-08,MPC,,159.76,210.76,179.15,210.12,159.3,231.96
2025-12-01,MPWR,928.35,,,829.82,1053.17,740.25,1245.26
2025-12-02,MPWR,952.18,,,829.82,1053.17,740.25,1245.26
2025-12-03,MPWR,958.02,,,829.82,1053.17,740.25,1245.26
2025-12-04,MPWR,952.74,,,829.82,1053.17,740.25,1245.26
2025-12-05,MPWR,963.275,,,829.82,1053.17,740.25,1245.26
2025-12-08,MPWR,,934.52,1004.23,829.82,1053.17,740.25,1245.26
2025-12-01,MRK,101.83,,,93.07,117.63,77.63,120.98
2025-12-02,MRK,101.03,,,93.07,117.63,77.63,120.98
2025-12-03,MRK,102.27,,,93.07,117.63,77.63,120.98
2025-12-04,MRK,100.89,,,93.07,117.63,77.63,120.98
2025-12-05,MRK,99.72,,,93.07,117.63,77.63,120.98
2025-12-08,MRK,,94.95,103.94,93.07,117.63,77.63,120.98
2025-12-01,MRNA,24.16,,,22.41,28.94,17.06,31.86
2025-12-02,MRNA,24.06,,,22.41,28.94,17.06,31.86
2025-12-03,MRNA,25.18,,,22.41,28.94,17.06,31.86
2025-12-04,MRNA,25.49,,,22.41,28.94,17.06,31.86
2025-12-05,MRNA,27.7,,,22.41,28.94,17.06,31.86
2025-12-08,MRNA,,20.18,30.52,22.41,28.94,17.06,31.86
2025-12-01,MS,168.47,,,156.59,185.53,148.2,202.88
2025-12-02,MS,169.09,,,156.59,185.53,148.2,202.88
2025-12-03,MS,173.72,,,156.59,185.53,148.2,202.88
2025-12-04,MS,174.89,,,156.59,185.53,148.2,202.88
2025-12-05,MS,176.51,,,156.59,185.53,148.2,202.88
2025-12-08,MS,,151.88,181.59,156.59,185.53,148.2,202.88
2025-12-01,MSCI,559.66,,,511.51,604.06,490.34,631.67
2025-12-02,MSCI,547.29,,,511.51,604.06,490.34,631.67
2025-12-03,MSCI,545.56,,,511.51,604.06,490.34,631.67
2025-12-04,MSCI,540.85,,,511.51,604.06,490.34,631.67
2025-12-05,MSCI,538.26,,,511.51,604.06,490.34,631.67
2025-12-08,MSCI,,475.06,595.07,511.51,604.06,490.34,631.67
2025-12-01,MSFT,486.74,,,447.4,512.01,414.24,599.12
2025-12-02,MSFT,490.0,,,447.4,512.01,414.24,599.12
2025-12-03,MSFT,477.73,,,447.4,512.01,414.24,599.12
2025-12-04,MSFT,480.84,,,447.4,512.01,414.24,599.12
2025-12-05,MSFT,483.16,,,447.4,512.01,414.24,599.12
2025-12-08,MSFT,,473.86,481.65,447.4,512.01,414.24,599.12
2025-12-01,MSI,373.35,,,336.66,389.34,328.75,453.14
2025-12-02,MSI,377.56,,,336.66,389.34,328.75,453.14
2025-12-03,MSI,375.69,,,336.66,389.34,328.75,453.14
2025-12-04,MSI,371.49,,,336.66,389.34,328.75,453.14
2025-12-05,MSI,374.39,,,336.66,389.34,328.75,453.14
2025-12-08,MSI,,327.34,456.47,336.66,389.34,328.75,453.14
2025-12-01,MTB,190.22,,,176.38,202.48,169.45,220.15
2025-12-02,MTB,190.98,,,176.38,202.48,169.45,220.15
2025-12-03,MTB,195.63,,,176.38,202.48,169.45,220.15
2025-12-04,MTB,195.57,,,176.38,202.48,169.45,220.15
2025-12-05,MTB,195.11,,,176.38,202.48,169.45,220.15
2025-12-08,MTB,,135.42,267.07,176.38,202.48,169.45,220.15
2025-12-01,MTCH,33.75,,,29.74,35.83,28.1,38.66
2025-12-02,MTCH,33.7,,,29.74,35.83,28.1,38.66
2025-12-03,MTCH,33.63,,,29.74,35.83,28.1,38.66
2025-12-04,MTCH,33.88,,,29.74,35.83,28.1,38.66
2025-12-05,MTCH,34.52,,,29.74,35.83,28.1,38.66
2025-12-08,MTCH,,31.29,35.78,29.74,35.83,28.1,38.66
2025-12-01,MTD,1468.09,,,1366.45,1588.95,1239.13,1697.92
2025-12-02,MTD,1447.16,,,1366.45,1588.95,1239.13,1697.92
2025-12-03,MTD,1434.88,,,1366.45,1588.95,1239.13,1697.92
2025-12-04,MTD,1422.81,,,1366.45,1588.95,1239.13,1697.92
2025-12-05,MTD,1414.86,,,1366.45,1588.95,1239.13,1697.92
2025-12-08,MTD,,1116.66,1829.34,1366.45,1588.95,1239.13,1697.92
2025-12-01,MTUM,247.65,,,225.56,267.49,216.87,287.65
2025-12-02,MTUM,248.81,,,225.56,267.49,216.87,287.65
2025-12-03,MTUM,249.8,,,225.56,267.49,216.87,287.65
2025-12-04,MTUM,251.6,,,225.56,267.49,216.87,287.65
2025-12-05,MTUM,252.79,,,225.56,267.49,216.87,287.65
2025-12-08,MTUM,,244.26,262.63,225.56,267.49,216.87,287.65
2025-12-01,MU,240.46,,,207.28,289.67,173.68,337.74
2025-12-02,MU,239.49,,,207.28,289.67,173.68,337.74
2025-12-03,MU,234.16,,,207.28,289.67,173.68,337.74
2025-12-04,MU,226.65,,,207.28,289.67,173.68,337.74
2025-12-05,MU,237.22,,,207.28,289.67,173.68,337.74
2025-12-08,MU,,204.66,257.66,207.28,289.67,173.68,337.74
2025-12-01,MUB,106.87,,,103.47,112.15,101.48,112.19
2025-12-02,MUB,106.81,,,103.47,112.15,101.48,112.19
2025-12-03,MUB,106.87,,,103.47,112.15,101.48,112.19
2025-12-04,MUB,106.86,,,103.47,112.15,101.48,112.19
2025-12-05,MUB,106.91,,,103.47,112.15,101.48,112.19
2025-12-08,MUB,,107.92,105.09,103.47,112.15,101.48,112.19
2025-12-01,NCLH,18.57,,,15.35,20.16,14.37,25.37
2025-12-02,NCLH,18.43,,,15.35,20.16,14.37,25.37
2025-12-03,NCLH,18.83,,,15.35,20.16,14.37,25.37
2025-12-04,NCLH,18.8,,,15.35,20.16,14.37,25.37
2025-12-05,NCLH,18.92,,,15.35,20.16,14.37,25.37
2025-12-08,NCLH,,13.99,21.1,15.35,20.16,14.37,25.37
2025-12-01,NDAQ,89.36,,,81.92,96.23,80.36,101.63
2025-12-02,NDAQ,88.51,,,81.92,96.23,80.36,101.63
2025-12-03,NDAQ,88.32,,,81.92,96.23,80.36,101.63
2025-12-04,NDAQ,90.29,,,81.92,96.23,80.36,101.63
2025-12-05,NDAQ,90.22,,,81.92,96.23,80.36,101.63
2025-12-08,NDAQ,,76.14,102.52,81.92,96.23,80.36,101.63
2025-12-01,NDSN,235.03,,,226.45,249.11,199.33,267.08
2025-12-02,NDSN,236.53,,,226.45,249.11,199.33,267.08
2025-12-03,NDSN,238.59,,,226.45,249.11,199.33,267.08
2025-12-04,NDSN,238.41,,,226.45,249.11,199.33,267.08
2025-12-05,NDSN,238.93,,,226.45,249.11,199.33,267.08
2025-12-08,NDSN,,235.42,238.7,226.45,249.11,199.33,267.08
2025-12-01,NDX,25342.849609375,,,24032.8,26911.25,23133.72,28387.25
2025-12-02,NDX,25555.857421875,,,24032.8,26911.25,23133.72,28387.25
2025-12-03,NDX,25606.544921875,,,24032.8,26911.25,23133.72,28387.25
2025-12-04,NDX,25581.69921875,,,24032.8,26911.25,23133.72,28387.25
2025-12-05,NDX,25692.05078125,,,24032.8,26911.25,23133.72,28387.25
2025-12-08,NDX,,24709.87,26614.32,24032.8,26911.25,23133.72,28387.25
2025-12-01,NEE,84.65,,,79.82,93.26,74.1,98.88
2025-12-02,NEE,84.58,,,79.82,93.26,74.1,98.88
2025-12-03,NEE,84.95,,,79.82,93.26,74.1,98.88
2025-12-04,NEE,83.39,,,79.82,93.26,74.1,98.88
2025-12-05,NEE,83.13,,,79.82,93.26,74.1,98.88
2025-12-08,NEE,,70.92,88.71,79.82,93.26,74.1,98.88
2025-12-01,NEM,91.83,,,78.27,106.68,75.39,116.1
2025-12-02,NEM,90.48,,,78.27,106.68,75.39,116.1
2025-12-03,NEM,89.65,,,78.27,106.68,75.39,116.1
2025-12-04,NEM,90.72,,,78.27,106.68,75.39,116.1
2025-12-05,NEM,89.76,,,78.27,106.68,75.39,116.1
2025-12-08,NEM,,83.98,100.36,78.27,106.68,75.39,116.1
2025-12-01,NFLX,109.13,,,92.17,116.24,91.92,133.22
2025-12-02,NFLX,109.35,,,92.17,116.24,91.92,133.22
2025-12-03,NFLX,103.96,,,92.17,116.24,91.92,133.22
2025-12-04,NFLX,103.22,,,92.17,116.24,91.92,133.22
2025-12-05,NFLX,100.24,,,92.17,116.24,91.92,133.22
2025-12-08,NFLX,,93.5,109.49,92.17,116.24,91.92,133.22
2025-12-01,NI,43.0,,,40.31,46.34,39.58,49.34
2025-12-02,NI,42.26,,,40.31,46.34,39.58,49.34
2025-12-03,NI,41.88,,,40.31,46.34,39.58,49.34
2025-12-04,NI,41.89,,,40.31,46.34,39.58,49.34
2025-12-05,NI,42.0,,,40.31,46.34,39.58,49.34
2025-12-08,NI,,37.9,42.25,40.31,46.34,39.58,49.34
2025-12-01,NKE,65.39,,,57.43,68.71,52.17,73.62
2025-12-02,NKE,64.93,,,57.43,68.71,52.17,73.62
2025-12-03,NKE,65.65,,,57.43,68.71,52.17,73.62
2025-12-04,NKE,65.69,,,57.43,68.71,52.17,73.62
2025-12-05,NKE,65.86,,,57.43,68.71,52.17,73.62
2025-12-08,NKE,,61.73,65.41,57.43,68.71,52.17,73.62
2025-12-01,NOC,545.51,,,523.54,600.55,498.69,645.24
2025-12-02,NOC,546.97,,,523.54,600.55,498.69,645.24
2025-12-03,NOC,553.32,,,523.54,600.55,498.69,645.24
2025-12-04,NOC,553.0,,,523.54,600.55,498.69,645.24
2025-12-05,NOC,548.97,,,523.54,600.55,498.69,645.24
2025-12-08,NOC,,460.57,578.73,523.54,600.55,498.69,645.24
2025-12-01,NORW,28.8,,,26.94,30.61,26.01,32.46
2025-12-02,NORW,28.855,,,26.94,30.61,26.01,32.46
2025-12-03,NORW,29.24,,,26.94,30.61,26.01,32.46
2025-12-04,NORW,29.2809,,,26.94,30.61,26.01,32.46
2025-12-05,NORW,29.275,,,26.94,30.61,26.01,32.46
2025-12-08,NORW,,29.03,29.97,26.94,30.61,26.01,32.46
2025-12-01,NOV,15.43,,,14.09,17.57,12.73,17.97
2025-12-02,NOV,15.33,,,14.09,17.57,12.73,17.97
2025-12-03,NOV,16.32,,,14.09,17.57,12.73,17.97
2025-12-04,NOV,16.3,,,14.09,17.57,12.73,17.97
2025-12-05,NOV,16.17,,,14.09,17.57,12.73,17.97
2025-12-08,NOV,,15.29,16.73,14.09,17.57,12.73,17.97
2025-12-01,NOW,822.07,,,751.27,882.58,676.5,1033.6
2025-12-02,NOW,824.38,,,751.27,882.58,676.5,1033.6
2025-12-03,NOW,832.9,,,751.27,882.58,676.5,1033.6
2025-12-04,NOW,838.87,,,751.27,882.58,676.5,1033.6
2025-12-05,NOW,854.36,,,751.27,882.58,676.5,1033.6
2025-12-08,NOW,,822.9,932.28,751.27,882.58,676.5,1033.6
2025-12-01,NQ=F,25405.75,,,24351.27,26909.8,23222.26,28285.05
2025-12-02,NQ=F,25586.0,,,24351.27,26909.8,23222.26,28285.05
2025-12-03,NQ=F,25656.0,,,24351.27,26909.8,23222.26,28285.05
2025-12-04,NQ=F,25632.0,,,24351.27,26909.8,23222.26,28285.05
2025-12-05,NQ=F,25735.0,,,24351.27,26909.8,23222.26,28285.05
2025-12-08,NQ=F,,24680.71,26360.4,24351.27,26909.8,23222.26,28285.05
2025-12-01,NRG,165.66,,,151.1,183.4,140.64,221.43
2025-12-02,NRG,164.08,,,151.1,183.4,140.64,221.43
2025-12-03,NRG,166.77,,,151.1,183.4,140.64,221.43
2025-12-04,NRG,169.36,,,151.1,183.4,140.64,221.43
2025-12-05,NRG,163.0,,,151.1,183.4,140.64,221.43
2025-12-08,NRG,,144.65,185.75,151.1,183.4,140.64,221.43
2025-12-01,NSC,289.83,,,273.11,309.42,257.06,330.58
2025-12-02,NSC,291.75,,,273.11,309.42,257.06,330.58
2025-12-03,NSC,294.05,,,273.11,309.42,257.06,330.58
2025-12-04,NSC,295.13,,,273.11,309.42,257.06,330.58
2025-12-05,NSC,294.19,,,273.11,309.42,257.06,330.58
2025-12-08,NSC,,290.41,293.34,273.11,309.42,257.06,330.58
2025-12-01,NTAP,112.27,,,100.99,123.42,91.49,140.55
2025-12-02,NTAP,115.83,,,100.99,123.42,91.49,140.55
2025-12-03,NTAP,114.66,,,100.99,123.42,91.49,140.55
2025-12-04,NTAP,115.99,,,100.99,123.42,91.49,140.55
2025-12-05,NTAP,117.27,,,100.99,123.42,91.49,140.55
2025-12-08,NTAP,,115.7,119.1,100.99,123.42,91.49,140.55
2025-12-01,NTRS,130.98,,,121.33,139.66,115.01,152.97
2025-12-02,NTRS,130.43,,,121.33,139.66,115.01,152.97
2025-12-03,NTRS,132.16,,,121.33,139.66,115.01,152.97
2025-12-04,NTRS,133.21,,,121.33,139.66,115.01,152.97
2025-12-05,NTRS,133.21,,,121.33,139.66,115.01,152.97
2025-12-08,NTRS,,114.19,154.12,121.33,139.66,115.01,152.97
2025-12-01,NUE,160.7,,,146.74,177.45,128.92,184.94
2025-12-02,NUE,161.09,,,146.74,177.45,128.92,184.94
2025-12-03,NUE,164.71,,,146.74,177.45,128.92,184.94
2025-12-04,NUE,162.54,,,146.74,177.45,128.92,184.94
2025-12-05,NUE,159.45,,,146.74,177.45,128.92,184.94
2025-12-08,NUE,,150.2,167.92,146.74,177.45,128.92,184.94
2025-12-01,NVDA,179.92,,,163.26,202.14,150.27,264.36
2025-12-02,NVDA,181.46,,,163.26,202.14,150.27,264.36
2025-12-03,NVDA,179.59,,,163.26,202.14,150.27,264.36
2025-12-04,NVDA,183.38,,,163.26,202.14,150.27,264.36
2025-12-05,NVDA,182.41,,,163.26,202.14,150.27,264.36
2025-12-08,NVDA,,180.41,190.01,163.26,202.14,150.27,264.36
2025-12-01,NVR,7517.09,,,6805.8,8059.52,6392.66,8886.68
2025-12-02,NVR,7601.1,,,6805.8,8059.52,6392.66,8886.68
2025-12-03,NVR,7679.42,,,6805.8,8059.52,6392.66,8886.68
2025-12-04,NVR,7519.67,,,6805.8,8059.52,6392.66,8886.68
2025-12-05,NVR,7538.08,,,6805.8,8059.52,6392.66,8886.68
2025-12-08,NVR,,7111.79,7990.92,6805.8,8059.52,6392.66,8886.68
2025-12-01,NWSA,25.52,,,23.01,27.7,22.24,30.04
2025-12-02,NWSA,25.4,,,23.01,27.7,22.24,30.04
2025-12-03,NWSA,25.56,,,23.01,27.7,22.24,30.04
2025-12-04,NWSA,25.63,,,23.01,27.7,22.24,30.04
2025-12-05,NWSA,26.04,,,23.01,27.7,22.24,30.04
2025-12-08,NWSA,,24.99,27.5,23.01,27.7,22.24,30.04
2025-12-01,NXPI,199.49,,,176.51,234.67,164.42,247.42
2025-12-02,NXPI,215.35,,,176.51,234.67,164.42,247.42
2025-12-03,NXPI,227.56,,,176.51,234.67,164.42,247.42
2025-12-04,NXPI,226.16,,,176.51,234.67,164.42,247.42
2025-12-05,NXPI,227.95,,,176.51,234.67,164.42,247.42
2025-12-08,NXPI,,230.71,268.86,176.51,234.67,164.42,247.42
2025-12-01,O,57.43,,,53.89,60.74,50.88,65.31
2025-12-02,O,57.5,,,53.89,60.74,50.88,65.31
2025-12-03,O,58.09,,,53.89,60.74,50.88,65.31
2025-12-04,O,58.21,,,53.89,60.74,50.88,65.31
2025-12-05,O,58.48,,,53.89,60.74,50.88,65.31
2025-12-08,O,,57.62,59.32,53.89,60.74,50.88,65.31
2025-12-01,ODFL,139.67,,,124.69,161.87,115.92,166.61
2025-12-02,ODFL,141.46,,,124.69,161.87,115.92,166.61
2025-12-03,ODFL,150.945,,,124.69,161.87,115.92,166.61
2025-12-04,ODFL,153.51,,,124.69,161.87,115.92,166.61
2025-12-05,ODFL,155.15,,,124.69,161.87,115.92,166.61
2025-12-08,ODFL,,135.07,163.46,124.69,161.87,115.92,166.61
2025-12-01,OEF,342.59,,,306.21,388.37,309.89,385.91
2025-12-02,OEF,343.56,,,306.21,388.37,309.89,385.91
2025-12-03,OEF,344.35,,,306.21,388.37,309.89,385.91
2025-12-04,OEF,344.53,,,306.21,388.37,309.89,385.91
2025-12-05,OEF,345.17,,,306.21,388.37,309.89,385.91
2025-12-08,OEF,,309.62,360.16,306.21,388.37,309.89,385.91
2025-12-01,OKE,73.68,,,67.35,78.73,59.76,87.26
2025-12-02,OKE,73.1,,,67.35,78.73,59.76,87.26
2025-12-03,OKE,74.89,,,67.35,78.73,59.76,87.26
2025-12-04,OKE,76.17,,,67.35,78.73,59.76,87.26
2025-12-05,OKE,76.34,,,67.35,78.73,59.76,87.26
2025-12-08,OKE,,54.99,88.06,67.35,78.73,59.76,87.26
2025-12-01,OMC,72.01,,,66.73,78.41,64.08,81.37
2025-12-02,OMC,72.47,,,66.73,78.41,64.08,81.37
2025-12-03,OMC,71.0,,,66.73,78.41,64.08,81.37
2025-12-04,OMC,70.17,,,66.73,78.41,64.08,81.37
2025-12-05,OMC,73.44,,,66.73,78.41,64.08,81.37
2025-12-08,OMC,,65.62,80.74,66.73,78.41,64.08,81.37
2025-12-01,ON,50.43,,,44.85,59.81,38.8,62.33
2025-12-02,ON,51.48,,,44.85,59.81,38.8,62.33
2025-12-03,ON,57.15,,,44.85,59.81,38.8,62.33
2025-12-04,ON,54.79,,,44.85,59.81,38.8,62.33
2025-12-05,ON,54.74,,,44.85,59.81,38.8,62.33
2025-12-08,ON,,51.36,61.55,44.85,59.81,38.8,62.33
2025-12-01,ORCL,200.94,,,164.57,249.96,166.69,307.65
2025-12-02,ORCL,201.1,,,164.57,249.96,166.69,307.65
2025-12-03,ORCL,207.73,,,164.57,249.96,166.69,307.65
2025-12-04,ORCL,214.33,,,164.57,249.96,166.69,307.65
2025-12-05,ORCL,217.58,,,164.57,249.96,166.69,307.65
2025-12-08,ORCL,,197.01,223.8,164.57,249.96,166.69,307.65
2025-12-01,ORLY,101.24,,,91.5,107.74,85.85,117.05
2025-12-02,ORLY,99.84,,,91.5,107.74,85.85,117.05
2025-12-03,ORLY,98.61,,,91.5,107.74,85.85,117.05
2025-12-04,ORLY,99.51,,,91.5,107.74,85.85,117.05
2025-12-05,ORLY,98.89,,,91.5,107.74,85.85,117.05
2025-12-08,ORLY,,78.71,119.9,91.5,107.74,85.85,117.05
2025-12-01,OTIS,88.15,,,82.31,93.64,78.59,100.14
2025-12-02,OTIS,87.24,,,82.31,93.64,78.59,100.14
2025-12-03,OTIS,86.94,,,82.31,93.64,78.59,100.14
2025-12-04,OTIS,86.91,,,82.31,93.64,78.59,100.14
2025-12-05,OTIS,86.45,,,82.31,93.64,78.59,100.14
2025-12-08,OTIS,,80.11,103.31,82.31,93.64,78.59,100.14
2025-12-01,OXY,42.34,,,38.65,45.23,34.68,47.1
2025-12-02,OXY,41.98,,,38.65,45.23,34.68,47.1
2025-12-03,OXY,42.45,,,38.65,45.23,34.68,47.1
2025-12-04,OXY,42.67,,,38.65,45.23,34.68,47.1
2025-12-05,OXY,42.43,,,38.65,45.23,34.68,47.1
2025-12-08,OXY,,40.18,45.94,38.65,45.23,34.68,47.1
2025-12-01,PAM,90.21,,,76.92,110.09,73.79,112.43
2025-12-02,PAM,89.36,,,76.92,110.09,73.79,112.43
2025-12-03,PAM,92.27,,,76.92,110.09,73.79,112.43
2025-12-04,PAM,91.15,,,76.92,110.09,73.79,112.43
2025-12-05,PAM,90.46,,,76.92,110.09,73.79,112.43
2025-12-08,PAM,,84.61,98.08,76.92,110.09,73.79,112.43
2025-12-01,PANW,187.73,,,167.31,214.24,165.61,237.8
2025-12-02,PANW,189.88,,,167.31,214.24,165.61,237.8
2025-12-03,PANW,193.63,,,167.31,214.24,165.61,237.8
2025-12-04,PANW,195.68,,,167.31,214.24,165.61,237.8
2025-12-05,PANW,198.84,,,167.31,214.24,165.61,237.8
2025-12-08,PANW,,174.37,226.07,167.31,214.24,165.61,237.8
2025-12-01,PAYC,161.81,,,138.53,172.63,134.1,207.04
2025-12-02,PAYC,161.95,,,138.53,172.63,134.1,207.04
2025-12-03,PAYC,164.56,,,138.53,172.63,134.1,207.04
2025-12-04,PAYC,166.14,,,138.53,172.63,134.1,207.04
2025-12-05,PAYC,165.72,,,138.53,172.63,134.1,207.04
2025-12-08,PAYC,,123.91,222.49,138.53,172.63,134.1,207.04
2025-12-01,PAYX,110.54,,,99.6,117.67,98.92,125.91
2025-12-02,PAYX,110.78,,,99.6,117.67,98.92,125.91
2025-12-03,PAYX,113.39,,,99.6,117.67,98.92,125.91
2025-12-04,PAYX,111.765,,,99.6,117.67,98.92,125.91
2025-12-05,PAYX,112.06,,,99.6,117.67,98.92,125.91
2025-12-08,PAYX,,105.35,119.46,99.6,117.67,98.92,125.91
2025-12-01,PBR,12.55,,,11.29,14.07,10.62,14.49
2025-12-02,PBR,12.61,,,11.29,14.07,10.62,14.49
2025-12-03,PBR,12.8,,,11.29,14.07,10.62,14.49
2025-12-04,PBR,12.88,,,11.29,14.07,10.62,14.49
2025-12-05,PBR,12.13,,,11.29,14.07,10.62,14.49
2025-12-08,PBR,,10.89,13.89,11.29,14.07,10.62,14.49
2025-12-01,PCAR,103.97,,,97.37,114.63,89.23,123.61
2025-12-02,PCAR,105.89,,,97.37,114.63,89.23,123.61
2025-12-03,PCAR,108.54,,,97.37,114.63,89.23,123.61
2025-12-04,PCAR,108.5,,,97.37,114.63,89.23,123.61
2025-12-05,PCAR,110.33,,,97.37,114.63,89.23,123.61
2025-12-08,PCAR,,95.07,115.47,97.37,114.63,89.23,123.61
2025-12-01,PCG,15.84,,,14.37,17.3,13.04,18.95
2025-12-02,PCG,15.32,,,14.37,17.3,13.04,18.95
2025-12-03,PCG,15.23,,,14.37,17.3,13.04,18.95
2025-12-04,PCG,15.33,,,14.37,17.3,13.04,18.95
2025-12-05,PCG,15.16,,,14.37,17.3,13.04,18.95
2025-12-08,PCG,,10.58,18.13,14.37,17.3,13.04,18.95
2025-12-01,PEG,81.57,,,77.09,85.97,73.42,95.24
2025-12-02,PEG,80.68,,,77.09,85.97,73.42,95.24
2025-12-03,PEG,80.54,,,77.09,85.97,73.42,95.24
2025-12-04,PEG,80.77,,,77.09,85.97,73.42,95.24
2025-12-05,PEG,79.57,,,77.09,85.97,73.42,95.24
2025-12-08,PEG,,70.09,98.31,77.09,85.97,73.42,95.24
2025-12-01,PEP,149.51,,,136.97,157.9,126.83,170.68
2025-12-02,PEP,148.61,,,136.97,157.9,126.83,170.68
2025-12-03,PEP,148.06,,,136.97,157.9,126.83,170.68
2025-12-04,PEP,146.91,,,136.97,157.9,126.83,170.68
2025-12-05,PEP,145.02,,,136.97,157.9,126.83,170.68
2025-12-08,PEP,,133.1,163.68,136.97,157.9,126.83,170.68
2025-12-01,PFE,25.27,,,23.9,28.73,21.79,28.75
2025-12-02,PFE,25.15,,,23.9,28.73,21.79,28.75
2025-12-03,PFE,25.57,,,23.9,28.73,21.79,28.75
2025-12-04,PFE,25.7,,,23.9,28.73,21.79,28.75
2025-12-05,PFE,26.03,,,23.9,28.73,21.79,28.75
2025-12-08,PFE,,24.55,26.58,23.9,28.73,21.79,28.75
2025-12-01,PFF,30.65,,,29.06,32.37,28.65,32.66
2025-12-02,PFF,30.83,,,29.06,32.37,28.65,32.66
2025-12-03,PFF,30.88,,,29.06,32.37,28.65,32.66
2025-12-04,PFF,30.785,,,29.06,32.37,28.65,32.66
2025-12-05,PFF,30.87,,,29.06,32.37,28.65,32.66
2025-12-08,PFF,,26.59,37.81,29.06,32.37,28.65,32.66
2025-12-01,PFG,84.45,,,80.99,90.79,74.2,95.85
2025-12-02,PFG,84.32,,,80.99,90.79,74.2,95.85
2025-12-03,PFG,85.94,,,80.99,90.79,74.2,95.85
2025-12-04,PFG,85.93,,,80.99,90.79,74.2,95.85
2025-12-05,PFG,87.52,,,80.99,90.79,74.2,95.85
2025-12-08,PFG,,64.19,91.18,80.99,90.79,74.2,95.85
2025-12-01,PG,147.44,,,138.55,153.89,132.21,162.55
2025-12-02,PG,145.86,,,138.55,153.89,132.21,162.55
2025-12-03,PG,146.71,,,138.55,153.89,132.21,162.55
2025-12-04,PG,145.36,,,138.55,153.89,132.21,162.55
2025-12-05,PG,143.45,,,138.55,153.89,132.21,162.55
2025-12-08,PG,,143.12,145.24,138.55,153.89,132.21,162.55
2025-12-01,PGR,227.82,,,201.75,247.62,188.4,267.03
2025-12-02,PGR,228.76,,,201.75,247.62,188.4,267.03
2025-12-03,PGR,227.18,,,201.75,247.62,188.4,267.03
2025-12-04,PGR,227.09,,,201.75,247.62,188.4,267.03
2025-12-05,PGR,222.89,,,201.75,247.62,188.4,267.03
2025-12-08,PGR,,218.74,232.21,201.75,247.62,188.4,267.03
2025-12-01,PH,856.12,,,811.1,953.95,716.14,1021.55
2025-12-02,PH,858.94,,,811.1,953.95,716.14,1021.55
2025-12-03,PH,869.2,,,811.1,953.95,716.14,1021.55
2025-12-04,PH,873.66,,,811.1,953.95,716.14,1021.55
2025-12-05,PH,880.0,,,811.1,953.95,716.14,1021.55
2025-12-08,PH,,753.33,1016.77,811.1,953.95,716.14,1021.55
2025-12-01,PHM,127.18,,,111.24,138.21,104.26,151.26
2025-12-02,PHM,126.55,,,111.24,138.21,104.26,151.26
2025-12-03,PHM,130.33,,,111.24,138.21,104.26,151.26
2025-12-04,PHM,127.89,,,111.24,138.21,104.26,151.26
2025-12-05,PHM,126.99,,,111.24,138.21,104.26,151.26
2025-12-08,PHM,,125.29,133.69,111.24,138.21,104.26,151.26
2025-12-01,PKG,203.24,,,183.84,212.73,172.67,233.14
2025-12-02,PKG,192.55,,,183.84,212.73,172.67,233.14
2025-12-03,PKG,197.95,,,183.84,212.73,172.67,233.14
2025-12-04,PKG,196.63,,,183.84,212.73,172.67,233.14
2025-12-05,PKG,198.48,,,183.84,212.73,172.67,233.14
2025-12-08,PKG,,183.76,197.42,183.84,212.73,172.67,233.14
2025-12-01,PLD,128.93,,,119.67,136.48,108.38,144.25
2025-12-02,PLD,128.93,,,119.67,136.48,108.38,144.25
2025-12-03,PLD,129.19,,,119.67,136.48,108.38,144.25
2025-12-04,PLD,128.18,,,119.67,136.48,108.38,144.25
2025-12-05,PLD,127.98,,,119.67,136.48,108.38,144.25
2025-12-08,PLD,,124.12,139.09,119.67,136.48,108.38,144.25
2025-12-01,PLTR,167.49,,,149.22,193.63,143.97,271.79
2025-12-02,PLTR,170.69,,,149.22,193.63,143.97,271.79
2025-12-03,PLTR,176.08,,,149.22,193.63,143.97,271.79
2025-12-04,PLTR,177.92,,,149.22,193.63,143.97,271.79
2025-12-05,PLTR,181.76,,,149.22,193.63,143.97,271.79
2025-12-08,PLTR,,178.16,189.49,149.22,193.63,143.97,271.79
2025-12-01,PM,156.15,,,138.79,162.9,130.66,184.19
2025-12-02,PM,154.62,,,138.79,162.9,130.66,184.19
2025-12-03,PM,151.71,,,138.79,162.9,130.66,184.19
2025-12-04,PM,148.58,,,138.79,162.9,130.66,184.19
2025-12-05,PM,147.81,,,138.79,162.9,130.66,184.19
2025-12-08,PM,,124.67,222.29,138.79,162.9,130.66,184.19
2025-12-01,PNC,192.4,,,175.44,206.85,166.89,221.71
2025-12-02,PNC,192.05,,,175.44,206.85,166.89,221.71
2025-12-03,PNC,198.0,,,175.44,206.85,166.89,221.71
2025-12-04,PNC,198.27,,,175.44,206.85,166.89,221.71
2025-12-05,PNC,197.86,,,175.44,206.85,166.89,221.71
2025-12-08,PNC,,134.98,205.81,175.44,206.85,166.89,221.71
2025-12-01,PNR,105.06,,,99.97,109.46,93.62,122.23
2025-12-02,PNR,105.16,,,99.97,109.46,93.62,122.23
2025-12-03,PNR,106.47,,,99.97,109.46,93.62,122.23
2025-12-04,PNR,104.89,,,99.97,109.46,93.62,122.23
2025-12-05,PNR,104.25,,,99.97,109.46,93.62,122.23
2025-12-08,PNR,,96.58,113.79,99.97,109.46,93.62,122.23
2025-12-01,PNW,89.32,,,82.94,95.21,80.77,100.71
2025-12-02,PNW,88.54,,,82.94,95.21,80.77,100.71
2025-12-03,PNW,88.62,,,82.94,95.21,80.77,100.71
2025-12-04,PNW,88.08,,,82.94,95.21,80.77,100.71
2025-12-05,PNW,88.17,,,82.94,95.21,80.77,100.71
2025-12-08,PNW,,79.6,98.39,82.94,95.21,80.77,100.71
2025-12-01,PODD,310.83,,,290.36,351.33,270.48,393.68
2025-12-02,PODD,309.0,,,290.36,351.33,270.48,393.68
2025-12-03,PODD,307.56,,,290.36,351.33,270.48,393.68
2025-12-04,PODD,315.92,,,290.36,351.33,270.48,393.68
2025-12-05,PODD,304.49,,,290.36,351.33,270.48,393.68
2025-12-08,PODD,,286.73,361.77,290.36,351.33,270.48,393.68
2025-12-01,POOL,243.37,,,211.85,258.25,198.03,287.87
2025-12-02,POOL,244.73,,,211.85,258.25,198.03,287.87
2025-12-03,POOL,245.98,,,211.85,258.25,198.03,287.87
2025-12-04,POOL,241.92,,,211.85,258.25,198.03,287.87
2025-12-05,POOL,239.52,,,211.85,258.25,198.03,287.87
2025-12-08,POOL,,233.73,258.51,211.85,258.25,198.03,287.87
2025-12-01,POWA,90.9902,,,83.8,97.76,84.72,97.32
2025-12-02,POWA,90.7584,,,83.8,97.76,84.72,97.32
2025-12-03,POWA,91.0246,,,83.8,97.76,84.72,97.32
2025-12-04,POWA,91.12,,,83.8,97.76,84.72,97.32
2025-12-05,POWA,91.2488,,,83.8,97.76,84.72,97.32
2025-12-08,POWA,,86.94,95.32,83.8,97.76,84.72,97.32
2025-12-01,PPG,99.86,,,91.49,105.3,84.71,107.89
2025-12-02,PPG,100.25,,,91.49,105.3,84.71,107.89
2025-12-03,PPG,101.34,,,91.49,105.3,84.71,107.89
2025-12-04,PPG,100.67,,,91.49,105.3,84.71,107.89
2025-12-05,PPG,101.03,,,91.49,105.3,84.71,107.89
2025-12-08,PPG,,99.39,103.49,91.49,105.3,84.71,107.89
2025-12-01,PPL,35.8,,,32.64,38.33,32.73,40.4
2025-12-02,PPL,35.22,,,32.64,38.33,32.73,40.4
2025-12-03,PPL,34.81,,,32.64,38.33,32.73,40.4
2025-12-04,PPL,34.16,,,32.64,38.33,32.73,40.4
2025-12-05,PPL,33.86,,,32.64,38.33,32.73,40.4
2025-12-08,PPL,,29.58,38.94,32.64,38.33,32.73,40.4
2025-12-01,PPLT,151.39,,,135.76,167.84,129.79,184.06
2025-12-02,PPLT,149.7,,,135.76,167.84,129.79,184.06
2025-12-03,PPLT,151.63,,,135.76,167.84,129.79,184.06
2025-12-04,PPLT,150.2,,,135.76,167.84,129.79,184.06
2025-12-05,PPLT,149.69,,,135.76,167.84,129.79,184.06
2025-12-08,PPLT,,140.85,154.57,135.76,167.84,129.79,184.06
2025-12-01,PRU,108.22,,,102.04,115.28,93.14,121.83
2025-12-02,PRU,107.85,,,102.04,115.28,93.14,121.83
2025-12-03,PRU,109.57,,,102.04,115.28,93.14,121.83
2025-12-04,PRU,110.25,,,102.04,115.28,93.14,121.83
2025-12-05,PRU,111.68,,,102.04,115.28,93.14,121.83
2025-12-08,PRU,,96.65,112.06,102.04,115.28,93.14,121.83
2025-12-01,PSA,271.15,,,249.21,294.92,235.72,314.68
2025-12-02,PSA,273.16,,,249.21,294.92,235.72,314.68
2025-12-03,PSA,278.25,,,249.21,294.92,235.72,314.68
2025-12-04,PSA,276.63,,,249.21,294.92,235.72,314.68
2025-12-05,PSA,272.06,,,249.21,294.92,235.72,314.68
2025-12-08,PSA,,273.09,275.89,249.21,294.92,235.72,314.68
2025-12-01,PSKY,15.71,,,12.51,17.89,12.03,19.4
2025-12-02,PSKY,15.82,,,12.51,17.89,12.03,19.4
2025-12-03,PSKY,14.67,,,12.51,17.89,12.03,19.4
2025-12-04,PSKY,14.82,,,12.51,17.89,12.03,19.4
2025-12-05,PSKY,13.365,,,12.51,17.89,12.03,19.4
2025-12-08,PSKY,,10.63,19.62,12.51,17.89,12.03,19.4
2025-12-01,PSX,139.76,,,128.22,147.66,117.25,159.62
2025-12-02,PSX,137.57,,,128.22,147.66,117.25,159.62
2025-12-03,PSX,139.85,,,128.22,147.66,117.25,159.62
2025-12-04,PSX,139.42,,,128.22,147.66,117.25,159.62
2025-12-05,PSX,139.36,,,128.22,147.66,117.25,159.62
2025-12-08,PSX,,128.95,150.54,128.22,147.66,117.25,159.62
2025-12-01,PTC,174.88,,,150.77,188.85,148.13,218.43
2025-12-02,PTC,176.48,,,150.77,188.85,148.13,218.43
2025-12-03,PTC,177.37,,,150.77,188.85,148.13,218.43
2025-12-04,PTC,178.5,,,150.77,188.85,148.13,218.43
2025-12-05,PTC,173.52,,,150.77,188.85,148.13,218.43
2025-12-08,PTC,,135.98,243.87,150.77,188.85,148.13,218.43
2025-12-01,PWR,452.23,,,417.37,496.48,379.2,569.37
2025-12-02,PWR,454.72,,,417.37,496.48,379.2,569.37
2025-12-03,PWR,456.02,,,417.37,496.48,379.2,569.37
2025-12-04,PWR,464.84,,,417.37,496.48,379.2,569.37
2025-12-05,PWR,460.64,,,417.37,496.48,379.2,569.37
2025-12-08,PWR,,407.33,648.23,417.37,496.48,379.2,569.37
2025-12-01,PYPL,62.58,,,55.46,68.66,51.31,77.78
2025-12-02,PYPL,62.9,,,55.46,68.66,51.31,77.78
2025-12-03,PYPL,61.24,,,55.46,68.66,51.31,77.78
2025-12-04,PYPL,61.73,,,55.46,68.66,51.31,77.78
2025-12-05,PYPL,62.28,,,55.46,68.66,51.31,77.78
2025-12-08,PYPL,,59.06,75.56,55.46,68.66,51.31,77.78
2025-12-01,QAT,18.71,,,18.02,19.46,17.53,20.55
2025-12-02,QAT,18.775,,,18.02,19.46,17.53,20.55
2025-12-03,QAT,18.9302,,,18.02,19.46,17.53,20.55
2025-12-04,QAT,18.9402,,,18.02,19.46,17.53,20.55
2025-12-05,QAT,18.9304,,,18.02,19.46,17.53,20.55
2025-12-08,QAT,,15.91,22.06,18.02,19.46,17.53,20.55
2025-12-01,QCOM,168.04,,,154.41,195.3,141.74,215.27
2025-12-02,QCOM,170.7,,,154.41,195.3,141.74,215.27
2025-12-03,QCOM,175.07,,,154.41,195.3,141.74,215.27
2025-12-04,QCOM,174.35,,,154.41,195.3,141.74,215.27
2025-12-05,QCOM,174.81,,,154.41,195.3,141.74,215.27
2025-12-08,QCOM,,171.02,178.01,154.41,195.3,141.74,215.27
2025-12-01,QQQ,617.17,,,571.28,671.28,539.54,721.12
2025-12-02,QQQ,622.0,,,571.28,671.28,539.54,721.12
2025-12-03,QQQ,623.52,,,571.28,671.28,539.54,721.12
2025-12-04,QQQ,622.94,,,571.28,671.28,539.54,721.12
2025-12-05,QQQ,625.48,,,571.28,671.28,539.54,721.12
2025-12-08,QQQ,,605.33,647.05,571.28,671.28,539.54,721.12
2025-12-01,QUAL,197.67,,,183.6,211.22,175.69,221.59
2025-12-02,QUAL,198.43,,,183.6,211.22,175.69,221.59
2025-12-03,QUAL,199.12,,,183.6,211.22,175.69,221.59
2025-12-04,QUAL,199.28,,,183.6,211.22,175.69,221.59
2025-12-05,QUAL,199.76,,,183.6,211.22,175.69,221.59
2025-12-08,QUAL,,176.22,226.48,183.6,211.22,175.69,221.59
2025-12-01,RCL,266.6,,,228.79,278.02,217.28,345.62
2025-12-02,RCL,265.08,,,228.79,278.02,217.28,345.62
2025-12-03,RCL,265.77,,,228.79,278.02,217.28,345.62
2025-12-04,RCL,259.27,,,228.79,278.02,217.28,345.62
2025-12-05,RCL,257.66,,,228.79,278.02,217.28,345.62
2025-12-08,RCL,,252.94,289.19,228.79,278.02,217.28,345.62
2025-12-01,REG,70.84,,,65.81,74.29,61.49,79.51
2025-12-02,REG,70.03,,,65.81,74.29,61.49,79.51
2025-12-03,REG,69.935,,,65.81,74.29,61.49,79.51
2025-12-04,REG,69.07,,,65.81,74.29,61.49,79.51
2025-12-05,REG,68.7,,,65.81,74.29,61.49,79.51
2025-12-08,REG,,63.26,75.72,65.81,74.29,61.49,79.51
2025-12-01,REGN,750.11,,,687.1,897.32,550.89,953.18
2025-12-02,REGN,742.0,,,687.1,897.32,550.89,953.18
2025-12-03,REGN,723.67,,,687.1,897.32,550.89,953.18
2025-12-04,REGN,722.8,,,687.1,897.32,550.89,953.18
2025-12-05,REGN,718.36,,,687.1,897.32,550.89,953.18
2025-12-08,REGN,,660.67,734.97,687.1,897.32,550.89,953.18
2025-12-01,RF,25.33,,,23.05,27.36,21.72,29.97
2025-12-02,RF,25.41,,,23.05,27.36,21.72,29.97
2025-12-03,RF,26.2,,,23.05,27.36,21.72,29.97
2025-12-04,RF,26.41,,,23.05,27.36,21.72,29.97
2025-12-05,RF,26.28,,,23.05,27.36,21.72,29.97
2025-12-08,RF,,23.77,26.77,23.05,27.36,21.72,29.97
2025-12-01,RIG,4.35,,,3.81,5.14,3.13,5.19
2025-12-02,RIG,4.31,,,3.81,5.14,3.13,5.19
2025-12-03,RIG,4.45,,,3.81,5.14,3.13,5.19
2025-12-04,RIG,4.43,,,3.81,5.14,3.13,5.19
2025-12-05,RIG,4.44,,,3.81,5.14,3.13,5.19
2025-12-08,RIG,,4.26,4.61,3.81,5.14,3.13,5.19
2025-12-01,RJF,155.83,,,144.99,169.62,139.53,190.6
2025-12-02,RJF,155.64,,,144.99,169.62,139.53,190.6
2025-12-03,RJF,158.79,,,144.99,169.62,139.53,190.6
2025-12-04,RJF,162.6,,,144.99,169.62,139.53,190.6
2025-12-05,RJF,163.13,,,144.99,169.62,139.53,190.6
2025-12-08,RJF,,99.4,229.01,144.99,169.62,139.53,190.6
2025-12-01,RL,365.88,,,333.8,398.64,298.84,450.85
2025-12-02,RL,355.89,,,333.8,398.64,298.84,450.85
2025-12-03,RL,358.15,,,333.8,398.64,298.84,450.85
2025-12-04,RL,356.97,,,333.8,398.64,298.84,450.85
2025-12-05,RL,368.42,,,333.8,398.64,298.84,450.85
2025-12-08,RL,,316.17,425.97,333.8,398.64,298.84,450.85
2025-12-01,RMD,248.38,,,228.41,265.97,216.13,298.02
2025-12-02,RMD,250.85,,,228.41,265.97,216.13,298.02
2025-12-03,RMD,251.44,,,228.41,265.97,216.13,298.02
2025-12-04,RMD,251.51,,,228.41,265.97,216.13,298.02
2025-12-05,RMD,256.55,,,228.41,265.97,216.13,298.02
2025-12-08,RMD,,247.35,286.2,228.41,265.97,216.13,298.02
2025-12-01,ROK,389.96,,,370.58,432.7,326.84,456.68
2025-12-02,ROK,391.2,,,370.58,432.7,326.84,456.68
2025-12-03,ROK,400.37,,,370.58,432.7,326.84,456.68
2025-12-04,ROK,403.89,,,370.58,432.7,326.84,456.68
2025-12-05,ROK,404.29,,,370.58,432.7,326.84,456.68
2025-12-08,ROK,,337.24,430.98,370.58,432.7,326.84,456.68
2025-12-01,ROKU,96.52,,,86.91,109.2,77.35,124.26
2025-12-02,ROKU,98.26,,,86.91,109.2,77.35,124.26
2025-12-03,ROKU,92.98,,,86.91,109.2,77.35,124.26
2025-12-04,ROKU,94.54,,,86.91,109.2,77.35,124.26
2025-12-05,ROKU,100.09,,,86.91,109.2,77.35,124.26
2025-12-08,ROKU,,85.77,109.67,86.91,109.2,77.35,124.26
2025-12-01,ROL,61.18,,,57.07,65.33,54.2,68.71
2025-12-02,ROL,60.9,,,57.07,65.33,54.2,68.71
2025-12-03,ROL,60.62,,,57.07,65.33,54.2,68.71
2025-12-04,ROL,60.34,,,57.07,65.33,54.2,68.71
2025-12-05,ROL,61.4,,,57.07,65.33,54.2,68.71
2025-12-08,ROL,,53.66,64.41,57.07,65.33,54.2,68.71
2025-12-01,ROP,443.58,,,401.87,471.7,390.9,491.6
2025-12-02,ROP,444.15,,,401.87,471.7,390.9,491.6
2025-12-03,ROP,445.89,,,401.87,471.7,390.9,491.6
2025-12-04,ROP,444.78,,,401.87,471.7,390.9,491.6
2025-12-05,ROP,447.56,,,401.87,471.7,390.9,491.6
2025-12-08,ROP,,273.11,705.1,401.87,471.7,390.9,491.6
2025-12-01,ROST,177.5,,,168.06,190.0,152.17,198.89
2025-12-02,ROST,177.57,,,168.06,190.0,152.17,198.89
2025-12-03,ROST,178.0,,,168.06,190.0,152.17,198.89
2025-12-04,ROST,177.09,,,168.06,190.0,152.17,198.89
2025-12-05,ROST,177.87,,,168.06,190.0,152.17,198.89
2025-12-08,ROST,,163.34,186.56,168.06,190.0,152.17,198.89
2025-12-01,RSG,214.07,,,199.14,233.13,189.35,248.06
2025-12-02,RSG,212.67,,,199.14,233.13,189.35,248.06
2025-12-03,RSG,215.37,,,199.14,233.13,189.35,248.06
2025-12-04,RSG,215.12,,,199.14,233.13,189.35,248.06
2025-12-05,RSG,216.53,,,199.14,233.13,189.35,248.06
2025-12-08,RSG,,134.03,250.37,199.14,233.13,189.35,248.06
2025-12-01,RSP,190.22,,,176.71,202.52,169.45,210.46
2025-12-02,RSP,190.04,,,176.71,202.52,169.45,210.46
2025-12-03,RSP,191.49,,,176.71,202.52,169.45,210.46
2025-12-04,RSP,191.55,,,176.71,202.52,169.45,210.46
2025-12-05,RSP,192.0,,,176.71,202.52,169.45,210.46
2025-12-08,RSP,,188.35,194.49,176.71,202.52,169.45,210.46
2025-12-01,RTX,168.02,,,157.69,188.08,160.46,200.59
2025-12-02,RTX,168.8,,,157.69,188.08,160.46,200.59
2025-12-03,RTX,168.45,,,157.69,188.08,160.46,200.59
2025-12-04,RTX,171.31,,,157.69,188.08,160.46,200.59
2025-12-05,RTX,171.1,,,157.69,188.08,160.46,200.59
2025-12-08,RTX,,155.88,191.96,157.69,188.08,160.46,200.59
2025-12-01,RUT,2469.12890625,,,2324.7,2609.84,2255.92,2703.02
2025-12-02,RUT,2464.9833984375,,,2324.7,2609.84,2255.92,2703.02
2025-12-03,RUT,2512.13647460937,,,2324.7,2609.84,2255.92,2703.02
2025-12-04,RUT,2531.15869140625,,,2324.7,2609.84,2255.92,2703.02
2025-12-05,RUT,2521.48413085937,,,2324.7,2609.84,2255.92,2703.02
2025-12-08,RUT,,2184.58,2612.69,2324.7,2609.84,2255.92,2703.02
2025-12-01,RVTY,102.43,,,93.0,116.42,82.01,120.65
2025-12-02,RVTY,102.73,,,93.0,116.42,82.01,120.65
2025-12-03,RVTY,103.26,,,93.0,116.42,82.01,120.65
2025-12-04,RVTY,102.55,,,93.0,116.42,82.01,120.65
2025-12-05,RVTY,100.79,,,93.0,116.42,82.01,120.65
2025-12-08,RVTY,,93.94,109.14,93.0,116.42,82.01,120.65
2025-12-01,SBAC,188.57,,,177.42,203.43,164.77,219.8
2025-12-02,SBAC,186.97,,,177.42,203.43,164.77,219.8
2025-12-03,SBAC,187.34,,,177.42,203.43,164.77,219.8
2025-12-04,SBAC,190.0,,,177.42,203.43,164.77,219.8
2025-12-05,SBAC,189.58,,,177.42,203.43,164.77,219.8
2025-12-08,SBAC,,168.93,209.72,177.42,203.43,164.77,219.8
2025-12-01,SBLK,20.01,,,17.81,22.03,16.3,23.0
2025-12-02,SBLK,19.8,,,17.81,22.03,16.3,23.0
2025-12-03,SBLK,20.41,,,17.81,22.03,16.3,23.0
2025-12-04,SBLK,20.5,,,17.81,22.03,16.3,23.0
2025-12-05,SBLK,20.45,,,17.81,22.03,16.3,23.0
2025-12-08,SBLK,,20.31,20.9,17.81,22.03,16.3,23.0
2025-12-01,SBUX,84.91,,,78.59,90.37,68.65,99.48
2025-12-02,SBUX,85.2,,,78.59,90.37,68.65,99.48
2025-12-03,SBUX,87.11,,,78.59,90.37,68.65,99.48
2025-12-04,SBUX,85.0,,,78.59,90.37,68.65,99.48
2025-12-05,SBUX,85.12,,,78.59,90.37,68.65,99.48
2025-12-08,SBUX,,69.48,108.45,78.59,90.37,68.65,99.48
2025-12-01,SCHP,26.73,,,25.35,28.57,25.88,27.96
2025-12-02,SCHP,26.74,,,25.35,28.57,25.88,27.96
2025-12-03,SCHP,26.79,,,25.35,28.57,25.88,27.96
2025-12-04,SCHP,26.76,,,25.35,28.57,25.88,27.96
2025-12-05,SCHP,26.71,,,25.35,28.57,25.88,27.96
2025-12-08,SCHP,,25.56,26.47,25.35,28.57,25.88,27.96
2025-12-01,SCHW,92.69,,,87.24,98.47,81.58,110.62
2025-12-02,SCHW,92.07,,,87.24,98.47,81.58,110.62
2025-12-03,SCHW,93.99,,,87.24,98.47,81.58,110.62
2025-12-04,SCHW,95.03,,,87.24,98.47,81.58,110.62
2025-12-05,SCHW,93.82,,,87.24,98.47,81.58,110.62
2025-12-08,SCHW,,84.7,99.12,87.24,98.47,81.58,110.62
2025-12-01,SD,14.52,,,13.27,16.76,11.27,16.83
2025-12-02,SD,14.34,,,13.27,16.76,11.27,16.83
2025-12-03,SD,15.12,,,13.27,16.76,11.27,16.83
2025-12-04,SD,15.09,,,13.27,16.76,11.27,16.83
2025-12-05,SD,15.22,,,13.27,16.76,11.27,16.83
2025-12-08,SD,,14.29,15.68,13.27,16.76,11.27,16.83
2025-12-01,SDY,139.89,,,133.6,145.56,127.52,152.17
2025-12-02,SDY,139.2,,,133.6,145.56,127.52,152.17
2025-12-03,SDY,140.22,,,133.6,145.56,127.52,152.17
2025-12-04,SDY,140.11,,,133.6,145.56,127.52,152.17
2025-12-05,SDY,140.08,,,133.6,145.56,127.52,152.17
2025-12-08,SDY,,130.73,149.66,133.6,145.56,127.52,152.17
2025-12-01,SHW,341.49,,,317.16,361.94,294.63,387.41
2025-12-02,SHW,337.49,,,317.16,361.94,294.63,387.41
2025-12-03,SHW,339.24,,,317.16,361.94,294.63,387.41
2025-12-04,SHW,335.37,,,317.16,361.94,294.63,387.41
2025-12-05,SHW,333.11,,,317.16,361.94,294.63,387.41
2025-12-08,SHW,,312.74,390.34,317.16,361.94,294.63,387.41
2025-12-01,SHY,82.76,,,80.79,85.85,79.02,87.38
2025-12-02,SHY,82.81,,,80.79,85.85,79.02,87.38
2025-12-03,SHY,82.86,,,80.79,85.85,79.02,87.38
2025-12-04,SHY,82.8,,,80.79,85.85,79.02,87.38
2025-12-05,SHY,82.77,,,80.79,85.85,79.02,87.38
2025-12-08,SHY,,82.11,82.96,80.79,85.85,79.02,87.38
2025-12-01,SILJ,26.08,,,21.86,30.31,20.26,33.26
2025-12-02,SILJ,26.04,,,21.86,30.31,20.26,33.26
2025-12-03,SILJ,25.82,,,21.86,30.31,20.26,33.26
2025-12-04,SILJ,25.67,,,21.86,30.31,20.26,33.26
2025-12-05,SILJ,25.66,,,21.86,30.31,20.26,33.26
2025-12-08,SILJ,,22.83,29.17,21.86,30.31,20.26,33.26
2025-12-01,SJM,103.09,,,94.32,109.37,88.75,117.67
2025-12-02,SJM,101.0,,,94.32,109.37,88.75,117.67
2025-12-03,SJM,100.36,,,94.32,109.37,88.75,117.67
2025-12-04,SJM,99.61,,,94.32,109.37,88.75,117.67
2025-12-05,SJM,100.11,,,94.32,109.37,88.75,117.67
2025-12-08,SJM,,87.94,101.94,94.32,109.37,88.75,117.67
2025-12-01,SLB,36.6,,,33.06,40.06,30.99,41.35
2025-12-02,SLB,36.36,,,33.06,40.06,30.99,41.35
2025-12-03,SLB,37.55,,,33.06,40.06,30.99,41.35
2025-12-04,SLB,38.12,,,33.06,40.06,30.99,41.35
2025-12-05,SLB,38.46,,,33.06,40.06,30.99,41.35
2025-12-08,SLB,,34.59,40.79,33.06,40.06,30.99,41.35
2025-12-01,SLV,52.52,,,45.88,60.15,44.38,62.78
2025-12-02,SLV,53.13,,,45.88,60.15,44.38,62.78
2025-12-03,SLV,53.07,,,45.88,60.15,44.38,62.78
2025-12-04,SLV,51.76,,,45.88,60.15,44.38,62.78
2025-12-05,SLV,52.95,,,45.88,60.15,44.38,62.78
2025-12-08,SLV,,43.94,64.89,45.88,60.15,44.38,62.78
2025-12-01,SMCI,33.41,,,26.56,38.97,21.89,64.6
2025-12-02,SMCI,32.92,,,26.56,38.97,21.89,64.6
2025-12-03,SMCI,33.68,,,26.56,38.97,21.89,64.6
2025-12-04,SMCI,34.23,,,26.56,38.97,21.89,64.6
2025-12-05,SMCI,34.69,,,26.56,38.97,21.89,64.6
2025-12-08,SMCI,,31.37,36.41,26.56,38.97,21.89,64.6
2025-12-01,SMH,352.96,,,319.45,395.91,291.17,452.3
2025-12-02,SMH,359.43,,,319.45,395.91,291.17,452.3
2025-12-03,SMH,364.37,,,319.45,395.91,291.17,452.3
2025-12-04,SMH,361.6,,,319.45,395.91,291.17,452.3
2025-12-05,SMH,364.42,,,319.45,395.91,291.17,452.3
2025-12-08,SMH,,349.92,388.83,319.45,395.91,291.17,452.3
2025-12-01,SNA,338.47,,,321.77,360.6,301.58,390.12
2025-12-02,SNA,340.58,,,321.77,360.6,301.58,390.12
2025-12-03,SNA,344.34,,,321.77,360.6,301.58,390.12
2025-12-04,SNA,346.13,,,321.77,360.6,301.58,390.12
2025-12-05,SNA,347.21,,,321.77,360.6,301.58,390.12
2025-12-08,SNA,,311.65,402.89,321.77,360.6,301.58,390.12
2025-12-01,SNDK,210.17,,,189.99,327.52,133.47,645.4
2025-12-02,SNDK,205.35,,,189.99,327.52,133.47,645.4
2025-12-03,SNDK,194.38,,,189.99,327.52,133.47,645.4
2025-12-04,SNDK,213.31,,,189.99,327.52,133.47,645.4
2025-12-05,SNDK,228.47,,,189.99,327.52,133.47,645.4
2025-12-08,SNDK,,153.6,242.37,189.99,327.52,133.47,645.4
2025-12-01,SNPS,438.29,,,313.25,494.84,330.98,534.85
2025-12-02,SNPS,449.35,,,313.25,494.84,330.98,534.85
2025-12-03,SNPS,466.44,,,313.25,494.84,330.98,534.85
2025-12-04,SNPS,463.74,,,313.25,494.84,330.98,534.85
2025-12-05,SNPS,466.76,,,313.25,494.84,330.98,534.85
2025-12-08,SNPS,,408.59,479.79,313.25,494.84,330.98,534.85
2025-12-01,SO,89.01,,,81.95,95.72,80.05,104.22
2025-12-02,SO,89.04,,,81.95,95.72,80.05,104.22
2025-12-03,SO,87.98,,,81.95,95.72,80.05,104.22
2025-12-04,SO,87.33,,,81.95,95.72,80.05,104.22
2025-12-05,SO,86.28,,,81.95,95.72,80.05,104.22
2025-12-08,SO,,83.84,89.58,81.95,95.72,80.05,104.22
2025-12-01,SOLV,85.56,,,77.4,97.5,66.49,102.33
2025-12-02,SOLV,85.59,,,77.4,97.5,66.49,102.33
2025-12-03,SOLV,85.25,,,77.4,97.5,66.49,102.33
2025-12-04,SOLV,85.26,,,77.4,97.5,66.49,102.33
2025-12-05,SOLV,85.43,,,77.4,97.5,66.49,102.33
2025-12-08,SOLV,,77.17,95.78,77.4,97.5,66.49,102.33
2025-12-01,SOYB,23.47,,,22.51,24.66,21.09,25.13
2025-12-02,SOYB,23.43,,,22.51,24.66,21.09,25.13
2025-12-03,SOYB,23.28,,,22.51,24.66,21.09,25.13
2025-12-04,SOYB,23.3,,,22.51,24.66,21.09,25.13
2025-12-05,SOYB,23.03,,,22.51,24.66,21.09,25.13
2025-12-08,SOYB,,21.91,23.33,22.51,24.66,21.09,25.13
2025-12-01,SPG,185.14,,,171.8,196.7,162.76,208.33
2025-12-02,SPG,182.17,,,171.8,196.7,162.76,208.33
2025-12-03,SPG,182.3,,,171.8,196.7,162.76,208.33
2025-12-04,SPG,183.32,,,171.8,196.7,162.76,208.33
2025-12-05,SPG,182.56,,,171.8,196.7,162.76,208.33
2025-12-08,SPG,,169.15,194.17,171.8,196.7,162.76,208.33
2025-12-01,SPGI,495.27,,,457.13,524.8,436.33,567.14
2025-12-02,SPGI,491.21,,,457.13,524.8,436.33,567.14
2025-12-03,SPGI,499.88,,,457.13,524.8,436.33,567.14
2025-12-04,SPGI,496.99,,,457.13,524.8,436.33,567.14
2025-12-05,SPGI,498.52,,,457.13,524.8,436.33,567.14
2025-12-08,SPGI,,442.67,535.83,457.13,524.8,436.33,567.14
2025-12-01,SPHB,112.94,,,102.57,124.93,97.74,129.79
2025-12-02,SPHB,114.07,,,102.57,124.93,97.74,129.79
2025-12-03,SPHB,116.26,,,102.57,124.93,97.74,129.79
2025-12-04,SPHB,116.59,,,102.57,124.93,97.74,129.79
2025-12-05,SPHB,117.45,,,102.57,124.93,97.74,129.79
2025-12-08,SPHB,,68.26,142.78,102.57,124.93,97.74,129.79
2025-12-01,SPLV,72.27,,,67.69,75.41,67.15,77.86
2025-12-02,SPLV,71.77,,,67.69,75.41,67.15,77.86
2025-12-03,SPLV,71.74,,,67.69,75.41,67.15,77.86
2025-12-04,SPLV,71.51,,,67.69,75.41,67.15,77.86
2025-12-05,SPLV,71.32,,,67.69,75.41,67.15,77.86
2025-12-08,SPLV,,63.55,83.17,67.69,75.41,67.15,77.86
2025-12-01,SPX,6812.6298828125,,,6518.12,7163.13,6316.18,7375.11
2025-12-02,SPX,6829.3701171875,,,6518.12,7163.13,6316.18,7375.11
2025-12-03,SPX,6849.72021484375,,,6518.12,7163.13,6316.18,7375.11
2025-12-04,SPX,6857.1201171875,,,6518.12,7163.13,6316.18,7375.11
2025-12-05,SPX,6870.39990234375,,,6518.12,7163.13,6316.18,7375.11
2025-12-08,SPX,,5265.6,7656.66,6518.12,7163.13,6316.18,7375.11
2025-12-01,SPY,680.27,,,633.36,735.38,603.76,768.34
2025-12-02,SPY,681.53,,,633.36,735.38,603.76,768.34
2025-12-03,SPY,683.89,,,633.36,735.38,603.76,768.34
2025-12-04,SPY,684.39,,,633.36,735.38,603.76,768.34
2025-12-05,SPY,685.69,,,633.36,735.38,603.76,768.34
2025-12-08,SPY,,535.45,792.42,633.36,735.38,603.76,768.34
2025-12-01,SRE,91.5,,,87.95,100.27,79.3,109.79
2025-12-02,SRE,90.95,,,87.95,100.27,79.3,109.79
2025-12-03,SRE,90.73,,,87.95,100.27,79.3,109.79
2025-12-04,SRE,90.07,,,87.95,100.27,79.3,109.79
2025-12-05,SRE,90.66,,,87.95,100.27,79.3,109.79
2025-12-08,SRE,,58.13,145.86,87.95,100.27,79.3,109.79
2025-12-01,STE,262.89,,,248.92,283.8,222.44,295.34
2025-12-02,STE,259.3,,,248.92,283.8,222.44,295.34
2025-12-03,STE,259.4,,,248.92,283.8,222.44,295.34
2025-12-04,STE,261.02,,,248.92,283.8,222.44,295.34
2025-12-05,STE,263.28,,,248.92,283.8,222.44,295.34
2025-12-08,STE,,187.81,317.75,248.92,283.8,222.44,295.34
2025-12-01,STIP,102.66,,,95.92,109.73,98.36,107.84
2025-12-02,STIP,102.68,,,95.92,109.73,98.36,107.84
2025-12-03,STIP,102.75,,,95.92,109.73,98.36,107.84
2025-12-04,STIP,102.74,,,95.92,109.73,98.36,107.84
2025-12-05,STIP,102.72,,,95.92,109.73,98.36,107.84
2025-12-08,STIP,,98.85,107.85,95.92,109.73,98.36,107.84
2025-12-01,STLA,10.65,,,9.57,12.82,8.07,12.89
2025-12-02,STLA,10.95,,,9.57,12.82,8.07,12.89
2025-12-03,STLA,11.46,,,9.57,12.82,8.07,12.89
2025-12-04,STLA,11.84,,,9.57,12.82,8.07,12.89
2025-12-05,STLA,12.05,,,9.57,12.82,8.07,12.89
2025-12-08,STLA,,11.58,12.67,9.57,12.82,8.07,12.89
2025-12-01,STLD,167.62,,,159.72,184.0,140.24,196.26
2025-12-02,STLD,167.63,,,159.72,184.0,140.24,196.26
2025-12-03,STLD,171.5,,,159.72,184.0,140.24,196.26
2025-12-04,STLD,168.11,,,159.72,184.0,140.24,196.26
2025-12-05,STLD,165.22,,,159.72,184.0,140.24,196.26
2025-12-08,STLD,,139.82,190.39,159.72,184.0,140.24,196.26
2025-12-01,STNG,55.56,,,51.78,65.52,47.44,72.9
2025-12-02,STNG,56.35,,,51.78,65.52,47.44,72.9
2025-12-03,STNG,56.58,,,51.78,65.52,47.44,72.9
2025-12-04,STNG,55.94,,,51.78,65.52,47.44,72.9
2025-12-05,STNG,55.89,,,51.78,65.52,47.44,72.9
2025-12-08,STNG,,51.1,61.41,51.78,65.52,47.44,72.9
2025-12-01,STT,118.12,,,109.98,128.59,105.5,138.96
2025-12-02,STT,119.02,,,109.98,128.59,105.5,138.96
2025-12-03,STT,120.9,,,109.98,128.59,105.5,138.96
2025-12-04,STT,121.87,,,109.98,128.59,105.5,138.96
2025-12-05,STT,123.61,,,109.98,128.59,105.5,138.96
2025-12-08,STT,,113.97,128.65,109.98,128.59,105.5,138.96
2025-12-01,STX,270.1,,,233.25,327.38,206.99,374.38
2025-12-02,STX,266.87,,,233.25,327.38,206.99,374.38
2025-12-03,STX,258.67,,,233.25,327.38,206.99,374.38
2025-12-04,STX,265.63,,,233.25,327.38,206.99,374.38
2025-12-05,STX,278.79,,,233.25,327.38,206.99,374.38
2025-12-08,STX,,200.23,338.8,233.25,327.38,206.99,374.38
2025-12-01,STZ,137.87,,,123.76,147.58,110.83,153.04
2025-12-02,STZ,137.86,,,123.76,147.58,110.83,153.04
2025-12-03,STZ,138.08,,,123.76,147.58,110.83,153.04
2025-12-04,STZ,138.03,,,123.76,147.58,110.83,153.04
2025-12-05,STZ,142.37,,,123.76,147.58,110.83,153.04
2025-12-08,STZ,,131.16,160.7,123.76,147.58,110.83,153.04
2025-12-01,SW,35.65,,,29.86,38.66,29.19,41.27
2025-12-02,SW,34.45,,,29.86,38.66,29.19,41.27
2025-12-03,SW,36.12,,,29.86,38.66,29.19,41.27
2025-12-04,SW,36.45,,,29.86,38.66,29.19,41.27
2025-12-05,SW,36.04,,,29.86,38.66,29.19,41.27
2025-12-08,SW,,33.15,37.88,29.86,38.66,29.19,41.27
2025-12-01,SWK,70.56,,,61.0,78.13,54.81,80.73
2025-12-02,SWK,71.24,,,61.0,78.13,54.81,80.73
2025-12-03,SWK,72.53,,,61.0,78.13,54.81,80.73
2025-12-04,SWK,72.21,,,61.0,78.13,54.81,80.73
2025-12-05,SWK,72.47,,,61.0,78.13,54.81,80.73
2025-12-08,SWK,,69.32,75.79,61.0,78.13,54.81,80.73
2025-12-01,SWKS,65.83,,,57.21,77.1,51.01,84.64
2025-12-02,SWKS,68.24,,,57.21,77.1,51.01,84.64
2025-12-03,SWKS,69.37,,,57.21,77.1,51.01,84.64
2025-12-04,SWKS,69.01,,,57.21,77.1,51.01,84.64
2025-12-05,SWKS,69.32,,,57.21,77.1,51.01,84.64
2025-12-08,SWKS,,68.82,74.54,57.21,77.1,51.01,84.64
2025-12-01,SYF,78.05,,,71.26,83.19,63.77,96.04
2025-12-02,SYF,78.88,,,71.26,83.19,63.77,96.04
2025-12-03,SYF,79.15,,,71.26,83.19,63.77,96.04
2025-12-04,SYF,80.4,,,71.26,83.19,63.77,96.04
2025-12-05,SYF,80.36,,,71.26,83.19,63.77,96.04
2025-12-08,SYF,,77.91,81.08,71.26,83.19,63.77,96.04
2025-12-01,SYK,372.32,,,345.73,388.19,321.94,418.47
2025-12-02,SYK,366.68,,,345.73,388.19,321.94,418.47
2025-12-03,SYK,365.95,,,345.73,388.19,321.94,418.47
2025-12-04,SYK,364.35,,,345.73,388.19,321.94,418.47
2025-12-05,SYK,364.02,,,345.73,388.19,321.94,418.47
2025-12-08,SYK,,349.02,378.71,345.73,388.19,321.94,418.47
2025-12-01,SYY,75.91,,,69.03,80.05,66.35,84.61
2025-12-02,SYY,74.44,,,69.03,80.05,66.35,84.61
2025-12-03,SYY,73.36,,,69.03,80.05,66.35,84.61
2025-12-04,SYY,73.44,,,69.03,80.05,66.35,84.61
2025-12-05,SYY,73.1,,,69.03,80.05,66.35,84.61
2025-12-08,SYY,,69.09,87.38,69.03,80.05,66.35,84.61
2025-12-01,T,25.79,,,23.62,27.16,22.56,29.97
2025-12-02,T,25.52,,,23.62,27.16,22.56,29.97
2025-12-03,T,25.32,,,23.62,27.16,22.56,29.97
2025-12-04,T,25.39,,,23.62,27.16,22.56,29.97
2025-12-05,T,25.28,,,23.62,27.16,22.56,29.97
2025-12-08,T,,23.25,47.3,23.62,27.16,22.56,29.97
2025-12-01,TAGS,23.4312,,,22.75,24.31,21.61,25.15
2025-12-02,TAGS,23.5745,,,22.75,24.31,21.61,25.15
2025-12-03,TAGS,23.375,,,22.75,24.31,21.61,25.15
2025-12-04,TAGS,23.4692,,,22.75,24.31,21.61,25.15
2025-12-05,TAGS,23.32,,,22.75,24.31,21.61,25.15
2025-12-08,TAGS,,22.46,24.28,22.75,24.31,21.61,25.15
2025-12-01,TAP,46.91,,,42.08,49.02,38.56,53.0
2025-12-02,TAP,46.5,,,42.08,49.02,38.56,53.0
2025-12-03,TAP,46.24,,,42.08,49.02,38.56,53.0
2025-12-04,TAP,45.57,,,42.08,49.02,38.56,53.0
2025-12-05,TAP,45.13,,,42.08,49.02,38.56,53.0
2025-12-08,TAP,,43.97,49.31,42.08,49.02,38.56,53.0
2025-12-01,TDG,1354.86,,,1270.4,1422.66,1170.5,1588.63
2025-12-02,TDG,1343.65,,,1270.4,1422.66,1170.5,1588.63
2025-12-03,TDG,1337.33,,,1270.4,1422.66,1170.5,1588.63
2025-12-04,TDG,1360.1,,,1270.4,1422.66,1170.5,1588.63
2025-12-05,TDG,1346.86,,,1270.4,1422.66,1170.5,1588.63
2025-12-08,TDG,,1192.44,1473.5,1270.4,1422.66,1170.5,1588.63
2025-12-01,TDW,54.87,,,47.81,63.24,41.76,71.12
2025-12-02,TDW,54.64,,,47.81,63.24,41.76,71.12
2025-12-03,TDW,59.75,,,47.81,63.24,41.76,71.12
2025-12-04,TDW,59.5,,,47.81,63.24,41.76,71.12
2025-12-05,TDW,57.63,,,47.81,63.24,41.76,71.12
2025-12-08,TDW,,53.57,63.11,47.81,63.24,41.76,71.12
2025-12-01,TDY,492.56,,,454.58,550.22,440.55,591.9
2025-12-02,TDY,495.72,,,454.58,550.22,440.55,591.9
2025-12-03,TDY,503.96,,,454.58,550.22,440.55,591.9
2025-12-04,TDY,518.0,,,454.58,550.22,440.55,591.9
2025-12-05,TDY,522.3,,,454.58,550.22,440.55,591.9
2025-12-08,TDY,,444.64,558.91,454.58,550.22,440.55,591.9
2025-12-01,TECH,63.76,,,57.34,72.45,49.78,75.38
2025-12-02,TECH,62.95,,,57.34,72.45,49.78,75.38
2025-12-03,TECH,63.82,,,57.34,72.45,49.78,75.38
2025-12-04,TECH,63.54,,,57.34,72.45,49.78,75.38
2025-12-05,TECH,61.68,,,57.34,72.45,49.78,75.38
2025-12-08,TECH,,57.11,63.27,57.34,72.45,49.78,75.38
2025-12-01,TECK,43.3,,,38.81,51.0,34.52,52.43
2025-12-02,TECK,43.23,,,38.81,51.0,34.52,52.43
2025-12-03,TECK,44.45,,,38.81,51.0,34.52,52.43
2025-12-04,TECK,44.88,,,38.81,51.0,34.52,52.43
2025-12-05,TECK,45.07,,,38.81,51.0,34.52,52.43
2025-12-08,TECK,,44.6,46.96,38.81,51.0,34.52,52.43
2025-12-01,TEL,225.75,,,206.58,251.29,197.61,281.58
2025-12-02,TEL,229.55,,,206.58,251.29,197.61,281.58
2025-12-03,TEL,230.8,,,206.58,251.29,197.61,281.58
2025-12-04,TEL,233.41,,,206.58,251.29,197.61,281.58
2025-12-05,TEL,234.36,,,206.58,251.29,197.61,281.58
2025-12-08,TEL,,233.09,251.59,206.58,251.29,197.61,281.58
2025-12-01,TER,179.63,,,158.28,228.86,138.16,257.11
2025-12-02,TER,189.94,,,158.28,228.86,138.16,257.11
2025-12-03,TER,195.08,,,158.28,228.86,138.16,257.11
2025-12-04,TER,198.63,,,158.28,228.86,138.16,257.11
2025-12-05,TER,200.77,,,158.28,228.86,138.16,257.11
2025-12-08,TER,,176.48,249.92,158.28,228.86,138.16,257.11
2025-12-01,TFC,46.57,,,43.43,49.32,40.1,53.61
2025-12-02,TFC,46.48,,,43.43,49.32,40.1,53.61
2025-12-03,TFC,47.42,,,43.43,49.32,40.1,53.61
2025-12-04,TFC,47.54,,,43.43,49.32,40.1,53.61
2025-12-05,TFC,47.53,,,43.43,49.32,40.1,53.61
2025-12-08,TFC,,42.57,48.03,43.43,49.32,40.1,53.61
2025-12-01,TGT,91.36,,,81.57,96.4,74.11,102.23
2025-12-02,TGT,90.47,,,81.57,96.4,74.11,102.23
2025-12-03,TGT,90.92,,,81.57,96.4,74.11,102.23
2025-12-04,TGT,91.59,,,81.57,96.4,74.11,102.23
2025-12-05,TGT,92.19,,,81.57,96.4,74.11,102.23
2025-12-08,TGT,,90.23,92.1,81.57,96.4,74.11,102.23
2025-12-01,THD,60.14,,,55.7,62.96,52.99,65.8
2025-12-02,THD,60.16,,,55.7,62.96,52.99,65.8
2025-12-03,THD,60.04,,,55.7,62.96,52.99,65.8
2025-12-04,THD,59.77,,,55.7,62.96,52.99,65.8
2025-12-05,THD,60.16,,,55.7,62.96,52.99,65.8
2025-12-08,THD,,54.97,67.73,55.7,62.96,52.99,65.8
2025-12-01,TIP,110.5,,,108.22,114.74,104.84,117.85
2025-12-02,TIP,110.53,,,108.22,114.74,104.84,117.85
2025-12-03,TIP,110.78,,,108.22,114.74,104.84,117.85
2025-12-04,TIP,110.63,,,108.22,114.74,104.84,117.85
2025-12-05,TIP,110.45,,,108.22,114.74,104.84,117.85
2025-12-08,TIP,,103.93,111.59,108.22,114.74,104.84,117.85
2025-12-01,TJX,151.13,,,145.23,161.56,134.57,175.16
2025-12-02,TJX,150.02,,,145.23,161.56,134.57,175.16
2025-12-03,TJX,150.06,,,145.23,161.56,134.57,175.16
2025-12-04,TJX,150.3,,,145.23,161.56,134.57,175.16
2025-12-05,TJX,153.28,,,145.23,161.56,134.57,175.16
2025-12-08,TJX,,141.62,172.76,145.23,161.56,134.57,175.16
2025-12-01,TKO,193.98,,,174.0,211.4,176.4,233.34
2025-12-02,TKO,194.64,,,174.0,211.4,176.4,233.34
2025-12-03,TKO,194.9,,,174.0,211.4,176.4,233.34
2025-12-04,TKO,200.87,,,174.0,211.4,176.4,233.34
2025-12-05,TKO,202.22,,,174.0,211.4,176.4,233.34
2025-12-08,TKO,,151.13,278.29,174.0,211.4,176.4,233.34
2025-12-01,TLT,88.77,,,85.92,93.07,81.5,97.04
2025-12-02,TLT,88.81,,,85.92,93.07,81.5,97.04
2025-12-03,TLT,89.06,,,85.92,93.07,81.5,97.04
2025-12-04,TLT,88.58,,,85.92,93.07,81.5,97.04
2025-12-05,TLT,88.17,,,85.92,93.07,81.5,97.04
2025-12-08,TLT,,84.28,94.45,85.92,93.07,81.5,97.04
2025-12-01,TMO,585.15,,,544.06,648.38,492.9,690.19
2025-12-02,TMO,580.37,,,544.06,648.38,492.9,690.19
2025-12-03,TMO,580.45,,,544.06,648.38,492.9,690.19
2025-12-04,TMO,575.24,,,544.06,648.38,492.9,690.19
2025-12-05,TMO,572.77,,,544.06,648.38,492.9,690.19
2025-12-08,TMO,,496.65,582.73,544.06,648.38,492.9,690.19
2025-12-01,TMUS,206.63,,,193.11,215.83,180.99,252.93
2025-12-02,TMUS,210.13,,,193.11,215.83,180.99,252.93
2025-12-03,TMUS,208.51,,,193.11,215.83,180.99,252.93
2025-12-04,TMUS,208.01,,,193.11,215.83,180.99,252.93
2025-12-05,TMUS,209.63,,,193.11,215.83,180.99,252.93
2025-12-08,TMUS,,209.22,237.52,193.11,215.83,180.99,252.93
2025-12-01,TNX,4.0959997177124,,,3.9,4.23,3.77,4.38
2025-12-02,TNX,4.08599996566772,,,3.9,4.23,3.77,4.38
2025-12-03,TNX,4.05700016021728,,,3.9,4.23,3.77,4.38
2025-12-04,TNX,4.1080002784729,,,3.9,4.23,3.77,4.38
2025-12-05,TNX,4.13899993896484,,,3.9,4.23,3.77,4.38
2025-12-08,TNX,,4.09,4.26,3.9,4.23,3.77,4.38
2025-12-01,TPL,853.74,,,788.1,993.03,743.64,1247.66
2025-12-02,TPL,864.67,,,788.1,993.03,743.64,1247.66
2025-12-03,TPL,914.72,,,788.1,993.03,743.64,1247.66
2025-12-04,TPL,919.75,,,788.1,993.03,743.64,1247.66
2025-12-05,TPL,925.08,,,788.1,993.03,743.64,1247.66
2025-12-08,TPL,,817.93,955.13,788.1,993.03,743.64,1247.66
2025-12-01,TPR,112.1,,,97.93,122.33,91.65,143.82
2025-12-02,TPR,109.26,,,97.93,122.33,91.65,143.82
2025-12-03,TPR,111.92,,,97.93,122.33,91.65,143.82
2025-12-04,TPR,115.06,,,97.93,122.33,91.65,143.82
2025-12-05,TPR,116.3,,,97.93,122.33,91.65,143.82
2025-12-08,TPR,,101.74,127.76,97.93,122.33,91.65,143.82
2025-12-01,TRGP,176.68,,,155.76,201.27,146.52,215.59
2025-12-02,TRGP,171.8,,,155.76,201.27,146.52,215.59
2025-12-03,TRGP,175.72,,,155.76,201.27,146.52,215.59
2025-12-04,TRGP,180.02,,,155.76,201.27,146.52,215.59
2025-12-05,TRGP,180.74,,,155.76,201.27,146.52,215.59
2025-12-08,TRGP,,140.61,223.94,155.76,201.27,146.52,215.59
2025-12-01,TRMB,81.67,,,74.64,87.54,69.03,97.05
2025-12-02,TRMB,82.23,,,74.64,87.54,69.03,97.05
2025-12-03,TRMB,82.335,,,74.64,87.54,69.03,97.05
2025-12-04,TRMB,82.3,,,74.64,87.54,69.03,97.05
2025-12-05,TRMB,83.52,,,74.64,87.54,69.03,97.05
2025-12-08,TRMB,,77.94,114.58,74.64,87.54,69.03,97.05
2025-12-01,TROW,101.59,,,95.48,109.12,86.96,118.43
2025-12-02,TROW,102.47,,,95.48,109.12,86.96,118.43
2025-12-03,TROW,105.05,,,95.48,109.12,86.96,118.43
2025-12-04,TROW,105.79,,,95.48,109.12,86.96,118.43
2025-12-05,TROW,106.58,,,95.48,109.12,86.96,118.43
2025-12-08,TROW,,96.48,110.06,95.48,109.12,86.96,118.43
2025-12-01,TRV,290.5,,,263.66,317.73,252.44,337.1
2025-12-02,TRV,288.52,,,263.66,317.73,252.44,337.1
2025-12-03,TRV,284.27,,,263.66,317.73,252.44,337.1
2025-12-04,TRV,282.85,,,263.66,317.73,252.44,337.1
2025-12-05,TRV,280.89,,,263.66,317.73,252.44,337.1
2025-12-08,TRV,,234.41,358.9,263.66,317.73,252.44,337.1
2025-12-01,TS,40.57,,,36.92,44.89,34.71,47.75
2025-12-02,TS,39.79,,,36.92,44.89,34.71,47.75
2025-12-03,TS,41.16,,,36.92,44.89,34.71,47.75
2025-12-04,TS,41.34,,,36.92,44.89,34.71,47.75
2025-12-05,TS,40.88,,,36.92,44.89,34.71,47.75
2025-12-08,TS,,39.86,41.71,36.92,44.89,34.71,47.75
2025-12-01,TSCO,53.66,,,49.96,56.55,47.67,64.15
2025-12-02,TSCO,53.22,,,49.96,56.55,47.67,64.15
2025-12-03,TSCO,54.07,,,49.96,56.55,47.67,64.15
2025-12-04,TSCO,54.38,,,49.96,56.55,47.67,64.15
2025-12-05,TSCO,54.08,,,49.96,56.55,47.67,64.15
2025-12-08,TSCO,,52.25,54.62,49.96,56.55,47.67,64.15
2025-12-01,TSLA,430.14,,,380.85,503.56,330.99,607.41
2025-12-02,TSLA,429.24,,,380.85,503.56,330.99,607.41
2025-12-03,TSLA,446.74,,,380.85,503.56,330.99,607.41
2025-12-04,TSLA,454.53,,,380.85,503.56,330.99,607.41
2025-12-05,TSLA,455.0,,,380.85,503.56,330.99,607.41
2025-12-08,TSLA,,364.8,541.94,380.85,503.56,330.99,607.41
2025-12-01,TSN,58.3,,,52.41,62.2,49.16,64.4
2025-12-02,TSN,57.34,,,52.41,62.2,49.16,64.4
2025-12-03,TSN,56.78,,,52.41,62.2,49.16,64.4
2025-12-04,TSN,56.14,,,52.41,62.2,49.16,64.4
2025-12-05,TSN,56.92,,,52.41,62.2,49.16,64.4
2025-12-08,TSN,,45.25,72.37,52.41,62.2,49.16,64.4
2025-12-01,TT,410.16,,,384.97,443.03,361.15,514.88
2025-12-02,TT,411.22,,,384.97,443.03,361.15,514.88
2025-12-03,TT,409.07,,,384.97,443.03,361.15,514.88
2025-12-04,TT,405.35,,,384.97,443.03,361.15,514.88
2025-12-05,TT,401.43,,,384.97,443.03,361.15,514.88
2025-12-08,TT,,347.22,455.13,384.97,443.03,361.15,514.88
2025-12-01,TTD,39.58,,,33.61,43.27,27.55,58.27
2025-12-02,TTD,39.95,,,33.61,43.27,27.55,58.27
2025-12-03,TTD,38.61,,,33.61,43.27,27.55,58.27
2025-12-04,TTD,39.35,,,33.61,43.27,27.55,58.27
2025-12-05,TTD,40.05,,,33.61,43.27,27.55,58.27
2025-12-08,TTD,,38.57,41.4,33.61,43.27,27.55,58.27
2025-12-01,TTWO,249.34,,,221.49,264.42,217.42,289.61
2025-12-02,TTWO,246.83,,,221.49,264.42,217.42,289.61
2025-12-03,TTWO,244.95,,,221.49,264.42,217.42,289.61
2025-12-04,TTWO,247.51,,,221.49,264.42,217.42,289.61
2025-12-05,TTWO,247.88,,,221.49,264.42,217.42,289.61
2025-12-08,TTWO,,227.67,276.38,221.49,264.42,217.42,289.61
2025-12-01,TUR,34.03,,,31.51,35.57,29.74,37.79
2025-12-02,TUR,34.1,,,31.51,35.57,29.74,37.79
2025-12-03,TUR,33.87,,,31.51,35.57,29.74,37.79
2025-12-04,TUR,33.55,,,31.51,35.57,29.74,37.79
2025-12-05,TUR,33.84,,,31.51,35.57,29.74,37.79
2025-12-08,TUR,,28.83,39.96,31.51,35.57,29.74,37.79
2025-12-01,TXN,168.16,,,152.01,188.97,140.14,200.43
2025-12-02,TXN,175.26,,,152.01,188.97,140.14,200.43
2025-12-03,TXN,182.6,,,152.01,188.97,140.14,200.43
2025-12-04,TXN,180.12,,,152.01,188.97,140.14,200.43
2025-12-05,TXN,182.54,,,152.01,188.97,140.14,200.43
2025-12-08,TXN,,178.07,205.17,152.01,188.97,140.14,200.43
2025-12-01,TXT,82.0,,,78.99,87.41,71.69,93.05
2025-12-02,TXT,82.43,,,78.99,87.41,71.69,93.05
2025-12-03,TXT,83.7,,,78.99,87.41,71.69,93.05
2025-12-04,TXT,83.14,,,78.99,87.41,71.69,93.05
2025-12-05,TXT,83.47,,,78.99,87.41,71.69,93.05
2025-12-08,TXT,,70.71,99.06,78.99,87.41,71.69,93.05
2025-12-01,TYL,465.55,,,420.25,481.72,402.03,550.47
2025-12-02,TYL,461.53,,,420.25,481.72,402.03,550.47
2025-12-03,TYL,461.84,,,420.25,481.72,402.03,550.47
2025-12-04,TYL,466.63,,,420.25,481.72,402.03,550.47
2025-12-05,TYL,469.33,,,420.25,481.72,402.03,550.47
2025-12-08,TYL,,420.32,473.83,420.25,481.72,402.03,550.47
2025-12-01,TYX,4.74399995803833,,,4.52,4.89,4.45,5.04
2025-12-02,TYX,4.74100017547607,,,4.52,4.89,4.45,5.04
2025-12-03,TYX,4.72499990463256,,,4.52,4.89,4.45,5.04
2025-12-04,TYX,4.76500034332275,,,4.52,4.89,4.45,5.04
2025-12-05,TYX,4.79199981689453,,,4.52,4.89,4.45,5.04
2025-12-08,TYX,,4.71,4.98,4.52,4.89,4.45,5.04
2025-12-01,UAL,101.12,,,89.7,113.75,79.46,137.39
2025-12-02,UAL,104.38,,,89.7,113.75,79.46,137.39
2025-12-03,UAL,108.48,,,89.7,113.75,79.46,137.39
2025-12-04,UAL,104.73,,,89.7,113.75,79.46,137.39
2025-12-05,UAL,104.95,,,89.7,113.75,79.46,137.39
2025-12-08,UAL,,102.96,117.97,89.7,113.75,79.46,137.39
2025-12-01,UBER,86.57,,,78.04,95.36,74.8,111.0
2025-12-02,UBER,87.57,,,78.04,95.36,74.8,111.0
2025-12-03,UBER,90.68,,,78.04,95.36,74.8,111.0
2025-12-04,UBER,90.99,,,78.04,95.36,74.8,111.0
2025-12-05,UBER,91.32,,,78.04,95.36,74.8,111.0
2025-12-08,UBER,,74.79,113.69,78.04,95.36,74.8,111.0
2025-12-01,UDR,36.09,,,33.01,37.65,30.49,40.17
2025-12-02,UDR,36.29,,,33.01,37.65,30.49,40.17
2025-12-03,UDR,35.75,,,33.01,37.65,30.49,40.17
2025-12-04,UDR,35.22,,,33.01,37.65,30.49,40.17
2025-12-05,UDR,35.2,,,33.01,37.65,30.49,40.17
2025-12-08,UDR,,33.32,37.2,33.01,37.65,30.49,40.17
2025-12-01,UHS,239.43,,,228.37,263.92,202.12,284.5
2025-12-02,UHS,238.68,,,228.37,263.92,202.12,284.5
2025-12-03,UHS,230.15,,,228.37,263.92,202.12,284.5
2025-12-04,UHS,230.59,,,228.37,263.92,202.12,284.5
2025-12-05,UHS,231.08,,,228.37,263.92,202.12,284.5
2025-12-08,UHS,,226.87,236.49,228.37,263.92,202.12,284.5
2025-12-01,ULTA,547.64,,,483.55,648.33,450.6,673.14
2025-12-02,ULTA,548.05,,,483.55,648.33,450.6,673.14
2025-12-03,ULTA,544.52,,,483.55,648.33,450.6,673.14
2025-12-04,ULTA,533.95,,,483.55,648.33,450.6,673.14
2025-12-05,ULTA,601.5,,,483.55,648.33,450.6,673.14
2025-12-08,ULTA,,453.02,770.78,483.55,648.33,450.6,673.14
2025-12-01,UNG,15.21,,,13.46,18.0,11.52,18.95
2025-12-02,UNG,14.96,,,13.46,18.0,11.52,18.95
2025-12-03,UNG,15.47,,,13.46,18.0,11.52,18.95
2025-12-04,UNG,15.66,,,13.46,18.0,11.52,18.95
2025-12-05,UNG,16.37,,,13.46,18.0,11.52,18.95
2025-12-08,UNG,,13.51,19.94,13.46,18.0,11.52,18.95
2025-12-01,UNH,323.21,,,301.71,367.62,242.15,408.04
2025-12-02,UNH,324.54,,,301.71,367.62,242.15,408.04
2025-12-03,UNH,339.71,,,301.71,367.62,242.15,408.04
2025-12-04,UNH,333.49,,,301.71,367.62,242.15,408.04
2025-12-05,UNH,330.91,,,301.71,367.62,242.15,408.04
2025-12-08,UNH,,274.35,397.78,301.71,367.62,242.15,408.04
2025-12-01,UNP,231.36,,,214.44,249.9,202.99,254.08
2025-12-02,UNP,232.24,,,214.44,249.9,202.99,254.08
2025-12-03,UNP,235.23,,,214.44,249.9,202.99,254.08
2025-12-04,UNP,237.29,,,214.44,249.9,202.99,254.08
2025-12-05,UNP,235.31,,,214.44,249.9,202.99,254.08
2025-12-08,UNP,,233.84,239.91,214.44,249.9,202.99,254.08
2025-12-01,UPS,95.22,,,91.02,105.11,80.54,106.85
2025-12-02,UPS,95.58,,,91.02,105.11,80.54,106.85
2025-12-03,UPS,98.21,,,91.02,105.11,80.54,106.85
2025-12-04,UPS,94.76,,,91.02,105.11,80.54,106.85
2025-12-05,UPS,94.87,,,91.02,105.11,80.54,106.85
2025-12-08,UPS,,89.27,107.46,91.02,105.11,80.54,106.85
2025-12-01,URA,44.2,,,38.93,54.45,34.73,65.3
2025-12-02,URA,45.26,,,38.93,54.45,34.73,65.3
2025-12-03,URA,46.62,,,38.93,54.45,34.73,65.3
2025-12-04,URA,49.2,,,38.93,54.45,34.73,65.3
2025-12-05,URA,47.92,,,38.93,54.45,34.73,65.3
2025-12-08,URA,,39.0,63.81,38.93,54.45,34.73,65.3
2025-12-01,URI,805.24,,,733.19,878.39,697.62,1000.37
2025-12-02,URI,800.83,,,733.19,878.39,697.62,1000.37
2025-12-03,URI,813.66,,,733.19,878.39,697.62,1000.37
2025-12-04,URI,807.74,,,733.19,878.39,697.62,1000.37
2025-12-05,URI,796.91,,,733.19,878.39,697.62,1000.37
2025-12-08,URI,,608.52,858.63,733.19,878.39,697.62,1000.37
2025-12-01,URNM,54.76,,,49.14,65.23,43.35,74.38
2025-12-02,URNM,55.99,,,49.14,65.23,43.35,74.38
2025-12-03,URNM,57.73,,,49.14,65.23,43.35,74.38
2025-12-04,URNM,60.12,,,49.14,65.23,43.35,74.38
2025-12-05,URNM,58.61,,,49.14,65.23,43.35,74.38
2025-12-08,URNM,,53.8,66.89,49.14,65.23,43.35,74.38
2025-12-01,USB,49.41,,,45.95,53.08,42.68,56.38
2025-12-02,USB,49.68,,,45.95,53.08,42.68,56.38
2025-12-03,USB,50.93,,,45.95,53.08,42.68,56.38
2025-12-04,USB,51.37,,,45.95,53.08,42.68,56.38
2025-12-05,USB,51.26,,,45.95,53.08,42.68,56.38
2025-12-08,USB,,48.25,52.08,45.95,53.08,42.68,56.38
2025-12-01,USO,71.06,,,64.18,75.57,62.64,79.55
2025-12-02,USO,70.2,,,64.18,75.57,62.64,79.55
2025-12-03,USO,70.66,,,64.18,75.57,62.64,79.55
2025-12-04,USO,71.39,,,64.18,75.57,62.64,79.55
2025-12-05,USO,71.92,,,64.18,75.57,62.64,79.55
2025-12-08,USO,,68.94,73.43,64.18,75.57,62.64,79.55
2025-12-01,UUP,28.2,,,27.38,29.31,26.59,29.95
2025-12-02,UUP,28.19,,,27.38,29.31,26.59,29.95
2025-12-03,UUP,28.05,,,27.38,29.31,26.59,29.95
2025-12-04,UUP,28.11,,,27.38,29.31,26.59,29.95
2025-12-05,UUP,28.08,,,27.38,29.31,26.59,29.95
2025-12-08,UUP,,28.36,27.75,27.38,29.31,26.59,29.95
2025-12-01,V,330.39,,,312.96,342.55,292.31,381.61
2025-12-02,V,329.62,,,312.96,342.55,292.31,381.61
2025-12-03,V,329.61,,,312.96,342.55,292.31,381.61
2025-12-04,V,327.1,,,312.96,342.55,292.31,381.61
2025-12-05,V,331.24,,,312.96,342.55,292.31,381.61
2025-12-08,V,,321.96,385.64,312.96,342.55,292.31,381.61
2025-12-01,VAL,57.59,,,51.5,65.41,44.22,69.95
2025-12-02,VAL,56.91,,,51.5,65.41,44.22,69.95
2025-12-03,VAL,60.42,,,51.5,65.41,44.22,69.95
2025-12-04,VAL,59.6,,,51.5,65.41,44.22,69.95
2025-12-05,VAL,59.93,,,51.5,65.41,44.22,69.95
2025-12-08,VAL,,56.82,62.82,51.5,65.41,44.22,69.95
2025-12-01,VICI,28.59,,,26.07,29.61,25.37,32.66
2025-12-02,VICI,28.45,,,26.07,29.61,25.37,32.66
2025-12-03,VICI,28.3,,,26.07,29.61,25.37,32.66
2025-12-04,VICI,28.0,,,26.07,29.61,25.37,32.66
2025-12-05,VICI,27.73,,,26.07,29.61,25.37,32.66
2025-12-08,VICI,,26.3,31.54,26.07,29.61,25.37,32.66
2025-12-01,VIX,17.24,,,13.81,26.75,13.72,38.46
2025-12-02,VIX,16.59,,,13.81,26.75,13.72,38.46
2025-12-03,VIX,16.08,,,13.81,26.75,13.72,38.46
2025-12-04,VIX,15.78,,,13.81,26.75,13.72,38.46
2025-12-05,VIX,15.41,,,13.81,26.75,13.72,38.46
2025-12-08,VIX,,14.75,16.38,13.81,26.75,13.72,38.46
2025-12-01,VLO,180.54,,,164.71,195.13,149.08,211.31
2025-12-02,VLO,178.53,,,164.71,195.13,149.08,211.31
2025-12-03,VLO,177.05,,,164.71,195.13,149.08,211.31
2025-12-04,VLO,174.95,,,164.71,195.13,149.08,211.31
2025-12-05,VLO,174.14,,,164.71,195.13,149.08,211.31
2025-12-08,VLO,,162.27,189.4,164.71,195.13,149.08,211.31
2025-12-01,VLTO,100.97,,,93.59,109.69,87.45,120.84
2025-12-02,VLTO,101.8,,,93.59,109.69,87.45,120.84
2025-12-03,VLTO,102.18,,,93.59,109.69,87.45,120.84
2025-12-04,VLTO,102.89,,,93.59,109.69,87.45,120.84
2025-12-05,VLTO,102.16,,,93.59,109.69,87.45,120.84
2025-12-08,VLTO,,97.8,105.76,93.59,109.69,87.45,120.84
2025-12-01,VMC,291.85,,,273.88,310.23,253.12,340.08
2025-12-02,VMC,289.84,,,273.88,310.23,253.12,340.08
2025-12-03,VMC,292.59,,,273.88,310.23,253.12,340.08
2025-12-04,VMC,293.65,,,273.88,310.23,253.12,340.08
2025-12-05,VMC,294.87,,,273.88,310.23,253.12,340.08
2025-12-08,VMC,,290.08,298.46,273.88,310.23,253.12,340.08
2025-12-01,VNM,18.38,,,16.73,20.01,15.8,21.02
2025-12-02,VNM,18.65,,,16.73,20.01,15.8,21.02
2025-12-03,VNM,18.69,,,16.73,20.01,15.8,21.02
2025-12-04,VNM,18.59,,,16.73,20.01,15.8,21.02
2025-12-05,VNM,18.65,,,16.73,20.01,15.8,21.02
2025-12-08,VNM,,17.71,20.1,16.73,20.01,15.8,21.02
2025-12-01,VRSK,224.01,,,197.22,233.86,185.49,257.71
2025-12-02,VRSK,224.85,,,197.22,233.86,185.49,257.71
2025-12-03,VRSK,224.48,,,197.22,233.86,185.49,257.71
2025-12-04,VRSK,222.09,,,197.22,233.86,185.49,257.71
2025-12-05,VRSK,221.24,,,197.22,233.86,185.49,257.71
2025-12-08,VRSK,,208.82,251.21,197.22,233.86,185.49,257.71
2025-12-01,VRSN,251.02,,,226.48,266.75,214.99,295.18
2025-12-02,VRSN,253.67,,,226.48,266.75,214.99,295.18
2025-12-03,VRSN,249.94,,,226.48,266.75,214.99,295.18
2025-12-04,VRSN,248.64,,,226.48,266.75,214.99,295.18
2025-12-05,VRSN,249.54,,,226.48,266.75,214.99,295.18
2025-12-08,VRSN,,248.12,272.06,226.48,266.75,214.99,295.18
2025-12-01,VRTX,425.6,,,407.93,481.64,360.69,514.81
2025-12-02,VRTX,433.15,,,407.93,481.64,360.69,514.81
2025-12-03,VRTX,463.13,,,407.93,481.64,360.69,514.81
2025-12-04,VRTX,457.36,,,407.93,481.64,360.69,514.81
2025-12-05,VRTX,455.48,,,407.93,481.64,360.69,514.81
2025-12-08,VRTX,,421.9,503.85,407.93,481.64,360.69,514.81
2025-12-01,VST,173.64,,,151.67,189.61,141.27,264.99
2025-12-02,VST,172.55,,,151.67,189.61,141.27,264.99
2025-12-03,VST,171.65,,,151.67,189.61,141.27,264.99
2025-12-04,VST,176.07,,,151.67,189.61,141.27,264.99
2025-12-05,VST,167.17,,,151.67,189.61,141.27,264.99
2025-12-08,VST,,148.57,204.44,151.67,189.61,141.27,264.99
2025-12-01,VTR,80.39,,,75.97,86.24,69.88,94.66
2025-12-02,VTR,80.08,,,75.97,86.24,69.88,94.66
2025-12-03,VTR,80.0,,,75.97,86.24,69.88,94.66
2025-12-04,VTR,80.45,,,75.97,86.24,69.88,94.66
2025-12-05,VTR,80.61,,,75.97,86.24,69.88,94.66
2025-12-08,VTR,,70.86,93.24,75.97,86.24,69.88,94.66
2025-12-01,VTRS,10.7,,,9.87,11.6,8.8,13.05
2025-12-02,VTRS,10.71,,,9.87,11.6,8.8,13.05
2025-12-03,VTRS,10.84,,,9.87,11.6,8.8,13.05
2025-12-04,VTRS,10.76,,,9.87,11.6,8.8,13.05
2025-12-05,VTRS,10.93,,,9.87,11.6,8.8,13.05
2025-12-08,VTRS,,10.61,12.61,9.87,11.6,8.8,13.05
2025-12-01,VXN,22.0599994659423,,,14.19,30.88,14.18,38.98
2025-12-02,VXN,21.2800006866455,,,14.19,30.88,14.18,38.98
2025-12-03,VXN,20.6499996185302,,,14.19,30.88,14.18,38.98
2025-12-04,VXN,20.1900005340576,,,14.19,30.88,14.18,38.98
2025-12-05,VXN,19.6200008392334,,,14.19,30.88,14.18,38.98
2025-12-08,VXN,,18.65,22.33,14.19,30.88,14.18,38.98
2025-12-01,VZ,40.74,,,37.25,43.75,37.03,45.72
2025-12-02,VZ,40.61,,,37.25,43.75,37.03,45.72
2025-12-03,VZ,40.67,,,37.25,43.75,37.03,45.72
2025-12-04,VZ,41.26,,,37.25,43.75,37.03,45.72
2025-12-05,VZ,41.69,,,37.25,43.75,37.03,45.72
2025-12-08,VZ,,38.57,43.73,37.25,43.75,37.03,45.72
2025-12-01,WAB,208.65,,,195.23,224.45,184.68,243.86
2025-12-02,WAB,208.38,,,195.23,224.45,184.68,243.86
2025-12-03,WAB,213.45,,,195.23,224.45,184.68,243.86
2025-12-04,WAB,214.04,,,195.23,224.45,184.68,243.86
2025-12-05,WAB,214.95,,,195.23,224.45,184.68,243.86
2025-12-08,WAB,,190.95,217.93,195.23,224.45,184.68,243.86
2025-12-01,WAT,397.79,,,376.15,446.24,318.98,477.99
2025-12-02,WAT,398.62,,,376.15,446.24,318.98,477.99
2025-12-03,WAT,397.62,,,376.15,446.24,318.98,477.99
2025-12-04,WAT,396.37,,,376.15,446.24,318.98,477.99
2025-12-05,WAT,394.81,,,376.15,446.24,318.98,477.99
2025-12-08,WAT,,305.5,498.13,376.15,446.24,318.98,477.99
2025-12-01,WBD,23.87,,,21.01,32.88,19.11,31.93
2025-12-02,WBD,24.53,,,21.01,32.88,19.11,31.93
2025-12-03,WBD,24.57,,,21.01,32.88,19.11,31.93
2025-12-04,WBD,24.54,,,21.01,32.88,19.11,31.93
2025-12-05,WBD,26.08,,,21.01,32.88,19.11,31.93
2025-12-08,WBD,,21.9,28.69,21.01,32.88,19.11,31.93
2025-12-01,WDAY,213.35,,,198.23,239.35,183.68,255.28
2025-12-02,WDAY,213.06,,,198.23,239.35,183.68,255.28
2025-12-03,WDAY,214.84,,,198.23,239.35,183.68,255.28
2025-12-04,WDAY,216.62,,,198.23,239.35,183.68,255.28
2025-12-05,WDAY,219.96,,,198.23,239.35,183.68,255.28
2025-12-08,WDAY,,201.82,231.18,198.23,239.35,183.68,255.28
2025-12-01,WDC,163.54,,,139.2,200.58,121.06,236.89
2025-12-02,WDC,159.99,,,139.2,200.58,121.06,236.89
2025-12-03,WDC,155.59,,,139.2,200.58,121.06,236.89
2025-12-04,WDC,161.0,,,139.2,200.58,121.06,236.89
2025-12-05,WDC,168.89,,,139.2,200.58,121.06,236.89
2025-12-08,WDC,,141.68,170.41,139.2,200.58,121.06,236.89
2025-12-01,WEAT,20.74,,,19.61,22.27,18.71,23.41
2025-12-02,WEAT,20.91,,,19.61,22.27,18.71,23.41
2025-12-03,WEAT,20.85,,,19.61,22.27,18.71,23.41
2025-12-04,WEAT,20.87,,,19.61,22.27,18.71,23.41
2025-12-05,WEAT,20.7,,,19.61,22.27,18.71,23.41
2025-12-08,WEAT,,19.53,22.14,19.61,22.27,18.71,23.41
2025-12-01,WEC,109.34,,,102.32,117.98,100.72,124.26
2025-12-02,WEC,108.09,,,102.32,117.98,100.72,124.26
2025-12-03,WEC,107.29,,,102.32,117.98,100.72,124.26
2025-12-04,WEC,106.28,,,102.32,117.98,100.72,124.26
2025-12-05,WEC,105.71,,,102.32,117.98,100.72,124.26
2025-12-08,WEC,,104.83,112.26,102.32,117.98,100.72,124.26
2025-12-01,WELL,203.9,,,191.6,225.03,178.44,245.9
2025-12-02,WELL,203.2,,,191.6,225.03,178.44,245.9
2025-12-03,WELL,201.92,,,191.6,225.03,178.44,245.9
2025-12-04,WELL,203.87,,,191.6,225.03,178.44,245.9
2025-12-05,WELL,204.31,,,191.6,225.03,178.44,245.9
2025-12-08,WELL,,177.38,269.45,191.6,225.03,178.44,245.9
2025-12-01,WFC,85.4,,,80.03,94.13,74.71,105.61
2025-12-02,WFC,86.32,,,80.03,94.13,74.71,105.61
2025-12-03,WFC,89.35,,,80.03,94.13,74.71,105.61
2025-12-04,WFC,90.21,,,80.03,94.13,74.71,105.61
2025-12-05,WFC,89.83,,,80.03,94.13,74.71,105.61
2025-12-08,WFC,,81.11,92.26,80.03,94.13,74.71,105.61
2025-12-01,WM,215.93,,,195.58,234.38,182.98,246.42
2025-12-02,WM,214.54,,,195.58,234.38,182.98,246.42
2025-12-03,WM,216.15,,,195.58,234.38,182.98,246.42
2025-12-04,WM,214.19,,,195.58,234.38,182.98,246.42
2025-12-05,WM,213.58,,,195.58,234.38,182.98,246.42
2025-12-08,WM,,200.42,229.09,195.58,234.38,182.98,246.42
2025-12-01,WMB,61.44,,,55.0,67.92,53.24,74.39
2025-12-02,WMB,60.21,,,55.0,67.92,53.24,74.39
2025-12-03,WMB,61.55,,,55.0,67.92,53.24,74.39
2025-12-04,WMB,63.66,,,55.0,67.92,53.24,74.39
2025-12-05,WMB,62.81,,,55.0,67.92,53.24,74.39
2025-12-08,WMB,,55.44,72.29,55.0,67.92,53.24,74.39
2025-12-01,WMT,111.53,,,102.62,120.9,98.31,129.78
2025-12-02,WMT,112.41,,,102.62,120.9,98.31,129.78
2025-12-03,WMT,114.41,,,102.62,120.9,98.31,129.78
2025-12-04,WMT,114.84,,,102.62,120.9,98.31,129.78
2025-12-05,WMT,115.11,,,102.62,120.9,98.31,129.78
2025-12-08,WMT,,109.38,119.88,102.62,120.9,98.31,129.78
2025-12-01,WRB,72.98,,,63.08,84.32,63.78,88.71
2025-12-02,WRB,72.8,,,63.08,84.32,63.78,88.71
2025-12-03,WRB,71.65,,,63.08,84.32,63.78,88.71
2025-12-04,WRB,70.87,,,63.08,84.32,63.78,88.71
2025-12-05,WRB,66.72,,,63.08,84.32,63.78,88.71
2025-12-08,WRB,,50.96,79.62,63.08,84.32,63.78,88.71
2025-12-01,WSM,182.44,,,162.26,192.88,150.62,234.73
2025-12-02,WSM,178.06,,,162.26,192.88,150.62,234.73
2025-12-03,WSM,178.34,,,162.26,192.88,150.62,234.73
2025-12-04,WSM,176.66,,,162.26,192.88,150.62,234.73
2025-12-05,WSM,179.36,,,162.26,192.88,150.62,234.73
2025-12-08,WSM,,171.36,181.43,162.26,192.88,150.62,234.73
2025-12-01,WST,274.14,,,254.83,310.46,215.51,339.39
2025-12-02,WST,273.03,,,254.83,310.46,215.51,339.39
2025-12-03,WST,284.31,,,254.83,310.46,215.51,339.39
2025-12-04,WST,281.77,,,254.83,310.46,215.51,339.39
2025-12-05,WST,280.23,,,254.83,310.46,215.51,339.39
2025-12-08,WST,,271.97,287.74,254.83,310.46,215.51,339.39
2025-12-01,WTW,320.79,,,299.96,336.97,291.41,364.81
2025-12-02,WTW,315.69,,,299.96,336.97,291.41,364.81
2025-12-03,WTW,316.53,,,299.96,336.97,291.41,364.81
2025-12-04,WTW,320.0,,,299.96,336.97,291.41,364.81
2025-12-05,WTW,320.7,,,299.96,336.97,291.41,364.81
2025-12-08,WTW,,292.78,348.27,299.96,336.97,291.41,364.81
2025-12-01,WY,22.12,,,20.08,23.02,18.09,25.02
2025-12-02,WY,21.89,,,20.08,23.02,18.09,25.02
2025-12-03,WY,21.87,,,20.08,23.02,18.09,25.02
2025-12-04,WY,21.4,,,20.08,23.02,18.09,25.02
2025-12-05,WY,21.69,,,20.08,23.02,18.09,25.02
2025-12-08,WY,,17.93,25.35,20.08,23.02,18.09,25.02
2025-12-01,WYNN,132.77,,,115.79,143.1,104.75,157.13
2025-12-02,WYNN,133.09,,,115.79,143.1,104.75,157.13
2025-12-03,WYNN,131.53,,,115.79,143.1,104.75,157.13
2025-12-04,WYNN,125.72,,,115.79,143.1,104.75,157.13
2025-12-05,WYNN,125.51,,,115.79,143.1,104.75,157.13
2025-12-08,WYNN,,97.92,150.36,115.79,143.1,104.75,157.13
2025-12-01,XEL,79.73,,,73.58,88.46,71.39,92.23
2025-12-02,XEL,79.04,,,73.58,88.46,71.39,92.23
2025-12-03,XEL,78.39,,,73.58,88.46,71.39,92.23
2025-12-04,XEL,77.77,,,73.58,88.46,71.39,92.23
2025-12-05,XEL,77.18,,,73.58,88.46,71.39,92.23
2025-12-08,XEL,,74.91,80.99,73.58,88.46,71.39,92.23
2025-12-01,XES,82.139,,,73.76,93.77,68.31,94.69
2025-12-02,XES,82.31,,,73.76,93.77,68.31,94.69
2025-12-03,XES,86.31,,,73.76,93.77,68.31,94.69
2025-12-04,XES,87.19,,,73.76,93.77,68.31,94.69
2025-12-05,XES,86.67,,,73.76,93.77,68.31,94.69
2025-12-08,XES,,83.73,89.07,73.76,93.77,68.31,94.69
2025-12-01,XLB,44.59,,,41.22,46.77,38.6,48.94
2025-12-02,XLB,44.185,,,41.22,46.77,38.6,48.94
2025-12-03,XLB,44.495,,,41.22,46.77,38.6,48.94
2025-12-04,XLB,44.235,,,41.22,46.77,38.6,48.94
2025-12-05,XLB,44.09,,,41.22,46.77,38.6,48.94
2025-12-08,XLB,,42.1,49.76,41.22,46.77,38.6,48.94
2025-12-01,XLC,114.85,,,108.35,121.09,103.84,131.31
2025-12-02,XLC,115.23,,,108.35,121.09,103.84,131.31
2025-12-03,XLC,115.13,,,108.35,121.09,103.84,131.31
2025-12-04,XLC,115.79,,,108.35,121.09,103.84,131.31
2025-12-05,XLC,117.13,,,108.35,121.09,103.84,131.31
2025-12-08,XLC,,99.66,153.7,108.35,121.09,103.84,131.31
2025-12-01,XLE,45.66,,,42.05,48.74,40.06,50.59
2025-12-02,XLE,45.07,,,42.05,48.74,40.06,50.59
2025-12-03,XLE,45.915,,,42.05,48.74,40.06,50.59
2025-12-04,XLE,46.11,,,42.05,48.74,40.06,50.59
2025-12-05,XLE,45.92,,,42.05,48.74,40.06,50.59
2025-12-08,XLE,,43.88,48.63,42.05,48.74,40.06,50.59
2025-12-01,XLF,52.89,,,49.37,55.93,47.0,60.49
2025-12-02,XLF,52.84,,,49.37,55.93,47.0,60.49
2025-12-03,XLF,53.55,,,49.37,55.93,47.0,60.49
2025-12-04,XLF,53.66,,,49.37,55.93,47.0,60.49
2025-12-05,XLF,53.68,,,49.37,55.93,47.0,60.49
2025-12-08,XLF,,45.36,60.37,49.37,55.93,47.0,60.49
2025-12-01,XLI,151.44,,,142.77,160.17,134.84,173.75
2025-12-02,XLI,152.76,,,142.77,160.17,134.84,173.75
2025-12-03,XLI,154.21,,,142.77,160.17,134.84,173.75
2025-12-04,XLI,155.01,,,142.77,160.17,134.84,173.75
2025-12-05,XLI,154.58,,,142.77,160.17,134.84,173.75
2025-12-08,XLI,,137.07,170.55,142.77,160.17,134.84,173.75
2025-12-01,XLK,143.175,,,130.12,157.62,120.42,175.51
2025-12-02,XLK,144.65,,,130.12,157.62,120.42,175.51
2025-12-03,XLK,144.995,,,130.12,157.62,120.42,175.51
2025-12-04,XLK,145.535,,,130.12,157.62,120.42,175.51
2025-12-05,XLK,146.6,,,130.12,157.62,120.42,175.51
2025-12-08,XLK,,144.0,151.4,130.12,157.62,120.42,175.51
2025-12-01,XLP,79.29,,,73.89,82.52,72.12,85.5
2025-12-02,XLP,78.77,,,73.89,82.52,72.12,85.5
2025-12-03,XLP,78.83,,,73.89,82.52,72.12,85.5
2025-12-04,XLP,78.45,,,73.89,82.52,72.12,85.5
2025-12-05,XLP,78.46,,,73.89,82.52,72.12,85.5
2025-12-08,XLP,,79.14,77.3,73.89,82.52,72.12,85.5
2025-12-01,XLRE,41.09,,,39.06,42.75,37.41,44.83
2025-12-02,XLRE,40.99,,,39.06,42.75,37.41,44.83
2025-12-03,XLRE,41.07,,,39.06,42.75,37.41,44.83
2025-12-04,XLRE,41.0,,,39.06,42.75,37.41,44.83
2025-12-05,XLRE,40.99,,,39.06,42.75,37.41,44.83
2025-12-08,XLRE,,34.68,57.98,39.06,42.75,37.41,44.83
2025-12-01,XLU,44.255,,,41.67,47.94,40.91,50.05
2025-12-02,XLU,43.94,,,41.67,47.94,40.91,50.05
2025-12-03,XLU,43.8,,,41.67,47.94,40.91,50.05
2025-12-04,XLU,43.71,,,41.67,47.94,40.91,50.05
2025-12-05,XLU,43.3,,,41.67,47.94,40.91,50.05
2025-12-08,XLU,,41.14,45.45,41.67,47.94,40.91,50.05
2025-12-01,XLV,155.29,,,148.4,170.63,135.0,175.82
2025-12-02,XLV,154.36,,,148.4,170.63,135.0,175.82
2025-12-03,XLV,155.08,,,148.4,170.63,135.0,175.82
2025-12-04,XLV,153.9,,,148.4,170.63,135.0,175.82
2025-12-05,XLV,153.26,,,148.4,170.63,135.0,175.82
2025-12-08,XLV,,149.56,156.13,148.4,170.63,135.0,175.82
2025-12-01,XLY,118.3,,,108.2,127.34,103.03,136.07
2025-12-02,XLY,118.22,,,108.2,127.34,103.03,136.07
2025-12-03,XLY,119.495,,,108.2,127.34,103.03,136.07
2025-12-04,XLY,119.07,,,108.2,127.34,103.03,136.07
2025-12-05,XLY,119.73,,,108.2,127.34,103.03,136.07
2025-12-08,XLY,,109.48,126.9,108.2,127.34,103.03,136.07
2025-12-01,XOM,116.63,,,110.74,123.95,102.87,133.57
2025-12-02,XOM,115.38,,,110.74,123.95,102.87,133.57
2025-12-03,XOM,117.8,,,110.74,123.95,102.87,133.57
2025-12-04,XOM,117.14,,,110.74,123.95,102.87,133.57
2025-12-05,XOM,116.54,,,110.74,123.95,102.87,133.57
2025-12-08,XOM,,79.49,171.81,110.74,123.95,102.87,133.57
2025-12-01,XOP,135.08,,,121.01,146.91,111.8,150.08
2025-12-02,XOP,133.05,,,121.01,146.91,111.8,150.08
2025-12-03,XOP,136.48,,,121.01,146.91,111.8,150.08
2025-12-04,XOP,136.48,,,121.01,146.91,111.8,150.08
2025-12-05,XOP,136.69,,,121.01,146.91,111.8,150.08
2025-12-08,XOP,,128.02,146.68,121.01,146.91,111.8,150.08
2025-12-01,XYL,139.41,,,132.33,149.75,126.56,164.13
2025-12-02,XYL,139.42,,,132.33,149.75,126.56,164.13
2025-12-03,XYL,140.89,,,132.33,149.75,126.56,164.13
2025-12-04,XYL,140.87,,,132.33,149.75,126.56,164.13
2025-12-05,XYL,139.01,,,132.33,149.75,126.56,164.13
2025-12-08,XYL,,132.77,145.92,132.33,149.75,126.56,164.13
2025-12-01,XYZ,64.35,,,51.68,72.99,48.26,84.14
2025-12-02,XYZ,60.11,,,51.68,72.99,48.26,84.14
2025-12-03,XYZ,61.11,,,51.68,72.99,48.26,84.14
2025-12-04,XYZ,62.19,,,51.68,72.99,48.26,84.14
2025-12-05,XYZ,61.11,,,51.68,72.99,48.26,84.14
2025-12-08,XYZ,,57.2,60.84,51.68,72.99,48.26,84.14
2025-12-01,YUM,150.64,,,140.33,162.17,126.27,173.55
2025-12-02,YUM,147.62,,,140.33,162.17,126.27,173.55
2025-12-03,YUM,148.52,,,140.33,162.17,126.27,173.55
2025-12-04,YUM,145.86,,,140.33,162.17,126.27,173.55
2025-12-05,YUM,144.96,,,140.33,162.17,126.27,173.55
2025-12-08,YUM,,145.78,162.27,140.33,162.17,126.27,173.55
2025-12-01,ZBH,94.76,,,82.6,106.38,78.98,111.15
2025-12-02,ZBH,94.14,,,82.6,106.38,78.98,111.15
2025-12-03,ZBH,93.1,,,82.6,106.38,78.98,111.15
2025-12-04,ZBH,93.16,,,82.6,106.38,78.98,111.15
2025-12-05,ZBH,94.28,,,82.6,106.38,78.98,111.15
2025-12-08,ZBH,,90.11,118.21,82.6,106.38,78.98,111.15
2025-12-01,ZBRA,251.29,,,218.95,282.28,198.48,314.68
2025-12-02,ZBRA,253.37,,,218.95,282.28,198.48,314.68
2025-12-03,ZBRA,259.34,,,218.95,282.28,198.48,314.68
2025-12-04,ZBRA,263.05,,,218.95,282.28,198.48,314.68
2025-12-05,ZBRA,264.81,,,218.95,282.28,198.48,314.68
2025-12-08,ZBRA,,225.7,284.15,218.95,282.28,198.48,314.68
2025-12-01,ZTS,127.25,,,102.92,143.54,101.23,147.27
2025-12-02,ZTS,124.44,,,102.92,143.54,101.23,147.27
2025-12-03,ZTS,122.57,,,102.92,143.54,101.23,147.27
2025-12-04,ZTS,120.41,,,102.92,143.54,101.23,147.27
2025-12-05,ZTS,118.65,,,102.92,143.54,101.23,147.27
2025-12-08,ZTS,,118.0,122.86,102.92,143.54,101.23,147.27
