Date,Ticker,monthly_volume,monthly_volume_avg,monthly_volume_hi,monthly_volume_lo
2024-09-01,A,31.2,38.0,45.8,30.2
2024-10-01,A,30.7,38.0,45.8,30.2
2024-11-01,A,44.6,38.0,45.8,30.2
2024-12-01,A,32.5,38.0,45.8,30.2
2025-01-01,A,35.2,38.0,45.8,30.2
2025-02-01,A,33.1,38.0,45.8,30.2
2025-03-01,A,44.9,38.0,45.8,30.2
2025-04-01,A,52.8,38.0,45.8,30.2
2025-05-01,A,48.4,38.0,45.8,30.2
2025-06-01,A,38.3,38.0,45.8,30.2
2025-07-01,A,40.0,38.0,45.8,30.2
2025-08-01,A,29.6,38.0,45.8,30.2
2025-09-01,A,37.3,38.0,45.8,30.2
2025-10-01,A,39.4,38.0,45.8,30.2
2025-11-01,A,5.6,38.0,45.8,30.2
2024-09-01,AAPL,1232.1,1113.9,1327.8,899.9
2024-10-01,AAPL,930.7,1113.9,1327.8,899.9
2024-11-01,AAPL,891.6,1113.9,1327.8,899.9
2024-12-01,AAPL,977.9,1113.9,1327.8,899.9
2025-01-01,AAPL,1200.2,1113.9,1327.8,899.9
2025-02-01,AAPL,862.3,1113.9,1327.8,899.9
2025-03-01,AAPL,1115.2,1113.9,1327.8,899.9
2025-04-01,AAPL,1607.3,1113.9,1327.8,899.9
2025-05-01,AAPL,1195.7,1113.9,1327.8,899.9
2025-06-01,AAPL,1100.4,1113.9,1327.8,899.9
2025-07-01,AAPL,1079.9,1113.9,1327.8,899.9
2025-08-01,AAPL,1218.1,1113.9,1327.8,899.9
2025-09-01,AAPL,1265.5,1113.9,1327.8,899.9
2025-10-01,AAPL,1097.1,1113.9,1327.8,899.9
2025-11-01,AAPL,143.2,1113.9,1327.8,899.9
2024-09-01,ABBV,95.3,129.1,158.8,99.3
2024-10-01,ABBV,115.8,129.1,158.8,99.3
2024-11-01,ABBV,155.3,129.1,158.8,99.3
2024-12-01,ABBV,121.1,129.1,158.8,99.3
2025-01-01,ABBV,124.4,129.1,158.8,99.3
2025-02-01,ABBV,111.9,129.1,158.8,99.3
2025-03-01,ABBV,148.3,129.1,158.8,99.3
2025-04-01,ABBV,204.4,129.1,158.8,99.3
2025-05-01,ABBV,151.5,129.1,158.8,99.3
2025-06-01,ABBV,125.4,129.1,158.8,99.3
2025-07-01,ABBV,123.1,129.1,158.8,99.3
2025-08-01,ABBV,96.5,129.1,158.8,99.3
2025-09-01,ABBV,115.7,129.1,158.8,99.3
2025-10-01,ABBV,137.5,129.1,158.8,99.3
2025-11-01,ABBV,20.0,129.1,158.8,99.3
2024-09-01,ABNB,88.1,101.2,122.6,79.8
2024-10-01,ABNB,71.4,101.2,122.6,79.8
2024-11-01,ABNB,117.4,101.2,122.6,79.8
2024-12-01,ABNB,92.3,101.2,122.6,79.8
2025-01-01,ABNB,81.3,101.2,122.6,79.8
2025-02-01,ABNB,119.2,101.2,122.6,79.8
2025-03-01,ABNB,113.7,101.2,122.6,79.8
2025-04-01,ABNB,130.5,101.2,122.6,79.8
2025-05-01,ABNB,128.8,101.2,122.6,79.8
2025-06-01,ABNB,97.8,101.2,122.6,79.8
2025-07-01,ABNB,74.4,101.2,122.6,79.8
2025-08-01,ABNB,119.6,101.2,122.6,79.8
2025-09-01,ABNB,104.5,101.2,122.6,79.8
2025-10-01,ABNB,99.8,101.2,122.6,79.8
2025-11-01,ABNB,14.6,101.2,122.6,79.8
2024-09-01,ABT,97.6,127.2,154.2,100.3
2024-10-01,ABT,114.2,127.2,154.2,100.3
2024-11-01,ABT,105.8,127.2,154.2,100.3
2024-12-01,ABT,99.9,127.2,154.2,100.3
2025-01-01,ABT,145.5,127.2,154.2,100.3
2025-02-01,ABT,110.2,127.2,154.2,100.3
2025-03-01,ABT,159.8,127.2,154.2,100.3
2025-04-01,ABT,162.7,127.2,154.2,100.3
2025-05-01,ABT,138.2,127.2,154.2,100.3
2025-06-01,ABT,118.6,127.2,154.2,100.3
2025-07-01,ABT,167.0,127.2,154.2,100.3
2025-08-01,ABT,112.4,127.2,154.2,100.3
2025-09-01,ABT,114.3,127.2,154.2,100.3
2025-10-01,ABT,149.5,127.2,154.2,100.3
2025-11-01,ABT,16.0,127.2,154.2,100.3
2024-09-01,ACGL,28.9,40.3,49.9,30.7
2024-10-01,ACGL,42.6,40.3,49.9,30.7
2024-11-01,ACGL,43.9,40.3,49.9,30.7
2024-12-01,ACGL,37.5,40.3,49.9,30.7
2025-01-01,ACGL,39.1,40.3,49.9,30.7
2025-02-01,ACGL,36.6,40.3,49.9,30.7
2025-03-01,ACGL,36.1,40.3,49.9,30.7
2025-04-01,ACGL,37.3,40.3,49.9,30.7
2025-05-01,ACGL,30.7,40.3,49.9,30.7
2025-06-01,ACGL,32.5,40.3,49.9,30.7
2025-07-01,ACGL,64.2,40.3,49.9,30.7
2025-08-01,ACGL,40.7,40.3,49.9,30.7
2025-09-01,ACGL,45.4,40.3,49.9,30.7
2025-10-01,ACGL,51.3,40.3,49.9,30.7
2025-11-01,ACGL,8.0,40.3,49.9,30.7
2024-09-01,ACN,50.6,72.0,95.7,48.3
2024-10-01,ACN,53.1,72.0,95.7,48.3
2024-11-01,ACN,48.9,72.0,95.7,48.3
2024-12-01,ACN,52.3,72.0,95.7,48.3
2025-01-01,ACN,55.4,72.0,95.7,48.3
2025-02-01,ACN,52.9,72.0,95.7,48.3
2025-03-01,ACN,89.6,72.0,95.7,48.3
2025-04-01,ACN,77.6,72.0,95.7,48.3
2025-05-01,ACN,60.9,72.0,95.7,48.3
2025-06-01,ACN,72.5,72.0,95.7,48.3
2025-07-01,ACN,78.5,72.0,95.7,48.3
2025-08-01,ACN,97.2,72.0,95.7,48.3
2025-09-01,ACN,127.8,72.0,95.7,48.3
2025-10-01,ACN,96.6,72.0,95.7,48.3
2025-11-01,ACN,11.5,72.0,95.7,48.3
2024-09-01,ADBE,71.5,79.1,99.5,58.7
2024-10-01,ADBE,61.0,79.1,99.5,58.7
2024-11-01,ADBE,53.6,79.1,99.5,58.7
2024-12-01,ADBE,105.6,79.1,99.5,58.7
2025-01-01,ADBE,80.1,79.1,99.5,58.7
2025-02-01,ADBE,55.4,79.1,99.5,58.7
2025-03-01,ADBE,94.3,79.1,99.5,58.7
2025-04-01,ADBE,89.7,79.1,99.5,58.7
2025-05-01,ADBE,57.1,79.1,99.5,58.7
2025-06-01,ADBE,91.0,79.1,99.5,58.7
2025-07-01,ADBE,75.7,79.1,99.5,58.7
2025-08-01,ADBE,76.0,79.1,99.5,58.7
2025-09-01,ADBE,119.6,79.1,99.5,58.7
2025-10-01,ADBE,88.1,79.1,99.5,58.7
2025-11-01,ADBE,10.3,79.1,99.5,58.7
2024-09-01,ADI,59.5,73.0,90.0,55.9
2024-10-01,ADI,53.9,73.0,90.0,55.9
2024-11-01,ADI,69.2,73.0,90.0,55.9
2024-12-01,ADI,61.1,73.0,90.0,55.9
2025-01-01,ADI,66.2,73.0,90.0,55.9
2025-02-01,ADI,84.4,73.0,90.0,55.9
2025-03-01,ADI,75.1,73.0,90.0,55.9
2025-04-01,ADI,113.3,73.0,90.0,55.9
2025-05-01,ADI,93.4,73.0,90.0,55.9
2025-06-01,ADI,68.4,73.0,90.0,55.9
2025-07-01,ADI,74.2,73.0,90.0,55.9
2025-08-01,ADI,82.6,73.0,90.0,55.9
2025-09-01,ADI,57.1,73.0,90.0,55.9
2025-10-01,ADI,76.5,73.0,90.0,55.9
2025-11-01,ADI,9.2,73.0,90.0,55.9
2024-09-01,ADM,60.6,74.9,94.1,55.7
2024-10-01,ADM,54.3,74.9,94.1,55.7
2024-11-01,ADM,65.1,74.9,94.1,55.7
2024-12-01,ADM,68.2,74.9,94.1,55.7
2025-01-01,ADM,61.4,74.9,94.1,55.7
2025-02-01,ADM,86.0,74.9,94.1,55.7
2025-03-01,ADM,131.7,74.9,94.1,55.7
2025-04-01,ADM,76.4,74.9,94.1,55.7
2025-05-01,ADM,67.1,74.9,94.1,55.7
2025-06-01,ADM,85.8,74.9,94.1,55.7
2025-07-01,ADM,67.5,74.9,94.1,55.7
2025-08-01,ADM,78.3,74.9,94.1,55.7
2025-09-01,ADM,79.7,74.9,94.1,55.7
2025-10-01,ADM,79.3,74.9,94.1,55.7
2025-11-01,ADM,17.9,74.9,94.1,55.7
2024-09-01,ADP,34.1,36.1,42.5,29.7
2024-10-01,ADP,34.8,36.1,42.5,29.7
2024-11-01,ADP,32.0,36.1,42.5,29.7
2024-12-01,ADP,40.1,36.1,42.5,29.7
2025-01-01,ADP,34.9,36.1,42.5,29.7
2025-02-01,ADP,29.1,36.1,42.5,29.7
2025-03-01,ADP,44.5,36.1,42.5,29.7
2025-04-01,ADP,45.8,36.1,42.5,29.7
2025-05-01,ADP,30.3,36.1,42.5,29.7
2025-06-01,ADP,37.0,36.1,42.5,29.7
2025-07-01,ADP,31.9,36.1,42.5,29.7
2025-08-01,ADP,30.5,36.1,42.5,29.7
2025-09-01,ADP,43.5,36.1,42.5,29.7
2025-10-01,ADP,41.5,36.1,42.5,29.7
2025-11-01,ADP,7.1,36.1,42.5,29.7
2024-09-01,ADSK,30.9,31.7,36.9,26.4
2024-10-01,ADSK,26.0,31.7,36.9,26.4
2024-11-01,ADSK,33.1,31.7,36.9,26.4
2024-12-01,ADSK,29.8,31.7,36.9,26.4
2025-01-01,ADSK,26.9,31.7,36.9,26.4
2025-02-01,ADSK,32.8,31.7,36.9,26.4
2025-03-01,ADSK,39.9,31.7,36.9,26.4
2025-04-01,ADSK,32.6,31.7,36.9,26.4
2025-05-01,ADSK,34.7,31.7,36.9,26.4
2025-06-01,ADSK,26.6,31.7,36.9,26.4
2025-07-01,ADSK,38.6,31.7,36.9,26.4
2025-08-01,ADSK,35.3,31.7,36.9,26.4
2025-09-01,ADSK,32.3,31.7,36.9,26.4
2025-10-01,ADSK,29.2,31.7,36.9,26.4
2025-11-01,ADSK,3.6,31.7,36.9,26.4
2024-09-01,AEE,29.9,33.2,39.4,27.0
2024-10-01,AEE,29.0,33.2,39.4,27.0
2024-11-01,AEE,32.2,33.2,39.4,27.0
2024-12-01,AEE,28.2,33.2,39.4,27.0
2025-01-01,AEE,24.4,33.2,39.4,27.0
2025-02-01,AEE,40.2,33.2,39.4,27.0
2025-03-01,AEE,43.4,33.2,39.4,27.0
2025-04-01,AEE,38.8,33.2,39.4,27.0
2025-05-01,AEE,35.8,33.2,39.4,27.0
2025-06-01,AEE,36.3,33.2,39.4,27.0
2025-07-01,AEE,33.2,33.2,39.4,27.0
2025-08-01,AEE,29.7,33.2,39.4,27.0
2025-09-01,AEE,29.7,33.2,39.4,27.0
2025-10-01,AEE,39.3,33.2,39.4,27.0
2025-11-01,AEE,4.6,33.2,39.4,27.0
2024-09-01,AEP,55.9,68.6,85.4,51.7
2024-10-01,AEP,57.7,68.6,85.4,51.7
2024-11-01,AEP,64.9,68.6,85.4,51.7
2024-12-01,AEP,52.5,68.6,85.4,51.7
2025-01-01,AEP,70.7,68.6,85.4,51.7
2025-02-01,AEP,58.9,68.6,85.4,51.7
2025-03-01,AEP,110.1,68.6,85.4,51.7
2025-04-01,AEP,88.7,68.6,85.4,51.7
2025-05-01,AEP,67.9,68.6,85.4,51.7
2025-06-01,AEP,51.3,68.6,85.4,51.7
2025-07-01,AEP,69.7,68.6,85.4,51.7
2025-08-01,AEP,69.3,68.6,85.4,51.7
2025-09-01,AEP,66.0,68.6,85.4,51.7
2025-10-01,AEP,84.2,68.6,85.4,51.7
2025-11-01,AEP,9.5,68.6,85.4,51.7
2024-09-01,AES,192.1,281.8,360.3,203.3
2024-10-01,AES,190.3,281.8,360.3,203.3
2024-11-01,AES,363.0,281.8,360.3,203.3
2024-12-01,AES,266.0,281.8,360.3,203.3
2025-01-01,AES,283.3,281.8,360.3,203.3
2025-02-01,AES,336.0,281.8,360.3,203.3
2025-03-01,AES,305.6,281.8,360.3,203.3
2025-04-01,AES,298.2,281.8,360.3,203.3
2025-05-01,AES,411.4,281.8,360.3,203.3
2025-06-01,AES,310.0,281.8,360.3,203.3
2025-07-01,AES,391.3,281.8,360.3,203.3
2025-08-01,AES,177.2,281.8,360.3,203.3
2025-09-01,AES,196.0,281.8,360.3,203.3
2025-10-01,AES,281.5,281.8,360.3,203.3
2025-11-01,AES,35.9,281.8,360.3,203.3
2024-09-01,AFL,52.6,45.2,53.2,37.2
2024-10-01,AFL,45.8,45.2,53.2,37.2
2024-11-01,AFL,38.7,45.2,53.2,37.2
2024-12-01,AFL,45.5,45.2,53.2,37.2
2025-01-01,AFL,32.9,45.2,53.2,37.2
2025-02-01,AFL,40.3,45.2,53.2,37.2
2025-03-01,AFL,43.1,45.2,53.2,37.2
2025-04-01,AFL,45.6,45.2,53.2,37.2
2025-05-01,AFL,42.9,45.2,53.2,37.2
2025-06-01,AFL,55.7,45.2,53.2,37.2
2025-07-01,AFL,46.3,45.2,53.2,37.2
2025-08-01,AFL,57.1,45.2,53.2,37.2
2025-09-01,AFL,53.9,45.2,53.2,37.2
2025-10-01,AFL,39.4,45.2,53.2,37.2
2025-11-01,AFL,7.2,45.2,53.2,37.2
2024-09-01,AIG,90.6,90.8,107.4,74.1
2024-10-01,AIG,75.2,90.8,107.4,74.1
2024-11-01,AIG,87.4,90.8,107.4,74.1
2024-12-01,AIG,90.4,90.8,107.4,74.1
2025-01-01,AIG,80.1,90.8,107.4,74.1
2025-02-01,AIG,88.2,90.8,107.4,74.1
2025-03-01,AIG,131.7,90.8,107.4,74.1
2025-04-01,AIG,104.1,90.8,107.4,74.1
2025-05-01,AIG,77.3,90.8,107.4,74.1
2025-06-01,AIG,87.6,90.8,107.4,74.1
2025-07-01,AIG,93.3,90.8,107.4,74.1
2025-08-01,AIG,80.0,90.8,107.4,74.1
2025-09-01,AIG,108.4,90.8,107.4,74.1
2025-10-01,AIG,90.6,90.8,107.4,74.1
2025-11-01,AIG,17.4,90.8,107.4,74.1
2024-09-01,AIZ,7.1,8.7,11.4,6.1
2024-10-01,AIZ,6.8,8.7,11.4,6.1
2024-11-01,AIZ,9.1,8.7,11.4,6.1
2024-12-01,AIZ,6.7,8.7,11.4,6.1
2025-01-01,AIZ,7.4,8.7,11.4,6.1
2025-02-01,AIZ,9.5,8.7,11.4,6.1
2025-03-01,AIZ,9.8,8.7,11.4,6.1
2025-04-01,AIZ,10.2,8.7,11.4,6.1
2025-05-01,AIZ,16.8,8.7,11.4,6.1
2025-06-01,AIZ,8.8,8.7,11.4,6.1
2025-07-01,AIZ,8.1,8.7,11.4,6.1
2025-08-01,AIZ,10.0,8.7,11.4,6.1
2025-09-01,AIZ,7.5,8.7,11.4,6.1
2025-10-01,AIZ,6.6,8.7,11.4,6.1
2025-11-01,AIZ,1.1,8.7,11.4,6.1
2024-09-01,AJG,17.4,31.2,42.0,20.5
2024-10-01,AJG,21.9,31.2,42.0,20.5
2024-11-01,AJG,18.9,31.2,42.0,20.5
2024-12-01,AJG,61.3,31.2,42.0,20.5
2025-01-01,AJG,39.0,31.2,42.0,20.5
2025-02-01,AJG,27.7,31.2,42.0,20.5
2025-03-01,AJG,34.7,31.2,42.0,20.5
2025-04-01,AJG,34.6,31.2,42.0,20.5
2025-05-01,AJG,24.4,31.2,42.0,20.5
2025-06-01,AJG,31.0,31.2,42.0,20.5
2025-07-01,AJG,30.0,31.2,42.0,20.5
2025-08-01,AJG,32.4,31.2,42.0,20.5
2025-09-01,AJG,29.8,31.2,42.0,20.5
2025-10-01,AJG,38.0,31.2,42.0,20.5
2025-11-01,AJG,6.7,31.2,42.0,20.5
2024-09-01,AKAM,27.2,42.4,56.1,28.7
2024-10-01,AKAM,28.6,42.4,56.1,28.7
2024-11-01,AKAM,51.1,42.4,56.1,28.7
2024-12-01,AKAM,31.6,42.4,56.1,28.7
2025-01-01,AKAM,34.2,42.4,56.1,28.7
2025-02-01,AKAM,69.1,42.4,56.1,28.7
2025-03-01,AKAM,55.4,42.4,56.1,28.7
2025-04-01,AKAM,39.4,42.4,56.1,28.7
2025-05-01,AKAM,66.5,42.4,56.1,28.7
2025-06-01,AKAM,50.7,42.4,56.1,28.7
2025-07-01,AKAM,29.3,42.4,56.1,28.7
2025-08-01,AKAM,47.7,42.4,56.1,28.7
2025-09-01,AKAM,39.6,42.4,56.1,28.7
2025-10-01,AKAM,35.2,42.4,56.1,28.7
2025-11-01,AKAM,8.0,42.4,56.1,28.7
2024-09-01,ALB,55.3,66.8,88.7,44.9
2024-10-01,ALB,55.3,66.8,88.7,44.9
2024-11-01,ALB,46.1,66.8,88.7,44.9
2024-12-01,ALB,38.9,66.8,88.7,44.9
2025-01-01,ALB,43.7,66.8,88.7,44.9
2025-02-01,ALB,54.1,66.8,88.7,44.9
2025-03-01,ALB,55.1,66.8,88.7,44.9
2025-04-01,ALB,88.2,66.8,88.7,44.9
2025-05-01,ALB,74.2,66.8,88.7,44.9
2025-06-01,ALB,66.5,66.8,88.7,44.9
2025-07-01,ALB,117.3,66.8,88.7,44.9
2025-08-01,ALB,86.2,66.8,88.7,44.9
2025-09-01,ALB,83.6,66.8,88.7,44.9
2025-10-01,ALB,75.9,66.8,88.7,44.9
2025-11-01,ALB,11.4,66.8,88.7,44.9
2024-09-01,ALGN,13.2,23.0,31.5,14.6
2024-10-01,ALGN,20.5,23.0,31.5,14.6
2024-11-01,ALGN,16.3,23.0,31.5,14.6
2024-12-01,ALGN,13.6,23.0,31.5,14.6
2025-01-01,ALGN,12.7,23.0,31.5,14.6
2025-02-01,ALGN,20.5,23.0,31.5,14.6
2025-03-01,ALGN,27.9,23.0,31.5,14.6
2025-04-01,ALGN,30.1,23.0,31.5,14.6
2025-05-01,ALGN,21.1,23.0,31.5,14.6
2025-06-01,ALGN,16.5,23.0,31.5,14.6
2025-07-01,ALGN,33.9,23.0,31.5,14.6
2025-08-01,ALGN,39.1,23.0,31.5,14.6
2025-09-01,ALGN,26.8,23.0,31.5,14.6
2025-10-01,ALGN,31.2,23.0,31.5,14.6
2025-11-01,ALGN,3.6,23.0,31.5,14.6
2024-09-01,ALL,29.5,32.8,38.8,26.9
2024-10-01,ALL,33.1,32.8,38.8,26.9
2024-11-01,ALL,32.7,32.8,38.8,26.9
2024-12-01,ALL,27.8,32.8,38.8,26.9
2025-01-01,ALL,36.3,32.8,38.8,26.9
2025-02-01,ALL,36.1,32.8,38.8,26.9
2025-03-01,ALL,44.0,32.8,38.8,26.9
2025-04-01,ALL,40.5,32.8,38.8,26.9
2025-05-01,ALL,27.0,32.8,38.8,26.9
2025-06-01,ALL,35.6,32.8,38.8,26.9
2025-07-01,ALL,36.4,32.8,38.8,26.9
2025-08-01,ALL,26.9,32.8,38.8,26.9
2025-09-01,ALL,30.6,32.8,38.8,26.9
2025-10-01,ALL,29.3,32.8,38.8,26.9
2025-11-01,ALL,4.7,32.8,38.8,26.9
2024-09-01,ALLE,13.3,18.8,22.8,14.8
2024-10-01,ALLE,21.8,18.8,22.8,14.8
2024-11-01,ALLE,15.9,18.8,22.8,14.8
2024-12-01,ALLE,15.6,18.8,22.8,14.8
2025-01-01,ALLE,14.2,18.8,22.8,14.8
2025-02-01,ALLE,20.9,18.8,22.8,14.8
2025-03-01,ALLE,23.4,18.8,22.8,14.8
2025-04-01,ALLE,25.9,18.8,22.8,14.8
2025-05-01,ALLE,18.0,18.8,22.8,14.8
2025-06-01,ALLE,18.0,18.8,22.8,14.8
2025-07-01,ALLE,23.1,18.8,22.8,14.8
2025-08-01,ALLE,17.4,18.8,22.8,14.8
2025-09-01,ALLE,19.1,18.8,22.8,14.8
2025-10-01,ALLE,19.2,18.8,22.8,14.8
2025-11-01,ALLE,2.1,18.8,22.8,14.8
2024-09-01,AMAT,136.2,151.9,178.9,124.8
2024-10-01,AMAT,138.5,151.9,178.9,124.8
2024-11-01,AMAT,140.4,151.9,178.9,124.8
2024-12-01,AMAT,140.7,151.9,178.9,124.8
2025-01-01,AMAT,135.5,151.9,178.9,124.8
2025-02-01,AMAT,132.8,151.9,178.9,124.8
2025-03-01,AMAT,143.7,151.9,178.9,124.8
2025-04-01,AMAT,203.0,151.9,178.9,124.8
2025-05-01,AMAT,159.6,151.9,178.9,124.8
2025-06-01,AMAT,138.9,151.9,178.9,124.8
2025-07-01,AMAT,136.5,151.9,178.9,124.8
2025-08-01,AMAT,171.9,151.9,178.9,124.8
2025-09-01,AMAT,186.6,151.9,178.9,124.8
2025-10-01,AMAT,181.5,151.9,178.9,124.8
2025-11-01,AMAT,20.3,151.9,178.9,124.8
2024-09-01,AMCR,168.0,474.3,714.0,234.6
2024-10-01,AMCR,142.7,474.3,714.0,234.6
2024-11-01,AMCR,315.2,474.3,714.0,234.6
2024-12-01,AMCR,322.4,474.3,714.0,234.6
2025-01-01,AMCR,331.9,474.3,714.0,234.6
2025-02-01,AMCR,446.8,474.3,714.0,234.6
2025-03-01,AMCR,575.6,474.3,714.0,234.6
2025-04-01,AMCR,1132.1,474.3,714.0,234.6
2025-05-01,AMCR,691.6,474.3,714.0,234.6
2025-06-01,AMCR,553.0,474.3,714.0,234.6
2025-07-01,AMCR,469.2,474.3,714.0,234.6
2025-08-01,AMCR,579.7,474.3,714.0,234.6
2025-09-01,AMCR,492.6,474.3,714.0,234.6
2025-10-01,AMCR,491.5,474.3,714.0,234.6
2025-11-01,AMCR,111.8,474.3,714.0,234.6
2024-09-01,AMD,660.0,953.9,1263.5,644.3
2024-10-01,AMD,900.8,953.9,1263.5,644.3
2024-11-01,AMD,611.5,953.9,1263.5,644.3
2024-12-01,AMD,814.3,953.9,1263.5,644.3
2025-01-01,AMD,779.1,953.9,1263.5,644.3
2025-02-01,AMD,798.5,953.9,1263.5,644.3
2025-03-01,AMD,721.3,953.9,1263.5,644.3
2025-04-01,AMD,936.4,953.9,1263.5,644.3
2025-05-01,AMD,910.1,953.9,1263.5,644.3
2025-06-01,AMD,1075.8,953.9,1263.5,644.3
2025-07-01,AMD,1186.3,953.9,1263.5,644.3
2025-08-01,AMD,1305.8,953.9,1263.5,644.3
2025-09-01,AMD,915.5,953.9,1263.5,644.3
2025-10-01,AMD,1759.7,953.9,1263.5,644.3
2025-11-01,AMD,160.2,953.9,1263.5,644.3
2024-09-01,AME,22.5,26.9,31.4,22.5
2024-10-01,AME,30.0,26.9,31.4,22.5
2024-11-01,AME,26.0,26.9,31.4,22.5
2024-12-01,AME,21.1,26.9,31.4,22.5
2025-01-01,AME,24.9,26.9,31.4,22.5
2025-02-01,AME,26.8,26.9,31.4,22.5
2025-03-01,AME,28.0,26.9,31.4,22.5
2025-04-01,AME,34.9,26.9,31.4,22.5
2025-05-01,AME,26.5,26.9,31.4,22.5
2025-06-01,AME,27.7,26.9,31.4,22.5
2025-07-01,AME,31.3,26.9,31.4,22.5
2025-08-01,AME,25.4,26.9,31.4,22.5
2025-09-01,AME,24.4,26.9,31.4,22.5
2025-10-01,AME,31.1,26.9,31.4,22.5
2025-11-01,AME,3.6,26.9,31.4,22.5
2024-09-01,AMGN,42.2,57.3,71.9,42.7
2024-10-01,AMGN,39.5,57.3,71.9,42.7
2024-11-01,AMGN,82.3,57.3,71.9,42.7
2024-12-01,AMGN,83.0,57.3,71.9,42.7
2025-01-01,AMGN,61.3,57.3,71.9,42.7
2025-02-01,AMGN,62.8,57.3,71.9,42.7
2025-03-01,AMGN,64.2,57.3,71.9,42.7
2025-04-01,AMGN,66.5,57.3,71.9,42.7
2025-05-01,AMGN,66.6,57.3,71.9,42.7
2025-06-01,AMGN,56.6,57.3,71.9,42.7
2025-07-01,AMGN,41.5,57.3,71.9,42.7
2025-08-01,AMGN,43.2,57.3,71.9,42.7
2025-09-01,AMGN,56.4,57.3,71.9,42.7
2025-10-01,AMGN,49.2,57.3,71.9,42.7
2025-11-01,AMGN,11.7,57.3,71.9,42.7
2024-09-01,AMP,8.7,10.3,12.0,8.5
2024-10-01,AMP,9.4,10.3,12.0,8.5
2024-11-01,AMP,9.6,10.3,12.0,8.5
2024-12-01,AMP,10.2,10.3,12.0,8.5
2025-01-01,AMP,10.6,10.3,12.0,8.5
2025-02-01,AMP,10.4,10.3,12.0,8.5
2025-03-01,AMP,11.9,10.3,12.0,8.5
2025-04-01,AMP,12.9,10.3,12.0,8.5
2025-05-01,AMP,9.4,10.3,12.0,8.5
2025-06-01,AMP,9.7,10.3,12.0,8.5
2025-07-01,AMP,9.7,10.3,12.0,8.5
2025-08-01,AMP,8.2,10.3,12.0,8.5
2025-09-01,AMP,11.7,10.3,12.0,8.5
2025-10-01,AMP,13.1,10.3,12.0,8.5
2025-11-01,AMP,2.0,10.3,12.0,8.5
2024-09-01,AMT,45.0,54.2,67.1,41.3
2024-10-01,AMT,44.8,54.2,67.1,41.3
2024-11-01,AMT,55.3,54.2,67.1,41.3
2024-12-01,AMT,54.2,54.2,67.1,41.3
2025-01-01,AMT,45.8,54.2,67.1,41.3
2025-02-01,AMT,44.4,54.2,67.1,41.3
2025-03-01,AMT,62.4,54.2,67.1,41.3
2025-04-01,AMT,82.9,54.2,67.1,41.3
2025-05-01,AMT,57.1,54.2,67.1,41.3
2025-06-01,AMT,42.5,54.2,67.1,41.3
2025-07-01,AMT,43.7,54.2,67.1,41.3
2025-08-01,AMT,49.8,54.2,67.1,41.3
2025-09-01,AMT,70.0,54.2,67.1,41.3
2025-10-01,AMT,67.4,54.2,67.1,41.3
2025-11-01,AMT,8.5,54.2,67.1,41.3
2024-09-01,AMZN,765.0,892.2,1083.2,701.3
2024-10-01,AMZN,733.9,892.2,1083.2,701.3
2024-11-01,AMZN,905.8,892.2,1083.2,701.3
2024-12-01,AMZN,760.9,892.2,1083.2,701.3
2025-01-01,AMZN,652.6,892.2,1083.2,701.3
2025-02-01,AMZN,783.6,892.2,1083.2,701.3
2025-03-01,AMZN,966.7,892.2,1083.2,701.3
2025-04-01,AMZN,1313.1,892.2,1083.2,701.3
2025-05-01,AMZN,937.3,892.2,1083.2,701.3
2025-06-01,AMZN,870.7,892.2,1083.2,701.3
2025-07-01,AMZN,856.0,892.2,1083.2,701.3
2025-08-01,AMZN,877.7,892.2,1083.2,701.3
2025-09-01,AMZN,965.1,892.2,1083.2,701.3
2025-10-01,AMZN,1196.9,892.2,1083.2,701.3
2025-11-01,AMZN,188.2,892.2,1083.2,701.3
2024-09-01,ANET,127.0,189.3,231.7,147.0
2024-10-01,ANET,139.9,189.3,231.7,147.0
2024-11-01,ANET,202.4,189.3,231.7,147.0
2024-12-01,ANET,125.9,189.3,231.7,147.0
2025-01-01,ANET,188.4,189.3,231.7,147.0
2025-02-01,ANET,229.8,189.3,231.7,147.0
2025-03-01,ANET,229.8,189.3,231.7,147.0
2025-04-01,ANET,264.7,189.3,231.7,147.0
2025-05-01,ANET,214.3,189.3,231.7,147.0
2025-06-01,ANET,207.5,189.3,231.7,147.0
2025-07-01,ANET,187.4,189.3,231.7,147.0
2025-08-01,ANET,193.1,189.3,231.7,147.0
2025-09-01,ANET,199.3,189.3,231.7,147.0
2025-10-01,ANET,179.5,189.3,231.7,147.0
2025-11-01,ANET,31.4,189.3,231.7,147.0
2024-09-01,AON,15.9,25.0,30.8,19.2
2024-10-01,AON,22.6,25.0,30.8,19.2
2024-11-01,AON,20.9,25.0,30.8,19.2
2024-12-01,AON,21.1,25.0,30.8,19.2
2025-01-01,AON,22.2,25.0,30.8,19.2
2025-02-01,AON,20.2,25.0,30.8,19.2
2025-03-01,AON,27.8,25.0,30.8,19.2
2025-04-01,AON,39.1,25.0,30.8,19.2
2025-05-01,AON,24.5,25.0,30.8,19.2
2025-06-01,AON,27.9,25.0,30.8,19.2
2025-07-01,AON,29.8,25.0,30.8,19.2
2025-08-01,AON,26.7,25.0,30.8,19.2
2025-09-01,AON,26.4,25.0,30.8,19.2
2025-10-01,AON,27.7,25.0,30.8,19.2
2025-11-01,AON,3.9,25.0,30.8,19.2
2024-09-01,AOS,20.0,27.5,34.4,20.5
2024-10-01,AOS,26.4,27.5,34.4,20.5
2024-11-01,AOS,19.5,27.5,34.4,20.5
2024-12-01,AOS,20.7,27.5,34.4,20.5
2025-01-01,AOS,29.3,27.5,34.4,20.5
2025-02-01,AOS,26.2,27.5,34.4,20.5
2025-03-01,AOS,29.7,27.5,34.4,20.5
2025-04-01,AOS,36.8,27.5,34.4,20.5
2025-05-01,AOS,38.5,27.5,34.4,20.5
2025-06-01,AOS,32.5,27.5,34.4,20.5
2025-07-01,AOS,36.9,27.5,34.4,20.5
2025-08-01,AOS,21.1,27.5,34.4,20.5
2025-09-01,AOS,21.6,27.5,34.4,20.5
2025-10-01,AOS,29.0,27.5,34.4,20.5
2025-11-01,AOS,4.1,27.5,34.4,20.5
2024-09-01,APA,142.7,154.2,183.0,125.5
2024-10-01,APA,121.9,154.2,183.0,125.5
2024-11-01,APA,148.2,154.2,183.0,125.5
2024-12-01,APA,142.6,154.2,183.0,125.5
2025-01-01,APA,132.9,154.2,183.0,125.5
2025-02-01,APA,168.1,154.2,183.0,125.5
2025-03-01,APA,162.0,154.2,183.0,125.5
2025-04-01,APA,225.6,154.2,183.0,125.5
2025-05-01,APA,158.9,154.2,183.0,125.5
2025-06-01,APA,176.3,154.2,183.0,125.5
2025-07-01,APA,133.7,154.2,183.0,125.5
2025-08-01,APA,154.0,154.2,183.0,125.5
2025-09-01,APA,159.7,154.2,183.0,125.5
2025-10-01,APA,162.1,154.2,183.0,125.5
2025-11-01,APA,20.8,154.2,183.0,125.5
2024-09-01,APD,26.3,26.3,32.2,20.5
2024-10-01,APD,35.5,26.3,32.2,20.5
2024-11-01,APD,32.8,26.3,32.2,20.5
2024-12-01,APD,20.2,26.3,32.2,20.5
2025-01-01,APD,35.8,26.3,32.2,20.5
2025-02-01,APD,29.3,26.3,32.2,20.5
2025-03-01,APD,26.0,26.3,32.2,20.5
2025-04-01,APD,28.7,26.3,32.2,20.5
2025-05-01,APD,26.3,26.3,32.2,20.5
2025-06-01,APD,25.8,26.3,32.2,20.5
2025-07-01,APD,21.8,26.3,32.2,20.5
2025-08-01,APD,16.9,26.3,32.2,20.5
2025-09-01,APD,21.8,26.3,32.2,20.5
2025-10-01,APD,26.0,26.3,32.2,20.5
2025-11-01,APD,5.4,26.3,32.2,20.5
2024-09-01,APH,131.0,164.6,195.8,133.4
2024-10-01,APH,171.0,164.6,195.8,133.4
2024-11-01,APH,126.8,164.6,195.8,133.4
2024-12-01,APH,124.2,164.6,195.8,133.4
2025-01-01,APH,163.6,164.6,195.8,133.4
2025-02-01,APH,143.0,164.6,195.8,133.4
2025-03-01,APH,185.1,164.6,195.8,133.4
2025-04-01,APH,202.4,164.6,195.8,133.4
2025-05-01,APH,161.9,164.6,195.8,133.4
2025-06-01,APH,184.6,164.6,195.8,133.4
2025-07-01,APH,193.7,164.6,195.8,133.4
2025-08-01,APH,147.9,164.6,195.8,133.4
2025-09-01,APH,209.9,164.6,195.8,133.4
2025-10-01,APH,178.0,164.6,195.8,133.4
2025-11-01,APH,28.4,164.6,195.8,133.4
2024-09-01,APO,60.1,81.4,116.5,46.2
2024-10-01,APO,66.4,81.4,116.5,46.2
2024-11-01,APO,78.5,81.4,116.5,46.2
2024-12-01,APO,194.5,81.4,116.5,46.2
2025-01-01,APO,67.0,81.4,116.5,46.2
2025-02-01,APO,65.8,81.4,116.5,46.2
2025-03-01,APO,85.5,81.4,116.5,46.2
2025-04-01,APO,115.7,81.4,116.5,46.2
2025-05-01,APO,73.5,81.4,116.5,46.2
2025-06-01,APO,59.0,81.4,116.5,46.2
2025-07-01,APO,53.1,81.4,116.5,46.2
2025-08-01,APO,73.5,81.4,116.5,46.2
2025-09-01,APO,72.5,81.4,116.5,46.2
2025-10-01,APO,84.7,81.4,116.5,46.2
2025-11-01,APO,16.9,81.4,116.5,46.2
2024-09-01,APP,109.4,139.0,188.1,89.8
2024-10-01,APP,79.5,139.0,188.1,89.8
2024-11-01,APP,157.6,139.0,188.1,89.8
2024-12-01,APP,123.9,139.0,188.1,89.8
2025-01-01,APP,82.1,139.0,188.1,89.8
2025-02-01,APP,171.4,139.0,188.1,89.8
2025-03-01,APP,232.5,139.0,188.1,89.8
2025-04-01,APP,177.1,139.0,188.1,89.8
2025-05-01,APP,148.1,139.0,188.1,89.8
2025-06-01,APP,122.4,139.0,188.1,89.8
2025-07-01,APP,90.4,139.0,188.1,89.8
2025-08-01,APP,135.5,139.0,188.1,89.8
2025-09-01,APP,229.9,139.0,188.1,89.8
2025-10-01,APP,118.6,139.0,188.1,89.8
2025-11-01,APP,13.0,139.0,188.1,89.8
2024-09-01,APTV,68.8,63.3,80.1,46.5
2024-10-01,APTV,74.0,63.3,80.1,46.5
2024-11-01,APTV,89.3,63.3,80.1,46.5
2024-12-01,APTV,85.1,63.3,80.1,46.5
2025-01-01,APTV,64.5,63.3,80.1,46.5
2025-02-01,APTV,63.8,63.3,80.1,46.5
2025-03-01,APTV,88.0,63.3,80.1,46.5
2025-04-01,APTV,73.5,63.3,80.1,46.5
2025-05-01,APTV,48.0,63.3,80.1,46.5
2025-06-01,APTV,47.1,63.3,80.1,46.5
2025-07-01,APTV,51.4,63.3,80.1,46.5
2025-08-01,APTV,56.6,63.3,80.1,46.5
2025-09-01,APTV,46.8,63.3,80.1,46.5
2025-10-01,APTV,41.6,63.3,80.1,46.5
2025-11-01,APTV,10.2,63.3,80.1,46.5
2024-09-01,ARE,23.0,33.0,44.4,21.5
2024-10-01,ARE,31.2,33.0,44.4,21.5
2024-11-01,ARE,23.2,33.0,44.4,21.5
2024-12-01,ARE,29.1,33.0,44.4,21.5
2025-01-01,ARE,31.1,33.0,44.4,21.5
2025-02-01,ARE,21.8,33.0,44.4,21.5
2025-03-01,ARE,24.6,33.0,44.4,21.5
2025-04-01,ARE,44.9,33.0,44.4,21.5
2025-05-01,ARE,37.7,33.0,44.4,21.5
2025-06-01,ARE,34.8,33.0,44.4,21.5
2025-07-01,ARE,36.9,33.0,44.4,21.5
2025-08-01,ARE,29.5,33.0,44.4,21.5
2025-09-01,ARE,27.9,33.0,44.4,21.5
2025-10-01,ARE,65.1,33.0,44.4,21.5
2025-11-01,ARE,10.4,33.0,44.4,21.5
2024-09-01,ASC,9.7,13.3,16.9,9.7
2024-10-01,ASC,9.8,13.3,16.9,9.7
2024-11-01,ASC,21.8,13.3,16.9,9.7
2024-12-01,ASC,19.5,13.3,16.9,9.7
2025-01-01,ASC,15.4,13.3,16.9,9.7
2025-02-01,ASC,14.5,13.3,16.9,9.7
2025-03-01,ASC,14.4,13.3,16.9,9.7
2025-04-01,ASC,12.8,13.3,16.9,9.7
2025-05-01,ASC,12.5,13.3,16.9,9.7
2025-06-01,ASC,13.1,13.3,16.9,9.7
2025-07-01,ASC,12.3,13.3,16.9,9.7
2025-08-01,ASC,11.2,13.3,16.9,9.7
2025-09-01,ASC,11.2,13.3,16.9,9.7
2025-10-01,ASC,11.0,13.3,16.9,9.7
2025-11-01,ASC,1.4,13.3,16.9,9.7
2024-09-01,ATO,18.7,18.7,22.7,14.7
2024-10-01,ATO,15.8,18.7,22.7,14.7
2024-11-01,ATO,18.5,18.7,22.7,14.7
2024-12-01,ATO,16.7,18.7,22.7,14.7
2025-01-01,ATO,18.1,18.7,22.7,14.7
2025-02-01,ATO,17.2,18.7,22.7,14.7
2025-03-01,ATO,19.3,18.7,22.7,14.7
2025-04-01,ATO,27.8,18.7,22.7,14.7
2025-05-01,ATO,25.7,18.7,22.7,14.7
2025-06-01,ATO,17.1,18.7,22.7,14.7
2025-07-01,ATO,14.3,18.7,22.7,14.7
2025-08-01,ATO,21.0,18.7,22.7,14.7
2025-09-01,ATO,17.8,18.7,22.7,14.7
2025-10-01,ATO,17.4,18.7,22.7,14.7
2025-11-01,ATO,2.6,18.7,22.7,14.7
2024-09-01,AVB,18.6,16.4,19.8,12.9
2024-10-01,AVB,15.0,16.4,19.8,12.9
2024-11-01,AVB,12.5,16.4,19.8,12.9
2024-12-01,AVB,12.7,16.4,19.8,12.9
2025-01-01,AVB,11.9,16.4,19.8,12.9
2025-02-01,AVB,12.6,16.4,19.8,12.9
2025-03-01,AVB,15.5,16.4,19.8,12.9
2025-04-01,AVB,21.4,16.4,19.8,12.9
2025-05-01,AVB,18.1,16.4,19.8,12.9
2025-06-01,AVB,19.5,16.4,19.8,12.9
2025-07-01,AVB,15.7,16.4,19.8,12.9
2025-08-01,AVB,21.4,16.4,19.8,12.9
2025-09-01,AVB,18.0,16.4,19.8,12.9
2025-10-01,AVB,18.2,16.4,19.8,12.9
2025-11-01,AVB,3.6,16.4,19.8,12.9
2024-09-01,AVGO,693.2,550.4,729.3,371.5
2024-10-01,AVGO,440.2,550.4,729.3,371.5
2024-11-01,AVGO,362.7,550.4,729.3,371.5
2024-12-01,AVGO,951.0,550.4,729.3,371.5
2025-01-01,AVGO,637.9,550.4,729.3,371.5
2025-02-01,AVGO,455.8,550.4,729.3,371.5
2025-03-01,AVGO,751.9,550.4,729.3,371.5
2025-04-01,AVGO,711.0,550.4,729.3,371.5
2025-05-01,AVGO,401.7,550.4,729.3,371.5
2025-06-01,AVGO,541.2,550.4,729.3,371.5
2025-07-01,AVGO,376.9,550.4,729.3,371.5
2025-08-01,AVGO,374.0,550.4,729.3,371.5
2025-09-01,AVGO,633.9,550.4,729.3,371.5
2025-10-01,AVGO,485.6,550.4,729.3,371.5
2025-11-01,AVGO,58.3,550.4,729.3,371.5
2024-09-01,AVY,11.9,14.0,17.5,10.6
2024-10-01,AVY,11.3,14.0,17.5,10.6
2024-11-01,AVY,10.5,14.0,17.5,10.6
2024-12-01,AVY,11.6,14.0,17.5,10.6
2025-01-01,AVY,15.6,14.0,17.5,10.6
2025-02-01,AVY,12.6,14.0,17.5,10.6
2025-03-01,AVY,14.5,14.0,17.5,10.6
2025-04-01,AVY,23.1,14.0,17.5,10.6
2025-05-01,AVY,13.4,14.0,17.5,10.6
2025-06-01,AVY,16.3,14.0,17.5,10.6
2025-07-01,AVY,13.6,14.0,17.5,10.6
2025-08-01,AVY,12.6,14.0,17.5,10.6
2025-09-01,AVY,13.4,14.0,17.5,10.6
2025-10-01,AVY,18.2,14.0,17.5,10.6
2025-11-01,AVY,2.5,14.0,17.5,10.6
2024-09-01,AWK,22.3,27.4,33.0,21.8
2024-10-01,AWK,21.1,27.4,33.0,21.8
2024-11-01,AWK,26.9,27.4,33.0,21.8
2024-12-01,AWK,24.1,27.4,33.0,21.8
2025-01-01,AWK,22.7,27.4,33.0,21.8
2025-02-01,AWK,29.3,27.4,33.0,21.8
2025-03-01,AWK,36.3,27.4,33.0,21.8
2025-04-01,AWK,35.1,27.4,33.0,21.8
2025-05-01,AWK,30.6,27.4,33.0,21.8
2025-06-01,AWK,21.4,27.4,33.0,21.8
2025-07-01,AWK,25.4,27.4,33.0,21.8
2025-08-01,AWK,33.0,27.4,33.0,21.8
2025-09-01,AWK,24.9,27.4,33.0,21.8
2025-10-01,AWK,33.8,27.4,33.0,21.8
2025-11-01,AWK,7.7,27.4,33.0,21.8
2024-09-01,AXON,10.7,14.6,18.8,10.4
2024-10-01,AXON,11.8,14.6,18.8,10.4
2024-11-01,AXON,19.6,14.6,18.8,10.4
2024-12-01,AXON,25.0,14.6,18.8,10.4
2025-01-01,AXON,11.4,14.6,18.8,10.4
2025-02-01,AXON,21.2,14.6,18.8,10.4
2025-03-01,AXON,16.5,14.6,18.8,10.4
2025-04-01,AXON,12.9,14.6,18.8,10.4
2025-05-01,AXON,13.6,14.6,18.8,10.4
2025-06-01,AXON,11.2,14.6,18.8,10.4
2025-07-01,AXON,13.7,14.6,18.8,10.4
2025-08-01,AXON,14.7,14.6,18.8,10.4
2025-09-01,AXON,12.4,14.6,18.8,10.4
2025-10-01,AXON,12.0,14.6,18.8,10.4
2025-11-01,AXON,6.6,14.6,18.8,10.4
2024-09-01,AXP,55.8,57.6,69.8,45.4
2024-10-01,AXP,61.9,57.6,69.8,45.4
2024-11-01,AXP,51.5,57.6,69.8,45.4
2024-12-01,AXP,49.2,57.6,69.8,45.4
2025-01-01,AXP,53.8,57.6,69.8,45.4
2025-02-01,AXP,42.8,57.6,69.8,45.4
2025-03-01,AXP,73.8,57.6,69.8,45.4
2025-04-01,AXP,87.8,57.6,69.8,45.4
2025-05-01,AXP,58.6,57.6,69.8,45.4
2025-06-01,AXP,54.7,57.6,69.8,45.4
2025-07-01,AXP,58.0,57.6,69.8,45.4
2025-08-01,AXP,49.1,57.6,69.8,45.4
2025-09-01,AXP,59.4,57.6,69.8,45.4
2025-10-01,AXP,57.5,57.6,69.8,45.4
2025-11-01,AXP,5.9,57.6,69.8,45.4
2024-09-01,AZO,2.8,2.7,3.2,2.2
2024-10-01,AZO,2.6,2.7,3.2,2.2
2024-11-01,AZO,2.8,2.7,3.2,2.2
2024-12-01,AZO,3.0,2.7,3.2,2.2
2025-01-01,AZO,2.2,2.7,3.2,2.2
2025-02-01,AZO,1.9,2.7,3.2,2.2
2025-03-01,AZO,3.6,2.7,3.2,2.2
2025-04-01,AZO,3.2,2.7,3.2,2.2
2025-05-01,AZO,2.7,2.7,3.2,2.2
2025-06-01,AZO,3.2,2.7,3.2,2.2
2025-07-01,AZO,2.6,2.7,3.2,2.2
2025-08-01,AZO,2.2,2.7,3.2,2.2
2025-09-01,AZO,2.9,2.7,3.2,2.2
2025-10-01,AZO,3.0,2.7,3.2,2.2
2025-11-01,AZO,0.6,2.7,3.2,2.2
2024-09-01,BA,191.9,196.6,255.0,138.2
2024-10-01,BA,339.1,196.6,255.0,138.2
2024-11-01,BA,269.6,196.6,255.0,138.2
2024-12-01,BA,238.4,196.6,255.0,138.2
2025-01-01,BA,175.2,196.6,255.0,138.2
2025-02-01,BA,121.3,196.6,255.0,138.2
2025-03-01,BA,188.5,196.6,255.0,138.2
2025-04-01,BA,228.5,196.6,255.0,138.2
2025-05-01,BA,175.6,196.6,255.0,138.2
2025-06-01,BA,183.8,196.6,255.0,138.2
2025-07-01,BA,169.6,196.6,255.0,138.2
2025-08-01,BA,127.3,196.6,255.0,138.2
2025-09-01,BA,172.4,196.6,255.0,138.2
2025-10-01,BA,187.1,196.6,255.0,138.2
2025-11-01,BA,26.6,196.6,255.0,138.2
2024-09-01,BAC,794.9,804.9,991.4,618.4
2024-10-01,BAC,722.8,804.9,991.4,618.4
2024-11-01,BAC,776.3,804.9,991.4,618.4
2024-12-01,BAC,652.2,804.9,991.4,618.4
2025-01-01,BAC,739.5,804.9,991.4,618.4
2025-02-01,BAC,650.2,804.9,991.4,618.4
2025-03-01,BAC,936.5,804.9,991.4,618.4
2025-04-01,BAC,1359.3,804.9,991.4,618.4
2025-05-01,BAC,822.9,804.9,991.4,618.4
2025-06-01,BAC,775.8,804.9,991.4,618.4
2025-07-01,BAC,906.4,804.9,991.4,618.4
2025-08-01,BAC,728.4,804.9,991.4,618.4
2025-09-01,BAC,754.2,804.9,991.4,618.4
2025-10-01,BAC,763.0,804.9,991.4,618.4
2025-11-01,BAC,132.8,804.9,991.4,618.4
2024-09-01,BALL,29.4,49.0,59.9,38.1
2024-10-01,BALL,35.6,49.0,59.9,38.1
2024-11-01,BALL,36.0,49.0,59.9,38.1
2024-12-01,BALL,49.1,49.0,59.9,38.1
2025-01-01,BALL,47.9,49.0,59.9,38.1
2025-02-01,BALL,59.6,49.0,59.9,38.1
2025-03-01,BALL,51.7,49.0,59.9,38.1
2025-04-01,BALL,60.7,49.0,59.9,38.1
2025-05-01,BALL,62.1,49.0,59.9,38.1
2025-06-01,BALL,54.1,49.0,59.9,38.1
2025-07-01,BALL,41.0,49.0,59.9,38.1
2025-08-01,BALL,55.5,49.0,59.9,38.1
2025-09-01,BALL,49.4,49.0,59.9,38.1
2025-10-01,BALL,60.5,49.0,59.9,38.1
2025-11-01,BALL,12.7,49.0,59.9,38.1
2024-09-01,BAX,71.4,107.5,142.1,72.9
2024-10-01,BAX,75.4,107.5,142.1,72.9
2024-11-01,BAX,95.1,107.5,142.1,72.9
2024-12-01,BAX,98.3,107.5,142.1,72.9
2025-01-01,BAX,93.6,107.5,142.1,72.9
2025-02-01,BAX,105.8,107.5,142.1,72.9
2025-03-01,BAX,87.3,107.5,142.1,72.9
2025-04-01,BAX,111.2,107.5,142.1,72.9
2025-05-01,BAX,77.2,107.5,142.1,72.9
2025-06-01,BAX,70.5,107.5,142.1,72.9
2025-07-01,BAX,159.2,107.5,142.1,72.9
2025-08-01,BAX,174.9,107.5,142.1,72.9
2025-09-01,BAX,140.9,107.5,142.1,72.9
2025-10-01,BAX,149.7,107.5,142.1,72.9
2025-11-01,BAX,34.4,107.5,142.1,72.9
2024-09-01,BBY,54.3,70.8,89.4,52.2
2024-10-01,BBY,51.8,70.8,89.4,52.2
2024-11-01,BBY,75.1,70.8,89.4,52.2
2024-12-01,BBY,65.5,70.8,89.4,52.2
2025-01-01,BBY,47.6,70.8,89.4,52.2
2025-02-01,BBY,50.4,70.8,89.4,52.2
2025-03-01,BBY,86.7,70.8,89.4,52.2
2025-04-01,BBY,117.8,70.8,89.4,52.2
2025-05-01,BBY,77.8,70.8,89.4,52.2
2025-06-01,BBY,73.2,70.8,89.4,52.2
2025-07-01,BBY,76.6,70.8,89.4,52.2
2025-08-01,BBY,75.3,70.8,89.4,52.2
2025-09-01,BBY,71.1,70.8,89.4,52.2
2025-10-01,BBY,77.1,70.8,89.4,52.2
2025-11-01,BBY,10.7,70.8,89.4,52.2
2024-09-01,BDX,29.9,45.3,61.0,29.5
2024-10-01,BDX,21.7,45.3,61.0,29.5
2024-11-01,BDX,38.7,45.3,61.0,29.5
2024-12-01,BDX,46.3,45.3,61.0,29.5
2025-01-01,BDX,39.4,45.3,61.0,29.5
2025-02-01,BDX,40.5,45.3,61.0,29.5
2025-03-01,BDX,41.8,45.3,61.0,29.5
2025-04-01,BDX,52.6,45.3,61.0,29.5
2025-05-01,BDX,84.8,45.3,61.0,29.5
2025-06-01,BDX,56.0,45.3,61.0,29.5
2025-07-01,BDX,63.9,45.3,61.0,29.5
2025-08-01,BDX,53.1,45.3,61.0,29.5
2025-09-01,BDX,33.5,45.3,61.0,29.5
2025-10-01,BDX,38.8,45.3,61.0,29.5
2025-11-01,BDX,11.2,45.3,61.0,29.5
2024-09-01,BEN,93.7,90.2,107.3,73.1
2024-10-01,BEN,89.1,90.2,107.3,73.1
2024-11-01,BEN,82.0,90.2,107.3,73.1
2024-12-01,BEN,85.5,90.2,107.3,73.1
2025-01-01,BEN,92.8,90.2,107.3,73.1
2025-02-01,BEN,72.9,90.2,107.3,73.1
2025-03-01,BEN,85.2,90.2,107.3,73.1
2025-04-01,BEN,113.1,90.2,107.3,73.1
2025-05-01,BEN,128.7,90.2,107.3,73.1
2025-06-01,BEN,83.3,90.2,107.3,73.1
2025-07-01,BEN,86.2,90.2,107.3,73.1
2025-08-01,BEN,75.3,90.2,107.3,73.1
2025-09-01,BEN,82.8,90.2,107.3,73.1
2025-10-01,BEN,104.2,90.2,107.3,73.1
2025-11-01,BEN,12.3,90.2,107.3,73.1
2024-09-01,BF.B,55.7,69.8,97.5,42.2
2024-10-01,BF.B,42.6,69.8,97.5,42.2
2024-11-01,BF.B,45.7,69.8,97.5,42.2
2024-12-01,BF.B,61.8,69.8,97.5,42.2
2025-01-01,BF.B,66.0,69.8,97.5,42.2
2025-02-01,BF.B,62.4,69.8,97.5,42.2
2025-03-01,BF.B,77.1,69.8,97.5,42.2
2025-04-01,BF.B,60.8,69.8,97.5,42.2
2025-05-01,BF.B,47.9,69.8,97.5,42.2
2025-06-01,BF.B,157.4,69.8,97.5,42.2
2025-07-01,BF.B,91.2,69.8,97.5,42.2
2025-08-01,BF.B,73.0,69.8,97.5,42.2
2025-09-01,BF.B,72.3,69.8,97.5,42.2
2025-10-01,BF.B,77.0,69.8,97.5,42.2
2025-11-01,BF.B,13.1,69.8,97.5,42.2
2024-09-01,BG,29.9,38.0,44.1,31.8
2024-10-01,BG,38.6,38.0,44.1,31.8
2024-11-01,BG,43.6,38.0,44.1,31.8
2024-12-01,BG,36.2,38.0,44.1,31.8
2025-01-01,BG,27.5,38.0,44.1,31.8
2025-02-01,BG,36.2,38.0,44.1,31.8
2025-03-01,BG,40.5,38.0,44.1,31.8
2025-04-01,BG,34.3,38.0,44.1,31.8
2025-05-01,BG,42.1,38.0,44.1,31.8
2025-06-01,BG,38.0,38.0,44.1,31.8
2025-07-01,BG,43.9,38.0,44.1,31.8
2025-08-01,BG,41.9,38.0,44.1,31.8
2025-09-01,BG,43.9,38.0,44.1,31.8
2025-10-01,BG,39.8,38.0,44.1,31.8
2025-11-01,BG,5.9,38.0,44.1,31.8
2024-09-01,BIIB,22.0,32.0,37.8,26.1
2024-10-01,BIIB,30.8,32.0,37.8,26.1
2024-11-01,BIIB,34.8,32.0,37.8,26.1
2024-12-01,BIIB,32.0,32.0,37.8,26.1
2025-01-01,BIIB,25.8,32.0,37.8,26.1
2025-02-01,BIIB,31.5,32.0,37.8,26.1
2025-03-01,BIIB,37.2,32.0,37.8,26.1
2025-04-01,BIIB,37.7,32.0,37.8,26.1
2025-05-01,BIIB,37.2,32.0,37.8,26.1
2025-06-01,BIIB,26.5,32.0,37.8,26.1
2025-07-01,BIIB,29.4,32.0,37.8,26.1
2025-08-01,BIIB,30.5,32.0,37.8,26.1
2025-09-01,BIIB,35.3,32.0,37.8,26.1
2025-10-01,BIIB,40.4,32.0,37.8,26.1
2025-11-01,BIIB,6.0,32.0,37.8,26.1
2024-09-01,BK,82.1,82.1,95.2,69.0
2024-10-01,BK,93.5,82.1,95.2,69.0
2024-11-01,BK,71.0,82.1,95.2,69.0
2024-12-01,BK,79.6,82.1,95.2,69.0
2025-01-01,BK,83.0,82.1,95.2,69.0
2025-02-01,BK,81.2,82.1,95.2,69.0
2025-03-01,BK,95.0,82.1,95.2,69.0
2025-04-01,BK,95.2,82.1,95.2,69.0
2025-05-01,BK,85.5,82.1,95.2,69.0
2025-06-01,BK,82.9,82.1,95.2,69.0
2025-07-01,BK,97.1,82.1,95.2,69.0
2025-08-01,BK,66.4,82.1,95.2,69.0
2025-09-01,BK,64.8,82.1,95.2,69.0
2025-10-01,BK,84.1,82.1,95.2,69.0
2025-11-01,BK,9.2,82.1,95.2,69.0
2024-09-01,BKNG,4.5,4.9,5.9,3.9
2024-10-01,BKNG,4.2,4.9,5.9,3.9
2024-11-01,BKNG,5.2,4.9,5.9,3.9
2024-12-01,BKNG,4.3,4.9,5.9,3.9
2025-01-01,BKNG,5.2,4.9,5.9,3.9
2025-02-01,BKNG,5.6,4.9,5.9,3.9
2025-03-01,BKNG,6.3,4.9,5.9,3.9
2025-04-01,BKNG,6.7,4.9,5.9,3.9
2025-05-01,BKNG,4.3,4.9,5.9,3.9
2025-06-01,BKNG,4.5,4.9,5.9,3.9
2025-07-01,BKNG,4.3,4.9,5.9,3.9
2025-08-01,BKNG,3.7,4.9,5.9,3.9
2025-09-01,BKNG,4.4,4.9,5.9,3.9
2025-10-01,BKNG,6.3,4.9,5.9,3.9
2025-11-01,BKNG,0.7,4.9,5.9,3.9
2024-09-01,BKR,161.8,151.8,183.2,120.5
2024-10-01,BKR,129.7,151.8,183.2,120.5
2024-11-01,BKR,135.9,151.8,183.2,120.5
2024-12-01,BKR,122.9,151.8,183.2,120.5
2025-01-01,BKR,156.1,151.8,183.2,120.5
2025-02-01,BKR,135.5,151.8,183.2,120.5
2025-03-01,BKR,168.6,151.8,183.2,120.5
2025-04-01,BKR,209.5,151.8,183.2,120.5
2025-05-01,BKR,158.9,151.8,183.2,120.5
2025-06-01,BKR,150.3,151.8,183.2,120.5
2025-07-01,BKR,192.4,151.8,183.2,120.5
2025-08-01,BKR,103.3,151.8,183.2,120.5
2025-09-01,BKR,141.1,151.8,183.2,120.5
2025-10-01,BKR,179.9,151.8,183.2,120.5
2025-11-01,BKR,23.1,151.8,183.2,120.5
2024-09-01,BLDR,33.8,37.0,45.4,28.6
2024-10-01,BLDR,24.6,37.0,45.4,28.6
2024-11-01,BLDR,27.8,37.0,45.4,28.6
2024-12-01,BLDR,29.9,37.0,45.4,28.6
2025-01-01,BLDR,31.9,37.0,45.4,28.6
2025-02-01,BLDR,34.7,37.0,45.4,28.6
2025-03-01,BLDR,34.7,37.0,45.4,28.6
2025-04-01,BLDR,35.4,37.0,45.4,28.6
2025-05-01,BLDR,48.0,37.0,45.4,28.6
2025-06-01,BLDR,45.2,37.0,45.4,28.6
2025-07-01,BLDR,49.9,37.0,45.4,28.6
2025-08-01,BLDR,46.0,37.0,45.4,28.6
2025-09-01,BLDR,41.1,37.0,45.4,28.6
2025-10-01,BLDR,40.2,37.0,45.4,28.6
2025-11-01,BLDR,6.6,37.0,45.4,28.6
2024-09-01,BLK,9.5,14.2,17.8,10.6
2024-10-01,BLK,11.7,14.2,17.8,10.6
2024-11-01,BLK,13.3,14.2,17.8,10.6
2024-12-01,BLK,16.1,14.2,17.8,10.6
2025-01-01,BLK,16.0,14.2,17.8,10.6
2025-02-01,BLK,16.8,14.2,17.8,10.6
2025-03-01,BLK,21.6,14.2,17.8,10.6
2025-04-01,BLK,19.2,14.2,17.8,10.6
2025-05-01,BLK,13.3,14.2,17.8,10.6
2025-06-01,BLK,11.9,14.2,17.8,10.6
2025-07-01,BLK,14.2,14.2,17.8,10.6
2025-08-01,BLK,10.1,14.2,17.8,10.6
2025-09-01,BLK,11.4,14.2,17.8,10.6
2025-10-01,BLK,16.1,14.2,17.8,10.6
2025-11-01,BLK,2.3,14.2,17.8,10.6
2024-09-01,BMY,233.4,271.4,333.9,208.9
2024-10-01,BMY,230.2,271.4,333.9,208.9
2024-11-01,BMY,236.1,271.4,333.9,208.9
2024-12-01,BMY,234.0,271.4,333.9,208.9
2025-01-01,BMY,194.6,271.4,333.9,208.9
2025-02-01,BMY,241.4,271.4,333.9,208.9
2025-03-01,BMY,265.0,271.4,333.9,208.9
2025-04-01,BMY,339.0,271.4,333.9,208.9
2025-05-01,BMY,331.6,271.4,333.9,208.9
2025-06-01,BMY,281.0,271.4,333.9,208.9
2025-07-01,BMY,294.3,271.4,333.9,208.9
2025-08-01,BMY,225.4,271.4,333.9,208.9
2025-09-01,BMY,305.6,271.4,333.9,208.9
2025-10-01,BMY,410.4,271.4,333.9,208.9
2025-11-01,BMY,48.4,271.4,333.9,208.9
2024-09-01,BR,11.7,11.8,14.6,9.1
2024-10-01,BR,9.6,11.8,14.6,9.1
2024-11-01,BR,11.4,11.8,14.6,9.1
2024-12-01,BR,8.9,11.8,14.6,9.1
2025-01-01,BR,9.9,11.8,14.6,9.1
2025-02-01,BR,8.3,11.8,14.6,9.1
2025-03-01,BR,13.2,11.8,14.6,9.1
2025-04-01,BR,12.2,11.8,14.6,9.1
2025-05-01,BR,12.3,11.8,14.6,9.1
2025-06-01,BR,9.1,11.8,14.6,9.1
2025-07-01,BR,16.8,11.8,14.6,9.1
2025-08-01,BR,16.3,11.8,14.6,9.1
2025-09-01,BR,13.9,11.8,14.6,9.1
2025-10-01,BR,13.1,11.8,14.6,9.1
2025-11-01,BR,2.8,11.8,14.6,9.1
2024-09-01,BRK.B,86.5,93.1,109.7,76.5
2024-10-01,BRK.B,74.2,93.1,109.7,76.5
2024-11-01,BRK.B,82.5,93.1,109.7,76.5
2024-12-01,BRK.B,86.5,93.1,109.7,76.5
2025-01-01,BRK.B,82.5,93.1,109.7,76.5
2025-02-01,BRK.B,77.0,93.1,109.7,76.5
2025-03-01,BRK.B,108.2,93.1,109.7,76.5
2025-04-01,BRK.B,126.9,93.1,109.7,76.5
2025-05-01,BRK.B,112.4,93.1,109.7,76.5
2025-06-01,BRK.B,96.0,93.1,109.7,76.5
2025-07-01,BRK.B,96.6,93.1,109.7,76.5
2025-08-01,BRK.B,104.6,93.1,109.7,76.5
2025-09-01,BRK.B,87.8,93.1,109.7,76.5
2025-10-01,BRK.B,94.5,93.1,109.7,76.5
2025-11-01,BRK.B,20.2,93.1,109.7,76.5
2024-09-01,BRO,36.0,47.8,70.5,25.1
2024-10-01,BRO,35.9,47.8,70.5,25.1
2024-11-01,BRO,22.8,47.8,70.5,25.1
2024-12-01,BRO,25.6,47.8,70.5,25.1
2025-01-01,BRO,33.7,47.8,70.5,25.1
2025-02-01,BRO,28.2,47.8,70.5,25.1
2025-03-01,BRO,40.0,47.8,70.5,25.1
2025-04-01,BRO,46.2,47.8,70.5,25.1
2025-05-01,BRO,32.5,47.8,70.5,25.1
2025-06-01,BRO,96.2,47.8,70.5,25.1
2025-07-01,BRO,87.8,47.8,70.5,25.1
2025-08-01,BRO,59.5,47.8,70.5,25.1
2025-09-01,BRO,53.8,47.8,70.5,25.1
2025-10-01,BRO,73.5,47.8,70.5,25.1
2025-11-01,BRO,11.6,47.8,70.5,25.1
2024-09-01,BSX,103.4,152.0,195.2,108.8
2024-10-01,BSX,158.5,152.0,195.2,108.8
2024-11-01,BSX,114.1,152.0,195.2,108.8
2024-12-01,BSX,93.6,152.0,195.2,108.8
2025-01-01,BSX,117.9,152.0,195.2,108.8
2025-02-01,BSX,137.3,152.0,195.2,108.8
2025-03-01,BSX,171.7,152.0,195.2,108.8
2025-04-01,BSX,214.8,152.0,195.2,108.8
2025-05-01,BSX,141.6,152.0,195.2,108.8
2025-06-01,BSX,161.1,152.0,195.2,108.8
2025-07-01,BSX,167.0,152.0,195.2,108.8
2025-08-01,BSX,123.4,152.0,195.2,108.8
2025-09-01,BSX,226.9,152.0,195.2,108.8
2025-10-01,BSX,208.5,152.0,195.2,108.8
2025-11-01,BSX,21.4,152.0,195.2,108.8
2024-09-01,BTI,106.6,104.6,130.3,78.8
2024-10-01,BTI,104.6,104.6,130.3,78.8
2024-11-01,BTI,71.6,104.6,130.3,78.8
2024-12-01,BTI,80.0,104.6,130.3,78.8
2025-01-01,BTI,85.7,104.6,130.3,78.8
2025-02-01,BTI,97.3,104.6,130.3,78.8
2025-03-01,BTI,95.6,104.6,130.3,78.8
2025-04-01,BTI,139.9,104.6,130.3,78.8
2025-05-01,BTI,147.5,104.6,130.3,78.8
2025-06-01,BTI,138.6,104.6,130.3,78.8
2025-07-01,BTI,135.8,104.6,130.3,78.8
2025-08-01,BTI,96.2,104.6,130.3,78.8
2025-09-01,BTI,94.2,104.6,130.3,78.8
2025-10-01,BTI,86.3,104.6,130.3,78.8
2025-11-01,BTI,16.7,104.6,130.3,78.8
2024-09-01,BTU,70.3,89.0,119.4,58.5
2024-10-01,BTU,47.6,89.0,119.4,58.5
2024-11-01,BTU,62.4,89.0,119.4,58.5
2024-12-01,BTU,48.0,89.0,119.4,58.5
2025-01-01,BTU,60.9,89.0,119.4,58.5
2025-02-01,BTU,75.5,89.0,119.4,58.5
2025-03-01,BTU,103.3,89.0,119.4,58.5
2025-04-01,BTU,137.0,89.0,119.4,58.5
2025-05-01,BTU,102.6,89.0,119.4,58.5
2025-06-01,BTU,86.1,89.0,119.4,58.5
2025-07-01,BTU,126.2,89.0,119.4,58.5
2025-08-01,BTU,90.6,89.0,119.4,58.5
2025-09-01,BTU,113.1,89.0,119.4,58.5
2025-10-01,BTU,129.6,89.0,119.4,58.5
2025-11-01,BTU,13.9,89.0,119.4,58.5
2024-09-01,BX,65.6,80.9,104.2,57.7
2024-10-01,BX,70.5,80.9,104.2,57.7
2024-11-01,BX,65.1,80.9,104.2,57.7
2024-12-01,BX,74.4,80.9,104.2,57.7
2025-01-01,BX,61.2,80.9,104.2,57.7
2025-02-01,BX,69.9,80.9,104.2,57.7
2025-03-01,BX,103.9,80.9,104.2,57.7
2025-04-01,BX,149.8,80.9,104.2,57.7
2025-05-01,BX,77.9,80.9,104.2,57.7
2025-06-01,BX,68.1,80.9,104.2,57.7
2025-07-01,BX,87.4,80.9,104.2,57.7
2025-08-01,BX,75.2,80.9,104.2,57.7
2025-09-01,BX,77.2,80.9,104.2,57.7
2025-10-01,BX,94.6,80.9,104.2,57.7
2025-11-01,BX,16.7,80.9,104.2,57.7
2024-09-01,BXP,23.8,31.4,40.2,22.6
2024-10-01,BXP,25.4,31.4,40.2,22.6
2024-11-01,BXP,25.6,31.4,40.2,22.6
2024-12-01,BXP,22.8,31.4,40.2,22.6
2025-01-01,BXP,27.0,31.4,40.2,22.6
2025-02-01,BXP,22.4,31.4,40.2,22.6
2025-03-01,BXP,32.3,31.4,40.2,22.6
2025-04-01,BXP,37.7,31.4,40.2,22.6
2025-05-01,BXP,27.7,31.4,40.2,22.6
2025-06-01,BXP,39.3,31.4,40.2,22.6
2025-07-01,BXP,33.7,31.4,40.2,22.6
2025-08-01,BXP,32.0,31.4,40.2,22.6
2025-09-01,BXP,52.1,31.4,40.2,22.6
2025-10-01,BXP,41.7,31.4,40.2,22.6
2025-11-01,BXP,4.6,31.4,40.2,22.6
2024-09-01,C,272.0,304.0,369.2,238.9
2024-10-01,C,290.5,304.0,369.2,238.9
2024-11-01,C,299.0,304.0,369.2,238.9
2024-12-01,C,260.6,304.0,369.2,238.9
2025-01-01,C,340.3,304.0,369.2,238.9
2025-02-01,C,261.1,304.0,369.2,238.9
2025-03-01,C,354.9,304.0,369.2,238.9
2025-04-01,C,472.0,304.0,369.2,238.9
2025-05-01,C,250.4,304.0,369.2,238.9
2025-06-01,C,256.1,304.0,369.2,238.9
2025-07-01,C,360.5,304.0,369.2,238.9
2025-08-01,C,282.9,304.0,369.2,238.9
2025-09-01,C,288.2,304.0,369.2,238.9
2025-10-01,C,310.9,304.0,369.2,238.9
2025-11-01,C,34.3,304.0,369.2,238.9
2024-09-01,CAG,99.9,161.8,228.3,95.2
2024-10-01,CAG,113.6,161.8,228.3,95.2
2024-11-01,CAG,104.2,161.8,228.3,95.2
2024-12-01,CAG,111.3,161.8,228.3,95.2
2025-01-01,CAG,110.8,161.8,228.3,95.2
2025-02-01,CAG,114.3,161.8,228.3,95.2
2025-03-01,CAG,135.0,161.8,228.3,95.2
2025-04-01,CAG,135.9,161.8,228.3,95.2
2025-05-01,CAG,145.8,161.8,228.3,95.2
2025-06-01,CAG,160.5,161.8,228.3,95.2
2025-07-01,CAG,279.0,161.8,228.3,95.2
2025-08-01,CAG,251.7,161.8,228.3,95.2
2025-09-01,CAG,225.3,161.8,228.3,95.2
2025-10-01,CAG,277.5,161.8,228.3,95.2
2025-11-01,CAG,32.9,161.8,228.3,95.2
2024-09-01,CAH,42.6,48.1,55.8,40.3
2024-10-01,CAH,38.1,48.1,55.8,40.3
2024-11-01,CAH,51.1,48.1,55.8,40.3
2024-12-01,CAH,44.0,48.1,55.8,40.3
2025-01-01,CAH,47.7,48.1,55.8,40.3
2025-02-01,CAH,45.2,48.1,55.8,40.3
2025-03-01,CAH,52.1,48.1,55.8,40.3
2025-04-01,CAH,59.2,48.1,55.8,40.3
2025-05-01,CAH,51.4,48.1,55.8,40.3
2025-06-01,CAH,48.1,48.1,55.8,40.3
2025-07-01,CAH,39.8,48.1,55.8,40.3
2025-08-01,CAH,57.6,48.1,55.8,40.3
2025-09-01,CAH,47.4,48.1,55.8,40.3
2025-10-01,CAH,56.4,48.1,55.8,40.3
2025-11-01,CAH,9.0,48.1,55.8,40.3
2024-09-01,CALM,11.7,17.9,23.5,12.4
2024-10-01,CALM,15.8,17.9,23.5,12.4
2024-11-01,CALM,8.7,17.9,23.5,12.4
2024-12-01,CALM,12.9,17.9,23.5,12.4
2025-01-01,CALM,16.6,17.9,23.5,12.4
2025-02-01,CALM,20.9,17.9,23.5,12.4
2025-03-01,CALM,21.0,17.9,23.5,12.4
2025-04-01,CALM,28.3,17.9,23.5,12.4
2025-05-01,CALM,17.0,17.9,23.5,12.4
2025-06-01,CALM,15.6,17.9,23.5,12.4
2025-07-01,CALM,22.6,17.9,23.5,12.4
2025-08-01,CALM,15.3,17.9,23.5,12.4
2025-09-01,CALM,20.5,17.9,23.5,12.4
2025-10-01,CALM,25.9,17.9,23.5,12.4
2025-11-01,CALM,2.6,17.9,23.5,12.4
2024-09-01,CANE,1.3,1.0,1.3,0.7
2024-10-01,CANE,1.3,1.0,1.3,0.7
2024-11-01,CANE,1.5,1.0,1.3,0.7
2024-12-01,CANE,1.1,1.0,1.3,0.7
2025-01-01,CANE,0.7,1.0,1.3,0.7
2025-02-01,CANE,1.0,1.0,1.3,0.7
2025-03-01,CANE,0.9,1.0,1.3,0.7
2025-04-01,CANE,1.0,1.0,1.3,0.7
2025-05-01,CANE,0.5,1.0,1.3,0.7
2025-06-01,CANE,0.6,1.0,1.3,0.7
2025-07-01,CANE,1.5,1.0,1.3,0.7
2025-08-01,CANE,0.7,1.0,1.3,0.7
2025-09-01,CANE,1.1,1.0,1.3,0.7
2025-10-01,CANE,1.4,1.0,1.3,0.7
2025-11-01,CANE,0.3,1.0,1.3,0.7
2024-09-01,CARR,76.0,106.8,128.4,85.1
2024-10-01,CARR,85.2,106.8,128.4,85.1
2024-11-01,CARR,98.9,106.8,128.4,85.1
2024-12-01,CARR,93.5,106.8,128.4,85.1
2025-01-01,CARR,110.0,106.8,128.4,85.1
2025-02-01,CARR,125.1,106.8,128.4,85.1
2025-03-01,CARR,106.6,106.8,128.4,85.1
2025-04-01,CARR,114.9,106.8,128.4,85.1
2025-05-01,CARR,119.2,106.8,128.4,85.1
2025-06-01,CARR,91.4,106.8,128.4,85.1
2025-07-01,CARR,106.6,106.8,128.4,85.1
2025-08-01,CARR,103.6,106.8,128.4,85.1
2025-09-01,CARR,126.0,106.8,128.4,85.1
2025-10-01,CARR,152.1,106.8,128.4,85.1
2025-11-01,CARR,16.2,106.8,128.4,85.1
2024-09-01,CAT,54.7,54.9,66.9,42.9
2024-10-01,CAT,49.8,54.9,66.9,42.9
2024-11-01,CAT,44.1,54.9,66.9,42.9
2024-12-01,CAT,38.2,54.9,66.9,42.9
2025-01-01,CAT,46.8,54.9,66.9,42.9
2025-02-01,CAT,48.8,54.9,66.9,42.9
2025-03-01,CAT,55.7,54.9,66.9,42.9
2025-04-01,CAT,76.9,54.9,66.9,42.9
2025-05-01,CAT,53.0,54.9,66.9,42.9
2025-06-01,CAT,49.7,54.9,66.9,42.9
2025-07-01,CAT,57.5,54.9,66.9,42.9
2025-08-01,CAT,68.7,54.9,66.9,42.9
2025-09-01,CAT,57.1,54.9,66.9,42.9
2025-10-01,CAT,73.5,54.9,66.9,42.9
2025-11-01,CAT,8.6,54.9,66.9,42.9
2024-09-01,CB,38.5,36.3,43.3,29.2
2024-10-01,CB,30.4,36.3,43.3,29.2
2024-11-01,CB,30.6,36.3,43.3,29.2
2024-12-01,CB,33.0,36.3,43.3,29.2
2025-01-01,CB,39.6,36.3,43.3,29.2
2025-02-01,CB,26.9,36.3,43.3,29.2
2025-03-01,CB,42.1,36.3,43.3,29.2
2025-04-01,CB,41.8,36.3,43.3,29.2
2025-05-01,CB,30.6,36.3,43.3,29.2
2025-06-01,CB,32.3,36.3,43.3,29.2
2025-07-01,CB,47.7,36.3,43.3,29.2
2025-08-01,CB,34.4,36.3,43.3,29.2
2025-09-01,CB,39.3,36.3,43.3,29.2
2025-10-01,CB,44.8,36.3,43.3,29.2
2025-11-01,CB,5.1,36.3,43.3,29.2
2024-09-01,CBOE,13.8,18.0,21.6,14.4
2024-10-01,CBOE,19.7,18.0,21.6,14.4
2024-11-01,CBOE,23.9,18.0,21.6,14.4
2024-12-01,CBOE,17.0,18.0,21.6,14.4
2025-01-01,CBOE,15.0,18.0,21.6,14.4
2025-02-01,CBOE,14.9,18.0,21.6,14.4
2025-03-01,CBOE,18.5,18.0,21.6,14.4
2025-04-01,CBOE,23.0,18.0,21.6,14.4
2025-05-01,CBOE,21.3,18.0,21.6,14.4
2025-06-01,CBOE,13.4,18.0,21.6,14.4
2025-07-01,CBOE,20.0,18.0,21.6,14.4
2025-08-01,CBOE,19.5,18.0,21.6,14.4
2025-09-01,CBOE,17.6,18.0,21.6,14.4
2025-10-01,CBOE,17.3,18.0,21.6,14.4
2025-11-01,CBOE,2.5,18.0,21.6,14.4
2024-09-01,CBRE,33.2,36.7,42.7,30.8
2024-10-01,CBRE,40.9,36.7,42.7,30.8
2024-11-01,CBRE,38.8,36.7,42.7,30.8
2024-12-01,CBRE,40.8,36.7,42.7,30.8
2025-01-01,CBRE,37.5,36.7,42.7,30.8
2025-02-01,CBRE,34.9,36.7,42.7,30.8
2025-03-01,CBRE,42.0,36.7,42.7,30.8
2025-04-01,CBRE,48.1,36.7,42.7,30.8
2025-05-01,CBRE,39.1,36.7,42.7,30.8
2025-06-01,CBRE,30.2,36.7,42.7,30.8
2025-07-01,CBRE,34.4,36.7,42.7,30.8
2025-08-01,CBRE,32.2,36.7,42.7,30.8
2025-09-01,CBRE,32.3,36.7,42.7,30.8
2025-10-01,CBRE,35.2,36.7,42.7,30.8
2025-11-01,CBRE,5.1,36.7,42.7,30.8
2024-09-01,CCI,49.8,65.3,79.6,50.9
2024-10-01,CCI,56.6,65.3,79.6,50.9
2024-11-01,CCI,48.9,65.3,79.6,50.9
2024-12-01,CCI,82.0,65.3,79.6,50.9
2025-01-01,CCI,62.7,65.3,79.6,50.9
2025-02-01,CCI,47.4,65.3,79.6,50.9
2025-03-01,CCI,92.7,65.3,79.6,50.9
2025-04-01,CCI,69.6,65.3,79.6,50.9
2025-05-01,CCI,60.7,65.3,79.6,50.9
2025-06-01,CCI,69.1,65.3,79.6,50.9
2025-07-01,CCI,68.1,65.3,79.6,50.9
2025-08-01,CCI,63.3,65.3,79.6,50.9
2025-09-01,CCI,82.9,65.3,79.6,50.9
2025-10-01,CCI,68.5,65.3,79.6,50.9
2025-11-01,CCI,8.4,65.3,79.6,50.9
2024-09-01,CCJ,91.8,98.1,119.1,77.1
2024-10-01,CCJ,108.1,98.1,119.1,77.1
2024-11-01,CCJ,94.8,98.1,119.1,77.1
2024-12-01,CCJ,67.6,98.1,119.1,77.1
2025-01-01,CCJ,99.3,98.1,119.1,77.1
2025-02-01,CCJ,84.4,98.1,119.1,77.1
2025-03-01,CCJ,80.1,98.1,119.1,77.1
2025-04-01,CCJ,83.9,98.1,119.1,77.1
2025-05-01,CCJ,117.2,98.1,119.1,77.1
2025-06-01,CCJ,123.6,98.1,119.1,77.1
2025-07-01,CCJ,109.3,98.1,119.1,77.1
2025-08-01,CCJ,83.9,98.1,119.1,77.1
2025-09-01,CCJ,101.2,98.1,119.1,77.1
2025-10-01,CCJ,138.3,98.1,119.1,77.1
2025-11-01,CCJ,14.7,98.1,119.1,77.1
2024-09-01,CCL,577.2,493.3,600.2,386.5
2024-10-01,CCL,680.3,493.3,600.2,386.5
2024-11-01,CCL,425.8,493.3,600.2,386.5
2024-12-01,CCL,418.8,493.3,600.2,386.5
2025-01-01,CCL,438.3,493.3,600.2,386.5
2025-02-01,CCL,357.1,493.3,600.2,386.5
2025-03-01,CCL,612.8,493.3,600.2,386.5
2025-04-01,CCL,598.7,493.3,600.2,386.5
2025-05-01,CCL,469.3,493.3,600.2,386.5
2025-06-01,CCL,566.7,493.3,600.2,386.5
2025-07-01,CCL,480.4,493.3,600.2,386.5
2025-08-01,CCL,342.0,493.3,600.2,386.5
2025-09-01,CCL,493.0,493.3,600.2,386.5
2025-10-01,CCL,496.1,493.3,600.2,386.5
2025-11-01,CCL,82.5,493.3,600.2,386.5
2024-09-01,CDNS,35.1,39.9,48.3,31.6
2024-10-01,CDNS,51.1,39.9,48.3,31.6
2024-11-01,CDNS,31.8,39.9,48.3,31.6
2024-12-01,CDNS,33.3,39.9,48.3,31.6
2025-01-01,CDNS,32.1,39.9,48.3,31.6
2025-02-01,CDNS,46.1,39.9,48.3,31.6
2025-03-01,CDNS,48.7,39.9,48.3,31.6
2025-04-01,CDNS,52.4,39.9,48.3,31.6
2025-05-01,CDNS,46.2,39.9,48.3,31.6
2025-06-01,CDNS,34.3,39.9,48.3,31.6
2025-07-01,CDNS,42.4,39.9,48.3,31.6
2025-08-01,CDNS,30.0,39.9,48.3,31.6
2025-09-01,CDNS,40.2,39.9,48.3,31.6
2025-10-01,CDNS,40.1,39.9,48.3,31.6
2025-11-01,CDNS,6.8,39.9,48.3,31.6
2024-09-01,CDW,13.9,26.4,32.3,20.4
2024-10-01,CDW,22.4,26.4,32.3,20.4
2024-11-01,CDW,33.0,26.4,32.3,20.4
2024-12-01,CDW,25.1,26.4,32.3,20.4
2025-01-01,CDW,25.8,26.4,32.3,20.4
2025-02-01,CDW,27.4,26.4,32.3,20.4
2025-03-01,CDW,28.6,26.4,32.3,20.4
2025-04-01,CDW,36.6,26.4,32.3,20.4
2025-05-01,CDW,28.5,26.4,32.3,20.4
2025-06-01,CDW,25.4,26.4,32.3,20.4
2025-07-01,CDW,17.7,26.4,32.3,20.4
2025-08-01,CDW,28.2,26.4,32.3,20.4
2025-09-01,CDW,31.4,26.4,32.3,20.4
2025-10-01,CDW,29.0,26.4,32.3,20.4
2025-11-01,CDW,8.8,26.4,32.3,20.4
2024-09-01,CEG,81.6,69.1,90.2,48.0
2024-10-01,CEG,63.1,69.1,90.2,48.0
2024-11-01,CEG,75.0,69.1,90.2,48.0
2024-12-01,CEG,48.1,69.1,90.2,48.0
2025-01-01,CEG,123.6,69.1,90.2,48.0
2025-02-01,CEG,72.0,69.1,90.2,48.0
2025-03-01,CEG,94.2,69.1,90.2,48.0
2025-04-01,CEG,80.5,69.1,90.2,48.0
2025-05-01,CEG,71.0,69.1,90.2,48.0
2025-06-01,CEG,64.1,69.1,90.2,48.0
2025-07-01,CEG,51.3,69.1,90.2,48.0
2025-08-01,CEG,46.6,69.1,90.2,48.0
2025-09-01,CEG,47.6,69.1,90.2,48.0
2025-10-01,CEG,65.3,69.1,90.2,48.0
2025-11-01,CEG,8.9,69.1,90.2,48.0
2024-09-01,CF,35.4,49.3,61.9,36.7
2024-10-01,CF,33.9,49.3,61.9,36.7
2024-11-01,CF,38.2,49.3,61.9,36.7
2024-12-01,CF,35.0,49.3,61.9,36.7
2025-01-01,CF,40.8,49.3,61.9,36.7
2025-02-01,CF,60.3,49.3,61.9,36.7
2025-03-01,CF,60.3,49.3,61.9,36.7
2025-04-01,CF,55.3,49.3,61.9,36.7
2025-05-01,CF,54.7,49.3,61.9,36.7
2025-06-01,CF,73.3,49.3,61.9,36.7
2025-07-01,CF,47.1,49.3,61.9,36.7
2025-08-01,CF,60.5,49.3,61.9,36.7
2025-09-01,CF,59.6,49.3,61.9,36.7
2025-10-01,CF,45.8,49.3,61.9,36.7
2025-11-01,CF,9.2,49.3,61.9,36.7
2024-09-01,CFG,102.9,97.4,118.4,76.5
2024-10-01,CFG,111.3,97.4,118.4,76.5
2024-11-01,CFG,79.7,97.4,118.4,76.5
2024-12-01,CFG,84.6,97.4,118.4,76.5
2025-01-01,CFG,78.3,97.4,118.4,76.5
2025-02-01,CFG,66.6,97.4,118.4,76.5
2025-03-01,CFG,115.5,97.4,118.4,76.5
2025-04-01,CFG,127.4,97.4,118.4,76.5
2025-05-01,CFG,87.5,97.4,118.4,76.5
2025-06-01,CFG,105.3,97.4,118.4,76.5
2025-07-01,CFG,123.3,97.4,118.4,76.5
2025-08-01,CFG,80.1,97.4,118.4,76.5
2025-09-01,CFG,92.4,97.4,118.4,76.5
2025-10-01,CFG,117.2,97.4,118.4,76.5
2025-11-01,CFG,10.5,97.4,118.4,76.5
2024-09-01,CHD,31.8,39.8,49.5,30.1
2024-10-01,CHD,29.4,39.8,49.5,30.1
2024-11-01,CHD,34.9,39.8,49.5,30.1
2024-12-01,CHD,28.7,39.8,49.5,30.1
2025-01-01,CHD,32.9,39.8,49.5,30.1
2025-02-01,CHD,29.6,39.8,49.5,30.1
2025-03-01,CHD,33.8,39.8,49.5,30.1
2025-04-01,CHD,48.6,39.8,49.5,30.1
2025-05-01,CHD,55.3,39.8,49.5,30.1
2025-06-01,CHD,48.0,39.8,49.5,30.1
2025-07-01,CHD,45.9,39.8,49.5,30.1
2025-08-01,CHD,45.5,39.8,49.5,30.1
2025-09-01,CHD,45.8,39.8,49.5,30.1
2025-10-01,CHD,51.3,39.8,49.5,30.1
2025-11-01,CHD,8.0,39.8,49.5,30.1
2024-09-01,CHRW,30.2,28.7,34.7,22.6
2024-10-01,CHRW,27.0,28.7,34.7,22.6
2024-11-01,CHRW,24.3,28.7,34.7,22.6
2024-12-01,CHRW,23.0,28.7,34.7,22.6
2025-01-01,CHRW,22.8,28.7,34.7,22.6
2025-02-01,CHRW,23.4,28.7,34.7,22.6
2025-03-01,CHRW,33.7,28.7,34.7,22.6
2025-04-01,CHRW,31.2,28.7,34.7,22.6
2025-05-01,CHRW,30.2,28.7,34.7,22.6
2025-06-01,CHRW,20.3,28.7,34.7,22.6
2025-07-01,CHRW,29.8,28.7,34.7,22.6
2025-08-01,CHRW,32.1,28.7,34.7,22.6
2025-09-01,CHRW,36.6,28.7,34.7,22.6
2025-10-01,CHRW,39.2,28.7,34.7,22.6
2025-11-01,CHRW,4.6,28.7,34.7,22.6
2024-09-01,CHTR,29.3,31.5,41.3,21.7
2024-10-01,CHTR,22.8,31.5,41.3,21.7
2024-11-01,CHTR,30.1,31.5,41.3,21.7
2024-12-01,CHTR,21.6,31.5,41.3,21.7
2025-01-01,CHTR,26.0,31.5,41.3,21.7
2025-02-01,CHTR,17.3,31.5,41.3,21.7
2025-03-01,CHTR,29.8,31.5,41.3,21.7
2025-04-01,CHTR,33.0,31.5,41.3,21.7
2025-05-01,CHTR,30.0,31.5,41.3,21.7
2025-06-01,CHTR,23.2,31.5,41.3,21.7
2025-07-01,CHTR,47.2,31.5,41.3,21.7
2025-08-01,CHTR,40.9,31.5,41.3,21.7
2025-09-01,CHTR,45.0,31.5,41.3,21.7
2025-10-01,CHTR,46.1,31.5,41.3,21.7
2025-11-01,CHTR,7.0,31.5,41.3,21.7
2024-09-01,CI,25.1,37.5,44.1,31.0
2024-10-01,CI,38.2,37.5,44.1,31.0
2024-11-01,CI,36.3,37.5,44.1,31.0
2024-12-01,CI,52.1,37.5,44.1,31.0
2025-01-01,CI,37.4,37.5,44.1,31.0
2025-02-01,CI,35.2,37.5,44.1,31.0
2025-03-01,CI,34.9,37.5,44.1,31.0
2025-04-01,CI,39.3,37.5,44.1,31.0
2025-05-01,CI,39.3,37.5,44.1,31.0
2025-06-01,CI,38.9,37.5,44.1,31.0
2025-07-01,CI,39.2,37.5,44.1,31.0
2025-08-01,CI,39.5,37.5,44.1,31.0
2025-09-01,CI,30.0,37.5,44.1,31.0
2025-10-01,CI,43.5,37.5,44.1,31.0
2025-11-01,CI,12.4,37.5,44.1,31.0
2024-09-01,CINF,10.7,12.8,16.0,9.6
2024-10-01,CINF,12.9,12.8,16.0,9.6
2024-11-01,CINF,9.9,12.8,16.0,9.6
2024-12-01,CINF,13.5,12.8,16.0,9.6
2025-01-01,CINF,13.7,12.8,16.0,9.6
2025-02-01,CINF,15.5,12.8,16.0,9.6
2025-03-01,CINF,20.5,12.8,16.0,9.6
2025-04-01,CINF,16.8,12.8,16.0,9.6
2025-05-01,CINF,11.1,12.8,16.0,9.6
2025-06-01,CINF,11.1,12.8,16.0,9.6
2025-07-01,CINF,12.9,12.8,16.0,9.6
2025-08-01,CINF,10.7,12.8,16.0,9.6
2025-09-01,CINF,8.8,12.8,16.0,9.6
2025-10-01,CINF,13.2,12.8,16.0,9.6
2025-11-01,CINF,1.9,12.8,16.0,9.6
2024-09-01,CIVI,26.3,41.4,55.5,27.3
2024-10-01,CIVI,25.1,41.4,55.5,27.3
2024-11-01,CIVI,23.6,41.4,55.5,27.3
2024-12-01,CIVI,30.4,41.4,55.5,27.3
2025-01-01,CIVI,25.5,41.4,55.5,27.3
2025-02-01,CIVI,37.8,41.4,55.5,27.3
2025-03-01,CIVI,47.8,41.4,55.5,27.3
2025-04-01,CIVI,57.3,41.4,55.5,27.3
2025-05-01,CIVI,40.7,41.4,55.5,27.3
2025-06-01,CIVI,55.4,41.4,55.5,27.3
2025-07-01,CIVI,38.6,41.4,55.5,27.3
2025-08-01,CIVI,62.8,41.4,55.5,27.3
2025-09-01,CIVI,61.9,41.4,55.5,27.3
2025-10-01,CIVI,50.5,41.4,55.5,27.3
2025-11-01,CIVI,12.2,41.4,55.5,27.3
2024-09-01,CL,88.5,107.2,128.8,85.6
2024-10-01,CL,104.1,107.2,128.8,85.6
2024-11-01,CL,91.4,107.2,128.8,85.6
2024-12-01,CL,90.8,107.2,128.8,85.6
2025-01-01,CL,107.5,107.2,128.8,85.6
2025-02-01,CL,82.8,107.2,128.8,85.6
2025-03-01,CL,122.1,107.2,128.8,85.6
2025-04-01,CL,135.8,107.2,128.8,85.6
2025-05-01,CL,98.7,107.2,128.8,85.6
2025-06-01,CL,106.8,107.2,128.8,85.6
2025-07-01,CL,103.1,107.2,128.8,85.6
2025-08-01,CL,102.7,107.2,128.8,85.6
2025-09-01,CL,116.1,107.2,128.8,85.6
2025-10-01,CL,157.5,107.2,128.8,85.6
2025-11-01,CL,27.3,107.2,128.8,85.6
2024-09-01,CLX,24.7,31.9,39.1,24.7
2024-10-01,CLX,25.6,31.9,39.1,24.7
2024-11-01,CLX,24.9,31.9,39.1,24.7
2024-12-01,CLX,23.2,31.9,39.1,24.7
2025-01-01,CLX,21.3,31.9,39.1,24.7
2025-02-01,CLX,32.4,31.9,39.1,24.7
2025-03-01,CLX,34.2,31.9,39.1,24.7
2025-04-01,CLX,29.8,31.9,39.1,24.7
2025-05-01,CLX,39.1,31.9,39.1,24.7
2025-06-01,CLX,37.7,31.9,39.1,24.7
2025-07-01,CLX,38.9,31.9,39.1,24.7
2025-08-01,CLX,38.5,31.9,39.1,24.7
2025-09-01,CLX,42.8,31.9,39.1,24.7
2025-10-01,CLX,36.2,31.9,39.1,24.7
2025-11-01,CLX,10.5,31.9,39.1,24.7
2024-09-01,CMBT,1.8,14.4,38.0,-9.1
2024-10-01,CMBT,1.7,14.4,38.0,-9.1
2024-11-01,CMBT,2.5,14.4,38.0,-9.1
2024-12-01,CMBT,2.8,14.4,38.0,-9.1
2025-01-01,CMBT,1.7,14.4,38.0,-9.1
2025-02-01,CMBT,1.6,14.4,38.0,-9.1
2025-03-01,CMBT,1.7,14.4,38.0,-9.1
2025-04-01,CMBT,2.7,14.4,38.0,-9.1
2025-05-01,CMBT,2.8,14.4,38.0,-9.1
2025-06-01,CMBT,2.1,14.4,38.0,-9.1
2025-07-01,CMBT,2.0,14.4,38.0,-9.1
2025-08-01,CMBT,68.9,14.4,38.0,-9.1
2025-09-01,CMBT,58.2,14.4,38.0,-9.1
2025-10-01,CMBT,48.3,14.4,38.0,-9.1
2025-11-01,CMBT,5.8,14.4,38.0,-9.1
2024-09-01,CMCSA,407.9,477.8,569.7,386.0
2024-10-01,CMCSA,381.9,477.8,569.7,386.0
2024-11-01,CMCSA,372.9,477.8,569.7,386.0
2024-12-01,CMCSA,445.3,477.8,569.7,386.0
2025-01-01,CMCSA,521.0,477.8,569.7,386.0
2025-02-01,CMCSA,532.5,477.8,569.7,386.0
2025-03-01,CMCSA,595.9,477.8,569.7,386.0
2025-04-01,CMCSA,594.9,477.8,569.7,386.0
2025-05-01,CMCSA,428.1,477.8,569.7,386.0
2025-06-01,CMCSA,416.5,477.8,569.7,386.0
2025-07-01,CMCSA,445.5,477.8,569.7,386.0
2025-08-01,CMCSA,445.8,477.8,569.7,386.0
2025-09-01,CMCSA,528.1,477.8,569.7,386.0
2025-10-01,CMCSA,632.4,477.8,569.7,386.0
2025-11-01,CMCSA,125.5,477.8,569.7,386.0
2024-09-01,CME,46.3,44.9,54.7,35.0
2024-10-01,CME,36.6,44.9,54.7,35.0
2024-11-01,CME,39.4,44.9,54.7,35.0
2024-12-01,CME,48.6,44.9,54.7,35.0
2025-01-01,CME,38.7,44.9,54.7,35.0
2025-02-01,CME,31.7,44.9,54.7,35.0
2025-03-01,CME,60.3,44.9,54.7,35.0
2025-04-01,CME,64.0,44.9,54.7,35.0
2025-05-01,CME,45.6,44.9,54.7,35.0
2025-06-01,CME,54.6,44.9,54.7,35.0
2025-07-01,CME,46.8,44.9,54.7,35.0
2025-08-01,CME,40.2,44.9,54.7,35.0
2025-09-01,CME,40.2,44.9,54.7,35.0
2025-10-01,CME,42.4,44.9,54.7,35.0
2025-11-01,CME,5.4,44.9,54.7,35.0
2024-09-01,CMG,207.9,291.8,398.9,184.7
2024-10-01,CMG,214.7,291.8,398.9,184.7
2024-11-01,CMG,191.1,291.8,398.9,184.7
2024-12-01,CMG,165.6,291.8,398.9,184.7
2025-01-01,CMG,188.6,291.8,398.9,184.7
2025-02-01,CMG,252.3,291.8,398.9,184.7
2025-03-01,CMG,296.3,291.8,398.9,184.7
2025-04-01,CMG,336.2,291.8,398.9,184.7
2025-05-01,CMG,237.6,291.8,398.9,184.7
2025-06-01,CMG,259.3,291.8,398.9,184.7
2025-07-01,CMG,429.3,291.8,398.9,184.7
2025-08-01,CMG,343.4,291.8,398.9,184.7
2025-09-01,CMG,468.5,291.8,398.9,184.7
2025-10-01,CMG,493.8,291.8,398.9,184.7
2025-11-01,CMG,100.6,291.8,398.9,184.7
2024-09-01,CMI,13.9,16.7,20.1,13.3
2024-10-01,CMI,13.0,16.7,20.1,13.3
2024-11-01,CMI,12.4,16.7,20.1,13.3
2024-12-01,CMI,14.0,16.7,20.1,13.3
2025-01-01,CMI,15.2,16.7,20.1,13.3
2025-02-01,CMI,17.4,16.7,20.1,13.3
2025-03-01,CMI,21.2,16.7,20.1,13.3
2025-04-01,CMI,20.5,16.7,20.1,13.3
2025-05-01,CMI,17.7,16.7,20.1,13.3
2025-06-01,CMI,13.7,16.7,20.1,13.3
2025-07-01,CMI,20.3,16.7,20.1,13.3
2025-08-01,CMI,18.3,16.7,20.1,13.3
2025-09-01,CMI,18.5,16.7,20.1,13.3
2025-10-01,CMI,20.1,16.7,20.1,13.3
2025-11-01,CMI,2.3,16.7,20.1,13.3
2024-09-01,CMRE,7.5,9.3,11.7,6.9
2024-10-01,CMRE,7.4,9.3,11.7,6.9
2024-11-01,CMRE,5.9,9.3,11.7,6.9
2024-12-01,CMRE,5.4,9.3,11.7,6.9
2025-01-01,CMRE,6.8,9.3,11.7,6.9
2025-02-01,CMRE,9.4,9.3,11.7,6.9
2025-03-01,CMRE,10.4,9.3,11.7,6.9
2025-04-01,CMRE,13.2,9.3,11.7,6.9
2025-05-01,CMRE,11.3,9.3,11.7,6.9
2025-06-01,CMRE,11.2,9.3,11.7,6.9
2025-07-01,CMRE,10.5,9.3,11.7,6.9
2025-08-01,CMRE,11.8,9.3,11.7,6.9
2025-09-01,CMRE,10.3,9.3,11.7,6.9
2025-10-01,CMRE,10.7,9.3,11.7,6.9
2025-11-01,CMRE,2.3,9.3,11.7,6.9
2024-09-01,CMS,46.5,48.8,56.7,40.8
2024-10-01,CMS,41.3,48.8,56.7,40.8
2024-11-01,CMS,48.2,48.8,56.7,40.8
2024-12-01,CMS,47.1,48.8,56.7,40.8
2025-01-01,CMS,42.6,48.8,56.7,40.8
2025-02-01,CMS,45.6,48.8,56.7,40.8
2025-03-01,CMS,52.5,48.8,56.7,40.8
2025-04-01,CMS,71.3,48.8,56.7,40.8
2025-05-01,CMS,48.0,48.8,56.7,40.8
2025-06-01,CMS,52.9,48.8,56.7,40.8
2025-07-01,CMS,46.1,48.8,56.7,40.8
2025-08-01,CMS,47.1,48.8,56.7,40.8
2025-09-01,CMS,47.2,48.8,56.7,40.8
2025-10-01,CMS,52.8,48.8,56.7,40.8
2025-11-01,CMS,15.6,48.8,56.7,40.8
2024-09-01,CNC,89.3,179.1,313.8,44.4
2024-10-01,CNC,147.2,179.1,313.8,44.4
2024-11-01,CNC,120.6,179.1,313.8,44.4
2024-12-01,CNC,132.9,179.1,313.8,44.4
2025-01-01,CNC,80.9,179.1,313.8,44.4
2025-02-01,CNC,102.1,179.1,313.8,44.4
2025-03-01,CNC,88.9,179.1,313.8,44.4
2025-04-01,CNC,111.2,179.1,313.8,44.4
2025-05-01,CNC,108.2,179.1,313.8,44.4
2025-06-01,CNC,94.1,179.1,313.8,44.4
2025-07-01,CNC,577.5,179.1,313.8,44.4
2025-08-01,CNC,278.5,179.1,313.8,44.4
2025-09-01,CNC,306.6,179.1,313.8,44.4
2025-10-01,CNC,251.8,179.1,313.8,44.4
2025-11-01,CNC,29.9,179.1,313.8,44.4
2024-09-01,CNP,107.7,109.0,130.6,87.5
2024-10-01,CNP,137.9,109.0,130.6,87.5
2024-11-01,CNP,98.4,109.0,130.6,87.5
2024-12-01,CNP,96.2,109.0,130.6,87.5
2025-01-01,CNP,82.9,109.0,130.6,87.5
2025-02-01,CNP,85.1,109.0,130.6,87.5
2025-03-01,CNP,106.0,109.0,130.6,87.5
2025-04-01,CNP,148.4,109.0,130.6,87.5
2025-05-01,CNP,118.3,109.0,130.6,87.5
2025-06-01,CNP,105.5,109.0,130.6,87.5
2025-07-01,CNP,128.7,109.0,130.6,87.5
2025-08-01,CNP,88.6,109.0,130.6,87.5
2025-09-01,CNP,119.2,109.0,130.6,87.5
2025-10-01,CNP,112.7,109.0,130.6,87.5
2025-11-01,CNP,18.1,109.0,130.6,87.5
2024-09-01,CNR,8.4,16.6,22.0,11.2
2024-10-01,CNR,9.5,16.6,22.0,11.2
2024-11-01,CNR,12.6,16.6,22.0,11.2
2024-12-01,CNR,9.0,16.6,22.0,11.2
2025-01-01,CNR,24.4,16.6,22.0,11.2
2025-02-01,CNR,20.6,16.6,22.0,11.2
2025-03-01,CNR,21.4,16.6,22.0,11.2
2025-04-01,CNR,17.9,16.6,22.0,11.2
2025-05-01,CNR,19.2,16.6,22.0,11.2
2025-06-01,CNR,19.2,16.6,22.0,11.2
2025-07-01,CNR,18.9,16.6,22.0,11.2
2025-08-01,CNR,15.8,16.6,22.0,11.2
2025-09-01,CNR,14.0,16.6,22.0,11.2
2025-10-01,CNR,24.1,16.6,22.0,11.2
2025-11-01,CNR,3.1,16.6,22.0,11.2
2024-09-01,COF,47.7,78.4,103.4,53.3
2024-10-01,COF,59.6,78.4,103.4,53.3
2024-11-01,COF,70.8,78.4,103.4,53.3
2024-12-01,COF,50.1,78.4,103.4,53.3
2025-01-01,COF,70.1,78.4,103.4,53.3
2025-02-01,COF,63.7,78.4,103.4,53.3
2025-03-01,COF,106.5,78.4,103.4,53.3
2025-04-01,COF,127.2,78.4,103.4,53.3
2025-05-01,COF,122.9,78.4,103.4,53.3
2025-06-01,COF,76.8,78.4,103.4,53.3
2025-07-01,COF,86.7,78.4,103.4,53.3
2025-08-01,COF,67.9,78.4,103.4,53.3
2025-09-01,COF,69.7,78.4,103.4,53.3
2025-10-01,COF,87.6,78.4,103.4,53.3
2025-11-01,COF,7.6,78.4,103.4,53.3
2024-09-01,COIN,151.9,232.0,300.3,163.6
2024-10-01,COIN,240.6,232.0,300.3,163.6
2024-11-01,COIN,385.9,232.0,300.3,163.6
2024-12-01,COIN,214.9,232.0,300.3,163.6
2025-01-01,COIN,165.2,232.0,300.3,163.6
2025-02-01,COIN,186.7,232.0,300.3,163.6
2025-03-01,COIN,199.0,232.0,300.3,163.6
2025-04-01,COIN,177.9,232.0,300.3,163.6
2025-05-01,COIN,316.4,232.0,300.3,163.6
2025-06-01,COIN,309.2,232.0,300.3,163.6
2025-07-01,COIN,290.4,232.0,300.3,163.6
2025-08-01,COIN,238.0,232.0,300.3,163.6
2025-09-01,COIN,182.1,232.0,300.3,163.6
2025-10-01,COIN,224.7,232.0,300.3,163.6
2025-11-01,COIN,30.0,232.0,300.3,163.6
2024-09-01,COMT,4.4,4.6,6.6,2.6
2024-10-01,COMT,6.6,4.6,6.6,2.6
2024-11-01,COMT,3.0,4.6,6.6,2.6
2024-12-01,COMT,10.4,4.6,6.6,2.6
2025-01-01,COMT,3.3,4.6,6.6,2.6
2025-02-01,COMT,4.8,4.6,6.6,2.6
2025-03-01,COMT,5.4,4.6,6.6,2.6
2025-04-01,COMT,6.1,4.6,6.6,2.6
2025-05-01,COMT,4.2,4.6,6.6,2.6
2025-06-01,COMT,3.8,4.6,6.6,2.6
2025-07-01,COMT,2.6,4.6,6.6,2.6
2025-08-01,COMT,3.5,4.6,6.6,2.6
2025-09-01,COMT,3.3,4.6,6.6,2.6
2025-10-01,COMT,3.6,4.6,6.6,2.6
2025-11-01,COMT,1.5,4.6,6.6,2.6
2024-09-01,COO,21.9,42.7,58.0,27.5
2024-10-01,COO,27.7,42.7,58.0,27.5
2024-11-01,COO,23.9,42.7,58.0,27.5
2024-12-01,COO,33.1,42.7,58.0,27.5
2025-01-01,COO,28.1,42.7,58.0,27.5
2025-02-01,COO,29.2,42.7,58.0,27.5
2025-03-01,COO,53.8,42.7,58.0,27.5
2025-04-01,COO,41.7,42.7,58.0,27.5
2025-05-01,COO,47.4,42.7,58.0,27.5
2025-06-01,COO,64.9,42.7,58.0,27.5
2025-07-01,COO,53.2,42.7,58.0,27.5
2025-08-01,COO,56.0,42.7,58.0,27.5
2025-09-01,COO,60.8,42.7,58.0,27.5
2025-10-01,COO,60.1,42.7,58.0,27.5
2025-11-01,COO,6.0,42.7,58.0,27.5
2024-09-01,COP,165.6,155.5,189.6,121.4
2024-10-01,COP,129.3,155.5,189.6,121.4
2024-11-01,COP,140.8,155.5,189.6,121.4
2024-12-01,COP,160.6,155.5,189.6,121.4
2025-01-01,COP,114.2,155.5,189.6,121.4
2025-02-01,COP,150.0,155.5,189.6,121.4
2025-03-01,COP,240.0,155.5,189.6,121.4
2025-04-01,COP,184.3,155.5,189.6,121.4
2025-05-01,COP,179.6,155.5,189.6,121.4
2025-06-01,COP,176.8,155.5,189.6,121.4
2025-07-01,COP,134.0,155.5,189.6,121.4
2025-08-01,COP,144.1,155.5,189.6,121.4
2025-09-01,COP,151.4,155.5,189.6,121.4
2025-10-01,COP,136.5,155.5,189.6,121.4
2025-11-01,COP,17.4,155.5,189.6,121.4
2024-09-01,COR,36.9,30.9,37.6,24.1
2024-10-01,COR,30.8,30.9,37.6,24.1
2024-11-01,COR,25.9,30.9,37.6,24.1
2024-12-01,COR,24.1,30.9,37.6,24.1
2025-01-01,COR,25.9,30.9,37.6,24.1
2025-02-01,COR,32.8,30.9,37.6,24.1
2025-03-01,COR,37.1,30.9,37.6,24.1
2025-04-01,COR,43.1,30.9,37.6,24.1
2025-05-01,COR,38.1,30.9,37.6,24.1
2025-06-01,COR,27.2,30.9,37.6,24.1
2025-07-01,COR,22.7,30.9,37.6,24.1
2025-08-01,COR,29.3,30.9,37.6,24.1
2025-09-01,COR,38.0,30.9,37.6,24.1
2025-10-01,COR,25.5,30.9,37.6,24.1
2025-11-01,COR,7.3,30.9,37.6,24.1
2024-09-01,CORN,1.6,1.5,1.9,1.1
2024-10-01,CORN,1.7,1.5,1.9,1.1
2024-11-01,CORN,0.9,1.5,1.9,1.1
2024-12-01,CORN,1.2,1.5,1.9,1.1
2025-01-01,CORN,2.1,1.5,1.9,1.1
2025-02-01,CORN,2.2,1.5,1.9,1.1
2025-03-01,CORN,1.8,1.5,1.9,1.1
2025-04-01,CORN,2.0,1.5,1.9,1.1
2025-05-01,CORN,1.4,1.5,1.9,1.1
2025-06-01,CORN,1.1,1.5,1.9,1.1
2025-07-01,CORN,0.8,1.5,1.9,1.1
2025-08-01,CORN,1.7,1.5,1.9,1.1
2025-09-01,CORN,1.6,1.5,1.9,1.1
2025-10-01,CORN,1.3,1.5,1.9,1.1
2025-11-01,CORN,0.2,1.5,1.9,1.1
2024-09-01,COST,40.6,44.6,52.7,36.6
2024-10-01,COST,35.6,44.6,52.7,36.6
2024-11-01,COST,39.1,44.6,52.7,36.6
2024-12-01,COST,44.5,44.6,52.7,36.6
2025-01-01,COST,38.4,44.6,52.7,36.6
2025-02-01,COST,36.7,44.6,52.7,36.6
2025-03-01,COST,55.5,44.6,52.7,36.6
2025-04-01,COST,58.3,44.6,52.7,36.6
2025-05-01,COST,42.4,44.6,52.7,36.6
2025-06-01,COST,42.0,44.6,52.7,36.6
2025-07-01,COST,45.3,44.6,52.7,36.6
2025-08-01,COST,47.8,44.6,52.7,36.6
2025-09-01,COST,50.8,44.6,52.7,36.6
2025-10-01,COST,53.3,44.6,52.7,36.6
2025-11-01,COST,8.7,44.6,52.7,36.6
2024-09-01,CPAY,8.9,10.2,11.6,8.8
2024-10-01,CPAY,12.0,10.2,11.6,8.8
2024-11-01,CPAY,10.2,10.2,11.6,8.8
2024-12-01,CPAY,9.4,10.2,11.6,8.8
2025-01-01,CPAY,8.5,10.2,11.6,8.8
2025-02-01,CPAY,9.6,10.2,11.6,8.8
2025-03-01,CPAY,10.3,10.2,11.6,8.8
2025-04-01,CPAY,10.9,10.2,11.6,8.8
2025-05-01,CPAY,10.8,10.2,11.6,8.8
2025-06-01,CPAY,10.2,10.2,11.6,8.8
2025-07-01,CPAY,10.0,10.2,11.6,8.8
2025-08-01,CPAY,10.8,10.2,11.6,8.8
2025-09-01,CPAY,9.5,10.2,11.6,8.8
2025-10-01,CPAY,12.4,10.2,11.6,8.8
2025-11-01,CPAY,2.4,10.2,11.6,8.8
2024-09-01,CPB,50.5,83.7,119.1,48.3
2024-10-01,CPB,41.1,83.7,119.1,48.3
2024-11-01,CPB,46.1,83.7,119.1,48.3
2024-12-01,CPB,67.1,83.7,119.1,48.3
2025-01-01,CPB,60.6,83.7,119.1,48.3
2025-02-01,CPB,53.3,83.7,119.1,48.3
2025-03-01,CPB,90.0,83.7,119.1,48.3
2025-04-01,CPB,64.9,83.7,119.1,48.3
2025-05-01,CPB,69.4,83.7,119.1,48.3
2025-06-01,CPB,118.1,83.7,119.1,48.3
2025-07-01,CPB,136.5,83.7,119.1,48.3
2025-08-01,CPB,120.9,83.7,119.1,48.3
2025-09-01,CPB,141.6,83.7,119.1,48.3
2025-10-01,CPB,118.2,83.7,119.1,48.3
2025-11-01,CPB,12.0,83.7,119.1,48.3
2024-09-01,CPER,2.2,5.0,8.6,1.5
2024-10-01,CPER,3.4,5.0,8.6,1.5
2024-11-01,CPER,2.6,5.0,8.6,1.5
2024-12-01,CPER,1.5,5.0,8.6,1.5
2025-01-01,CPER,2.2,5.0,8.6,1.5
2025-02-01,CPER,2.5,5.0,8.6,1.5
2025-03-01,CPER,4.8,5.0,8.6,1.5
2025-04-01,CPER,4.6,5.0,8.6,1.5
2025-05-01,CPER,3.1,5.0,8.6,1.5
2025-06-01,CPER,3.5,5.0,8.6,1.5
2025-07-01,CPER,11.3,5.0,8.6,1.5
2025-08-01,CPER,6.8,5.0,8.6,1.5
2025-09-01,CPER,7.4,5.0,8.6,1.5
2025-10-01,CPER,13.6,5.0,8.6,1.5
2025-11-01,CPER,2.1,5.0,8.6,1.5
2024-09-01,CPRT,101.6,114.8,148.0,81.6
2024-10-01,CPRT,93.5,114.8,148.0,81.6
2024-11-01,CPRT,96.8,114.8,148.0,81.6
2024-12-01,CPRT,75.0,114.8,148.0,81.6
2025-01-01,CPRT,69.0,114.8,148.0,81.6
2025-02-01,CPRT,80.3,114.8,148.0,81.6
2025-03-01,CPRT,107.9,114.8,148.0,81.6
2025-04-01,CPRT,118.5,114.8,148.0,81.6
2025-05-01,CPRT,137.8,114.8,148.0,81.6
2025-06-01,CPRT,154.7,114.8,148.0,81.6
2025-07-01,CPRT,153.3,114.8,148.0,81.6
2025-08-01,CPRT,116.4,114.8,148.0,81.6
2025-09-01,CPRT,180.9,114.8,148.0,81.6
2025-10-01,CPRT,132.2,114.8,148.0,81.6
2025-11-01,CPRT,25.3,114.8,148.0,81.6
2024-09-01,CPT,27.4,19.9,23.8,16.1
2024-10-01,CPT,18.7,19.9,23.8,16.1
2024-11-01,CPT,17.6,19.9,23.8,16.1
2024-12-01,CPT,13.4,19.9,23.8,16.1
2025-01-01,CPT,16.8,19.9,23.8,16.1
2025-02-01,CPT,19.2,19.9,23.8,16.1
2025-03-01,CPT,20.7,19.9,23.8,16.1
2025-04-01,CPT,25.3,19.9,23.8,16.1
2025-05-01,CPT,20.5,19.9,23.8,16.1
2025-06-01,CPT,20.5,19.9,23.8,16.1
2025-07-01,CPT,19.0,19.9,23.8,16.1
2025-08-01,CPT,19.8,19.9,23.8,16.1
2025-09-01,CPT,18.2,19.9,23.8,16.1
2025-10-01,CPT,24.3,19.9,23.8,16.1
2025-11-01,CPT,5.6,19.9,23.8,16.1
2024-09-01,CRESY,3.3,4.9,6.5,3.3
2024-10-01,CRESY,3.2,4.9,6.5,3.3
2024-11-01,CRESY,6.0,4.9,6.5,3.3
2024-12-01,CRESY,6.2,4.9,6.5,3.3
2025-01-01,CRESY,4.4,4.9,6.5,3.3
2025-02-01,CRESY,4.6,4.9,6.5,3.3
2025-03-01,CRESY,4.9,4.9,6.5,3.3
2025-04-01,CRESY,5.3,4.9,6.5,3.3
2025-05-01,CRESY,3.6,4.9,6.5,3.3
2025-06-01,CRESY,4.5,4.9,6.5,3.3
2025-07-01,CRESY,3.7,4.9,6.5,3.3
2025-08-01,CRESY,4.1,4.9,6.5,3.3
2025-09-01,CRESY,8.5,4.9,6.5,3.3
2025-10-01,CRESY,7.3,4.9,6.5,3.3
2025-11-01,CRESY,0.6,4.9,6.5,3.3
2024-09-01,CRL,13.4,21.6,31.6,11.5
2024-10-01,CRL,15.8,21.6,31.6,11.5
2024-11-01,CRL,15.9,21.6,31.6,11.5
2024-12-01,CRL,11.4,21.6,31.6,11.5
2025-01-01,CRL,18.9,21.6,31.6,11.5
2025-02-01,CRL,28.2,21.6,31.6,11.5
2025-03-01,CRL,23.4,21.6,31.6,11.5
2025-04-01,CRL,53.2,21.6,31.6,11.5
2025-05-01,CRL,27.6,21.6,31.6,11.5
2025-06-01,CRL,17.3,21.6,31.6,11.5
2025-07-01,CRL,17.6,21.6,31.6,11.5
2025-08-01,CRL,19.9,21.6,31.6,11.5
2025-09-01,CRL,19.0,21.6,31.6,11.5
2025-10-01,CRL,24.0,21.6,31.6,11.5
2025-11-01,CRL,4.7,21.6,31.6,11.5
2024-09-01,CRM,118.8,149.8,187.1,112.5
2024-10-01,CRM,93.1,149.8,187.1,112.5
2024-11-01,CRM,126.5,149.8,187.1,112.5
2024-12-01,CRM,154.6,149.8,187.1,112.5
2025-01-01,CRM,126.3,149.8,187.1,112.5
2025-02-01,CRM,140.4,149.8,187.1,112.5
2025-03-01,CRM,146.3,149.8,187.1,112.5
2025-04-01,CRM,150.6,149.8,187.1,112.5
2025-05-01,CRM,156.1,149.8,187.1,112.5
2025-06-01,CRM,173.7,149.8,187.1,112.5
2025-07-01,CRM,128.8,149.8,187.1,112.5
2025-08-01,CRM,172.2,149.8,187.1,112.5
2025-09-01,CRM,220.4,149.8,187.1,112.5
2025-10-01,CRM,211.6,149.8,187.1,112.5
2025-11-01,CRM,19.1,149.8,187.1,112.5
2024-09-01,CRWD,87.6,74.3,90.6,57.9
2024-10-01,CRWD,78.6,74.3,90.6,57.9
2024-11-01,CRWD,76.8,74.3,90.6,57.9
2024-12-01,CRWD,71.5,74.3,90.6,57.9
2025-01-01,CRWD,65.6,74.3,90.6,57.9
2025-02-01,CRWD,64.4,74.3,90.6,57.9
2025-03-01,CRWD,114.3,74.3,90.6,57.9
2025-04-01,CRWD,83.6,74.3,90.6,57.9
2025-05-01,CRWD,72.3,74.3,90.6,57.9
2025-06-01,CRWD,85.5,74.3,90.6,57.9
2025-07-01,CRWD,58.9,74.3,90.6,57.9
2025-08-01,CRWD,72.3,74.3,90.6,57.9
2025-09-01,CRWD,69.1,74.3,90.6,57.9
2025-10-01,CRWD,54.4,74.3,90.6,57.9
2025-11-01,CRWD,6.1,74.3,90.6,57.9
2024-09-01,CSCO,357.9,413.0,479.6,346.4
2024-10-01,CSCO,350.5,413.0,479.6,346.4
2024-11-01,CSCO,410.0,413.0,479.6,346.4
2024-12-01,CSCO,412.8,413.0,479.6,346.4
2025-01-01,CSCO,379.9,413.0,479.6,346.4
2025-02-01,CSCO,396.3,413.0,479.6,346.4
2025-03-01,CSCO,500.3,413.0,479.6,346.4
2025-04-01,CSCO,543.7,413.0,479.6,346.4
2025-05-01,CSCO,428.5,413.0,479.6,346.4
2025-06-01,CSCO,432.3,413.0,479.6,346.4
2025-07-01,CSCO,374.5,413.0,479.6,346.4
2025-08-01,CSCO,468.6,413.0,479.6,346.4
2025-09-01,CSCO,398.5,413.0,479.6,346.4
2025-10-01,CSCO,399.9,413.0,479.6,346.4
2025-11-01,CSCO,60.2,413.0,479.6,346.4
2024-09-01,CSGP,44.4,63.1,76.8,49.4
2024-10-01,CSGP,76.0,63.1,76.8,49.4
2024-11-01,CSGP,52.6,63.1,76.8,49.4
2024-12-01,CSGP,52.2,63.1,76.8,49.4
2025-01-01,CSGP,47.6,63.1,76.8,49.4
2025-02-01,CSGP,70.1,63.1,76.8,49.4
2025-03-01,CSGP,76.2,63.1,76.8,49.4
2025-04-01,CSGP,83.9,63.1,76.8,49.4
2025-05-01,CSGP,62.7,63.1,76.8,49.4
2025-06-01,CSGP,58.8,63.1,76.8,49.4
2025-07-01,CSGP,64.2,63.1,76.8,49.4
2025-08-01,CSGP,56.7,63.1,76.8,49.4
2025-09-01,CSGP,57.0,63.1,76.8,49.4
2025-10-01,CSGP,84.7,63.1,76.8,49.4
2025-11-01,CSGP,16.4,63.1,76.8,49.4
2024-09-01,CSX,221.9,314.8,397.8,231.9
2024-10-01,CSX,281.5,314.8,397.8,231.9
2024-11-01,CSX,232.5,314.8,397.8,231.9
2024-12-01,CSX,238.2,314.8,397.8,231.9
2025-01-01,CSX,317.3,314.8,397.8,231.9
2025-02-01,CSX,239.3,314.8,397.8,231.9
2025-03-01,CSX,333.0,314.8,397.8,231.9
2025-04-01,CSX,383.9,314.8,397.8,231.9
2025-05-01,CSX,307.7,314.8,397.8,231.9
2025-06-01,CSX,304.9,314.8,397.8,231.9
2025-07-01,CSX,429.2,314.8,397.8,231.9
2025-08-01,CSX,506.1,314.8,397.8,231.9
2025-09-01,CSX,326.7,314.8,397.8,231.9
2025-10-01,CSX,319.4,314.8,397.8,231.9
2025-11-01,CSX,39.5,314.8,397.8,231.9
2024-09-01,CTAS,31.6,36.2,45.1,27.4
2024-10-01,CTAS,26.4,36.2,45.1,27.4
2024-11-01,CTAS,27.5,36.2,45.1,27.4
2024-12-01,CTAS,50.4,36.2,45.1,27.4
2025-01-01,CTAS,36.3,36.2,45.1,27.4
2025-02-01,CTAS,31.2,36.2,45.1,27.4
2025-03-01,CTAS,40.8,36.2,45.1,27.4
2025-04-01,CTAS,47.9,36.2,45.1,27.4
2025-05-01,CTAS,29.5,36.2,45.1,27.4
2025-06-01,CTAS,28.3,36.2,45.1,27.4
2025-07-01,CTAS,32.4,36.2,45.1,27.4
2025-08-01,CTAS,35.6,36.2,45.1,27.4
2025-09-01,CTAS,45.8,36.2,45.1,27.4
2025-10-01,CTAS,47.8,36.2,45.1,27.4
2025-11-01,CTAS,6.4,36.2,45.1,27.4
2024-09-01,CTRA,128.5,146.0,179.4,112.7
2024-10-01,CTRA,120.8,146.0,179.4,112.7
2024-11-01,CTRA,130.6,146.0,179.4,112.7
2024-12-01,CTRA,127.6,146.0,179.4,112.7
2025-01-01,CTRA,135.2,146.0,179.4,112.7
2025-02-01,CTRA,110.4,146.0,179.4,112.7
2025-03-01,CTRA,154.6,146.0,179.4,112.7
2025-04-01,CTRA,145.5,146.0,179.4,112.7
2025-05-01,CTRA,183.2,146.0,179.4,112.7
2025-06-01,CTRA,149.4,146.0,179.4,112.7
2025-07-01,CTRA,147.1,146.0,179.4,112.7
2025-08-01,CTRA,131.1,146.0,179.4,112.7
2025-09-01,CTRA,146.7,146.0,179.4,112.7
2025-10-01,CTRA,239.4,146.0,179.4,112.7
2025-11-01,CTRA,53.3,146.0,179.4,112.7
2024-09-01,CTSH,60.3,76.9,92.9,61.0
2024-10-01,CTSH,69.1,76.9,92.9,61.0
2024-11-01,CTSH,73.5,76.9,92.9,61.0
2024-12-01,CTSH,53.9,76.9,92.9,61.0
2025-01-01,CTSH,53.9,76.9,92.9,61.0
2025-02-01,CTSH,84.5,76.9,92.9,61.0
2025-03-01,CTSH,95.6,76.9,92.9,61.0
2025-04-01,CTSH,86.9,76.9,92.9,61.0
2025-05-01,CTSH,76.8,76.9,92.9,61.0
2025-06-01,CTSH,70.4,76.9,92.9,61.0
2025-07-01,CTSH,79.2,76.9,92.9,61.0
2025-08-01,CTSH,84.7,76.9,92.9,61.0
2025-09-01,CTSH,96.5,76.9,92.9,61.0
2025-10-01,CTSH,99.8,76.9,92.9,61.0
2025-11-01,CTSH,18.6,76.9,92.9,61.0
2024-09-01,CTVA,64.2,78.9,95.6,62.2
2024-10-01,CTVA,59.7,78.9,95.6,62.2
2024-11-01,CTVA,78.9,78.9,95.6,62.2
2024-12-01,CTVA,68.3,78.9,95.6,62.2
2025-01-01,CTVA,61.1,78.9,95.6,62.2
2025-02-01,CTVA,76.5,78.9,95.6,62.2
2025-03-01,CTVA,74.0,78.9,95.6,62.2
2025-04-01,CTVA,80.4,78.9,95.6,62.2
2025-05-01,CTVA,73.0,78.9,95.6,62.2
2025-06-01,CTVA,94.6,78.9,95.6,62.2
2025-07-01,CTVA,79.3,78.9,95.6,62.2
2025-08-01,CTVA,90.1,78.9,95.6,62.2
2025-09-01,CTVA,100.1,78.9,95.6,62.2
2025-10-01,CTVA,113.5,78.9,95.6,62.2
2025-11-01,CTVA,18.2,78.9,95.6,62.2
2024-09-01,CVS,174.6,212.1,273.2,151.0
2024-10-01,CVS,302.3,212.1,273.2,151.0
2024-11-01,CVS,258.1,212.1,273.2,151.0
2024-12-01,CVS,321.6,212.1,273.2,151.0
2025-01-01,CVS,267.7,212.1,273.2,151.0
2025-02-01,CVS,221.8,212.1,273.2,151.0
2025-03-01,CVS,175.4,212.1,273.2,151.0
2025-04-01,CVS,241.8,212.1,273.2,151.0
2025-05-01,CVS,233.3,212.1,273.2,151.0
2025-06-01,CVS,135.1,212.1,273.2,151.0
2025-07-01,CVS,190.5,212.1,273.2,151.0
2025-08-01,CVS,133.5,212.1,273.2,151.0
2025-09-01,CVS,160.6,212.1,273.2,151.0
2025-10-01,CVS,184.7,212.1,273.2,151.0
2025-11-01,CVS,21.5,212.1,273.2,151.0
2024-09-01,CVX,170.3,177.9,219.2,136.6
2024-10-01,CVX,141.4,177.9,219.2,136.6
2024-11-01,CVX,154.5,177.9,219.2,136.6
2024-12-01,CVX,198.4,177.9,219.2,136.6
2025-01-01,CVX,160.9,177.9,219.2,136.6
2025-02-01,CVX,124.7,177.9,219.2,136.6
2025-03-01,CVX,198.7,177.9,219.2,136.6
2025-04-01,CVX,241.6,177.9,219.2,136.6
2025-05-01,CVX,178.8,177.9,219.2,136.6
2025-06-01,CVX,194.4,177.9,219.2,136.6
2025-07-01,CVX,267.3,177.9,219.2,136.6
2025-08-01,CVX,168.1,177.9,219.2,136.6
2025-09-01,CVX,163.3,177.9,219.2,136.6
2025-10-01,CVX,152.9,177.9,219.2,136.6
2025-11-01,CVX,21.4,177.9,219.2,136.6
2024-09-01,D,80.0,101.8,119.2,84.5
2024-10-01,D,86.2,101.8,119.2,84.5
2024-11-01,D,99.3,101.8,119.2,84.5
2024-12-01,D,94.6,101.8,119.2,84.5
2025-01-01,D,89.1,101.8,119.2,84.5
2025-02-01,D,93.7,101.8,119.2,84.5
2025-03-01,D,108.8,101.8,119.2,84.5
2025-04-01,D,123.2,101.8,119.2,84.5
2025-05-01,D,128.8,101.8,119.2,84.5
2025-06-01,D,129.0,101.8,119.2,84.5
2025-07-01,D,95.9,101.8,119.2,84.5
2025-08-01,D,104.7,101.8,119.2,84.5
2025-09-01,D,102.7,101.8,119.2,84.5
2025-10-01,D,105.4,101.8,119.2,84.5
2025-11-01,D,20.4,101.8,119.2,84.5
2024-09-01,DAL,189.6,200.7,254.3,147.0
2024-10-01,DAL,211.4,200.7,254.3,147.0
2024-11-01,DAL,158.0,200.7,254.3,147.0
2024-12-01,DAL,143.6,200.7,254.3,147.0
2025-01-01,DAL,175.3,200.7,254.3,147.0
2025-02-01,DAL,149.6,200.7,254.3,147.0
2025-03-01,DAL,293.4,200.7,254.3,147.0
2025-04-01,DAL,301.7,200.7,254.3,147.0
2025-05-01,DAL,232.8,200.7,254.3,147.0
2025-06-01,DAL,188.5,200.7,254.3,147.0
2025-07-01,DAL,249.5,200.7,254.3,147.0
2025-08-01,DAL,148.2,200.7,254.3,147.0
2025-09-01,DAL,168.1,200.7,254.3,147.0
2025-10-01,DAL,218.5,200.7,254.3,147.0
2025-11-01,DAL,27.5,200.7,254.3,147.0
2024-09-01,DASH,61.4,81.1,118.2,44.1
2024-10-01,DASH,70.7,81.1,118.2,44.1
2024-11-01,DASH,63.3,81.1,118.2,44.1
2024-12-01,DASH,51.8,81.1,118.2,44.1
2025-01-01,DASH,50.7,81.1,118.2,44.1
2025-02-01,DASH,89.5,81.1,118.2,44.1
2025-03-01,DASH,202.6,81.1,118.2,44.1
2025-04-01,DASH,90.2,81.1,118.2,44.1
2025-05-01,DASH,102.3,81.1,118.2,44.1
2025-06-01,DASH,86.8,81.1,118.2,44.1
2025-07-01,DASH,65.4,81.1,118.2,44.1
2025-08-01,DASH,79.7,81.1,118.2,44.1
2025-09-01,DASH,67.6,81.1,118.2,44.1
2025-10-01,DASH,66.9,81.1,118.2,44.1
2025-11-01,DASH,18.3,81.1,118.2,44.1
2024-09-01,DAY,27.0,40.9,54.8,27.0
2024-10-01,DAY,31.1,40.9,54.8,27.0
2024-11-01,DAY,38.8,40.9,54.8,27.0
2024-12-01,DAY,26.4,40.9,54.8,27.0
2025-01-01,DAY,29.2,40.9,54.8,27.0
2025-02-01,DAY,37.4,40.9,54.8,27.0
2025-03-01,DAY,49.3,40.9,54.8,27.0
2025-04-01,DAY,37.3,40.9,54.8,27.0
2025-05-01,DAY,50.6,40.9,54.8,27.0
2025-06-01,DAY,36.6,40.9,54.8,27.0
2025-07-01,DAY,29.3,40.9,54.8,27.0
2025-08-01,DAY,75.9,40.9,54.8,27.0
2025-09-01,DAY,50.3,40.9,54.8,27.0
2025-10-01,DAY,57.1,40.9,54.8,27.0
2025-11-01,DAY,12.9,40.9,54.8,27.0
2024-09-01,DBA,6.2,6.3,7.9,4.8
2024-10-01,DBA,6.7,6.3,7.9,4.8
2024-11-01,DBA,7.6,6.3,7.9,4.8
2024-12-01,DBA,7.4,6.3,7.9,4.8
2025-01-01,DBA,7.8,6.3,7.9,4.8
2025-02-01,DBA,8.6,6.3,7.9,4.8
2025-03-01,DBA,6.9,6.3,7.9,4.8
2025-04-01,DBA,8.6,6.3,7.9,4.8
2025-05-01,DBA,5.8,6.3,7.9,4.8
2025-06-01,DBA,6.3,6.3,7.9,4.8
2025-07-01,DBA,4.6,6.3,7.9,4.8
2025-08-01,DBA,4.9,6.3,7.9,4.8
2025-09-01,DBA,4.3,6.3,7.9,4.8
2025-10-01,DBA,4.7,6.3,7.9,4.8
2025-11-01,DBA,0.5,6.3,7.9,4.8
2024-09-01,DBB,1.2,1.6,2.3,1.0
2024-10-01,DBB,2.6,1.6,2.3,1.0
2024-11-01,DBB,1.8,1.6,2.3,1.0
2024-12-01,DBB,2.9,1.6,2.3,1.0
2025-01-01,DBB,1.3,1.6,2.3,1.0
2025-02-01,DBB,1.2,1.6,2.3,1.0
2025-03-01,DBB,2.2,1.6,2.3,1.0
2025-04-01,DBB,2.0,1.6,2.3,1.0
2025-05-01,DBB,1.0,1.6,2.3,1.0
2025-06-01,DBB,1.3,1.6,2.3,1.0
2025-07-01,DBB,2.1,1.6,2.3,1.0
2025-08-01,DBB,0.9,1.6,2.3,1.0
2025-09-01,DBB,1.1,1.6,2.3,1.0
2025-10-01,DBB,1.5,1.6,2.3,1.0
2025-11-01,DBB,0.3,1.6,2.3,1.0
2024-09-01,DBC,17.9,18.9,29.6,8.3
2024-10-01,DBC,20.7,18.9,29.6,8.3
2024-11-01,DBC,13.9,18.9,29.6,8.3
2024-12-01,DBC,18.9,18.9,29.6,8.3
2025-01-01,DBC,16.8,18.9,29.6,8.3
2025-02-01,DBC,18.5,18.9,29.6,8.3
2025-03-01,DBC,37.9,18.9,29.6,8.3
2025-04-01,DBC,45.2,18.9,29.6,8.3
2025-05-01,DBC,19.3,18.9,29.6,8.3
2025-06-01,DBC,25.6,18.9,29.6,8.3
2025-07-01,DBC,10.2,18.9,29.6,8.3
2025-08-01,DBC,8.1,18.9,29.6,8.3
2025-09-01,DBC,8.3,18.9,29.6,8.3
2025-10-01,DBC,8.5,18.9,29.6,8.3
2025-11-01,DBC,1.6,18.9,29.6,8.3
2024-09-01,DD,43.1,55.9,70.4,41.3
2024-10-01,DD,34.1,55.9,70.4,41.3
2024-11-01,DD,45.0,55.9,70.4,41.3
2024-12-01,DD,40.5,55.9,70.4,41.3
2025-01-01,DD,46.0,55.9,70.4,41.3
2025-02-01,DD,53.3,55.9,70.4,41.3
2025-03-01,DD,52.2,55.9,70.4,41.3
2025-04-01,DD,91.8,55.9,70.4,41.3
2025-05-01,DD,65.8,55.9,70.4,41.3
2025-06-01,DD,49.4,55.9,70.4,41.3
2025-07-01,DD,57.9,55.9,70.4,41.3
2025-08-01,DD,64.8,55.9,70.4,41.3
2025-09-01,DD,66.4,55.9,70.4,41.3
2025-10-01,DD,69.8,55.9,70.4,41.3
2025-11-01,DD,58.1,55.9,70.4,41.3
2024-09-01,DDOG,56.1,105.1,146.3,64.0
2024-10-01,DDOG,71.1,105.1,146.3,64.0
2024-11-01,DDOG,118.4,105.1,146.3,64.0
2024-12-01,DDOG,97.7,105.1,146.3,64.0
2025-01-01,DDOG,84.2,105.1,146.3,64.0
2025-02-01,DDOG,123.4,105.1,146.3,64.0
2025-03-01,DDOG,98.6,105.1,146.3,64.0
2025-04-01,DDOG,106.3,105.1,146.3,64.0
2025-05-01,DDOG,107.5,105.1,146.3,64.0
2025-06-01,DDOG,91.9,105.1,146.3,64.0
2025-07-01,DDOG,230.2,105.1,146.3,64.0
2025-08-01,DDOG,127.1,105.1,146.3,64.0
2025-09-01,DDOG,87.8,105.1,146.3,64.0
2025-10-01,DDOG,86.6,105.1,146.3,64.0
2025-11-01,DDOG,13.5,105.1,146.3,64.0
2024-09-01,DE,27.5,27.2,31.6,22.8
2024-10-01,DE,19.7,27.2,31.6,22.8
2024-11-01,DE,31.1,27.2,31.6,22.8
2024-12-01,DE,23.9,27.2,31.6,22.8
2025-01-01,DE,27.7,27.2,31.6,22.8
2025-02-01,DE,29.5,27.2,31.6,22.8
2025-03-01,DE,29.0,27.2,31.6,22.8
2025-04-01,DE,31.4,27.2,31.6,22.8
2025-05-01,DE,28.0,27.2,31.6,22.8
2025-06-01,DE,23.4,27.2,31.6,22.8
2025-07-01,DE,24.4,27.2,31.6,22.8
2025-08-01,DE,30.7,27.2,31.6,22.8
2025-09-01,DE,31.4,27.2,31.6,22.8
2025-10-01,DE,28.3,27.2,31.6,22.8
2025-11-01,DE,3.4,27.2,31.6,22.8
2024-09-01,DECK,37.1,63.3,87.5,39.1
2024-10-01,DECK,51.6,63.3,87.5,39.1
2024-11-01,DECK,36.2,63.3,87.5,39.1
2024-12-01,DECK,34.6,63.3,87.5,39.1
2025-01-01,DECK,49.5,63.3,87.5,39.1
2025-02-01,DECK,72.2,63.3,87.5,39.1
2025-03-01,DECK,67.3,63.3,87.5,39.1
2025-04-01,DECK,68.7,63.3,87.5,39.1
2025-05-01,DECK,89.9,63.3,87.5,39.1
2025-06-01,DECK,56.8,63.3,87.5,39.1
2025-07-01,DECK,98.2,63.3,87.5,39.1
2025-08-01,DECK,52.7,63.3,87.5,39.1
2025-09-01,DECK,56.9,63.3,87.5,39.1
2025-10-01,DECK,115.4,63.3,87.5,39.1
2025-11-01,DECK,13.1,63.3,87.5,39.1
2024-09-01,DELL,272.5,158.2,202.2,114.2
2024-10-01,DELL,143.9,158.2,202.2,114.2
2024-11-01,DELL,183.3,158.2,202.2,114.2
2024-12-01,DELL,150.8,158.2,202.2,114.2
2025-01-01,DELL,167.6,158.2,202.2,114.2
2025-02-01,DELL,173.0,158.2,202.2,114.2
2025-03-01,DELL,153.2,158.2,202.2,114.2
2025-04-01,DELL,204.6,158.2,202.2,114.2
2025-05-01,DELL,135.3,158.2,202.2,114.2
2025-06-01,DELL,122.4,158.2,202.2,114.2
2025-07-01,DELL,101.1,158.2,202.2,114.2
2025-08-01,DELL,121.1,158.2,202.2,114.2
2025-09-01,DELL,137.6,158.2,202.2,114.2
2025-10-01,DELL,184.4,158.2,202.2,114.2
2025-11-01,DELL,17.3,158.2,202.2,114.2
2024-09-01,DG,108.7,79.4,97.5,61.2
2024-10-01,DG,93.3,79.4,97.5,61.2
2024-11-01,DG,81.0,79.4,97.5,61.2
2024-12-01,DG,89.6,79.4,97.5,61.2
2025-01-01,DG,71.5,79.4,97.5,61.2
2025-02-01,DG,63.4,79.4,97.5,61.2
2025-03-01,DG,98.5,79.4,97.5,61.2
2025-04-01,DG,107.6,79.4,97.5,61.2
2025-05-01,DG,75.2,79.4,97.5,61.2
2025-06-01,DG,80.2,79.4,97.5,61.2
2025-07-01,DG,57.3,79.4,97.5,61.2
2025-08-01,DG,66.3,79.4,97.5,61.2
2025-09-01,DG,66.8,79.4,97.5,61.2
2025-10-01,DG,66.0,79.4,97.5,61.2
2025-11-01,DG,7.1,79.4,97.5,61.2
2024-09-01,DGX,14.8,21.1,27.4,14.8
2024-10-01,DGX,18.0,21.1,27.4,14.8
2024-11-01,DGX,17.8,21.1,27.4,14.8
2024-12-01,DGX,16.2,21.1,27.4,14.8
2025-01-01,DGX,21.0,21.1,27.4,14.8
2025-02-01,DGX,20.2,21.1,27.4,14.8
2025-03-01,DGX,25.6,21.1,27.4,14.8
2025-04-01,DGX,35.0,21.1,27.4,14.8
2025-05-01,DGX,25.1,21.1,27.4,14.8
2025-06-01,DGX,16.3,21.1,27.4,14.8
2025-07-01,DGX,29.5,21.1,27.4,14.8
2025-08-01,DGX,17.6,21.1,27.4,14.8
2025-09-01,DGX,14.5,21.1,27.4,14.8
2025-10-01,DGX,26.6,21.1,27.4,14.8
2025-11-01,DGX,3.0,21.1,27.4,14.8
2024-09-01,DHI,42.0,70.5,87.4,53.6
2024-10-01,DHI,57.1,70.5,87.4,53.6
2024-11-01,DHI,55.4,70.5,87.4,53.6
2024-12-01,DHI,62.8,70.5,87.4,53.6
2025-01-01,DHI,69.5,70.5,87.4,53.6
2025-02-01,DHI,74.2,70.5,87.4,53.6
2025-03-01,DHI,75.6,70.5,87.4,53.6
2025-04-01,DHI,88.5,70.5,87.4,53.6
2025-05-01,DHI,64.6,70.5,87.4,53.6
2025-06-01,DHI,66.5,70.5,87.4,53.6
2025-07-01,DHI,107.6,70.5,87.4,53.6
2025-08-01,DHI,81.3,70.5,87.4,53.6
2025-09-01,DHI,71.8,70.5,87.4,53.6
2025-10-01,DHI,78.7,70.5,87.4,53.6
2025-11-01,DHI,8.6,70.5,87.4,53.6
2024-09-01,DHR,54.0,79.1,98.1,60.1
2024-10-01,DHR,56.0,79.1,98.1,60.1
2024-11-01,DHR,57.0,79.1,98.1,60.1
2024-12-01,DHR,69.4,79.1,98.1,60.1
2025-01-01,DHR,73.7,79.1,98.1,60.1
2025-02-01,DHR,105.0,79.1,98.1,60.1
2025-03-01,DHR,83.3,79.1,98.1,60.1
2025-04-01,DHR,102.1,79.1,98.1,60.1
2025-05-01,DHR,81.4,79.1,98.1,60.1
2025-06-01,DHR,78.2,79.1,98.1,60.1
2025-07-01,DHR,96.4,79.1,98.1,60.1
2025-08-01,DHR,68.4,79.1,98.1,60.1
2025-09-01,DHR,90.2,79.1,98.1,60.1
2025-10-01,DHR,104.3,79.1,98.1,60.1
2025-11-01,DHR,9.9,79.1,98.1,60.1
2024-09-01,DHT,39.8,36.6,43.6,29.5
2024-10-01,DHT,36.0,36.6,43.6,29.5
2024-11-01,DHT,30.5,36.6,43.6,29.5
2024-12-01,DHT,38.0,36.6,43.6,29.5
2025-01-01,DHT,43.4,36.6,43.6,29.5
2025-02-01,DHT,38.1,36.6,43.6,29.5
2025-03-01,DHT,34.5,36.6,43.6,29.5
2025-04-01,DHT,45.1,36.6,43.6,29.5
2025-05-01,DHT,31.1,36.6,43.6,29.5
2025-06-01,DHT,40.7,36.6,43.6,29.5
2025-07-01,DHT,26.6,36.6,43.6,29.5
2025-08-01,DHT,27.4,36.6,43.6,29.5
2025-09-01,DHT,42.3,36.6,43.6,29.5
2025-10-01,DHT,44.7,36.6,43.6,29.5
2025-11-01,DHT,5.4,36.6,43.6,29.5
2024-09-01,DIA,61.9,77.9,108.1,47.8
2024-10-01,DIA,67.3,77.9,108.1,47.8
2024-11-01,DIA,78.8,77.9,108.1,47.8
2024-12-01,DIA,61.5,77.9,108.1,47.8
2025-01-01,DIA,55.9,77.9,108.1,47.8
2025-02-01,DIA,50.6,77.9,108.1,47.8
2025-03-01,DIA,58.4,77.9,108.1,47.8
2025-04-01,DIA,95.2,77.9,108.1,47.8
2025-05-01,DIA,56.0,77.9,108.1,47.8
2025-06-01,DIA,62.0,77.9,108.1,47.8
2025-07-01,DIA,78.4,77.9,108.1,47.8
2025-08-01,DIA,95.8,77.9,108.1,47.8
2025-09-01,DIA,105.7,77.9,108.1,47.8
2025-10-01,DIA,162.6,77.9,108.1,47.8
2025-11-01,DIA,17.9,77.9,108.1,47.8
2024-09-01,DIS,178.9,191.1,231.6,150.5
2024-10-01,DIS,175.7,191.1,231.6,150.5
2024-11-01,DIS,249.9,191.1,231.6,150.5
2024-12-01,DIS,167.6,191.1,231.6,150.5
2025-01-01,DIS,147.1,191.1,231.6,150.5
2025-02-01,DIS,178.1,191.1,231.6,150.5
2025-03-01,DIS,209.2,191.1,231.6,150.5
2025-04-01,DIS,266.4,191.1,231.6,150.5
2025-05-01,DIS,248.7,191.1,231.6,150.5
2025-06-01,DIS,201.0,191.1,231.6,150.5
2025-07-01,DIS,153.2,191.1,231.6,150.5
2025-08-01,DIS,177.1,191.1,231.6,150.5
2025-09-01,DIS,184.0,191.1,231.6,150.5
2025-10-01,DIS,174.3,191.1,231.6,150.5
2025-11-01,DIS,22.2,191.1,231.6,150.5
2024-09-01,DLR,38.0,40.3,48.6,32.0
2024-10-01,DLR,38.7,40.3,48.6,32.0
2024-11-01,DLR,45.6,40.3,48.6,32.0
2024-12-01,DLR,38.0,40.3,48.6,32.0
2025-01-01,DLR,48.3,40.3,48.6,32.0
2025-02-01,DLR,48.3,40.3,48.6,32.0
2025-03-01,DLR,55.2,40.3,48.6,32.0
2025-04-01,DLR,51.3,40.3,48.6,32.0
2025-05-01,DLR,36.0,40.3,48.6,32.0
2025-06-01,DLR,38.9,40.3,48.6,32.0
2025-07-01,DLR,33.3,40.3,48.6,32.0
2025-08-01,DLR,29.8,40.3,48.6,32.0
2025-09-01,DLR,34.2,40.3,48.6,32.0
2025-10-01,DLR,37.0,40.3,48.6,32.0
2025-11-01,DLR,4.6,40.3,48.6,32.0
2024-09-01,DLTR,142.2,91.9,122.3,61.5
2024-10-01,DLTR,72.9,91.9,122.3,61.5
2024-11-01,DLTR,109.5,91.9,122.3,61.5
2024-12-01,DLTR,74.4,91.9,122.3,61.5
2025-01-01,DLTR,54.9,91.9,122.3,61.5
2025-02-01,DLTR,55.9,91.9,122.3,61.5
2025-03-01,DLTR,115.3,91.9,122.3,61.5
2025-04-01,DLTR,141.7,91.9,122.3,61.5
2025-05-01,DLTR,72.2,91.9,122.3,61.5
2025-06-01,DLTR,99.9,91.9,122.3,61.5
2025-07-01,DLTR,69.4,91.9,122.3,61.5
2025-08-01,DLTR,62.9,91.9,122.3,61.5
2025-09-01,DLTR,116.9,91.9,122.3,61.5
2025-10-01,DLTR,112.8,91.9,122.3,61.5
2025-11-01,DLTR,12.8,91.9,122.3,61.5
2024-09-01,DOC,112.9,128.9,167.6,90.2
2024-10-01,DOC,114.8,128.9,167.6,90.2
2024-11-01,DOC,110.4,128.9,167.6,90.2
2024-12-01,DOC,90.1,128.9,167.6,90.2
2025-01-01,DOC,86.2,128.9,167.6,90.2
2025-02-01,DOC,101.1,128.9,167.6,90.2
2025-03-01,DOC,98.1,128.9,167.6,90.2
2025-04-01,DOC,138.9,128.9,167.6,90.2
2025-05-01,DOC,145.6,128.9,167.6,90.2
2025-06-01,DOC,123.6,128.9,167.6,90.2
2025-07-01,DOC,163.3,128.9,167.6,90.2
2025-08-01,DOC,148.4,128.9,167.6,90.2
2025-09-01,DOC,144.6,128.9,167.6,90.2
2025-10-01,DOC,229.9,128.9,167.6,90.2
2025-11-01,DOC,25.9,128.9,167.6,90.2
2024-09-01,DOV,19.3,21.1,27.2,15.1
2024-10-01,DOV,23.8,21.1,27.2,15.1
2024-11-01,DOV,13.4,21.1,27.2,15.1
2024-12-01,DOV,14.4,21.1,27.2,15.1
2025-01-01,DOV,18.3,21.1,27.2,15.1
2025-02-01,DOV,14.8,21.1,27.2,15.1
2025-03-01,DOV,23.3,21.1,27.2,15.1
2025-04-01,DOV,33.6,21.1,27.2,15.1
2025-05-01,DOV,20.4,21.1,27.2,15.1
2025-06-01,DOV,18.5,21.1,27.2,15.1
2025-07-01,DOV,25.4,21.1,27.2,15.1
2025-08-01,DOV,19.4,21.1,27.2,15.1
2025-09-01,DOV,21.1,21.1,27.2,15.1
2025-10-01,DOV,30.9,21.1,27.2,15.1
2025-11-01,DOV,2.5,21.1,27.2,15.1
2024-09-01,DOW,91.5,207.8,294.1,121.5
2024-10-01,DOW,99.4,207.8,294.1,121.5
2024-11-01,DOW,160.3,207.8,294.1,121.5
2024-12-01,DOW,179.9,207.8,294.1,121.5
2025-01-01,DOW,144.7,207.8,294.1,121.5
2025-02-01,DOW,137.7,207.8,294.1,121.5
2025-03-01,DOW,158.4,207.8,294.1,121.5
2025-04-01,DOW,254.5,207.8,294.1,121.5
2025-05-01,DOW,171.4,207.8,294.1,121.5
2025-06-01,DOW,245.1,207.8,294.1,121.5
2025-07-01,DOW,369.6,207.8,294.1,121.5
2025-08-01,DOW,297.2,207.8,294.1,121.5
2025-09-01,DOW,296.7,207.8,294.1,121.5
2025-10-01,DOW,312.3,207.8,294.1,121.5
2025-11-01,DOW,38.2,207.8,294.1,121.5
2024-09-01,DPZ,12.2,13.2,15.5,10.8
2024-10-01,DPZ,15.4,13.2,15.5,10.8
2024-11-01,DPZ,12.1,13.2,15.5,10.8
2024-12-01,DPZ,9.8,13.2,15.5,10.8
2025-01-01,DPZ,11.6,13.2,15.5,10.8
2025-02-01,DPZ,12.4,13.2,15.5,10.8
2025-03-01,DPZ,15.6,13.2,15.5,10.8
2025-04-01,DPZ,15.0,13.2,15.5,10.8
2025-05-01,DPZ,10.5,13.2,15.5,10.8
2025-06-01,DPZ,12.2,13.2,15.5,10.8
2025-07-01,DPZ,16.1,13.2,15.5,10.8
2025-08-01,DPZ,13.6,13.2,15.5,10.8
2025-09-01,DPZ,13.5,13.2,15.5,10.8
2025-10-01,DPZ,15.5,13.2,15.5,10.8
2025-11-01,DPZ,2.1,13.2,15.5,10.8
2024-09-01,DRI,28.8,26.9,32.6,21.3
2024-10-01,DRI,23.8,26.9,32.6,21.3
2024-11-01,DRI,23.8,26.9,32.6,21.3
2024-12-01,DRI,33.2,26.9,32.6,21.3
2025-01-01,DRI,22.7,26.9,32.6,21.3
2025-02-01,DRI,21.6,26.9,32.6,21.3
2025-03-01,DRI,29.9,26.9,32.6,21.3
2025-04-01,DRI,26.6,26.9,32.6,21.3
2025-05-01,DRI,36.4,26.9,32.6,21.3
2025-06-01,DRI,33.3,26.9,32.6,21.3
2025-07-01,DRI,25.3,26.9,32.6,21.3
2025-08-01,DRI,19.2,26.9,32.6,21.3
2025-09-01,DRI,32.9,26.9,32.6,21.3
2025-10-01,DRI,23.9,26.9,32.6,21.3
2025-11-01,DRI,4.7,26.9,32.6,21.3
2024-09-01,DTE,23.5,26.9,32.3,21.5
2024-10-01,DTE,23.5,26.9,32.3,21.5
2024-11-01,DTE,32.7,26.9,32.3,21.5
2024-12-01,DTE,27.1,26.9,32.3,21.5
2025-01-01,DTE,21.7,26.9,32.3,21.5
2025-02-01,DTE,23.2,26.9,32.3,21.5
2025-03-01,DTE,33.8,26.9,32.3,21.5
2025-04-01,DTE,36.1,26.9,32.3,21.5
2025-05-01,DTE,28.8,26.9,32.3,21.5
2025-06-01,DTE,27.5,26.9,32.3,21.5
2025-07-01,DTE,33.5,26.9,32.3,21.5
2025-08-01,DTE,22.5,26.9,32.3,21.5
2025-09-01,DTE,21.4,26.9,32.3,21.5
2025-10-01,DTE,24.0,26.9,32.3,21.5
2025-11-01,DTE,6.9,26.9,32.3,21.5
2024-09-01,DUK,64.7,69.7,83.5,56.0
2024-10-01,DUK,81.7,69.7,83.5,56.0
2024-11-01,DUK,66.3,69.7,83.5,56.0
2024-12-01,DUK,68.1,69.7,83.5,56.0
2025-01-01,DUK,62.1,69.7,83.5,56.0
2025-02-01,DUK,69.9,69.7,83.5,56.0
2025-03-01,DUK,97.7,69.7,83.5,56.0
2025-04-01,DUK,88.7,69.7,83.5,56.0
2025-05-01,DUK,81.9,69.7,83.5,56.0
2025-06-01,DUK,57.8,69.7,83.5,56.0
2025-07-01,DUK,59.8,69.7,83.5,56.0
2025-08-01,DUK,67.9,69.7,83.5,56.0
2025-09-01,DUK,56.7,69.7,83.5,56.0
2025-10-01,DUK,63.0,69.7,83.5,56.0
2025-11-01,DUK,10.4,69.7,83.5,56.0
2024-09-01,DVA,15.8,17.1,20.1,14.0
2024-10-01,DVA,18.4,17.1,20.1,14.0
2024-11-01,DVA,16.9,17.1,20.1,14.0
2024-12-01,DVA,14.2,17.1,20.1,14.0
2025-01-01,DVA,10.9,17.1,20.1,14.0
2025-02-01,DVA,23.3,17.1,20.1,14.0
2025-03-01,DVA,19.5,17.1,20.1,14.0
2025-04-01,DVA,18.7,17.1,20.1,14.0
2025-05-01,DVA,17.2,17.1,20.1,14.0
2025-06-01,DVA,17.0,17.1,20.1,14.0
2025-07-01,DVA,16.1,17.1,20.1,14.0
2025-08-01,DVA,18.6,17.1,20.1,14.0
2025-09-01,DVA,17.3,17.1,20.1,14.0
2025-10-01,DVA,17.8,17.1,20.1,14.0
2025-11-01,DVA,3.6,17.1,20.1,14.0
2024-09-01,DVN,165.9,181.2,215.5,146.8
2024-10-01,DVN,189.5,181.2,215.5,146.8
2024-11-01,DVN,170.0,181.2,215.5,146.8
2024-12-01,DVN,255.9,181.2,215.5,146.8
2025-01-01,DVN,196.0,181.2,215.5,146.8
2025-02-01,DVN,180.5,181.2,215.5,146.8
2025-03-01,DVN,187.4,181.2,215.5,146.8
2025-04-01,DVN,240.4,181.2,215.5,146.8
2025-05-01,DVN,175.3,181.2,215.5,146.8
2025-06-01,DVN,169.8,181.2,215.5,146.8
2025-07-01,DVN,158.1,181.2,215.5,146.8
2025-08-01,DVN,159.4,181.2,215.5,146.8
2025-09-01,DVN,159.6,181.2,215.5,146.8
2025-10-01,DVN,159.6,181.2,215.5,146.8
2025-11-01,DVN,24.7,181.2,215.5,146.8
2024-09-01,DXCM,81.2,89.0,110.7,67.3
2024-10-01,DXCM,109.8,89.0,110.7,67.3
2024-11-01,DXCM,80.1,89.0,110.7,67.3
2024-12-01,DXCM,67.8,89.0,110.7,67.3
2025-01-01,DXCM,71.7,89.0,110.7,67.3
2025-02-01,DXCM,69.8,89.0,110.7,67.3
2025-03-01,DXCM,94.6,89.0,110.7,67.3
2025-04-01,DXCM,95.8,89.0,110.7,67.3
2025-05-01,DXCM,86.2,89.0,110.7,67.3
2025-06-01,DXCM,71.1,89.0,110.7,67.3
2025-07-01,DXCM,69.4,89.0,110.7,67.3
2025-08-01,DXCM,86.6,89.0,110.7,67.3
2025-09-01,DXCM,133.4,89.0,110.7,67.3
2025-10-01,DXCM,128.5,89.0,110.7,67.3
2025-11-01,DXCM,38.5,89.0,110.7,67.3
2024-09-01,EA,41.1,63.5,83.3,43.7
2024-10-01,EA,37.6,63.5,83.3,43.7
2024-11-01,EA,38.2,63.5,83.3,43.7
2024-12-01,EA,43.1,63.5,83.3,43.7
2025-01-01,EA,81.7,63.5,83.3,43.7
2025-02-01,EA,89.9,63.5,83.3,43.7
2025-03-01,EA,78.8,63.5,83.3,43.7
2025-04-01,EA,63.2,63.5,83.3,43.7
2025-05-01,EA,77.4,63.5,83.3,43.7
2025-06-01,EA,57.3,63.5,83.3,43.7
2025-07-01,EA,57.9,63.5,83.3,43.7
2025-08-01,EA,63.8,63.5,83.3,43.7
2025-09-01,EA,95.8,63.5,83.3,43.7
2025-10-01,EA,76.5,63.5,83.3,43.7
2025-11-01,EA,5.7,63.5,83.3,43.7
2024-09-01,EBAY,116.1,112.3,132.2,92.3
2024-10-01,EBAY,99.4,112.3,132.2,92.3
2024-11-01,EBAY,88.1,112.3,132.2,92.3
2024-12-01,EBAY,88.3,112.3,132.2,92.3
2025-01-01,EBAY,100.0,112.3,132.2,92.3
2025-02-01,EBAY,95.1,112.3,132.2,92.3
2025-03-01,EBAY,122.5,112.3,132.2,92.3
2025-04-01,EBAY,132.7,112.3,132.2,92.3
2025-05-01,EBAY,108.8,112.3,132.2,92.3
2025-06-01,EBAY,122.2,112.3,132.2,92.3
2025-07-01,EBAY,121.0,112.3,132.2,92.3
2025-08-01,EBAY,130.9,112.3,132.2,92.3
2025-09-01,EBAY,117.4,112.3,132.2,92.3
2025-10-01,EBAY,143.0,112.3,132.2,92.3
2025-11-01,EBAY,16.6,112.3,132.2,92.3
2024-09-01,EC,41.1,49.2,58.8,39.5
2024-10-01,EC,57.6,49.2,58.8,39.5
2024-11-01,EC,59.5,49.2,58.8,39.5
2024-12-01,EC,43.1,49.2,58.8,39.5
2025-01-01,EC,55.3,49.2,58.8,39.5
2025-02-01,EC,54.9,49.2,58.8,39.5
2025-03-01,EC,48.4,49.2,58.8,39.5
2025-04-01,EC,68.6,49.2,58.8,39.5
2025-05-01,EC,48.0,49.2,58.8,39.5
2025-06-01,EC,51.4,49.2,58.8,39.5
2025-07-01,EC,46.8,49.2,58.8,39.5
2025-08-01,EC,41.3,49.2,58.8,39.5
2025-09-01,EC,38.5,49.2,58.8,39.5
2025-10-01,EC,43.1,49.2,58.8,39.5
2025-11-01,EC,5.9,49.2,58.8,39.5
2024-09-01,ECH,3.6,7.5,10.0,4.9
2024-10-01,ECH,4.9,7.5,10.0,4.9
2024-11-01,ECH,5.0,7.5,10.0,4.9
2024-12-01,ECH,6.2,7.5,10.0,4.9
2025-01-01,ECH,5.8,7.5,10.0,4.9
2025-02-01,ECH,6.1,7.5,10.0,4.9
2025-03-01,ECH,7.2,7.5,10.0,4.9
2025-04-01,ECH,10.1,7.5,10.0,4.9
2025-05-01,ECH,9.3,7.5,10.0,4.9
2025-06-01,ECH,9.1,7.5,10.0,4.9
2025-07-01,ECH,6.1,7.5,10.0,4.9
2025-08-01,ECH,9.3,7.5,10.0,4.9
2025-09-01,ECH,9.2,7.5,10.0,4.9
2025-10-01,ECH,12.9,7.5,10.0,4.9
2025-11-01,ECH,3.1,7.5,10.0,4.9
2024-09-01,ECL,18.9,25.6,30.9,20.4
2024-10-01,ECL,20.1,25.6,30.9,20.4
2024-11-01,ECL,22.4,25.6,30.9,20.4
2024-12-01,ECL,22.4,25.6,30.9,20.4
2025-01-01,ECL,23.2,25.6,30.9,20.4
2025-02-01,ECL,25.8,25.6,30.9,20.4
2025-03-01,ECL,33.9,25.6,30.9,20.4
2025-04-01,ECL,32.4,25.6,30.9,20.4
2025-05-01,ECL,24.3,25.6,30.9,20.4
2025-06-01,ECL,27.4,25.6,30.9,20.4
2025-07-01,ECL,25.3,25.6,30.9,20.4
2025-08-01,ECL,22.6,25.6,30.9,20.4
2025-09-01,ECL,31.4,25.6,30.9,20.4
2025-10-01,ECL,32.2,25.6,30.9,20.4
2025-11-01,ECL,5.2,25.6,30.9,20.4
2024-09-01,ED,32.3,49.7,60.9,38.4
2024-10-01,ED,41.5,49.7,60.9,38.4
2024-11-01,ED,45.0,49.7,60.9,38.4
2024-12-01,ED,48.9,49.7,60.9,38.4
2025-01-01,ED,49.6,49.7,60.9,38.4
2025-02-01,ED,51.1,49.7,60.9,38.4
2025-03-01,ED,65.3,49.7,60.9,38.4
2025-04-01,ED,63.1,49.7,60.9,38.4
2025-05-01,ED,64.7,49.7,60.9,38.4
2025-06-01,ED,58.1,49.7,60.9,38.4
2025-07-01,ED,45.3,49.7,60.9,38.4
2025-08-01,ED,59.2,49.7,60.9,38.4
2025-09-01,ED,44.0,49.7,60.9,38.4
2025-10-01,ED,37.5,49.7,60.9,38.4
2025-11-01,ED,5.6,49.7,60.9,38.4
2024-09-01,EDEN,0.1,0.2,0.3,0.1
2024-10-01,EDEN,0.5,0.2,0.3,0.1
2024-11-01,EDEN,0.4,0.2,0.3,0.1
2024-12-01,EDEN,0.2,0.2,0.3,0.1
2025-01-01,EDEN,0.3,0.2,0.3,0.1
2025-02-01,EDEN,0.2,0.2,0.3,0.1
2025-03-01,EDEN,0.2,0.2,0.3,0.1
2025-04-01,EDEN,0.2,0.2,0.3,0.1
2025-05-01,EDEN,0.1,0.2,0.3,0.1
2025-06-01,EDEN,0.1,0.2,0.3,0.1
2025-07-01,EDEN,0.5,0.2,0.3,0.1
2025-08-01,EDEN,0.1,0.2,0.3,0.1
2025-09-01,EDEN,0.1,0.2,0.3,0.1
2025-10-01,EDEN,0.1,0.2,0.3,0.1
2025-11-01,EDEN,0.0,0.2,0.3,0.1
2024-09-01,EDV,15.3,22.2,28.5,15.8
2024-10-01,EDV,23.2,22.2,28.5,15.8
2024-11-01,EDV,20.3,22.2,28.5,15.8
2024-12-01,EDV,24.5,22.2,28.5,15.8
2025-01-01,EDV,27.5,22.2,28.5,15.8
2025-02-01,EDV,18.0,22.2,28.5,15.8
2025-03-01,EDV,19.2,22.2,28.5,15.8
2025-04-01,EDV,37.4,22.2,28.5,15.8
2025-05-01,EDV,22.1,22.2,28.5,15.8
2025-06-01,EDV,12.5,22.2,28.5,15.8
2025-07-01,EDV,17.5,22.2,28.5,15.8
2025-08-01,EDV,21.0,22.2,28.5,15.8
2025-09-01,EDV,26.2,22.2,28.5,15.8
2025-10-01,EDV,27.7,22.2,28.5,15.8
2025-11-01,EDV,2.7,22.2,28.5,15.8
2024-09-01,EFNL,0.0,0.2,0.4,-0.0
2024-10-01,EFNL,0.2,0.2,0.4,-0.0
2024-11-01,EFNL,0.1,0.2,0.4,-0.0
2024-12-01,EFNL,0.1,0.2,0.4,-0.0
2025-01-01,EFNL,0.1,0.2,0.4,-0.0
2025-02-01,EFNL,0.1,0.2,0.4,-0.0
2025-03-01,EFNL,0.6,0.2,0.4,-0.0
2025-04-01,EFNL,0.7,0.2,0.4,-0.0
2025-05-01,EFNL,0.1,0.2,0.4,-0.0
2025-06-01,EFNL,0.2,0.2,0.4,-0.0
2025-07-01,EFNL,0.1,0.2,0.4,-0.0
2025-08-01,EFNL,0.0,0.2,0.4,-0.0
2025-09-01,EFNL,0.1,0.2,0.4,-0.0
2025-10-01,EFNL,0.1,0.2,0.4,-0.0
2025-11-01,EFNL,0.0,0.2,0.4,-0.0
2024-09-01,EFX,20.7,22.1,26.5,17.6
2024-10-01,EFX,21.9,22.1,26.5,17.6
2024-11-01,EFX,22.5,22.1,26.5,17.6
2024-12-01,EFX,19.1,22.1,26.5,17.6
2025-01-01,EFX,17.1,22.1,26.5,17.6
2025-02-01,EFX,24.2,22.1,26.5,17.6
2025-03-01,EFX,22.7,22.1,26.5,17.6
2025-04-01,EFX,27.9,22.1,26.5,17.6
2025-05-01,EFX,18.5,22.1,26.5,17.6
2025-06-01,EFX,17.7,22.1,26.5,17.6
2025-07-01,EFX,23.8,22.1,26.5,17.6
2025-08-01,EFX,20.8,22.1,26.5,17.6
2025-09-01,EFX,21.0,22.1,26.5,17.6
2025-10-01,EFX,32.7,22.1,26.5,17.6
2025-11-01,EFX,6.0,22.1,26.5,17.6
2024-09-01,EG,6.8,8.2,9.7,6.7
2024-10-01,EG,10.8,8.2,9.7,6.7
2024-11-01,EG,9.4,8.2,9.7,6.7
2024-12-01,EG,7.2,8.2,9.7,6.7
2025-01-01,EG,8.3,8.2,9.7,6.7
2025-02-01,EG,8.5,8.2,9.7,6.7
2025-03-01,EG,9.5,8.2,9.7,6.7
2025-04-01,EG,7.7,8.2,9.7,6.7
2025-05-01,EG,10.0,8.2,9.7,6.7
2025-06-01,EG,8.0,8.2,9.7,6.7
2025-07-01,EG,7.4,8.2,9.7,6.7
2025-08-01,EG,6.0,8.2,9.7,6.7
2025-09-01,EG,8.1,8.2,9.7,6.7
2025-10-01,EG,8.6,8.2,9.7,6.7
2025-11-01,EG,1.5,8.2,9.7,6.7
2024-09-01,EIDO,12.3,12.9,17.1,8.8
2024-10-01,EIDO,9.0,12.9,17.1,8.8
2024-11-01,EIDO,9.2,12.9,17.1,8.8
2024-12-01,EIDO,8.2,12.9,17.1,8.8
2025-01-01,EIDO,8.2,12.9,17.1,8.8
2025-02-01,EIDO,15.0,12.9,17.1,8.8
2025-03-01,EIDO,21.0,12.9,17.1,8.8
2025-04-01,EIDO,16.4,12.9,17.1,8.8
2025-05-01,EIDO,11.0,12.9,17.1,8.8
2025-06-01,EIDO,14.4,12.9,17.1,8.8
2025-07-01,EIDO,14.2,12.9,17.1,8.8
2025-08-01,EIDO,17.2,12.9,17.1,8.8
2025-09-01,EIDO,17.9,12.9,17.1,8.8
2025-10-01,EIDO,9.5,12.9,17.1,8.8
2025-11-01,EIDO,1.7,12.9,17.1,8.8
2024-09-01,EIRL,0.1,0.2,0.3,0.0
2024-10-01,EIRL,0.7,0.2,0.3,0.0
2024-11-01,EIRL,0.3,0.2,0.3,0.0
2024-12-01,EIRL,0.2,0.2,0.3,0.0
2025-01-01,EIRL,0.2,0.2,0.3,0.0
2025-02-01,EIRL,0.1,0.2,0.3,0.0
2025-03-01,EIRL,0.1,0.2,0.3,0.0
2025-04-01,EIRL,0.1,0.2,0.3,0.0
2025-05-01,EIRL,0.1,0.2,0.3,0.0
2025-06-01,EIRL,0.1,0.2,0.3,0.0
2025-07-01,EIRL,0.2,0.2,0.3,0.0
2025-08-01,EIRL,0.1,0.2,0.3,0.0
2025-09-01,EIRL,0.1,0.2,0.3,0.0
2025-10-01,EIRL,0.1,0.2,0.3,0.0
2025-11-01,EIRL,0.0,0.2,0.3,0.0
2024-09-01,EIS,0.3,1.0,1.5,0.5
2024-10-01,EIS,0.7,1.0,1.5,0.5
2024-11-01,EIS,0.5,1.0,1.5,0.5
2024-12-01,EIS,0.8,1.0,1.5,0.5
2025-01-01,EIS,1.3,1.0,1.5,0.5
2025-02-01,EIS,1.5,1.0,1.5,0.5
2025-03-01,EIS,2.0,1.0,1.5,0.5
2025-04-01,EIS,0.5,1.0,1.5,0.5
2025-05-01,EIS,0.5,1.0,1.5,0.5
2025-06-01,EIS,1.5,1.0,1.5,0.5
2025-07-01,EIS,1.5,1.0,1.5,0.5
2025-08-01,EIS,1.2,1.0,1.5,0.5
2025-09-01,EIS,0.8,1.0,1.5,0.5
2025-10-01,EIS,1.5,1.0,1.5,0.5
2025-11-01,EIS,0.1,1.0,1.5,0.5
2024-09-01,EIX,43.4,72.9,101.5,44.2
2024-10-01,EIX,43.0,72.9,101.5,44.2
2024-11-01,EIX,48.0,72.9,101.5,44.2
2024-12-01,EIX,42.4,72.9,101.5,44.2
2025-01-01,EIX,147.4,72.9,101.5,44.2
2025-02-01,EIX,106.0,72.9,101.5,44.2
2025-03-01,EIX,91.7,72.9,101.5,44.2
2025-04-01,EIX,72.0,72.9,101.5,44.2
2025-05-01,EIX,54.3,72.9,101.5,44.2
2025-06-01,EIX,92.9,72.9,101.5,44.2
2025-07-01,EIX,84.7,72.9,101.5,44.2
2025-08-01,EIX,66.9,72.9,101.5,44.2
2025-09-01,EIX,72.0,72.9,101.5,44.2
2025-10-01,EIX,74.1,72.9,101.5,44.2
2025-11-01,EIX,11.4,72.9,101.5,44.2
2024-09-01,EL,89.7,85.8,103.0,68.6
2024-10-01,EL,96.3,85.8,103.0,68.6
2024-11-01,EL,115.1,85.8,103.0,68.6
2024-12-01,EL,81.3,85.8,103.0,68.6
2025-01-01,EL,64.4,85.8,103.0,68.6
2025-02-01,EL,102.7,85.8,103.0,68.6
2025-03-01,EL,66.1,85.8,103.0,68.6
2025-04-01,EL,110.0,85.8,103.0,68.6
2025-05-01,EL,80.5,85.8,103.0,68.6
2025-06-01,EL,92.4,85.8,103.0,68.6
2025-07-01,EL,88.4,85.8,103.0,68.6
2025-08-01,EL,85.3,85.8,103.0,68.6
2025-09-01,EL,64.5,85.8,103.0,68.6
2025-10-01,EL,80.3,85.8,103.0,68.6
2025-11-01,EL,14.7,85.8,103.0,68.6
2024-09-01,ELV,18.7,39.5,51.2,27.8
2024-10-01,ELV,46.0,39.5,51.2,27.8
2024-11-01,ELV,38.3,39.5,51.2,27.8
2024-12-01,ELV,40.7,39.5,51.2,27.8
2025-01-01,ELV,36.3,39.5,51.2,27.8
2025-02-01,ELV,27.4,39.5,51.2,27.8
2025-03-01,ELV,34.2,39.5,51.2,27.8
2025-04-01,ELV,41.1,39.5,51.2,27.8
2025-05-01,ELV,38.1,39.5,51.2,27.8
2025-06-01,ELV,31.7,39.5,51.2,27.8
2025-07-01,ELV,69.1,39.5,51.2,27.8
2025-08-01,ELV,47.8,39.5,51.2,27.8
2025-09-01,ELV,42.2,39.5,51.2,27.8
2025-10-01,ELV,42.9,39.5,51.2,27.8
2025-11-01,ELV,4.4,39.5,51.2,27.8
2024-09-01,EME,7.9,10.0,13.5,6.6
2024-10-01,EME,6.6,10.0,13.5,6.6
2024-11-01,EME,9.9,10.0,13.5,6.6
2024-12-01,EME,7.3,10.0,13.5,6.6
2025-01-01,EME,10.1,10.0,13.5,6.6
2025-02-01,EME,10.0,10.0,13.5,6.6
2025-03-01,EME,11.5,10.0,13.5,6.6
2025-04-01,EME,12.5,10.0,13.5,6.6
2025-05-01,EME,9.8,10.0,13.5,6.6
2025-06-01,EME,9.2,10.0,13.5,6.6
2025-07-01,EME,8.8,10.0,13.5,6.6
2025-08-01,EME,6.6,10.0,13.5,6.6
2025-09-01,EME,20.3,10.0,13.5,6.6
2025-10-01,EME,12.1,10.0,13.5,6.6
2025-11-01,EME,1.2,10.0,13.5,6.6
2024-09-01,EMN,19.8,29.5,37.7,21.3
2024-10-01,EMN,17.6,29.5,37.7,21.3
2024-11-01,EMN,22.9,29.5,37.7,21.3
2024-12-01,EMN,25.4,29.5,37.7,21.3
2025-01-01,EMN,22.7,29.5,37.7,21.3
2025-02-01,EMN,19.3,29.5,37.7,21.3
2025-03-01,EMN,23.8,29.5,37.7,21.3
2025-04-01,EMN,38.8,29.5,37.7,21.3
2025-05-01,EMN,38.4,29.5,37.7,21.3
2025-06-01,EMN,41.0,29.5,37.7,21.3
2025-07-01,EMN,32.6,29.5,37.7,21.3
2025-08-01,EMN,39.2,29.5,37.7,21.3
2025-09-01,EMN,32.1,29.5,37.7,21.3
2025-10-01,EMN,36.9,29.5,37.7,21.3
2025-11-01,EMN,38.1,29.5,37.7,21.3
2024-09-01,EMR,64.0,62.6,72.3,53.0
2024-10-01,EMR,51.9,62.6,72.3,53.0
2024-11-01,EMR,67.5,62.6,72.3,53.0
2024-12-01,EMR,63.3,62.6,72.3,53.0
2025-01-01,EMR,59.9,62.6,72.3,53.0
2025-02-01,EMR,49.8,62.6,72.3,53.0
2025-03-01,EMR,71.8,62.6,72.3,53.0
2025-04-01,EMR,72.6,62.6,72.3,53.0
2025-05-01,EMR,66.0,62.6,72.3,53.0
2025-06-01,EMR,60.4,62.6,72.3,53.0
2025-07-01,EMR,62.6,62.6,72.3,53.0
2025-08-01,EMR,77.3,62.6,72.3,53.0
2025-09-01,EMR,66.4,62.6,72.3,53.0
2025-10-01,EMR,53.8,62.6,72.3,53.0
2025-11-01,EMR,12.0,62.6,72.3,53.0
2024-09-01,ENZL,0.7,0.2,0.4,0.0
2024-10-01,ENZL,0.5,0.2,0.4,0.0
2024-11-01,ENZL,0.3,0.2,0.4,0.0
2024-12-01,ENZL,0.2,0.2,0.4,0.0
2025-01-01,ENZL,0.1,0.2,0.4,0.0
2025-02-01,ENZL,0.1,0.2,0.4,0.0
2025-03-01,ENZL,0.2,0.2,0.4,0.0
2025-04-01,ENZL,0.2,0.2,0.4,0.0
2025-05-01,ENZL,0.1,0.2,0.4,0.0
2025-06-01,ENZL,0.1,0.2,0.4,0.0
2025-07-01,ENZL,0.1,0.2,0.4,0.0
2025-08-01,ENZL,0.1,0.2,0.4,0.0
2025-09-01,ENZL,0.2,0.2,0.4,0.0
2025-10-01,ENZL,0.1,0.2,0.4,0.0
2025-11-01,ENZL,0.0,0.2,0.4,0.0
2024-09-01,EOG,80.6,71.9,87.9,55.9
2024-10-01,EOG,55.6,71.9,87.9,55.9
2024-11-01,EOG,58.4,71.9,87.9,55.9
2024-12-01,EOG,69.7,71.9,87.9,55.9
2025-01-01,EOG,62.3,71.9,87.9,55.9
2025-02-01,EOG,51.8,71.9,87.9,55.9
2025-03-01,EOG,87.2,71.9,87.9,55.9
2025-04-01,EOG,95.4,71.9,87.9,55.9
2025-05-01,EOG,80.7,71.9,87.9,55.9
2025-06-01,EOG,88.0,71.9,87.9,55.9
2025-07-01,EOG,65.2,71.9,87.9,55.9
2025-08-01,EOG,56.5,71.9,87.9,55.9
2025-09-01,EOG,70.3,71.9,87.9,55.9
2025-10-01,EOG,93.9,71.9,87.9,55.9
2025-11-01,EOG,12.1,71.9,87.9,55.9
2024-09-01,EPAM,15.0,15.0,18.5,11.5
2024-10-01,EPAM,10.9,15.0,18.5,11.5
2024-11-01,EPAM,13.8,15.0,18.5,11.5
2024-12-01,EPAM,15.4,15.0,18.5,11.5
2025-01-01,EPAM,10.3,15.0,18.5,11.5
2025-02-01,EPAM,15.6,15.0,18.5,11.5
2025-03-01,EPAM,15.6,15.0,18.5,11.5
2025-04-01,EPAM,15.3,15.0,18.5,11.5
2025-05-01,EPAM,22.8,15.0,18.5,11.5
2025-06-01,EPAM,13.9,15.0,18.5,11.5
2025-07-01,EPAM,11.9,15.0,18.5,11.5
2025-08-01,EPAM,18.6,15.0,18.5,11.5
2025-09-01,EPAM,18.8,15.0,18.5,11.5
2025-10-01,EPAM,14.8,15.0,18.5,11.5
2025-11-01,EPAM,2.7,15.0,18.5,11.5
2024-09-01,EPHE,1.1,1.6,2.1,1.2
2024-10-01,EPHE,1.1,1.6,2.1,1.2
2024-11-01,EPHE,1.2,1.6,2.1,1.2
2024-12-01,EPHE,1.2,1.6,2.1,1.2
2025-01-01,EPHE,1.2,1.6,2.1,1.2
2025-02-01,EPHE,1.7,1.6,2.1,1.2
2025-03-01,EPHE,2.3,1.6,2.1,1.2
2025-04-01,EPHE,1.7,1.6,2.1,1.2
2025-05-01,EPHE,2.0,1.6,2.1,1.2
2025-06-01,EPHE,1.6,1.6,2.1,1.2
2025-07-01,EPHE,1.7,1.6,2.1,1.2
2025-08-01,EPHE,2.4,1.6,2.1,1.2
2025-09-01,EPHE,2.3,1.6,2.1,1.2
2025-10-01,EPHE,1.7,1.6,2.1,1.2
2025-11-01,EPHE,0.3,1.6,2.1,1.2
2024-09-01,EPOL,3.6,7.7,11.4,3.9
2024-10-01,EPOL,3.7,7.7,11.4,3.9
2024-11-01,EPOL,4.7,7.7,11.4,3.9
2024-12-01,EPOL,2.6,7.7,11.4,3.9
2025-01-01,EPOL,3.6,7.7,11.4,3.9
2025-02-01,EPOL,6.8,7.7,11.4,3.9
2025-03-01,EPOL,13.7,7.7,11.4,3.9
2025-04-01,EPOL,13.1,7.7,11.4,3.9
2025-05-01,EPOL,11.4,7.7,11.4,3.9
2025-06-01,EPOL,10.7,7.7,11.4,3.9
2025-07-01,EPOL,6.7,7.7,11.4,3.9
2025-08-01,EPOL,11.6,7.7,11.4,3.9
2025-09-01,EPOL,9.7,7.7,11.4,3.9
2025-10-01,EPOL,6.7,7.7,11.4,3.9
2025-11-01,EPOL,1.2,7.7,11.4,3.9
2024-09-01,EPU,0.3,0.7,1.7,-0.2
2024-10-01,EPU,0.3,0.7,1.7,-0.2
2024-11-01,EPU,0.2,0.7,1.7,-0.2
2024-12-01,EPU,0.3,0.7,1.7,-0.2
2025-01-01,EPU,0.3,0.7,1.7,-0.2
2025-02-01,EPU,0.2,0.7,1.7,-0.2
2025-03-01,EPU,4.0,0.7,1.7,-0.2
2025-04-01,EPU,0.7,0.7,1.7,-0.2
2025-05-01,EPU,0.6,0.7,1.7,-0.2
2025-06-01,EPU,0.3,0.7,1.7,-0.2
2025-07-01,EPU,0.4,0.7,1.7,-0.2
2025-08-01,EPU,0.3,0.7,1.7,-0.2
2025-09-01,EPU,0.7,0.7,1.7,-0.2
2025-10-01,EPU,1.3,0.7,1.7,-0.2
2025-11-01,EPU,0.1,0.7,1.7,-0.2
2024-09-01,EQIX,9.7,11.5,14.4,8.7
2024-10-01,EQIX,9.4,11.5,14.4,8.7
2024-11-01,EQIX,11.3,11.5,14.4,8.7
2024-12-01,EQIX,9.9,11.5,14.4,8.7
2025-01-01,EQIX,10.8,11.5,14.4,8.7
2025-02-01,EQIX,10.3,11.5,14.4,8.7
2025-03-01,EQIX,17.3,11.5,14.4,8.7
2025-04-01,EQIX,13.6,11.5,14.4,8.7
2025-05-01,EQIX,10.6,11.5,14.4,8.7
2025-06-01,EQIX,16.9,11.5,14.4,8.7
2025-07-01,EQIX,13.5,11.5,14.4,8.7
2025-08-01,EQIX,8.3,11.5,14.4,8.7
2025-09-01,EQIX,10.5,11.5,14.4,8.7
2025-10-01,EQIX,11.1,11.5,14.4,8.7
2025-11-01,EQIX,1.5,11.5,14.4,8.7
2024-09-01,EQR,36.9,39.4,48.4,30.4
2024-10-01,EQR,32.0,39.4,48.4,30.4
2024-11-01,EQR,30.7,39.4,48.4,30.4
2024-12-01,EQR,29.8,39.4,48.4,30.4
2025-01-01,EQR,33.9,39.4,48.4,30.4
2025-02-01,EQR,29.5,39.4,48.4,30.4
2025-03-01,EQR,36.7,39.4,48.4,30.4
2025-04-01,EQR,47.4,39.4,48.4,30.4
2025-05-01,EQR,43.4,39.4,48.4,30.4
2025-06-01,EQR,39.3,39.4,48.4,30.4
2025-07-01,EQR,44.1,39.4,48.4,30.4
2025-08-01,EQR,46.5,39.4,48.4,30.4
2025-09-01,EQR,44.1,39.4,48.4,30.4
2025-10-01,EQR,59.5,39.4,48.4,30.4
2025-11-01,EQR,10.3,39.4,48.4,30.4
2024-09-01,EQT,135.5,163.5,194.4,132.7
2024-10-01,EQT,151.0,163.5,194.4,132.7
2024-11-01,EQT,172.5,163.5,194.4,132.7
2024-12-01,EQT,137.0,163.5,194.4,132.7
2025-01-01,EQT,170.3,163.5,194.4,132.7
2025-02-01,EQT,165.9,163.5,194.4,132.7
2025-03-01,EQT,160.7,163.5,194.4,132.7
2025-04-01,EQT,213.2,163.5,194.4,132.7
2025-05-01,EQT,148.4,163.5,194.4,132.7
2025-06-01,EQT,148.9,163.5,194.4,132.7
2025-07-01,EQT,222.3,163.5,194.4,132.7
2025-08-01,EQT,137.7,163.5,194.4,132.7
2025-09-01,EQT,186.9,163.5,194.4,132.7
2025-10-01,EQT,164.1,163.5,194.4,132.7
2025-11-01,EQT,19.8,163.5,194.4,132.7
2024-09-01,ERIE,7.9,3.4,4.7,2.1
2024-10-01,ERIE,3.3,3.4,4.7,2.1
2024-11-01,ERIE,3.2,3.4,4.7,2.1
2024-12-01,ERIE,2.8,3.4,4.7,2.1
2025-01-01,ERIE,4.2,3.4,4.7,2.1
2025-02-01,ERIE,2.5,3.4,4.7,2.1
2025-03-01,ERIE,2.8,3.4,4.7,2.1
2025-04-01,ERIE,3.6,3.4,4.7,2.1
2025-05-01,ERIE,2.7,3.4,4.7,2.1
2025-06-01,ERIE,2.9,3.4,4.7,2.1
2025-07-01,ERIE,3.3,3.4,4.7,2.1
2025-08-01,ERIE,2.7,3.4,4.7,2.1
2025-09-01,ERIE,2.9,3.4,4.7,2.1
2025-10-01,ERIE,3.2,3.4,4.7,2.1
2025-11-01,ERIE,0.5,3.4,4.7,2.1
2024-09-01,ES,38.2,52.7,63.7,41.7
2024-10-01,ES,44.8,52.7,63.7,41.7
2024-11-01,ES,44.0,52.7,63.7,41.7
2024-12-01,ES,46.2,52.7,63.7,41.7
2025-01-01,ES,61.0,52.7,63.7,41.7
2025-02-01,ES,61.3,52.7,63.7,41.7
2025-03-01,ES,49.6,52.7,63.7,41.7
2025-04-01,ES,69.3,52.7,63.7,41.7
2025-05-01,ES,56.9,52.7,63.7,41.7
2025-06-01,ES,53.8,52.7,63.7,41.7
2025-07-01,ES,44.0,52.7,63.7,41.7
2025-08-01,ES,47.8,52.7,63.7,41.7
2025-09-01,ES,72.7,52.7,63.7,41.7
2025-10-01,ES,57.7,52.7,63.7,41.7
2025-11-01,ES,9.2,52.7,63.7,41.7
2024-09-01,ESS,9.3,9.3,11.0,7.6
2024-10-01,ESS,7.7,9.3,11.0,7.6
2024-11-01,ESS,6.6,9.3,11.0,7.6
2024-12-01,ESS,7.8,9.3,11.0,7.6
2025-01-01,ESS,9.2,9.3,11.0,7.6
2025-02-01,ESS,9.5,9.3,11.0,7.6
2025-03-01,ESS,9.4,9.3,11.0,7.6
2025-04-01,ESS,11.3,9.3,11.0,7.6
2025-05-01,ESS,9.0,9.3,11.0,7.6
2025-06-01,ESS,10.1,9.3,11.0,7.6
2025-07-01,ESS,11.8,9.3,11.0,7.6
2025-08-01,ESS,10.4,9.3,11.0,7.6
2025-09-01,ESS,8.4,9.3,11.0,7.6
2025-10-01,ESS,11.5,9.3,11.0,7.6
2025-11-01,ESS,1.7,9.3,11.0,7.6
2024-09-01,ETN,45.9,52.4,67.6,37.3
2024-10-01,ETN,34.0,52.4,67.6,37.3
2024-11-01,ETN,41.5,52.4,67.6,37.3
2024-12-01,ETN,37.7,52.4,67.6,37.3
2025-01-01,ETN,73.0,52.4,67.6,37.3
2025-02-01,ETN,66.8,52.4,67.6,37.3
2025-03-01,ETN,84.6,52.4,67.6,37.3
2025-04-01,ETN,73.0,52.4,67.6,37.3
2025-05-01,ETN,51.7,52.4,67.6,37.3
2025-06-01,ETN,44.8,52.4,67.6,37.3
2025-07-01,ETN,46.3,52.4,67.6,37.3
2025-08-01,ETN,51.6,52.4,67.6,37.3
2025-09-01,ETN,48.7,52.4,67.6,37.3
2025-10-01,ETN,45.7,52.4,67.6,37.3
2025-11-01,ETN,13.9,52.4,67.6,37.3
2024-09-01,ETR,84.0,70.3,86.2,54.4
2024-10-01,ETR,74.7,70.3,86.2,54.4
2024-11-01,ETR,77.6,70.3,86.2,54.4
2024-12-01,ETR,63.5,70.3,86.2,54.4
2025-01-01,ETR,82.5,70.3,86.2,54.4
2025-02-01,ETR,69.2,70.3,86.2,54.4
2025-03-01,ETR,102.3,70.3,86.2,54.4
2025-04-01,ETR,91.4,70.3,86.2,54.4
2025-05-01,ETR,65.4,70.3,86.2,54.4
2025-06-01,ETR,55.8,70.3,86.2,54.4
2025-07-01,ETR,58.4,70.3,86.2,54.4
2025-08-01,ETR,53.6,70.3,86.2,54.4
2025-09-01,ETR,54.8,70.3,86.2,54.4
2025-10-01,ETR,64.3,70.3,86.2,54.4
2025-11-01,ETR,8.0,70.3,86.2,54.4
2024-09-01,EVRG,33.9,44.8,52.5,37.0
2024-10-01,EVRG,40.3,44.8,52.5,37.0
2024-11-01,EVRG,39.1,44.8,52.5,37.0
2024-12-01,EVRG,41.0,44.8,52.5,37.0
2025-01-01,EVRG,36.6,44.8,52.5,37.0
2025-02-01,EVRG,39.0,44.8,52.5,37.0
2025-03-01,EVRG,57.4,44.8,52.5,37.0
2025-04-01,EVRG,50.5,44.8,52.5,37.0
2025-05-01,EVRG,52.5,44.8,52.5,37.0
2025-06-01,EVRG,49.3,44.8,52.5,37.0
2025-07-01,EVRG,49.7,44.8,52.5,37.0
2025-08-01,EVRG,48.1,44.8,52.5,37.0
2025-09-01,EVRG,48.5,44.8,52.5,37.0
2025-10-01,EVRG,46.4,44.8,52.5,37.0
2025-11-01,EVRG,8.4,44.8,52.5,37.0
2024-09-01,EW,153.5,102.5,125.9,79.2
2024-10-01,EW,133.9,102.5,125.9,79.2
2024-11-01,EW,88.9,102.5,125.9,79.2
2024-12-01,EW,113.3,102.5,125.9,79.2
2025-01-01,EW,93.7,102.5,125.9,79.2
2025-02-01,EW,79.9,102.5,125.9,79.2
2025-03-01,EW,99.7,102.5,125.9,79.2
2025-04-01,EW,112.4,102.5,125.9,79.2
2025-05-01,EW,95.9,102.5,125.9,79.2
2025-06-01,EW,74.9,102.5,125.9,79.2
2025-07-01,EW,105.9,102.5,125.9,79.2
2025-08-01,EW,79.2,102.5,125.9,79.2
2025-09-01,EW,94.6,102.5,125.9,79.2
2025-10-01,EW,119.6,102.5,125.9,79.2
2025-11-01,EW,14.6,102.5,125.9,79.2
2024-09-01,EWA,30.5,44.8,65.3,24.4
2024-10-01,EWA,31.1,44.8,65.3,24.4
2024-11-01,EWA,27.1,44.8,65.3,24.4
2024-12-01,EWA,31.0,44.8,65.3,24.4
2025-01-01,EWA,20.7,44.8,65.3,24.4
2025-02-01,EWA,38.6,44.8,65.3,24.4
2025-03-01,EWA,46.4,44.8,65.3,24.4
2025-04-01,EWA,58.9,44.8,65.3,24.4
2025-05-01,EWA,28.1,44.8,65.3,24.4
2025-06-01,EWA,35.1,44.8,65.3,24.4
2025-07-01,EWA,54.3,44.8,65.3,24.4
2025-08-01,EWA,58.5,44.8,65.3,24.4
2025-09-01,EWA,74.6,44.8,65.3,24.4
2025-10-01,EWA,92.0,44.8,65.3,24.4
2025-11-01,EWA,9.5,44.8,65.3,24.4
2024-09-01,EWC,38.4,47.8,61.5,34.2
2024-10-01,EWC,42.1,47.8,61.5,34.2
2024-11-01,EWC,38.8,47.8,61.5,34.2
2024-12-01,EWC,48.8,47.8,61.5,34.2
2025-01-01,EWC,50.9,47.8,61.5,34.2
2025-02-01,EWC,45.1,47.8,61.5,34.2
2025-03-01,EWC,82.0,47.8,61.5,34.2
2025-04-01,EWC,71.9,47.8,61.5,34.2
2025-05-01,EWC,40.2,47.8,61.5,34.2
2025-06-01,EWC,48.3,47.8,61.5,34.2
2025-07-01,EWC,48.3,47.8,61.5,34.2
2025-08-01,EWC,50.2,47.8,61.5,34.2
2025-09-01,EWC,37.4,47.8,61.5,34.2
2025-10-01,EWC,36.2,47.8,61.5,34.2
2025-11-01,EWC,5.6,47.8,61.5,34.2
2024-09-01,EWD,2.5,3.4,4.8,1.9
2024-10-01,EWD,3.8,3.4,4.8,1.9
2024-11-01,EWD,4.2,3.4,4.8,1.9
2024-12-01,EWD,4.0,3.4,4.8,1.9
2025-01-01,EWD,4.2,3.4,4.8,1.9
2025-02-01,EWD,2.9,3.4,4.8,1.9
2025-03-01,EWD,4.8,3.4,4.8,1.9
2025-04-01,EWD,3.4,3.4,4.8,1.9
2025-05-01,EWD,3.9,3.4,4.8,1.9
2025-06-01,EWD,3.2,3.4,4.8,1.9
2025-07-01,EWD,6.3,3.4,4.8,1.9
2025-08-01,EWD,1.5,3.4,4.8,1.9
2025-09-01,EWD,1.0,3.4,4.8,1.9
2025-10-01,EWD,1.8,3.4,4.8,1.9
2025-11-01,EWD,0.3,3.4,4.8,1.9
2024-09-01,EWG,9.4,42.6,69.4,15.8
2024-10-01,EWG,10.9,42.6,69.4,15.8
2024-11-01,EWG,14.6,42.6,69.4,15.8
2024-12-01,EWG,18.5,42.6,69.4,15.8
2025-01-01,EWG,19.1,42.6,69.4,15.8
2025-02-01,EWG,28.4,42.6,69.4,15.8
2025-03-01,EWG,92.2,42.6,69.4,15.8
2025-04-01,EWG,89.4,42.6,69.4,15.8
2025-05-01,EWG,56.5,42.6,69.4,15.8
2025-06-01,EWG,65.1,42.6,69.4,15.8
2025-07-01,EWG,51.2,42.6,69.4,15.8
2025-08-01,EWG,37.2,42.6,69.4,15.8
2025-09-01,EWG,58.0,42.6,69.4,15.8
2025-10-01,EWG,49.8,42.6,69.4,15.8
2025-11-01,EWG,10.6,42.6,69.4,15.8
2024-09-01,EWH,54.5,69.8,87.4,52.2
2024-10-01,EWH,83.7,69.8,87.4,52.2
2024-11-01,EWH,48.0,69.8,87.4,52.2
2024-12-01,EWH,50.5,69.8,87.4,52.2
2025-01-01,EWH,51.7,69.8,87.4,52.2
2025-02-01,EWH,75.6,69.8,87.4,52.2
2025-03-01,EWH,99.2,69.8,87.4,52.2
2025-04-01,EWH,91.0,69.8,87.4,52.2
2025-05-01,EWH,58.0,69.8,87.4,52.2
2025-06-01,EWH,64.0,69.8,87.4,52.2
2025-07-01,EWH,83.6,69.8,87.4,52.2
2025-08-01,EWH,70.3,69.8,87.4,52.2
2025-09-01,EWH,67.5,69.8,87.4,52.2
2025-10-01,EWH,85.9,69.8,87.4,52.2
2025-11-01,EWH,6.4,69.8,87.4,52.2
2024-09-01,EWI,7.2,9.0,11.9,6.0
2024-10-01,EWI,12.2,9.0,11.9,6.0
2024-11-01,EWI,6.3,9.0,11.9,6.0
2024-12-01,EWI,5.5,9.0,11.9,6.0
2025-01-01,EWI,6.3,9.0,11.9,6.0
2025-02-01,EWI,8.3,9.0,11.9,6.0
2025-03-01,EWI,14.4,9.0,11.9,6.0
2025-04-01,EWI,14.3,9.0,11.9,6.0
2025-05-01,EWI,9.0,9.0,11.9,6.0
2025-06-01,EWI,5.8,9.0,11.9,6.0
2025-07-01,EWI,10.5,9.0,11.9,6.0
2025-08-01,EWI,7.5,9.0,11.9,6.0
2025-09-01,EWI,8.6,9.0,11.9,6.0
2025-10-01,EWI,10.2,9.0,11.9,6.0
2025-11-01,EWI,2.3,9.0,11.9,6.0
2024-09-01,EWJ,112.4,107.2,135.5,78.8
2024-10-01,EWJ,92.9,107.2,135.5,78.8
2024-11-01,EWJ,88.1,107.2,135.5,78.8
2024-12-01,EWJ,83.7,107.2,135.5,78.8
2025-01-01,EWJ,76.5,107.2,135.5,78.8
2025-02-01,EWJ,70.4,107.2,135.5,78.8
2025-03-01,EWJ,108.5,107.2,135.5,78.8
2025-04-01,EWJ,155.1,107.2,135.5,78.8
2025-05-01,EWJ,98.5,107.2,135.5,78.8
2025-06-01,EWJ,91.8,107.2,135.5,78.8
2025-07-01,EWJ,141.9,107.2,135.5,78.8
2025-08-01,EWJ,114.6,107.2,135.5,78.8
2025-09-01,EWJ,116.4,107.2,135.5,78.8
2025-10-01,EWJ,155.3,107.2,135.5,78.8
2025-11-01,EWJ,17.5,107.2,135.5,78.8
2024-09-01,EWK,0.2,0.6,1.1,0.1
2024-10-01,EWK,0.2,0.6,1.1,0.1
2024-11-01,EWK,0.2,0.6,1.1,0.1
2024-12-01,EWK,0.3,0.6,1.1,0.1
2025-01-01,EWK,0.3,0.6,1.1,0.1
2025-02-01,EWK,0.1,0.6,1.1,0.1
2025-03-01,EWK,0.2,0.6,1.1,0.1
2025-04-01,EWK,0.9,0.6,1.1,0.1
2025-05-01,EWK,1.4,0.6,1.1,0.1
2025-06-01,EWK,2.0,0.6,1.1,0.1
2025-07-01,EWK,0.8,0.6,1.1,0.1
2025-08-01,EWK,0.5,0.6,1.1,0.1
2025-09-01,EWK,1.2,0.6,1.1,0.1
2025-10-01,EWK,0.4,0.6,1.1,0.1
2025-11-01,EWK,0.0,0.6,1.1,0.1
2024-09-01,EWL,6.9,8.8,10.9,6.7
2024-10-01,EWL,10.2,8.8,10.9,6.7
2024-11-01,EWL,6.2,8.8,10.9,6.7
2024-12-01,EWL,9.0,8.8,10.9,6.7
2025-01-01,EWL,8.0,8.8,10.9,6.7
2025-02-01,EWL,6.4,8.8,10.9,6.7
2025-03-01,EWL,10.6,8.8,10.9,6.7
2025-04-01,EWL,13.3,8.8,10.9,6.7
2025-05-01,EWL,10.5,8.8,10.9,6.7
2025-06-01,EWL,8.2,8.8,10.9,6.7
2025-07-01,EWL,9.1,8.8,10.9,6.7
2025-08-01,EWL,10.5,8.8,10.9,6.7
2025-09-01,EWL,7.8,8.8,10.9,6.7
2025-10-01,EWL,7.4,8.8,10.9,6.7
2025-11-01,EWL,1.1,8.8,10.9,6.7
2024-09-01,EWM,8.2,6.3,8.4,4.2
2024-10-01,EWM,10.5,6.3,8.4,4.2
2024-11-01,EWM,6.6,6.3,8.4,4.2
2024-12-01,EWM,5.6,6.3,8.4,4.2
2025-01-01,EWM,7.2,6.3,8.4,4.2
2025-02-01,EWM,5.8,6.3,8.4,4.2
2025-03-01,EWM,7.7,6.3,8.4,4.2
2025-04-01,EWM,9.5,6.3,8.4,4.2
2025-05-01,EWM,4.6,6.3,8.4,4.2
2025-06-01,EWM,4.2,6.3,8.4,4.2
2025-07-01,EWM,4.1,6.3,8.4,4.2
2025-08-01,EWM,4.5,6.3,8.4,4.2
2025-09-01,EWM,4.9,6.3,8.4,4.2
2025-10-01,EWM,5.9,6.3,8.4,4.2
2025-11-01,EWM,0.6,6.3,8.4,4.2
2024-09-01,EWN,2.1,1.4,2.0,0.7
2024-10-01,EWN,1.5,1.4,2.0,0.7
2024-11-01,EWN,1.8,1.4,2.0,0.7
2024-12-01,EWN,2.3,1.4,2.0,0.7
2025-01-01,EWN,1.6,1.4,2.0,0.7
2025-02-01,EWN,1.9,1.4,2.0,0.7
2025-03-01,EWN,0.9,1.4,2.0,0.7
2025-04-01,EWN,0.7,1.4,2.0,0.7
2025-05-01,EWN,1.0,1.4,2.0,0.7
2025-06-01,EWN,0.8,1.4,2.0,0.7
2025-07-01,EWN,0.6,1.4,2.0,0.7
2025-08-01,EWN,0.6,1.4,2.0,0.7
2025-09-01,EWN,1.5,1.4,2.0,0.7
2025-10-01,EWN,2.2,1.4,2.0,0.7
2025-11-01,EWN,0.3,1.4,2.0,0.7
2024-09-01,EWO,0.3,1.1,1.9,0.2
2024-10-01,EWO,0.4,1.1,1.9,0.2
2024-11-01,EWO,0.9,1.1,1.9,0.2
2024-12-01,EWO,0.2,1.1,1.9,0.2
2025-01-01,EWO,0.6,1.1,1.9,0.2
2025-02-01,EWO,0.6,1.1,1.9,0.2
2025-03-01,EWO,3.0,1.1,1.9,0.2
2025-04-01,EWO,2.8,1.1,1.9,0.2
2025-05-01,EWO,1.6,1.1,1.9,0.2
2025-06-01,EWO,1.8,1.1,1.9,0.2
2025-07-01,EWO,1.1,1.1,1.9,0.2
2025-08-01,EWO,0.9,1.1,1.9,0.2
2025-09-01,EWO,0.5,1.1,1.9,0.2
2025-10-01,EWO,0.4,1.1,1.9,0.2
2025-11-01,EWO,0.2,1.1,1.9,0.2
2024-09-01,EWP,6.0,9.3,12.1,6.4
2024-10-01,EWP,9.6,9.3,12.1,6.4
2024-11-01,EWP,7.1,9.3,12.1,6.4
2024-12-01,EWP,6.4,9.3,12.1,6.4
2025-01-01,EWP,4.9,9.3,12.1,6.4
2025-02-01,EWP,9.8,9.3,12.1,6.4
2025-03-01,EWP,8.8,9.3,12.1,6.4
2025-04-01,EWP,12.7,9.3,12.1,6.4
2025-05-01,EWP,12.2,9.3,12.1,6.4
2025-06-01,EWP,11.4,9.3,12.1,6.4
2025-07-01,EWP,10.9,9.3,12.1,6.4
2025-08-01,EWP,8.2,9.3,12.1,6.4
2025-09-01,EWP,7.7,9.3,12.1,6.4
2025-10-01,EWP,14.8,9.3,12.1,6.4
2025-11-01,EWP,2.1,9.3,12.1,6.4
2024-09-01,EWQ,9.8,8.0,10.1,5.9
2024-10-01,EWQ,8.4,8.0,10.1,5.9
2024-11-01,EWQ,8.1,8.0,10.1,5.9
2024-12-01,EWQ,12.4,8.0,10.1,5.9
2025-01-01,EWQ,8.2,8.0,10.1,5.9
2025-02-01,EWQ,9.1,8.0,10.1,5.9
2025-03-01,EWQ,10.1,8.0,10.1,5.9
2025-04-01,EWQ,9.1,8.0,10.1,5.9
2025-05-01,EWQ,6.2,8.0,10.1,5.9
2025-06-01,EWQ,9.1,8.0,10.1,5.9
2025-07-01,EWQ,6.4,8.0,10.1,5.9
2025-08-01,EWQ,4.8,8.0,10.1,5.9
2025-09-01,EWQ,5.8,8.0,10.1,5.9
2025-10-01,EWQ,6.4,8.0,10.1,5.9
2025-11-01,EWQ,2.1,8.0,10.1,5.9
2024-09-01,EWS,6.5,13.1,18.6,7.7
2024-10-01,EWS,14.8,13.1,18.6,7.7
2024-11-01,EWS,12.5,13.1,18.6,7.7
2024-12-01,EWS,8.3,13.1,18.6,7.7
2025-01-01,EWS,9.9,13.1,18.6,7.7
2025-02-01,EWS,13.0,13.1,18.6,7.7
2025-03-01,EWS,13.2,13.1,18.6,7.7
2025-04-01,EWS,29.2,13.1,18.6,7.7
2025-05-01,EWS,12.9,13.1,18.6,7.7
2025-06-01,EWS,9.3,13.1,18.6,7.7
2025-07-01,EWS,13.1,13.1,18.6,7.7
2025-08-01,EWS,10.2,13.1,18.6,7.7
2025-09-01,EWS,12.1,13.1,18.6,7.7
2025-10-01,EWS,19.2,13.1,18.6,7.7
2025-11-01,EWS,4.0,13.1,18.6,7.7
2024-09-01,EWT,73.8,66.7,81.9,51.4
2024-10-01,EWT,74.6,66.7,81.9,51.4
2024-11-01,EWT,44.7,66.7,81.9,51.4
2024-12-01,EWT,44.2,66.7,81.9,51.4
2025-01-01,EWT,72.6,66.7,81.9,51.4
2025-02-01,EWT,49.0,66.7,81.9,51.4
2025-03-01,EWT,67.0,66.7,81.9,51.4
2025-04-01,EWT,84.9,66.7,81.9,51.4
2025-05-01,EWT,78.0,66.7,81.9,51.4
2025-06-01,EWT,82.2,66.7,81.9,51.4
2025-07-01,EWT,72.2,66.7,81.9,51.4
2025-08-01,EWT,54.7,66.7,81.9,51.4
2025-09-01,EWT,60.8,66.7,81.9,51.4
2025-10-01,EWT,82.2,66.7,81.9,51.4
2025-11-01,EWT,6.1,66.7,81.9,51.4
2024-09-01,EWU,17.0,34.1,45.9,22.3
2024-10-01,EWU,17.9,34.1,45.9,22.3
2024-11-01,EWU,25.7,34.1,45.9,22.3
2024-12-01,EWU,28.4,34.1,45.9,22.3
2025-01-01,EWU,32.9,34.1,45.9,22.3
2025-02-01,EWU,36.9,34.1,45.9,22.3
2025-03-01,EWU,32.1,34.1,45.9,22.3
2025-04-01,EWU,49.7,34.1,45.9,22.3
2025-05-01,EWU,33.1,34.1,45.9,22.3
2025-06-01,EWU,28.6,34.1,45.9,22.3
2025-07-01,EWU,36.1,34.1,45.9,22.3
2025-08-01,EWU,35.1,34.1,45.9,22.3
2025-09-01,EWU,50.3,34.1,45.9,22.3
2025-10-01,EWU,57.2,34.1,45.9,22.3
2025-11-01,EWU,6.1,34.1,45.9,22.3
2024-09-01,EWW,45.4,43.4,57.2,29.7
2024-10-01,EWW,38.5,43.4,57.2,29.7
2024-11-01,EWW,52.2,43.4,57.2,29.7
2024-12-01,EWW,38.7,43.4,57.2,29.7
2025-01-01,EWW,53.5,43.4,57.2,29.7
2025-02-01,EWW,56.3,43.4,57.2,29.7
2025-03-01,EWW,54.7,43.4,57.2,29.7
2025-04-01,EWW,76.6,43.4,57.2,29.7
2025-05-01,EWW,41.2,43.4,57.2,29.7
2025-06-01,EWW,34.8,43.4,57.2,29.7
2025-07-01,EWW,28.2,43.4,57.2,29.7
2025-08-01,EWW,24.5,43.4,57.2,29.7
2025-09-01,EWW,33.6,43.4,57.2,29.7
2025-10-01,EWW,40.3,43.4,57.2,29.7
2025-11-01,EWW,5.0,43.4,57.2,29.7
2024-09-01,EWY,71.0,82.8,105.9,59.7
2024-10-01,EWY,60.9,82.8,105.9,59.7
2024-11-01,EWY,68.4,82.8,105.9,59.7
2024-12-01,EWY,117.3,82.8,105.9,59.7
2025-01-01,EWY,73.1,82.8,105.9,59.7
2025-02-01,EWY,60.9,82.8,105.9,59.7
2025-03-01,EWY,68.1,82.8,105.9,59.7
2025-04-01,EWY,85.2,82.8,105.9,59.7
2025-05-01,EWY,67.3,82.8,105.9,59.7
2025-06-01,EWY,113.9,82.8,105.9,59.7
2025-07-01,EWY,87.9,82.8,105.9,59.7
2025-08-01,EWY,75.7,82.8,105.9,59.7
2025-09-01,EWY,81.8,82.8,105.9,59.7
2025-10-01,EWY,133.6,82.8,105.9,59.7
2025-11-01,EWY,23.6,82.8,105.9,59.7
2024-09-01,EWZ,369.2,492.2,586.7,397.8
2024-10-01,EWZ,337.9,492.2,586.7,397.8
2024-11-01,EWZ,455.0,492.2,586.7,397.8
2024-12-01,EWZ,587.5,492.2,586.7,397.8
2025-01-01,EWZ,427.6,492.2,586.7,397.8
2025-02-01,EWZ,466.4,492.2,586.7,397.8
2025-03-01,EWZ,477.7,492.2,586.7,397.8
2025-04-01,EWZ,573.4,492.2,586.7,397.8
2025-05-01,EWZ,493.9,492.2,586.7,397.8
2025-06-01,EWZ,499.3,492.2,586.7,397.8
2025-07-01,EWZ,604.7,492.2,586.7,397.8
2025-08-01,EWZ,579.4,492.2,586.7,397.8
2025-09-01,EWZ,508.8,492.2,586.7,397.8
2025-10-01,EWZ,579.0,492.2,586.7,397.8
2025-11-01,EWZ,70.0,492.2,586.7,397.8
2024-09-01,EXC,162.4,144.2,172.9,115.6
2024-10-01,EXC,135.5,144.2,172.9,115.6
2024-11-01,EXC,122.1,144.2,172.9,115.6
2024-12-01,EXC,143.9,144.2,172.9,115.6
2025-01-01,EXC,129.1,144.2,172.9,115.6
2025-02-01,EXC,159.5,144.2,172.9,115.6
2025-03-01,EXC,169.9,144.2,172.9,115.6
2025-04-01,EXC,212.0,144.2,172.9,115.6
2025-05-01,EXC,161.9,144.2,172.9,115.6
2025-06-01,EXC,123.3,144.2,172.9,115.6
2025-07-01,EXC,119.9,144.2,172.9,115.6
2025-08-01,EXC,125.0,144.2,172.9,115.6
2025-09-01,EXC,117.2,144.2,172.9,115.6
2025-10-01,EXC,158.8,144.2,172.9,115.6
2025-11-01,EXC,32.9,144.2,172.9,115.6
2024-09-01,EXE,58.8,69.9,93.2,46.6
2024-10-01,EXE,58.8,69.9,93.2,46.6
2024-11-01,EXE,57.3,69.9,93.2,46.6
2024-12-01,EXE,47.1,69.9,93.2,46.6
2025-01-01,EXE,59.9,69.9,93.2,46.6
2025-02-01,EXE,56.7,69.9,93.2,46.6
2025-03-01,EXE,140.3,69.9,93.2,46.6
2025-04-01,EXE,91.1,69.9,93.2,46.6
2025-05-01,EXE,59.3,69.9,93.2,46.6
2025-06-01,EXE,59.1,69.9,93.2,46.6
2025-07-01,EXE,82.5,69.9,93.2,46.6
2025-08-01,EXE,65.5,69.9,93.2,46.6
2025-09-01,EXE,77.2,69.9,93.2,46.6
2025-10-01,EXE,72.9,69.9,93.2,46.6
2025-11-01,EXE,12.5,69.9,93.2,46.6
2024-09-01,EXPD,18.4,25.7,30.9,20.6
2024-10-01,EXPD,24.4,25.7,30.9,20.6
2024-11-01,EXPD,26.0,25.7,30.9,20.6
2024-12-01,EXPD,20.3,25.7,30.9,20.6
2025-01-01,EXPD,20.5,25.7,30.9,20.6
2025-02-01,EXPD,26.9,25.7,30.9,20.6
2025-03-01,EXPD,35.4,25.7,30.9,20.6
2025-04-01,EXPD,33.6,25.7,30.9,20.6
2025-05-01,EXPD,33.1,25.7,30.9,20.6
2025-06-01,EXPD,23.3,25.7,30.9,20.6
2025-07-01,EXPD,25.7,25.7,30.9,20.6
2025-08-01,EXPD,26.3,25.7,30.9,20.6
2025-09-01,EXPD,25.9,25.7,30.9,20.6
2025-10-01,EXPD,23.0,25.7,30.9,20.6
2025-11-01,EXPD,10.8,25.7,30.9,20.6
2024-09-01,EXPE,27.0,37.9,47.5,28.2
2024-10-01,EXPE,33.4,37.9,47.5,28.2
2024-11-01,EXPE,32.9,37.9,47.5,28.2
2024-12-01,EXPE,26.7,37.9,47.5,28.2
2025-01-01,EXPE,32.2,37.9,47.5,28.2
2025-02-01,EXPE,47.7,37.9,47.5,28.2
2025-03-01,EXPE,50.3,37.9,47.5,28.2
2025-04-01,EXPE,53.1,37.9,47.5,28.2
2025-05-01,EXPE,51.8,37.9,47.5,28.2
2025-06-01,EXPE,32.9,37.9,47.5,28.2
2025-07-01,EXPE,32.5,37.9,47.5,28.2
2025-08-01,EXPE,44.3,37.9,47.5,28.2
2025-09-01,EXPE,32.7,37.9,47.5,28.2
2025-10-01,EXPE,39.2,37.9,47.5,28.2
2025-11-01,EXPE,5.1,37.9,47.5,28.2
2024-09-01,EXR,23.6,23.1,26.7,19.5
2024-10-01,EXR,20.4,23.1,26.7,19.5
2024-11-01,EXR,18.3,23.1,26.7,19.5
2024-12-01,EXR,20.8,23.1,26.7,19.5
2025-01-01,EXR,27.6,23.1,26.7,19.5
2025-02-01,EXR,24.7,23.1,26.7,19.5
2025-03-01,EXR,26.6,23.1,26.7,19.5
2025-04-01,EXR,25.4,23.1,26.7,19.5
2025-05-01,EXR,18.9,23.1,26.7,19.5
2025-06-01,EXR,21.2,23.1,26.7,19.5
2025-07-01,EXR,26.9,23.1,26.7,19.5
2025-08-01,EXR,24.3,23.1,26.7,19.5
2025-09-01,EXR,22.6,23.1,26.7,19.5
2025-10-01,EXR,25.3,23.1,26.7,19.5
2025-11-01,EXR,4.3,23.1,26.7,19.5
2024-09-01,F,1004.6,1780.6,2578.8,982.4
2024-10-01,F,1196.6,1780.6,2578.8,982.4
2024-11-01,F,1096.0,1780.6,2578.8,982.4
2024-12-01,F,1218.7,1780.6,2578.8,982.4
2025-01-01,F,1330.7,1780.6,2578.8,982.4
2025-02-01,F,1676.6,1780.6,2578.8,982.4
2025-03-01,F,3011.3,1780.6,2578.8,982.4
2025-04-01,F,3137.3,1780.6,2578.8,982.4
2025-05-01,F,1983.1,1780.6,2578.8,982.4
2025-06-01,F,2046.7,1780.6,2578.8,982.4
2025-07-01,F,1672.1,1780.6,2578.8,982.4
2025-08-01,F,1157.3,1780.6,2578.8,982.4
2025-09-01,F,1243.5,1780.6,2578.8,982.4
2025-10-01,F,3278.6,1780.6,2578.8,982.4
2025-11-01,F,229.9,1780.6,2578.8,982.4
2024-09-01,FANG,51.3,48.0,57.0,39.0
2024-10-01,FANG,55.9,48.0,57.0,39.0
2024-11-01,FANG,41.7,48.0,57.0,39.0
2024-12-01,FANG,50.1,48.0,57.0,39.0
2025-01-01,FANG,38.7,48.0,57.0,39.0
2025-02-01,FANG,50.7,48.0,57.0,39.0
2025-03-01,FANG,61.1,48.0,57.0,39.0
2025-04-01,FANG,61.2,48.0,57.0,39.0
2025-05-01,FANG,47.1,48.0,57.0,39.0
2025-06-01,FANG,56.5,48.0,57.0,39.0
2025-07-01,FANG,39.5,48.0,57.0,39.0
2025-08-01,FANG,42.2,48.0,57.0,39.0
2025-09-01,FANG,44.6,48.0,57.0,39.0
2025-10-01,FANG,39.8,48.0,57.0,39.0
2025-11-01,FANG,6.2,48.0,57.0,39.0
2024-09-01,FAST,94.0,129.2,157.4,101.0
2024-10-01,FAST,136.5,129.2,157.4,101.0
2024-11-01,FAST,104.9,129.2,157.4,101.0
2024-12-01,FAST,115.4,129.2,157.4,101.0
2025-01-01,FAST,132.1,129.2,157.4,101.0
2025-02-01,FAST,107.1,129.2,157.4,101.0
2025-03-01,FAST,154.8,129.2,157.4,101.0
2025-04-01,FAST,189.5,129.2,157.4,101.0
2025-05-01,FAST,116.9,129.2,157.4,101.0
2025-06-01,FAST,111.7,129.2,157.4,101.0
2025-07-01,FAST,153.1,129.2,157.4,101.0
2025-08-01,FAST,117.0,129.2,157.4,101.0
2025-09-01,FAST,128.4,129.2,157.4,101.0
2025-10-01,FAST,158.4,129.2,157.4,101.0
2025-11-01,FAST,18.6,129.2,157.4,101.0
2024-09-01,FCX,283.4,315.4,421.7,209.0
2024-10-01,FCX,221.5,315.4,421.7,209.0
2024-11-01,FCX,222.4,315.4,421.7,209.0
2024-12-01,FCX,242.3,315.4,421.7,209.0
2025-01-01,FCX,290.7,315.4,421.7,209.0
2025-02-01,FCX,276.3,315.4,421.7,209.0
2025-03-01,FCX,397.4,315.4,421.7,209.0
2025-04-01,FCX,469.4,315.4,421.7,209.0
2025-05-01,FCX,234.3,315.4,421.7,209.0
2025-06-01,FCX,230.2,315.4,421.7,209.0
2025-07-01,FCX,445.9,315.4,421.7,209.0
2025-08-01,FCX,218.8,315.4,421.7,209.0
2025-09-01,FCX,515.1,315.4,421.7,209.0
2025-10-01,FCX,399.9,315.4,421.7,209.0
2025-11-01,FCX,40.2,315.4,421.7,209.0
2024-09-01,FDS,7.6,8.2,12.5,3.9
2024-10-01,FDS,4.7,8.2,12.5,3.9
2024-11-01,FDS,5.3,8.2,12.5,3.9
2024-12-01,FDS,6.2,8.2,12.5,3.9
2025-01-01,FDS,6.9,8.2,12.5,3.9
2025-02-01,FDS,4.2,8.2,12.5,3.9
2025-03-01,FDS,6.8,8.2,12.5,3.9
2025-04-01,FDS,6.5,8.2,12.5,3.9
2025-05-01,FDS,6.7,8.2,12.5,3.9
2025-06-01,FDS,8.7,8.2,12.5,3.9
2025-07-01,FDS,6.9,8.2,12.5,3.9
2025-08-01,FDS,9.1,8.2,12.5,3.9
2025-09-01,FDS,16.5,8.2,12.5,3.9
2025-10-01,FDS,19.2,8.2,12.5,3.9
2025-11-01,FDS,2.4,8.2,12.5,3.9
2024-09-01,FDX,51.6,39.9,49.0,30.9
2024-10-01,FDX,29.6,39.9,49.0,30.9
2024-11-01,FDX,30.0,39.9,49.0,30.9
2024-12-01,FDX,44.1,39.9,49.0,30.9
2025-01-01,FDX,32.2,39.9,49.0,30.9
2025-02-01,FDX,32.5,39.9,49.0,30.9
2025-03-01,FDX,48.0,39.9,49.0,30.9
2025-04-01,FDX,40.7,39.9,49.0,30.9
2025-05-01,FDX,38.4,39.9,49.0,30.9
2025-06-01,FDX,52.4,39.9,49.0,30.9
2025-07-01,FDX,44.7,39.9,49.0,30.9
2025-08-01,FDX,35.5,39.9,49.0,30.9
2025-09-01,FDX,52.7,39.9,49.0,30.9
2025-10-01,FDX,34.5,39.9,49.0,30.9
2025-11-01,FDX,4.9,39.9,49.0,30.9
2024-09-01,FE,61.2,87.1,114.0,60.2
2024-10-01,FE,65.1,87.1,114.0,60.2
2024-11-01,FE,56.0,87.1,114.0,60.2
2024-12-01,FE,55.3,87.1,114.0,60.2
2025-01-01,FE,68.6,87.1,114.0,60.2
2025-02-01,FE,115.0,87.1,114.0,60.2
2025-03-01,FE,135.1,87.1,114.0,60.2
2025-04-01,FE,122.5,87.1,114.0,60.2
2025-05-01,FE,83.9,87.1,114.0,60.2
2025-06-01,FE,110.6,87.1,114.0,60.2
2025-07-01,FE,88.4,87.1,114.0,60.2
2025-08-01,FE,77.9,87.1,114.0,60.2
2025-09-01,FE,80.1,87.1,114.0,60.2
2025-10-01,FE,113.6,87.1,114.0,60.2
2025-11-01,FE,12.9,87.1,114.0,60.2
2024-09-01,FFIV,14.5,12.3,16.2,8.4
2024-10-01,FFIV,15.4,12.3,16.2,8.4
2024-11-01,FFIV,10.2,12.3,16.2,8.4
2024-12-01,FFIV,10.1,12.3,16.2,8.4
2025-01-01,FFIV,13.2,12.3,16.2,8.4
2025-02-01,FFIV,10.6,12.3,16.2,8.4
2025-03-01,FFIV,12.5,12.3,16.2,8.4
2025-04-01,FFIV,13.5,12.3,16.2,8.4
2025-05-01,FFIV,9.4,12.3,16.2,8.4
2025-06-01,FFIV,8.7,12.3,16.2,8.4
2025-07-01,FFIV,11.1,12.3,16.2,8.4
2025-08-01,FFIV,10.1,12.3,16.2,8.4
2025-09-01,FFIV,8.9,12.3,16.2,8.4
2025-10-01,FFIV,23.5,12.3,16.2,8.4
2025-11-01,FFIV,4.4,12.3,16.2,8.4
2024-09-01,FI,46.7,96.6,157.3,35.9
2024-10-01,FI,59.1,96.6,157.3,35.9
2024-11-01,FI,50.3,96.6,157.3,35.9
2024-12-01,FI,65.2,96.6,157.3,35.9
2025-01-01,FI,49.9,96.6,157.3,35.9
2025-02-01,FI,63.6,96.6,157.3,35.9
2025-03-01,FI,68.0,96.6,157.3,35.9
2025-04-01,FI,95.6,96.6,157.3,35.9
2025-05-01,FI,137.4,96.6,157.3,35.9
2025-06-01,FI,93.2,96.6,157.3,35.9
2025-07-01,FI,135.1,96.6,157.3,35.9
2025-08-01,FI,91.0,96.6,157.3,35.9
2025-09-01,FI,96.9,96.6,157.3,35.9
2025-10-01,FI,281.7,96.6,157.3,35.9
2025-11-01,FI,54.7,96.6,157.3,35.9
2024-09-01,FICO,2.7,5.1,7.2,3.0
2024-10-01,FICO,3.4,5.1,7.2,3.0
2024-11-01,FICO,3.1,5.1,7.2,3.0
2024-12-01,FICO,3.4,5.1,7.2,3.0
2025-01-01,FICO,4.4,5.1,7.2,3.0
2025-02-01,FICO,4.2,5.1,7.2,3.0
2025-03-01,FICO,3.9,5.1,7.2,3.0
2025-04-01,FICO,4.2,5.1,7.2,3.0
2025-05-01,FICO,7.3,5.1,7.2,3.0
2025-06-01,FICO,4.9,5.1,7.2,3.0
2025-07-01,FICO,8.4,5.1,7.2,3.0
2025-08-01,FICO,7.8,5.1,7.2,3.0
2025-09-01,FICO,5.6,5.1,7.2,3.0
2025-10-01,FICO,9.0,5.1,7.2,3.0
2025-11-01,FICO,0.8,5.1,7.2,3.0
2024-09-01,FIS,58.6,74.0,93.2,54.8
2024-10-01,FIS,58.0,74.0,93.2,54.8
2024-11-01,FIS,79.5,74.0,93.2,54.8
2024-12-01,FIS,63.9,74.0,93.2,54.8
2025-01-01,FIS,45.5,74.0,93.2,54.8
2025-02-01,FIS,92.0,74.0,93.2,54.8
2025-03-01,FIS,78.4,74.0,93.2,54.8
2025-04-01,FIS,103.8,74.0,93.2,54.8
2025-05-01,FIS,79.3,74.0,93.2,54.8
2025-06-01,FIS,60.3,74.0,93.2,54.8
2025-07-01,FIS,49.8,74.0,93.2,54.8
2025-08-01,FIS,88.0,74.0,93.2,54.8
2025-09-01,FIS,99.0,74.0,93.2,54.8
2025-10-01,FIS,90.9,74.0,93.2,54.8
2025-11-01,FIS,17.3,74.0,93.2,54.8
2024-09-01,FITB,80.9,106.2,146.8,65.6
2024-10-01,FITB,99.2,106.2,146.8,65.6
2024-11-01,FITB,82.4,106.2,146.8,65.6
2024-12-01,FITB,90.4,106.2,146.8,65.6
2025-01-01,FITB,102.7,106.2,146.8,65.6
2025-02-01,FITB,74.0,106.2,146.8,65.6
2025-03-01,FITB,114.1,106.2,146.8,65.6
2025-04-01,FITB,128.6,106.2,146.8,65.6
2025-05-01,FITB,75.0,106.2,146.8,65.6
2025-06-01,FITB,105.4,106.2,146.8,65.6
2025-07-01,FITB,133.5,106.2,146.8,65.6
2025-08-01,FITB,74.7,106.2,146.8,65.6
2025-09-01,FITB,94.5,106.2,146.8,65.6
2025-10-01,FITB,228.2,106.2,146.8,65.6
2025-11-01,FITB,31.5,106.2,146.8,65.6
2024-09-01,FOXA,76.3,76.9,93.2,60.7
2024-10-01,FOXA,44.8,76.9,93.2,60.7
2024-11-01,FOXA,86.4,76.9,93.2,60.7
2024-12-01,FOXA,81.9,76.9,93.2,60.7
2025-01-01,FOXA,63.4,76.9,93.2,60.7
2025-02-01,FOXA,87.5,76.9,93.2,60.7
2025-03-01,FOXA,96.5,76.9,93.2,60.7
2025-04-01,FOXA,88.9,76.9,93.2,60.7
2025-05-01,FOXA,90.4,76.9,93.2,60.7
2025-06-01,FOXA,75.2,76.9,93.2,60.7
2025-07-01,FOXA,64.9,76.9,93.2,60.7
2025-08-01,FOXA,75.9,76.9,93.2,60.7
2025-09-01,FOXA,97.3,76.9,93.2,60.7
2025-10-01,FOXA,65.2,76.9,93.2,60.7
2025-11-01,FOXA,12.9,76.9,93.2,60.7
2024-09-01,FRO,40.6,57.1,69.9,44.4
2024-10-01,FRO,51.1,57.1,69.9,44.4
2024-11-01,FRO,45.7,57.1,69.9,44.4
2024-12-01,FRO,68.8,57.1,69.9,44.4
2025-01-01,FRO,85.3,57.1,69.9,44.4
2025-02-01,FRO,56.8,57.1,69.9,44.4
2025-03-01,FRO,66.0,57.1,69.9,44.4
2025-04-01,FRO,65.9,57.1,69.9,44.4
2025-05-01,FRO,59.2,57.1,69.9,44.4
2025-06-01,FRO,67.5,57.1,69.9,44.4
2025-07-01,FRO,45.6,57.1,69.9,44.4
2025-08-01,FRO,48.4,57.1,69.9,44.4
2025-09-01,FRO,52.1,57.1,69.9,44.4
2025-10-01,FRO,58.1,57.1,69.9,44.4
2025-11-01,FRO,7.1,57.1,69.9,44.4
2024-09-01,FRT,17.6,15.0,17.9,12.1
2024-10-01,FRT,12.7,15.0,17.9,12.1
2024-11-01,FRT,14.3,15.0,17.9,12.1
2024-12-01,FRT,12.1,15.0,17.9,12.1
2025-01-01,FRT,14.1,15.0,17.9,12.1
2025-02-01,FRT,14.3,15.0,17.9,12.1
2025-03-01,FRT,17.4,15.0,17.9,12.1
2025-04-01,FRT,21.0,15.0,17.9,12.1
2025-05-01,FRT,15.3,15.0,17.9,12.1
2025-06-01,FRT,13.0,15.0,17.9,12.1
2025-07-01,FRT,17.0,15.0,17.9,12.1
2025-08-01,FRT,17.9,15.0,17.9,12.1
2025-09-01,FRT,12.8,15.0,17.9,12.1
2025-10-01,FRT,12.8,15.0,17.9,12.1
2025-11-01,FRT,2.9,15.0,17.9,12.1
2024-09-01,FSLR,40.0,66.9,91.2,42.7
2024-10-01,FSLR,65.1,66.9,91.2,42.7
2024-11-01,FSLR,71.1,66.9,91.2,42.7
2024-12-01,FSLR,40.8,66.9,91.2,42.7
2025-01-01,FSLR,46.5,66.9,91.2,42.7
2025-02-01,FSLR,55.3,66.9,91.2,42.7
2025-03-01,FSLR,65.8,66.9,91.2,42.7
2025-04-01,FSLR,92.2,66.9,91.2,42.7
2025-05-01,FSLR,125.3,66.9,91.2,42.7
2025-06-01,FSLR,100.2,66.9,91.2,42.7
2025-07-01,FSLR,72.0,66.9,91.2,42.7
2025-08-01,FSLR,72.3,66.9,91.2,42.7
2025-09-01,FSLR,46.3,66.9,91.2,42.7
2025-10-01,FSLR,54.6,66.9,91.2,42.7
2025-11-01,FSLR,8.9,66.9,91.2,42.7
2024-09-01,FTI,100.6,92.7,125.0,60.3
2024-10-01,FTI,80.2,92.7,125.0,60.3
2024-11-01,FTI,62.5,92.7,125.0,60.3
2024-12-01,FTI,77.5,92.7,125.0,60.3
2025-01-01,FTI,69.5,92.7,125.0,60.3
2025-02-01,FTI,73.1,92.7,125.0,60.3
2025-03-01,FTI,121.4,92.7,125.0,60.3
2025-04-01,FTI,123.2,92.7,125.0,60.3
2025-05-01,FTI,76.2,92.7,125.0,60.3
2025-06-01,FTI,88.6,92.7,125.0,60.3
2025-07-01,FTI,101.6,92.7,125.0,60.3
2025-08-01,FTI,55.2,92.7,125.0,60.3
2025-09-01,FTI,180.6,92.7,125.0,60.3
2025-10-01,FTI,98.7,92.7,125.0,60.3
2025-11-01,FTI,9.9,92.7,125.0,60.3
2024-09-01,FTNT,93.7,108.6,149.0,68.2
2024-10-01,FTNT,83.1,108.6,149.0,68.2
2024-11-01,FTNT,120.5,108.6,149.0,68.2
2024-12-01,FTNT,83.0,108.6,149.0,68.2
2025-01-01,FTNT,81.6,108.6,149.0,68.2
2025-02-01,FTNT,100.4,108.6,149.0,68.2
2025-03-01,FTNT,96.7,108.6,149.0,68.2
2025-04-01,FTNT,117.2,108.6,149.0,68.2
2025-05-01,FTNT,121.4,108.6,149.0,68.2
2025-06-01,FTNT,79.8,108.6,149.0,68.2
2025-07-01,FTNT,86.8,108.6,149.0,68.2
2025-08-01,FTNT,237.2,108.6,149.0,68.2
2025-09-01,FTNT,136.8,108.6,149.0,68.2
2025-10-01,FTNT,99.8,108.6,149.0,68.2
2025-11-01,FTNT,20.9,108.6,149.0,68.2
2024-09-01,FTV,73.5,78.0,94.6,61.4
2024-10-01,FTV,67.8,78.0,94.6,61.4
2024-11-01,FTV,81.8,78.0,94.6,61.4
2024-12-01,FTV,67.5,78.0,94.6,61.4
2025-01-01,FTV,56.5,78.0,94.6,61.4
2025-02-01,FTV,74.6,78.0,94.6,61.4
2025-03-01,FTV,70.0,78.0,94.6,61.4
2025-04-01,FTV,86.8,78.0,94.6,61.4
2025-05-01,FTV,114.6,78.0,94.6,61.4
2025-06-01,FTV,79.5,78.0,94.6,61.4
2025-07-01,FTV,92.9,78.0,94.6,61.4
2025-08-01,FTV,96.0,78.0,94.6,61.4
2025-09-01,FTV,79.6,78.0,94.6,61.4
2025-10-01,FTV,64.4,78.0,94.6,61.4
2025-11-01,FTV,8.8,78.0,94.6,61.4
2024-09-01,FXA,0.1,0.4,0.7,0.1
2024-10-01,FXA,0.2,0.4,0.7,0.1
2024-11-01,FXA,0.2,0.4,0.7,0.1
2024-12-01,FXA,0.3,0.4,0.7,0.1
2025-01-01,FXA,0.3,0.4,0.7,0.1
2025-02-01,FXA,0.3,0.4,0.7,0.1
2025-03-01,FXA,0.3,0.4,0.7,0.1
2025-04-01,FXA,0.8,0.4,0.7,0.1
2025-05-01,FXA,0.7,0.4,0.7,0.1
2025-06-01,FXA,0.6,0.4,0.7,0.1
2025-07-01,FXA,1.0,0.4,0.7,0.1
2025-08-01,FXA,0.3,0.4,0.7,0.1
2025-09-01,FXA,0.3,0.4,0.7,0.1
2025-10-01,FXA,0.2,0.4,0.7,0.1
2025-11-01,FXA,0.1,0.4,0.7,0.1
2024-09-01,FXB,0.3,0.3,0.5,0.2
2024-10-01,FXB,0.4,0.3,0.5,0.2
2024-11-01,FXB,0.1,0.3,0.5,0.2
2024-12-01,FXB,0.1,0.3,0.5,0.2
2025-01-01,FXB,0.3,0.3,0.5,0.2
2025-02-01,FXB,0.2,0.3,0.5,0.2
2025-03-01,FXB,0.4,0.3,0.5,0.2
2025-04-01,FXB,0.7,0.3,0.5,0.2
2025-05-01,FXB,0.4,0.3,0.5,0.2
2025-06-01,FXB,0.3,0.3,0.5,0.2
2025-07-01,FXB,0.3,0.3,0.5,0.2
2025-08-01,FXB,0.3,0.3,0.5,0.2
2025-09-01,FXB,0.4,0.3,0.5,0.2
2025-10-01,FXB,0.4,0.3,0.5,0.2
2025-11-01,FXB,0.1,0.3,0.5,0.2
2024-09-01,FXC,0.4,0.8,1.2,0.4
2024-10-01,FXC,0.3,0.8,1.2,0.4
2024-11-01,FXC,0.3,0.8,1.2,0.4
2024-12-01,FXC,0.5,0.8,1.2,0.4
2025-01-01,FXC,1.1,0.8,1.2,0.4
2025-02-01,FXC,1.4,0.8,1.2,0.4
2025-03-01,FXC,1.0,0.8,1.2,0.4
2025-04-01,FXC,1.4,0.8,1.2,0.4
2025-05-01,FXC,1.3,0.8,1.2,0.4
2025-06-01,FXC,0.9,0.8,1.2,0.4
2025-07-01,FXC,0.8,0.8,1.2,0.4
2025-08-01,FXC,0.6,0.8,1.2,0.4
2025-09-01,FXC,0.4,0.8,1.2,0.4
2025-10-01,FXC,0.7,0.8,1.2,0.4
2025-11-01,FXC,0.0,0.8,1.2,0.4
2024-09-01,FXE,0.7,2.6,4.7,0.5
2024-10-01,FXE,0.7,2.6,4.7,0.5
2024-11-01,FXE,0.7,2.6,4.7,0.5
2024-12-01,FXE,0.5,2.6,4.7,0.5
2025-01-01,FXE,1.6,2.6,4.7,0.5
2025-02-01,FXE,1.2,2.6,4.7,0.5
2025-03-01,FXE,2.5,2.6,4.7,0.5
2025-04-01,FXE,8.6,2.6,4.7,0.5
2025-05-01,FXE,3.8,2.6,4.7,0.5
2025-06-01,FXE,3.3,2.6,4.7,0.5
2025-07-01,FXE,5.3,2.6,4.7,0.5
2025-08-01,FXE,2.8,2.6,4.7,0.5
2025-09-01,FXE,2.4,2.6,4.7,0.5
2025-10-01,FXE,2.4,2.6,4.7,0.5
2025-11-01,FXE,0.4,2.6,4.7,0.5
2024-09-01,FXY,5.3,5.7,9.7,1.7
2024-10-01,FXY,3.0,5.7,9.7,1.7
2024-11-01,FXY,2.6,5.7,9.7,1.7
2024-12-01,FXY,3.5,5.7,9.7,1.7
2025-01-01,FXY,3.0,5.7,9.7,1.7
2025-02-01,FXY,4.8,5.7,9.7,1.7
2025-03-01,FXY,6.8,5.7,9.7,1.7
2025-04-01,FXY,18.5,5.7,9.7,1.7
2025-05-01,FXY,8.6,5.7,9.7,1.7
2025-06-01,FXY,4.5,5.7,9.7,1.7
2025-07-01,FXY,8.3,5.7,9.7,1.7
2025-08-01,FXY,4.1,5.7,9.7,1.7
2025-09-01,FXY,4.1,5.7,9.7,1.7
2025-10-01,FXY,4.2,5.7,9.7,1.7
2025-11-01,FXY,0.5,5.7,9.7,1.7
2024-09-01,GD,28.6,28.0,34.4,21.6
2024-10-01,GD,24.5,28.0,34.4,21.6
2024-11-01,GD,25.4,28.0,34.4,21.6
2024-12-01,GD,36.9,28.0,34.4,21.6
2025-01-01,GD,35.5,28.0,34.4,21.6
2025-02-01,GD,32.0,28.0,34.4,21.6
2025-03-01,GD,34.4,28.0,34.4,21.6
2025-04-01,GD,37.8,28.0,34.4,21.6
2025-05-01,GD,23.3,28.0,34.4,21.6
2025-06-01,GD,23.5,28.0,34.4,21.6
2025-07-01,GD,28.8,28.0,34.4,21.6
2025-08-01,GD,18.4,28.0,34.4,21.6
2025-09-01,GD,23.6,28.0,34.4,21.6
2025-10-01,GD,24.8,28.0,34.4,21.6
2025-11-01,GD,3.7,28.0,34.4,21.6
2024-09-01,GDDY,25.4,30.3,37.8,22.8
2024-10-01,GDDY,21.0,30.3,37.8,22.8
2024-11-01,GDDY,27.9,30.3,37.8,22.8
2024-12-01,GDDY,25.5,30.3,37.8,22.8
2025-01-01,GDDY,22.3,30.3,37.8,22.8
2025-02-01,GDDY,32.3,30.3,37.8,22.8
2025-03-01,GDDY,34.7,30.3,37.8,22.8
2025-04-01,GDDY,36.4,30.3,37.8,22.8
2025-05-01,GDDY,28.5,30.3,37.8,22.8
2025-06-01,GDDY,27.4,30.3,37.8,22.8
2025-07-01,GDDY,31.4,30.3,37.8,22.8
2025-08-01,GDDY,49.5,30.3,37.8,22.8
2025-09-01,GDDY,32.7,30.3,37.8,22.8
2025-10-01,GDDY,34.4,30.3,37.8,22.8
2025-11-01,GDDY,5.3,30.3,37.8,22.8
2024-09-01,GDX,438.2,451.9,573.7,330.0
2024-10-01,GDX,453.9,451.9,573.7,330.0
2024-11-01,GDX,479.1,451.9,573.7,330.0
2024-12-01,GDX,348.2,451.9,573.7,330.0
2025-01-01,GDX,344.3,451.9,573.7,330.0
2025-02-01,GDX,361.0,451.9,573.7,330.0
2025-03-01,GDX,388.7,451.9,573.7,330.0
2025-04-01,GDX,602.1,451.9,573.7,330.0
2025-05-01,GDX,462.7,451.9,573.7,330.0
2025-06-01,GDX,426.5,451.9,573.7,330.0
2025-07-01,GDX,414.3,451.9,573.7,330.0
2025-08-01,GDX,351.1,451.9,573.7,330.0
2025-09-01,GDX,521.8,451.9,573.7,330.0
2025-10-01,GDX,764.9,451.9,573.7,330.0
2025-11-01,GDX,68.7,451.9,573.7,330.0
2024-09-01,GDXJ,109.8,107.7,137.9,77.4
2024-10-01,GDXJ,99.5,107.7,137.9,77.4
2024-11-01,GDXJ,114.0,107.7,137.9,77.4
2024-12-01,GDXJ,86.6,107.7,137.9,77.4
2025-01-01,GDXJ,80.0,107.7,137.9,77.4
2025-02-01,GDXJ,85.4,107.7,137.9,77.4
2025-03-01,GDXJ,88.2,107.7,137.9,77.4
2025-04-01,GDXJ,144.1,107.7,137.9,77.4
2025-05-01,GDXJ,122.5,107.7,137.9,77.4
2025-06-01,GDXJ,93.3,107.7,137.9,77.4
2025-07-01,GDXJ,88.4,107.7,137.9,77.4
2025-08-01,GDXJ,93.2,107.7,137.9,77.4
2025-09-01,GDXJ,123.2,107.7,137.9,77.4
2025-10-01,GDXJ,186.2,107.7,137.9,77.4
2025-11-01,GDXJ,21.0,107.7,137.9,77.4
2024-09-01,GE,100.4,109.6,139.2,80.1
2024-10-01,GE,102.2,109.6,139.2,80.1
2024-11-01,GE,84.0,109.6,139.2,80.1
2024-12-01,GE,111.5,109.6,139.2,80.1
2025-01-01,GE,127.9,109.6,139.2,80.1
2025-02-01,GE,77.6,109.6,139.2,80.1
2025-03-01,GE,106.2,109.6,139.2,80.1
2025-04-01,GE,169.2,109.6,139.2,80.1
2025-05-01,GE,115.0,109.6,139.2,80.1
2025-06-01,GE,155.6,109.6,139.2,80.1
2025-07-01,GE,143.2,109.6,139.2,80.1
2025-08-01,GE,86.1,109.6,139.2,80.1
2025-09-01,GE,93.1,109.6,139.2,80.1
2025-10-01,GE,81.5,109.6,139.2,80.1
2025-11-01,GE,12.0,109.6,139.2,80.1
2024-09-01,GEHC,83.1,76.2,99.6,52.8
2024-10-01,GEHC,53.7,76.2,99.6,52.8
2024-11-01,GEHC,74.3,76.2,99.6,52.8
2024-12-01,GEHC,61.0,76.2,99.6,52.8
2025-01-01,GEHC,54.0,76.2,99.6,52.8
2025-02-01,GEHC,58.6,76.2,99.6,52.8
2025-03-01,GEHC,75.2,76.2,99.6,52.8
2025-04-01,GEHC,144.0,76.2,99.6,52.8
2025-05-01,GEHC,97.1,76.2,99.6,52.8
2025-06-01,GEHC,75.0,76.2,99.6,52.8
2025-07-01,GEHC,86.8,76.2,99.6,52.8
2025-08-01,GEHC,64.2,76.2,99.6,52.8
2025-09-01,GEHC,78.2,76.2,99.6,52.8
2025-10-01,GEHC,73.9,76.2,99.6,52.8
2025-11-01,GEHC,10.7,76.2,99.6,52.8
2024-09-01,GEN,68.6,78.5,95.7,61.3
2024-10-01,GEN,66.5,78.5,95.7,61.3
2024-11-01,GEN,67.1,78.5,95.7,61.3
2024-12-01,GEN,76.6,78.5,95.7,61.3
2025-01-01,GEN,61.2,78.5,95.7,61.3
2025-02-01,GEN,66.3,78.5,95.7,61.3
2025-03-01,GEN,98.8,78.5,95.7,61.3
2025-04-01,GEN,85.8,78.5,95.7,61.3
2025-05-01,GEN,114.1,78.5,95.7,61.3
2025-06-01,GEN,99.4,78.5,95.7,61.3
2025-07-01,GEN,66.2,78.5,95.7,61.3
2025-08-01,GEN,91.6,78.5,95.7,61.3
2025-09-01,GEN,74.7,78.5,95.7,61.3
2025-10-01,GEN,75.3,78.5,95.7,61.3
2025-11-01,GEN,11.0,78.5,95.7,61.3
2024-09-01,GEOS,0.9,2.7,5.1,0.2
2024-10-01,GEOS,0.7,2.7,5.1,0.2
2024-11-01,GEOS,1.1,2.7,5.1,0.2
2024-12-01,GEOS,1.0,2.7,5.1,0.2
2025-01-01,GEOS,0.9,2.7,5.1,0.2
2025-02-01,GEOS,1.6,2.7,5.1,0.2
2025-03-01,GEOS,1.3,2.7,5.1,0.2
2025-04-01,GEOS,1.2,2.7,5.1,0.2
2025-05-01,GEOS,1.1,2.7,5.1,0.2
2025-06-01,GEOS,9.4,2.7,5.1,0.2
2025-07-01,GEOS,4.4,2.7,5.1,0.2
2025-08-01,GEOS,4.5,2.7,5.1,0.2
2025-09-01,GEOS,3.4,2.7,5.1,0.2
2025-10-01,GEOS,6.0,2.7,5.1,0.2
2025-11-01,GEOS,0.6,2.7,5.1,0.2
2024-09-01,GEV,66.1,67.2,81.4,53.0
2024-10-01,GEV,54.1,67.2,81.4,53.0
2024-11-01,GEV,57.3,67.2,81.4,53.0
2024-12-01,GEV,61.5,67.2,81.4,53.0
2025-01-01,GEV,86.8,67.2,81.4,53.0
2025-02-01,GEV,67.4,67.2,81.4,53.0
2025-03-01,GEV,92.4,67.2,81.4,53.0
2025-04-01,GEV,88.3,67.2,81.4,53.0
2025-05-01,GEV,67.3,67.2,81.4,53.0
2025-06-01,GEV,59.2,67.2,81.4,53.0
2025-07-01,GEV,68.2,67.2,81.4,53.0
2025-08-01,GEV,50.9,67.2,81.4,53.0
2025-09-01,GEV,59.6,67.2,81.4,53.0
2025-10-01,GEV,73.7,67.2,81.4,53.0
2025-11-01,GEV,8.7,67.2,81.4,53.0
2024-09-01,GGB,154.3,258.7,360.7,156.7
2024-10-01,GGB,235.2,258.7,360.7,156.7
2024-11-01,GGB,245.5,258.7,360.7,156.7
2024-12-01,GGB,229.9,258.7,360.7,156.7
2025-01-01,GGB,176.0,258.7,360.7,156.7
2025-02-01,GGB,217.6,258.7,360.7,156.7
2025-03-01,GGB,189.9,258.7,360.7,156.7
2025-04-01,GGB,243.8,258.7,360.7,156.7
2025-05-01,GGB,283.4,258.7,360.7,156.7
2025-06-01,GGB,299.0,258.7,360.7,156.7
2025-07-01,GGB,298.8,258.7,360.7,156.7
2025-08-01,GGB,188.1,258.7,360.7,156.7
2025-09-01,GGB,292.5,258.7,360.7,156.7
2025-10-01,GGB,566.4,258.7,360.7,156.7
2025-11-01,GGB,52.8,258.7,360.7,156.7
2024-09-01,GILD,160.3,157.9,191.7,124.0
2024-10-01,GILD,116.7,157.9,191.7,124.0
2024-11-01,GILD,149.6,157.9,191.7,124.0
2024-12-01,GILD,143.0,157.9,191.7,124.0
2025-01-01,GILD,136.8,157.9,191.7,124.0
2025-02-01,GILD,159.9,157.9,191.7,124.0
2025-03-01,GILD,223.2,157.9,191.7,124.0
2025-04-01,GILD,206.9,157.9,191.7,124.0
2025-05-01,GILD,183.4,157.9,191.7,124.0
2025-06-01,GILD,183.5,157.9,191.7,124.0
2025-07-01,GILD,123.4,157.9,191.7,124.0
2025-08-01,GILD,131.2,157.9,191.7,124.0
2025-09-01,GILD,151.3,157.9,191.7,124.0
2025-10-01,GILD,170.8,157.9,191.7,124.0
2025-11-01,GILD,23.2,157.9,191.7,124.0
2024-09-01,GIS,80.3,107.6,134.8,80.3
2024-10-01,GIS,76.0,107.6,134.8,80.3
2024-11-01,GIS,79.4,107.6,134.8,80.3
2024-12-01,GIS,94.0,107.6,134.8,80.3
2025-01-01,GIS,86.8,107.6,134.8,80.3
2025-02-01,GIS,100.3,107.6,134.8,80.3
2025-03-01,GIS,168.2,107.6,134.8,80.3
2025-04-01,GIS,104.4,107.6,134.8,80.3
2025-05-01,GIS,100.9,107.6,134.8,80.3
2025-06-01,GIS,118.0,107.6,134.8,80.3
2025-07-01,GIS,131.2,107.6,134.8,80.3
2025-08-01,GIS,116.6,107.6,134.8,80.3
2025-09-01,GIS,136.5,107.6,134.8,80.3
2025-10-01,GIS,126.8,107.6,134.8,80.3
2025-11-01,GIS,18.5,107.6,134.8,80.3
2024-09-01,GL,19.3,13.7,16.9,10.6
2024-10-01,GL,13.7,13.7,16.9,10.6
2024-11-01,GL,10.4,13.7,16.9,10.6
2024-12-01,GL,18.3,13.7,16.9,10.6
2025-01-01,GL,10.8,13.7,16.9,10.6
2025-02-01,GL,12.4,13.7,16.9,10.6
2025-03-01,GL,15.2,13.7,16.9,10.6
2025-04-01,GL,15.1,13.7,16.9,10.6
2025-05-01,GL,14.1,13.7,16.9,10.6
2025-06-01,GL,9.7,13.7,16.9,10.6
2025-07-01,GL,17.2,13.7,16.9,10.6
2025-08-01,GL,12.5,13.7,16.9,10.6
2025-09-01,GL,10.8,13.7,16.9,10.6
2025-10-01,GL,14.5,13.7,16.9,10.6
2025-11-01,GL,2.1,13.7,16.9,10.6
2024-09-01,GLATF,3.9,9.5,13.9,5.1
2024-10-01,GLATF,20.7,9.5,13.9,5.1
2024-11-01,GLATF,6.1,9.5,13.9,5.1
2024-12-01,GLATF,9.1,9.5,13.9,5.1
2025-01-01,GLATF,6.4,9.5,13.9,5.1
2025-02-01,GLATF,7.4,9.5,13.9,5.1
2025-03-01,GLATF,7.4,9.5,13.9,5.1
2025-04-01,GLATF,12.4,9.5,13.9,5.1
2025-05-01,GLATF,8.0,9.5,13.9,5.1
2025-06-01,GLATF,9.9,9.5,13.9,5.1
2025-07-01,GLATF,8.7,9.5,13.9,5.1
2025-08-01,GLATF,7.6,9.5,13.9,5.1
2025-09-01,GLATF,8.6,9.5,13.9,5.1
2025-10-01,GLATF,15.9,9.5,13.9,5.1
2025-11-01,GLATF,1.2,9.5,13.9,5.1
2024-09-01,GLD,130.6,219.6,336.9,102.4
2024-10-01,GLD,146.0,219.6,336.9,102.4
2024-11-01,GLD,152.6,219.6,336.9,102.4
2024-12-01,GLD,115.5,219.6,336.9,102.4
2025-01-01,GLD,141.4,219.6,336.9,102.4
2025-02-01,GLD,179.0,219.6,336.9,102.4
2025-03-01,GLD,181.0,219.6,336.9,102.4
2025-04-01,GLD,354.3,219.6,336.9,102.4
2025-05-01,GLD,235.2,219.6,336.9,102.4
2025-06-01,GLD,199.6,219.6,336.9,102.4
2025-07-01,GLD,202.6,219.6,336.9,102.4
2025-08-01,GLD,178.6,219.6,336.9,102.4
2025-09-01,GLD,302.0,219.6,336.9,102.4
2025-10-01,GLD,553.0,219.6,336.9,102.4
2025-11-01,GLD,27.2,219.6,336.9,102.4
2024-09-01,GLW,88.6,119.2,158.1,80.3
2024-10-01,GLW,110.7,119.2,158.1,80.3
2024-11-01,GLW,85.3,119.2,158.1,80.3
2024-12-01,GLW,81.9,119.2,158.1,80.3
2025-01-01,GLW,128.6,119.2,158.1,80.3
2025-02-01,GLW,90.5,119.2,158.1,80.3
2025-03-01,GLW,143.4,119.2,158.1,80.3
2025-04-01,GLW,151.9,119.2,158.1,80.3
2025-05-01,GLW,109.9,119.2,158.1,80.3
2025-06-01,GLW,82.0,119.2,158.1,80.3
2025-07-01,GLW,112.4,119.2,158.1,80.3
2025-08-01,GLW,108.2,119.2,158.1,80.3
2025-09-01,GLW,213.8,119.2,158.1,80.3
2025-10-01,GLW,170.2,119.2,158.1,80.3
2025-11-01,GLW,16.5,119.2,158.1,80.3
2024-09-01,GM,281.0,238.3,306.8,169.7
2024-10-01,GM,291.4,238.3,306.8,169.7
2024-11-01,GM,269.4,238.3,306.8,169.7
2024-12-01,GM,210.9,238.3,306.8,169.7
2025-01-01,GM,224.5,238.3,306.8,169.7
2025-02-01,GM,203.6,238.3,306.8,169.7
2025-03-01,GM,394.7,238.3,306.8,169.7
2025-04-01,GM,316.3,238.3,306.8,169.7
2025-05-01,GM,201.9,238.3,306.8,169.7
2025-06-01,GM,200.1,238.3,306.8,169.7
2025-07-01,GM,230.9,238.3,306.8,169.7
2025-08-01,GM,139.7,238.3,306.8,169.7
2025-09-01,GM,156.1,238.3,306.8,169.7
2025-10-01,GM,247.6,238.3,306.8,169.7
2025-11-01,GM,26.5,238.3,306.8,169.7
2024-09-01,GNK,9.0,12.5,15.6,9.3
2024-10-01,GNK,9.2,12.5,15.6,9.3
2024-11-01,GNK,11.0,12.5,15.6,9.3
2024-12-01,GNK,9.2,12.5,15.6,9.3
2025-01-01,GNK,8.2,12.5,15.6,9.3
2025-02-01,GNK,12.9,12.5,15.6,9.3
2025-03-01,GNK,16.3,12.5,15.6,9.3
2025-04-01,GNK,16.4,12.5,15.6,9.3
2025-05-01,GNK,15.1,12.5,15.6,9.3
2025-06-01,GNK,14.7,12.5,15.6,9.3
2025-07-01,GNK,16.4,12.5,15.6,9.3
2025-08-01,GNK,12.2,12.5,15.6,9.3
2025-09-01,GNK,14.7,12.5,15.6,9.3
2025-10-01,GNK,11.3,12.5,15.6,9.3
2025-11-01,GNK,1.2,12.5,15.6,9.3
2024-09-01,GNRC,16.6,19.4,23.8,15.0
2024-10-01,GNRC,20.4,19.4,23.8,15.0
2024-11-01,GNRC,16.8,19.4,23.8,15.0
2024-12-01,GNRC,14.8,19.4,23.8,15.0
2025-01-01,GNRC,15.0,19.4,23.8,15.0
2025-02-01,GNRC,18.4,19.4,23.8,15.0
2025-03-01,GNRC,17.4,19.4,23.8,15.0
2025-04-01,GNRC,21.3,19.4,23.8,15.0
2025-05-01,GNRC,15.9,19.4,23.8,15.0
2025-06-01,GNRC,20.5,19.4,23.8,15.0
2025-07-01,GNRC,26.3,19.4,23.8,15.0
2025-08-01,GNRC,19.1,19.4,23.8,15.0
2025-09-01,GNRC,21.5,19.4,23.8,15.0
2025-10-01,GNRC,28.7,19.4,23.8,15.0
2025-11-01,GNRC,3.6,19.4,23.8,15.0
2024-09-01,GOOGL,532.5,694.0,849.5,538.5
2024-10-01,GOOGL,569.3,694.0,849.5,538.5
2024-11-01,GOOGL,529.9,694.0,849.5,538.5
2024-12-01,GOOGL,645.6,694.0,849.5,538.5
2025-01-01,GOOGL,500.3,694.0,849.5,538.5
2025-02-01,GOOGL,629.4,694.0,849.5,538.5
2025-03-01,GOOGL,732.2,694.0,849.5,538.5
2025-04-01,GOOGL,842.7,694.0,849.5,538.5
2025-05-01,GOOGL,942.5,694.0,849.5,538.5
2025-06-01,GOOGL,847.4,694.0,849.5,538.5
2025-07-01,GOOGL,860.1,694.0,849.5,538.5
2025-08-01,GOOGL,617.6,694.0,849.5,538.5
2025-09-01,GOOGL,829.5,694.0,849.5,538.5
2025-10-01,GOOGL,729.6,694.0,849.5,538.5
2025-11-01,GOOGL,90.9,694.0,849.5,538.5
2024-09-01,GPC,16.2,27.3,33.5,21.1
2024-10-01,GPC,36.5,27.3,33.5,21.1
2024-11-01,GPC,24.5,27.3,33.5,21.1
2024-12-01,GPC,26.1,27.3,33.5,21.1
2025-01-01,GPC,31.3,27.3,33.5,21.1
2025-02-01,GPC,31.3,27.3,33.5,21.1
2025-03-01,GPC,33.7,27.3,33.5,21.1
2025-04-01,GPC,35.1,27.3,33.5,21.1
2025-05-01,GPC,26.7,27.3,33.5,21.1
2025-06-01,GPC,20.6,27.3,33.5,21.1
2025-07-01,GPC,28.7,27.3,33.5,21.1
2025-08-01,GPC,20.9,27.3,33.5,21.1
2025-09-01,GPC,28.8,27.3,33.5,21.1
2025-10-01,GPC,25.5,27.3,33.5,21.1
2025-11-01,GPC,4.6,27.3,33.5,21.1
2024-09-01,GPN,51.9,52.2,69.7,34.7
2024-10-01,GPN,49.6,52.2,69.7,34.7
2024-11-01,GPN,46.6,52.2,69.7,34.7
2024-12-01,GPN,35.5,52.2,69.7,34.7
2025-01-01,GPN,30.3,52.2,69.7,34.7
2025-02-01,GPN,39.8,52.2,69.7,34.7
2025-03-01,GPN,53.7,52.2,69.7,34.7
2025-04-01,GPN,102.1,52.2,69.7,34.7
2025-05-01,GPN,72.0,52.2,69.7,34.7
2025-06-01,GPN,59.5,52.2,69.7,34.7
2025-07-01,GPN,46.1,52.2,69.7,34.7
2025-08-01,GPN,54.2,52.2,69.7,34.7
2025-09-01,GPN,54.4,52.2,69.7,34.7
2025-10-01,GPN,42.7,52.2,69.7,34.7
2025-11-01,GPN,11.3,52.2,69.7,34.7
2024-09-01,GREK,0.4,1.3,2.1,0.5
2024-10-01,GREK,0.5,1.3,2.1,0.5
2024-11-01,GREK,0.6,1.3,2.1,0.5
2024-12-01,GREK,0.9,1.3,2.1,0.5
2025-01-01,GREK,0.4,1.3,2.1,0.5
2025-02-01,GREK,0.5,1.3,2.1,0.5
2025-03-01,GREK,1.3,1.3,2.1,0.5
2025-04-01,GREK,1.7,1.3,2.1,0.5
2025-05-01,GREK,0.9,1.3,2.1,0.5
2025-06-01,GREK,1.8,1.3,2.1,0.5
2025-07-01,GREK,1.6,1.3,2.1,0.5
2025-08-01,GREK,2.2,1.3,2.1,0.5
2025-09-01,GREK,3.1,1.3,2.1,0.5
2025-10-01,GREK,2.3,1.3,2.1,0.5
2025-11-01,GREK,0.3,1.3,2.1,0.5
2024-09-01,GRMN,17.5,18.8,22.3,15.4
2024-10-01,GRMN,20.9,18.8,22.3,15.4
2024-11-01,GRMN,19.2,18.8,22.3,15.4
2024-12-01,GRMN,16.8,18.8,22.3,15.4
2025-01-01,GRMN,13.6,18.8,22.3,15.4
2025-02-01,GRMN,19.7,18.8,22.3,15.4
2025-03-01,GRMN,24.2,18.8,22.3,15.4
2025-04-01,GRMN,25.9,18.8,22.3,15.4
2025-05-01,GRMN,17.3,18.8,22.3,15.4
2025-06-01,GRMN,17.9,18.8,22.3,15.4
2025-07-01,GRMN,19.0,18.8,22.3,15.4
2025-08-01,GRMN,17.0,18.8,22.3,15.4
2025-09-01,GRMN,18.0,18.8,22.3,15.4
2025-10-01,GRMN,19.0,18.8,22.3,15.4
2025-11-01,GRMN,4.0,18.8,22.3,15.4
2024-09-01,GS,39.0,47.1,58.5,35.8
2024-10-01,GS,41.9,47.1,58.5,35.8
2024-11-01,GS,49.2,47.1,58.5,35.8
2024-12-01,GS,39.0,47.1,58.5,35.8
2025-01-01,GS,53.2,47.1,58.5,35.8
2025-02-01,GS,47.6,47.1,58.5,35.8
2025-03-01,GS,63.3,47.1,58.5,35.8
2025-04-01,GS,74.6,47.1,58.5,35.8
2025-05-01,GS,48.4,47.1,58.5,35.8
2025-06-01,GS,42.6,47.1,58.5,35.8
2025-07-01,GS,48.0,47.1,58.5,35.8
2025-08-01,GS,34.8,47.1,58.5,35.8
2025-09-01,GS,37.3,47.1,58.5,35.8
2025-10-01,GS,49.0,47.1,58.5,35.8
2025-11-01,GS,5.5,47.1,58.5,35.8
2024-09-01,GWW,4.0,5.6,6.8,4.5
2024-10-01,GWW,4.8,5.6,6.8,4.5
2024-11-01,GWW,4.5,5.6,6.8,4.5
2024-12-01,GWW,5.2,5.6,6.8,4.5
2025-01-01,GWW,6.2,5.6,6.8,4.5
2025-02-01,GWW,5.3,5.6,6.8,4.5
2025-03-01,GWW,5.9,5.6,6.8,4.5
2025-04-01,GWW,6.4,5.6,6.8,4.5
2025-05-01,GWW,5.0,5.6,6.8,4.5
2025-06-01,GWW,4.5,5.6,6.8,4.5
2025-07-01,GWW,7.1,5.6,6.8,4.5
2025-08-01,GWW,7.4,5.6,6.8,4.5
2025-09-01,GWW,6.5,5.6,6.8,4.5
2025-10-01,GWW,6.7,5.6,6.8,4.5
2025-11-01,GWW,1.1,5.6,6.8,4.5
2024-09-01,HAL,210.4,259.9,323.5,196.2
2024-10-01,HAL,207.3,259.9,323.5,196.2
2024-11-01,HAL,209.3,259.9,323.5,196.2
2024-12-01,HAL,184.8,259.9,323.5,196.2
2025-01-01,HAL,234.4,259.9,323.5,196.2
2025-02-01,HAL,178.6,259.9,323.5,196.2
2025-03-01,HAL,291.2,259.9,323.5,196.2
2025-04-01,HAL,320.4,259.9,323.5,196.2
2025-05-01,HAL,319.3,259.9,323.5,196.2
2025-06-01,HAL,318.1,259.9,323.5,196.2
2025-07-01,HAL,347.2,259.9,323.5,196.2
2025-08-01,HAL,225.5,259.9,323.5,196.2
2025-09-01,HAL,292.8,259.9,323.5,196.2
2025-10-01,HAL,327.2,259.9,323.5,196.2
2025-11-01,HAL,26.1,259.9,323.5,196.2
2024-09-01,HAS,23.8,37.9,48.2,27.6
2024-10-01,HAS,33.6,37.9,48.2,27.6
2024-11-01,HAS,29.5,37.9,48.2,27.6
2024-12-01,HAS,36.3,37.9,48.2,27.6
2025-01-01,HAS,25.0,37.9,48.2,27.6
2025-02-01,HAS,35.9,37.9,48.2,27.6
2025-03-01,HAS,39.6,37.9,48.2,27.6
2025-04-01,HAS,54.8,37.9,48.2,27.6
2025-05-01,HAS,41.7,37.9,48.2,27.6
2025-06-01,HAS,42.2,37.9,48.2,27.6
2025-07-01,HAS,58.8,37.9,48.2,27.6
2025-08-01,HAS,35.5,37.9,48.2,27.6
2025-09-01,HAS,33.2,37.9,48.2,27.6
2025-10-01,HAS,44.8,37.9,48.2,27.6
2025-11-01,HAS,6.0,37.9,48.2,27.6
2024-09-01,HBAN,261.5,489.1,685.8,292.5
2024-10-01,HBAN,298.5,489.1,685.8,292.5
2024-11-01,HBAN,306.3,489.1,685.8,292.5
2024-12-01,HBAN,295.1,489.1,685.8,292.5
2025-01-01,HBAN,385.3,489.1,685.8,292.5
2025-02-01,HBAN,411.7,489.1,685.8,292.5
2025-03-01,HBAN,547.6,489.1,685.8,292.5
2025-04-01,HBAN,477.1,489.1,685.8,292.5
2025-05-01,HBAN,438.1,489.1,685.8,292.5
2025-06-01,HBAN,568.3,489.1,685.8,292.5
2025-07-01,HBAN,856.6,489.1,685.8,292.5
2025-08-01,HBAN,533.0,489.1,685.8,292.5
2025-09-01,HBAN,602.0,489.1,685.8,292.5
2025-10-01,HBAN,881.9,489.1,685.8,292.5
2025-11-01,HBAN,71.1,489.1,685.8,292.5
2024-09-01,HCA,24.3,30.4,35.2,25.5
2024-10-01,HCA,32.1,30.4,35.2,25.5
2024-11-01,HCA,31.5,30.4,35.2,25.5
2024-12-01,HCA,27.5,30.4,35.2,25.5
2025-01-01,HCA,34.6,30.4,35.2,25.5
2025-02-01,HCA,33.3,30.4,35.2,25.5
2025-03-01,HCA,32.1,30.4,35.2,25.5
2025-04-01,HCA,36.8,30.4,35.2,25.5
2025-05-01,HCA,31.9,30.4,35.2,25.5
2025-06-01,HCA,28.7,30.4,35.2,25.5
2025-07-01,HCA,34.7,30.4,35.2,25.5
2025-08-01,HCA,23.6,30.4,35.2,25.5
2025-09-01,HCA,27.3,30.4,35.2,25.5
2025-10-01,HCA,31.8,30.4,35.2,25.5
2025-11-01,HCA,3.9,30.4,35.2,25.5
2024-09-01,HD,63.0,71.2,81.0,61.4
2024-10-01,HD,70.8,71.2,81.0,61.4
2024-11-01,HD,74.4,71.2,81.0,61.4
2024-12-01,HD,65.5,71.2,81.0,61.4
2025-01-01,HD,63.5,71.2,81.0,61.4
2025-02-01,HD,64.6,71.2,81.0,61.4
2025-03-01,HD,84.8,71.2,81.0,61.4
2025-04-01,HD,82.9,71.2,81.0,61.4
2025-05-01,HD,68.0,71.2,81.0,61.4
2025-06-01,HD,74.5,71.2,81.0,61.4
2025-07-01,HD,72.3,71.2,81.0,61.4
2025-08-01,HD,74.5,71.2,81.0,61.4
2025-09-01,HD,79.9,71.2,81.0,61.4
2025-10-01,HD,68.6,71.2,81.0,61.4
2025-11-01,HD,10.3,71.2,81.0,61.4
2024-09-01,HIG,29.4,32.9,37.4,28.4
2024-10-01,HIG,35.9,32.9,37.4,28.4
2024-11-01,HIG,28.2,32.9,37.4,28.4
2024-12-01,HIG,35.3,32.9,37.4,28.4
2025-01-01,HIG,33.1,32.9,37.4,28.4
2025-02-01,HIG,35.1,32.9,37.4,28.4
2025-03-01,HIG,37.0,32.9,37.4,28.4
2025-04-01,HIG,35.3,32.9,37.4,28.4
2025-05-01,HIG,35.3,32.9,37.4,28.4
2025-06-01,HIG,30.5,32.9,37.4,28.4
2025-07-01,HIG,35.5,32.9,37.4,28.4
2025-08-01,HIG,27.7,32.9,37.4,28.4
2025-09-01,HIG,31.4,32.9,37.4,28.4
2025-10-01,HIG,35.7,32.9,37.4,28.4
2025-11-01,HIG,4.6,32.9,37.4,28.4
2024-09-01,HII,8.6,11.7,15.3,8.1
2024-10-01,HII,8.3,11.7,15.3,8.1
2024-11-01,HII,12.8,11.7,15.3,8.1
2024-12-01,HII,13.5,11.7,15.3,8.1
2025-01-01,HII,9.0,11.7,15.3,8.1
2025-02-01,HII,19.4,11.7,15.3,8.1
2025-03-01,HII,17.7,11.7,15.3,8.1
2025-04-01,HII,16.3,11.7,15.3,8.1
2025-05-01,HII,10.9,11.7,15.3,8.1
2025-06-01,HII,10.2,11.7,15.3,8.1
2025-07-01,HII,10.7,11.7,15.3,8.1
2025-08-01,HII,8.8,11.7,15.3,8.1
2025-09-01,HII,10.0,11.7,15.3,8.1
2025-10-01,HII,10.4,11.7,15.3,8.1
2025-11-01,HII,1.6,11.7,15.3,8.1
2024-09-01,HLT,32.5,37.3,48.0,26.7
2024-10-01,HLT,31.1,37.3,48.0,26.7
2024-11-01,HLT,27.6,37.3,48.0,26.7
2024-12-01,HLT,27.7,37.3,48.0,26.7
2025-01-01,HLT,27.4,37.3,48.0,26.7
2025-02-01,HLT,31.3,37.3,48.0,26.7
2025-03-01,HLT,51.5,37.3,48.0,26.7
2025-04-01,HLT,63.5,37.3,48.0,26.7
2025-05-01,HLT,40.6,37.3,48.0,26.7
2025-06-01,HLT,43.0,37.3,48.0,26.7
2025-07-01,HLT,41.1,37.3,48.0,26.7
2025-08-01,HLT,30.4,37.3,48.0,26.7
2025-09-01,HLT,36.1,37.3,48.0,26.7
2025-10-01,HLT,43.1,37.3,48.0,26.7
2025-11-01,HLT,5.2,37.3,48.0,26.7
2024-09-01,HLX,43.3,36.5,46.5,26.5
2024-10-01,HLX,52.9,36.5,46.5,26.5
2024-11-01,HLX,29.6,36.5,46.5,26.5
2024-12-01,HLX,30.9,36.5,46.5,26.5
2025-01-01,HLX,28.0,36.5,46.5,26.5
2025-02-01,HLX,26.8,36.5,46.5,26.5
2025-03-01,HLX,48.0,36.5,46.5,26.5
2025-04-01,HLX,50.3,36.5,46.5,26.5
2025-05-01,HLX,35.1,36.5,46.5,26.5
2025-06-01,HLX,28.5,36.5,46.5,26.5
2025-07-01,HLX,48.2,36.5,46.5,26.5
2025-08-01,HLX,29.1,36.5,46.5,26.5
2025-09-01,HLX,28.7,36.5,46.5,26.5
2025-10-01,HLX,34.6,36.5,46.5,26.5
2025-11-01,HLX,4.5,36.5,46.5,26.5
2024-09-01,HOLX,26.4,52.2,73.9,30.4
2024-10-01,HOLX,31.0,52.2,73.9,30.4
2024-11-01,HOLX,36.1,52.2,73.9,30.4
2024-12-01,HOLX,52.8,52.2,73.9,30.4
2025-01-01,HOLX,46.9,52.2,73.9,30.4
2025-02-01,HOLX,45.8,52.2,73.9,30.4
2025-03-01,HOLX,54.6,52.2,73.9,30.4
2025-04-01,HOLX,72.0,52.2,73.9,30.4
2025-05-01,HOLX,102.2,52.2,73.9,30.4
2025-06-01,HOLX,53.1,52.2,73.9,30.4
2025-07-01,HOLX,41.7,52.2,73.9,30.4
2025-08-01,HOLX,35.5,52.2,73.9,30.4
2025-09-01,HOLX,46.1,52.2,73.9,30.4
2025-10-01,HOLX,90.4,52.2,73.9,30.4
2025-11-01,HOLX,11.5,52.2,73.9,30.4
2024-09-01,HON,44.5,84.1,104.1,64.1
2024-10-01,HON,94.0,84.1,104.1,64.1
2024-11-01,HON,98.6,84.1,104.1,64.1
2024-12-01,HON,81.4,84.1,104.1,64.1
2025-01-01,HON,70.2,84.1,104.1,64.1
2025-02-01,HON,92.2,84.1,104.1,64.1
2025-03-01,HON,97.8,84.1,104.1,64.1
2025-04-01,HON,112.0,84.1,104.1,64.1
2025-05-01,HON,84.7,84.1,104.1,64.1
2025-06-01,HON,60.3,84.1,104.1,64.1
2025-07-01,HON,80.2,84.1,104.1,64.1
2025-08-01,HON,64.3,84.1,104.1,64.1
2025-09-01,HON,98.7,84.1,104.1,64.1
2025-10-01,HON,106.7,84.1,104.1,64.1
2025-11-01,HON,14.9,84.1,104.1,64.1
2024-09-01,HOOD,233.3,712.7,1002.4,423.0
2024-10-01,HOOD,359.3,712.7,1002.4,423.0
2024-11-01,HOOD,494.4,712.7,1002.4,423.0
2024-12-01,HOOD,512.9,712.7,1002.4,423.0
2025-01-01,HOOD,422.3,712.7,1002.4,423.0
2025-02-01,HOOD,684.2,712.7,1002.4,423.0
2025-03-01,HOOD,1054.9,712.7,1002.4,423.0
2025-04-01,HOOD,1031.9,712.7,1002.4,423.0
2025-05-01,HOOD,816.6,712.7,1002.4,423.0
2025-06-01,HOOD,834.1,712.7,1002.4,423.0
2025-07-01,HOOD,1160.2,712.7,1002.4,423.0
2025-08-01,HOOD,823.6,712.7,1002.4,423.0
2025-09-01,HOOD,1039.0,712.7,1002.4,423.0
2025-10-01,HOOD,610.9,712.7,1002.4,423.0
2025-11-01,HOOD,76.1,712.7,1002.4,423.0
2024-09-01,HPE,499.1,417.8,593.1,242.5
2024-10-01,HPE,263.6,417.8,593.1,242.5
2024-11-01,HPE,228.2,417.8,593.1,242.5
2024-12-01,HPE,338.5,417.8,593.1,242.5
2025-01-01,HPE,330.5,417.8,593.1,242.5
2025-02-01,HPE,213.6,417.8,593.1,242.5
2025-03-01,HPE,568.7,417.8,593.1,242.5
2025-04-01,HPE,516.2,417.8,593.1,242.5
2025-05-01,HPE,321.8,417.8,593.1,242.5
2025-06-01,HPE,412.3,417.8,593.1,242.5
2025-07-01,HPE,394.6,417.8,593.1,242.5
2025-08-01,HPE,346.2,417.8,593.1,242.5
2025-09-01,HPE,542.1,417.8,593.1,242.5
2025-10-01,HPE,878.3,417.8,593.1,242.5
2025-11-01,HPE,91.1,417.8,593.1,242.5
2024-09-01,HPQ,183.1,177.7,222.9,132.6
2024-10-01,HPQ,135.9,177.7,222.9,132.6
2024-11-01,HPQ,169.4,177.7,222.9,132.6
2024-12-01,HPQ,150.4,177.7,222.9,132.6
2025-01-01,HPQ,122.1,177.7,222.9,132.6
2025-02-01,HPQ,131.1,177.7,222.9,132.6
2025-03-01,HPQ,176.5,177.7,222.9,132.6
2025-04-01,HPQ,224.3,177.7,222.9,132.6
2025-05-01,HPQ,188.0,177.7,222.9,132.6
2025-06-01,HPQ,194.6,177.7,222.9,132.6
2025-07-01,HPQ,162.4,177.7,222.9,132.6
2025-08-01,HPQ,181.4,177.7,222.9,132.6
2025-09-01,HPQ,193.3,177.7,222.9,132.6
2025-10-01,HPQ,290.8,177.7,222.9,132.6
2025-11-01,HPQ,32.7,177.7,222.9,132.6
2024-09-01,HRL,54.5,66.9,86.1,47.7
2024-10-01,HRL,44.4,66.9,86.1,47.7
2024-11-01,HRL,48.5,66.9,86.1,47.7
2024-12-01,HRL,54.6,66.9,86.1,47.7
2025-01-01,HRL,56.5,66.9,86.1,47.7
2025-02-01,HRL,62.1,66.9,86.1,47.7
2025-03-01,HRL,66.8,66.9,86.1,47.7
2025-04-01,HRL,63.8,66.9,86.1,47.7
2025-05-01,HRL,67.4,66.9,86.1,47.7
2025-06-01,HRL,60.4,66.9,86.1,47.7
2025-07-01,HRL,73.5,66.9,86.1,47.7
2025-08-01,HRL,88.4,66.9,86.1,47.7
2025-09-01,HRL,87.2,66.9,86.1,47.7
2025-10-01,HRL,113.5,66.9,86.1,47.7
2025-11-01,HRL,13.0,66.9,86.1,47.7
2024-09-01,HSIC,38.6,34.6,41.4,27.7
2024-10-01,HSIC,26.2,34.6,41.4,27.7
2024-11-01,HSIC,41.7,34.6,41.4,27.7
2024-12-01,HSIC,29.2,34.6,41.4,27.7
2025-01-01,HSIC,27.6,34.6,41.4,27.7
2025-02-01,HSIC,50.1,34.6,41.4,27.7
2025-03-01,HSIC,35.7,34.6,41.4,27.7
2025-04-01,HSIC,29.2,34.6,41.4,27.7
2025-05-01,HSIC,36.0,34.6,41.4,27.7
2025-06-01,HSIC,32.9,34.6,41.4,27.7
2025-07-01,HSIC,36.2,34.6,41.4,27.7
2025-08-01,HSIC,43.3,34.6,41.4,27.7
2025-09-01,HSIC,32.0,34.6,41.4,27.7
2025-10-01,HSIC,32.0,34.6,41.4,27.7
2025-11-01,HSIC,10.9,34.6,41.4,27.7
2024-09-01,HST,169.7,181.3,220.0,142.6
2024-10-01,HST,132.2,181.3,220.0,142.6
2024-11-01,HST,169.1,181.3,220.0,142.6
2024-12-01,HST,146.7,181.3,220.0,142.6
2025-01-01,HST,148.8,181.3,220.0,142.6
2025-02-01,HST,170.5,181.3,220.0,142.6
2025-03-01,HST,210.4,181.3,220.0,142.6
2025-04-01,HST,245.9,181.3,220.0,142.6
2025-05-01,HST,243.2,181.3,220.0,142.6
2025-06-01,HST,189.1,181.3,220.0,142.6
2025-07-01,HST,200.0,181.3,220.0,142.6
2025-08-01,HST,209.8,181.3,220.0,142.6
2025-09-01,HST,191.9,181.3,220.0,142.6
2025-10-01,HST,142.6,181.3,220.0,142.6
2025-11-01,HST,35.6,181.3,220.0,142.6
2024-09-01,HSY,23.0,36.8,46.8,26.8
2024-10-01,HSY,27.8,36.8,46.8,26.8
2024-11-01,HSY,39.9,36.8,46.8,26.8
2024-12-01,HSY,63.3,36.8,46.8,26.8
2025-01-01,HSY,38.1,36.8,46.8,26.8
2025-02-01,HSY,45.6,36.8,46.8,26.8
2025-03-01,HSY,36.1,36.8,46.8,26.8
2025-04-01,HSY,32.3,36.8,46.8,26.8
2025-05-01,HSY,41.1,36.8,46.8,26.8
2025-06-01,HSY,34.5,36.8,46.8,26.8
2025-07-01,HSY,42.7,36.8,46.8,26.8
2025-08-01,HSY,29.6,36.8,46.8,26.8
2025-09-01,HSY,28.9,36.8,46.8,26.8
2025-10-01,HSY,38.6,36.8,46.8,26.8
2025-11-01,HSY,6.9,36.8,46.8,26.8
2024-09-01,HUBB,8.0,11.3,14.2,8.3
2024-10-01,HUBB,8.3,11.3,14.2,8.3
2024-11-01,HUBB,9.0,11.3,14.2,8.3
2024-12-01,HUBB,7.3,11.3,14.2,8.3
2025-01-01,HUBB,11.0,11.3,14.2,8.3
2025-02-01,HUBB,13.6,11.3,14.2,8.3
2025-03-01,HUBB,15.0,11.3,14.2,8.3
2025-04-01,HUBB,15.0,11.3,14.2,8.3
2025-05-01,HUBB,15.3,11.3,14.2,8.3
2025-06-01,HUBB,10.2,11.3,14.2,8.3
2025-07-01,HUBB,13.1,11.3,14.2,8.3
2025-08-01,HUBB,9.6,11.3,14.2,8.3
2025-09-01,HUBB,10.5,11.3,14.2,8.3
2025-10-01,HUBB,13.5,11.3,14.2,8.3
2025-11-01,HUBB,1.9,11.3,14.2,8.3
2024-09-01,HUM,31.5,40.1,54.8,25.5
2024-10-01,HUM,85.8,40.1,54.8,25.5
2024-11-01,HUM,38.2,40.1,54.8,25.5
2024-12-01,HUM,37.9,40.1,54.8,25.5
2025-01-01,HUM,30.4,40.1,54.8,25.5
2025-02-01,HUM,36.3,40.1,54.8,25.5
2025-03-01,HUM,28.3,40.1,54.8,25.5
2025-04-01,HUM,41.3,40.1,54.8,25.5
2025-05-01,HUM,40.7,40.1,54.8,25.5
2025-06-01,HUM,33.1,40.1,54.8,25.5
2025-07-01,HUM,42.1,40.1,54.8,25.5
2025-08-01,HUM,29.1,40.1,54.8,25.5
2025-09-01,HUM,43.4,40.1,54.8,25.5
2025-10-01,HUM,43.7,40.1,54.8,25.5
2025-11-01,HUM,6.2,40.1,54.8,25.5
2024-09-01,HWM,49.4,55.0,65.9,44.1
2024-10-01,HWM,47.9,55.0,65.9,44.1
2024-11-01,HWM,50.8,55.0,65.9,44.1
2024-12-01,HWM,45.6,55.0,65.9,44.1
2025-01-01,HWM,55.6,55.0,65.9,44.1
2025-02-01,HWM,54.0,55.0,65.9,44.1
2025-03-01,HWM,65.5,55.0,65.9,44.1
2025-04-01,HWM,63.6,55.0,65.9,44.1
2025-05-01,HWM,63.6,55.0,65.9,44.1
2025-06-01,HWM,77.5,55.0,65.9,44.1
2025-07-01,HWM,64.3,55.0,65.9,44.1
2025-08-01,HWM,52.9,55.0,65.9,44.1
2025-09-01,HWM,45.8,55.0,65.9,44.1
2025-10-01,HWM,44.9,55.0,65.9,44.1
2025-11-01,HWM,6.5,55.0,65.9,44.1
2024-09-01,HYD,6.0,15.6,22.2,9.0
2024-10-01,HYD,10.5,15.6,22.2,9.0
2024-11-01,HYD,10.7,15.6,22.2,9.0
2024-12-01,HYD,21.1,15.6,22.2,9.0
2025-01-01,HYD,16.9,15.6,22.2,9.0
2025-02-01,HYD,8.5,15.6,22.2,9.0
2025-03-01,HYD,19.4,15.6,22.2,9.0
2025-04-01,HYD,32.0,15.6,22.2,9.0
2025-05-01,HYD,20.6,15.6,22.2,9.0
2025-06-01,HYD,16.3,15.6,22.2,9.0
2025-07-01,HYD,18.2,15.6,22.2,9.0
2025-08-01,HYD,16.5,15.6,22.2,9.0
2025-09-01,HYD,14.8,15.6,22.2,9.0
2025-10-01,HYD,9.6,15.6,22.2,9.0
2025-11-01,HYD,1.5,15.6,22.2,9.0
2024-09-01,HYG,702.8,811.7,1079.0,544.5
2024-10-01,HYG,842.5,811.7,1079.0,544.5
2024-11-01,HYG,655.2,811.7,1079.0,544.5
2024-12-01,HYG,653.5,811.7,1079.0,544.5
2025-01-01,HYG,655.6,811.7,1079.0,544.5
2025-02-01,HYG,567.0,811.7,1079.0,544.5
2025-03-01,HYG,1021.9,811.7,1079.0,544.5
2025-04-01,HYG,1591.9,811.7,1079.0,544.5
2025-05-01,HYG,803.5,811.7,1079.0,544.5
2025-06-01,HYG,719.1,811.7,1079.0,544.5
2025-07-01,HYG,670.4,811.7,1079.0,544.5
2025-08-01,HYG,708.3,811.7,1079.0,544.5
2025-09-01,HYG,736.5,811.7,1079.0,544.5
2025-10-01,HYG,1092.1,811.7,1079.0,544.5
2025-11-01,HYG,146.6,811.7,1079.0,544.5
2024-09-01,IBKR,71.2,128.3,175.4,81.1
2024-10-01,IBKR,89.7,128.3,175.4,81.1
2024-11-01,IBKR,89.8,128.3,175.4,81.1
2024-12-01,IBKR,90.0,128.3,175.4,81.1
2025-01-01,IBKR,135.5,128.3,175.4,81.1
2025-02-01,IBKR,168.3,128.3,175.4,81.1
2025-03-01,IBKR,212.1,128.3,175.4,81.1
2025-04-01,IBKR,206.9,128.3,175.4,81.1
2025-05-01,IBKR,103.6,128.3,175.4,81.1
2025-06-01,IBKR,104.7,128.3,175.4,81.1
2025-07-01,IBKR,129.8,128.3,175.4,81.1
2025-08-01,IBKR,197.7,128.3,175.4,81.1
2025-09-01,IBKR,111.2,128.3,175.4,81.1
2025-10-01,IBKR,110.6,128.3,175.4,81.1
2025-11-01,IBKR,14.0,128.3,175.4,81.1
2024-09-01,IBM,83.4,97.6,118.3,76.9
2024-10-01,IBM,105.6,97.6,118.3,76.9
2024-11-01,IBM,77.3,97.6,118.3,76.9
2024-12-01,IBM,81.5,97.6,118.3,76.9
2025-01-01,IBM,92.4,97.6,118.3,76.9
2025-02-01,IBM,94.1,97.6,118.3,76.9
2025-03-01,IBM,100.9,97.6,118.3,76.9
2025-04-01,IBM,120.8,97.6,118.3,76.9
2025-05-01,IBM,78.2,97.6,118.3,76.9
2025-06-01,IBM,74.4,97.6,118.3,76.9
2025-07-01,IBM,109.1,97.6,118.3,76.9
2025-08-01,IBM,105.0,97.6,118.3,76.9
2025-09-01,IBM,110.3,97.6,118.3,76.9
2025-10-01,IBM,140.5,97.6,118.3,76.9
2025-11-01,IBM,15.3,97.6,118.3,76.9
2024-09-01,ICE,57.0,64.5,79.8,49.2
2024-10-01,ICE,66.1,64.5,79.8,49.2
2024-11-01,ICE,58.9,64.5,79.8,49.2
2024-12-01,ICE,64.9,64.5,79.8,49.2
2025-01-01,ICE,63.8,64.5,79.8,49.2
2025-02-01,ICE,54.7,64.5,79.8,49.2
2025-03-01,ICE,71.5,64.5,79.8,49.2
2025-04-01,ICE,82.2,64.5,79.8,49.2
2025-05-01,ICE,64.2,64.5,79.8,49.2
2025-06-01,ICE,46.4,64.5,79.8,49.2
2025-07-01,ICE,47.6,64.5,79.8,49.2
2025-08-01,ICE,62.1,64.5,79.8,49.2
2025-09-01,ICE,65.1,64.5,79.8,49.2
2025-10-01,ICE,103.0,64.5,79.8,49.2
2025-11-01,ICE,11.6,64.5,79.8,49.2
2024-09-01,ICL,20.4,16.3,19.3,13.3
2024-10-01,ICL,14.6,16.3,19.3,13.3
2024-11-01,ICL,17.4,16.3,19.3,13.3
2024-12-01,ICL,18.1,16.3,19.3,13.3
2025-01-01,ICL,15.8,16.3,19.3,13.3
2025-02-01,ICL,22.2,16.3,19.3,13.3
2025-03-01,ICL,15.3,16.3,19.3,13.3
2025-04-01,ICL,19.1,16.3,19.3,13.3
2025-05-01,ICL,15.1,16.3,19.3,13.3
2025-06-01,ICL,16.1,16.3,19.3,13.3
2025-07-01,ICL,14.9,16.3,19.3,13.3
2025-08-01,ICL,15.7,16.3,19.3,13.3
2025-09-01,ICL,14.0,16.3,19.3,13.3
2025-10-01,ICL,13.6,16.3,19.3,13.3
2025-11-01,ICL,1.2,16.3,19.3,13.3
2024-09-01,IDXX,7.4,13.0,16.9,9.2
2024-10-01,IDXX,14.6,13.0,16.9,9.2
2024-11-01,IDXX,13.8,13.0,16.9,9.2
2024-12-01,IDXX,12.2,13.0,16.9,9.2
2025-01-01,IDXX,13.9,13.0,16.9,9.2
2025-02-01,IDXX,14.1,13.0,16.9,9.2
2025-03-01,IDXX,15.4,13.0,16.9,9.2
2025-04-01,IDXX,23.1,13.0,16.9,9.2
2025-05-01,IDXX,14.9,13.0,16.9,9.2
2025-06-01,IDXX,9.6,13.0,16.9,9.2
2025-07-01,IDXX,11.7,13.0,16.9,9.2
2025-08-01,IDXX,14.6,13.0,16.9,9.2
2025-09-01,IDXX,8.7,13.0,16.9,9.2
2025-10-01,IDXX,10.0,13.0,16.9,9.2
2025-11-01,IDXX,2.9,13.0,16.9,9.2
2024-09-01,IEF,198.6,169.5,226.9,112.1
2024-10-01,IEF,161.2,169.5,226.9,112.1
2024-11-01,IEF,167.7,169.5,226.9,112.1
2024-12-01,IEF,116.9,169.5,226.9,112.1
2025-01-01,IEF,101.9,169.5,226.9,112.1
2025-02-01,IEF,116.3,169.5,226.9,112.1
2025-03-01,IEF,168.9,169.5,226.9,112.1
2025-04-01,IEF,341.9,169.5,226.9,112.1
2025-05-01,IEF,196.5,169.5,226.9,112.1
2025-06-01,IEF,158.8,169.5,226.9,112.1
2025-07-01,IEF,144.2,169.5,226.9,112.1
2025-08-01,IEF,153.6,169.5,226.9,112.1
2025-09-01,IEF,183.8,169.5,226.9,112.1
2025-10-01,IEF,183.2,169.5,226.9,112.1
2025-11-01,IEF,25.9,169.5,226.9,112.1
2024-09-01,IEX,14.4,13.4,16.3,10.6
2024-10-01,IEX,10.1,13.4,16.3,10.6
2024-11-01,IEX,13.2,13.4,16.3,10.6
2024-12-01,IEX,10.9,13.4,16.3,10.6
2025-01-01,IEX,8.6,13.4,16.3,10.6
2025-02-01,IEX,12.1,13.4,16.3,10.6
2025-03-01,IEX,13.2,13.4,16.3,10.6
2025-04-01,IEX,17.9,13.4,16.3,10.6
2025-05-01,IEX,12.7,13.4,16.3,10.6
2025-06-01,IEX,14.3,13.4,16.3,10.6
2025-07-01,IEX,16.8,13.4,16.3,10.6
2025-08-01,IEX,16.1,13.4,16.3,10.6
2025-09-01,IEX,15.6,13.4,16.3,10.6
2025-10-01,IEX,14.5,13.4,16.3,10.6
2025-11-01,IEX,2.2,13.4,16.3,10.6
2024-09-01,IFF,25.7,36.3,45.5,27.0
2024-10-01,IFF,23.2,36.3,45.5,27.0
2024-11-01,IFF,38.3,36.3,45.5,27.0
2024-12-01,IFF,27.7,36.3,45.5,27.0
2025-01-01,IFF,27.1,36.3,45.5,27.0
2025-02-01,IFF,33.3,36.3,45.5,27.0
2025-03-01,IFF,41.0,36.3,45.5,27.0
2025-04-01,IFF,42.1,36.3,45.5,27.0
2025-05-01,IFF,37.4,36.3,45.5,27.0
2025-06-01,IFF,30.7,36.3,45.5,27.0
2025-07-01,IFF,36.6,36.3,45.5,27.0
2025-08-01,IFF,50.7,36.3,45.5,27.0
2025-09-01,IFF,49.4,36.3,45.5,27.0
2025-10-01,IFF,48.2,36.3,45.5,27.0
2025-11-01,IFF,11.3,36.3,45.5,27.0
2024-09-01,INCY,43.6,40.1,47.4,32.8
2024-10-01,INCY,34.1,40.1,47.4,32.8
2024-11-01,INCY,52.6,40.1,47.4,32.8
2024-12-01,INCY,39.0,40.1,47.4,32.8
2025-01-01,INCY,27.7,40.1,47.4,32.8
2025-02-01,INCY,35.0,40.1,47.4,32.8
2025-03-01,INCY,44.8,40.1,47.4,32.8
2025-04-01,INCY,46.3,40.1,47.4,32.8
2025-05-01,INCY,37.8,40.1,47.4,32.8
2025-06-01,INCY,43.1,40.1,47.4,32.8
2025-07-01,INCY,37.1,40.1,47.4,32.8
2025-08-01,INCY,35.8,40.1,47.4,32.8
2025-09-01,INCY,38.2,40.1,47.4,32.8
2025-10-01,INCY,50.8,40.1,47.4,32.8
2025-11-01,INCY,12.5,40.1,47.4,32.8
2024-09-01,INDA,88.2,123.1,155.7,90.4
2024-10-01,INDA,117.7,123.1,155.7,90.4
2024-11-01,INDA,108.5,123.1,155.7,90.4
2024-12-01,INDA,94.4,123.1,155.7,90.4
2025-01-01,INDA,106.3,123.1,155.7,90.4
2025-02-01,INDA,113.6,123.1,155.7,90.4
2025-03-01,INDA,141.4,123.1,155.7,90.4
2025-04-01,INDA,206.4,123.1,155.7,90.4
2025-05-01,INDA,160.1,123.1,155.7,90.4
2025-06-01,INDA,114.9,123.1,155.7,90.4
2025-07-01,INDA,139.0,123.1,155.7,90.4
2025-08-01,INDA,137.4,123.1,155.7,90.4
2025-09-01,INDA,90.6,123.1,155.7,90.4
2025-10-01,INDA,120.6,123.1,155.7,90.4
2025-11-01,INDA,14.6,123.1,155.7,90.4
2024-09-01,INTC,2132.9,2002.8,2564.3,1441.4
2024-10-01,INTC,1274.3,2002.8,2564.3,1441.4
2024-11-01,INTC,1435.2,2002.8,2564.3,1441.4
2024-12-01,INTC,1681.3,2002.8,2564.3,1441.4
2025-01-01,INTC,1473.1,2002.8,2564.3,1441.4
2025-02-01,INTC,2309.5,2002.8,2564.3,1441.4
2025-03-01,INTC,2204.8,2002.8,2564.3,1441.4
2025-04-01,INTC,2422.9,2002.8,2564.3,1441.4
2025-05-01,INTC,1397.6,2002.8,2564.3,1441.4
2025-06-01,INTC,1853.6,2002.8,2564.3,1441.4
2025-07-01,INTC,1842.4,2002.8,2564.3,1441.4
2025-08-01,INTC,2840.3,2002.8,2564.3,1441.4
2025-09-01,INTC,2703.3,2002.8,2564.3,1441.4
2025-10-01,INTC,2783.0,2002.8,2564.3,1441.4
2025-11-01,INTC,238.2,2002.8,2564.3,1441.4
2024-09-01,INTU,24.9,35.5,42.2,28.9
2024-10-01,INTU,28.0,35.5,42.2,28.9
2024-11-01,INTU,37.3,35.5,42.2,28.9
2024-12-01,INTU,32.2,35.5,42.2,28.9
2025-01-01,INTU,34.1,35.5,42.2,28.9
2025-02-01,INTU,40.7,35.5,42.2,28.9
2025-03-01,INTU,37.3,35.5,42.2,28.9
2025-04-01,INTU,39.3,35.5,42.2,28.9
2025-05-01,INTU,41.0,35.5,42.2,28.9
2025-06-01,INTU,31.7,35.5,42.2,28.9
2025-07-01,INTU,31.9,35.5,42.2,28.9
2025-08-01,INTU,44.9,35.5,42.2,28.9
2025-09-01,INTU,43.6,35.5,42.2,28.9
2025-10-01,INTU,37.3,35.5,42.2,28.9
2025-11-01,INTU,4.3,35.5,42.2,28.9
2024-09-01,INVH,96.0,75.6,92.8,58.4
2024-10-01,INVH,77.1,75.6,92.8,58.4
2024-11-01,INVH,69.2,75.6,92.8,58.4
2024-12-01,INVH,64.3,75.6,92.8,58.4
2025-01-01,INVH,64.1,75.6,92.8,58.4
2025-02-01,INVH,51.3,75.6,92.8,58.4
2025-03-01,INVH,69.6,75.6,92.8,58.4
2025-04-01,INVH,69.7,75.6,92.8,58.4
2025-05-01,INVH,70.1,75.6,92.8,58.4
2025-06-01,INVH,71.1,75.6,92.8,58.4
2025-07-01,INVH,74.1,75.6,92.8,58.4
2025-08-01,INVH,76.9,75.6,92.8,58.4
2025-09-01,INVH,97.0,75.6,92.8,58.4
2025-10-01,INVH,114.1,75.6,92.8,58.4
2025-11-01,INVH,12.9,75.6,92.8,58.4
2024-09-01,IP,72.0,111.6,164.9,58.4
2024-10-01,IP,113.6,111.6,164.9,58.4
2024-11-01,IP,101.2,111.6,164.9,58.4
2024-12-01,IP,62.2,111.6,164.9,58.4
2025-01-01,IP,145.9,111.6,164.9,58.4
2025-02-01,IP,290.0,111.6,164.9,58.4
2025-03-01,IP,146.3,111.6,164.9,58.4
2025-04-01,IP,101.8,111.6,164.9,58.4
2025-05-01,IP,102.2,111.6,164.9,58.4
2025-06-01,IP,73.1,111.6,164.9,58.4
2025-07-01,IP,103.9,111.6,164.9,58.4
2025-08-01,IP,88.0,111.6,164.9,58.4
2025-09-01,IP,79.6,111.6,164.9,58.4
2025-10-01,IP,114.6,111.6,164.9,58.4
2025-11-01,IP,22.6,111.6,164.9,58.4
2024-09-01,IPG,82.7,131.0,170.4,91.6
2024-10-01,IPG,92.2,131.0,170.4,91.6
2024-11-01,IPG,99.3,131.0,170.4,91.6
2024-12-01,IPG,158.3,131.0,170.4,91.6
2025-01-01,IPG,91.2,131.0,170.4,91.6
2025-02-01,IPG,117.5,131.0,170.4,91.6
2025-03-01,IPG,210.5,131.0,170.4,91.6
2025-04-01,IPG,116.3,131.0,170.4,91.6
2025-05-01,IPG,129.5,131.0,170.4,91.6
2025-06-01,IPG,187.1,131.0,170.4,91.6
2025-07-01,IPG,167.5,131.0,170.4,91.6
2025-08-01,IPG,113.7,131.0,170.4,91.6
2025-09-01,IPG,126.7,131.0,170.4,91.6
2025-10-01,IPG,158.4,131.0,170.4,91.6
2025-11-01,IPG,15.9,131.0,170.4,91.6
2024-09-01,IQV,26.0,36.0,47.4,24.6
2024-10-01,IQV,25.0,36.0,47.4,24.6
2024-11-01,IQV,42.6,36.0,47.4,24.6
2024-12-01,IQV,29.3,36.0,47.4,24.6
2025-01-01,IQV,27.8,36.0,47.4,24.6
2025-02-01,IQV,28.6,36.0,47.4,24.6
2025-03-01,IQV,32.7,36.0,47.4,24.6
2025-04-01,IQV,48.3,36.0,47.4,24.6
2025-05-01,IQV,56.7,36.0,47.4,24.6
2025-06-01,IQV,49.4,36.0,47.4,24.6
2025-07-01,IQV,49.9,36.0,47.4,24.6
2025-08-01,IQV,26.8,36.0,47.4,24.6
2025-09-01,IQV,24.6,36.0,47.4,24.6
2025-10-01,IQV,41.4,36.0,47.4,24.6
2025-11-01,IQV,5.0,36.0,47.4,24.6
2024-09-01,IR,50.7,58.3,73.9,42.8
2024-10-01,IR,47.6,58.3,73.9,42.8
2024-11-01,IR,43.7,58.3,73.9,42.8
2024-12-01,IR,39.2,58.3,73.9,42.8
2025-01-01,IR,47.9,58.3,73.9,42.8
2025-02-01,IR,51.4,58.3,73.9,42.8
2025-03-01,IR,55.2,58.3,73.9,42.8
2025-04-01,IR,82.7,58.3,73.9,42.8
2025-05-01,IR,75.2,58.3,73.9,42.8
2025-06-01,IR,42.7,58.3,73.9,42.8
2025-07-01,IR,60.6,58.3,73.9,42.8
2025-08-01,IR,68.4,58.3,73.9,42.8
2025-09-01,IR,82.9,58.3,73.9,42.8
2025-10-01,IR,74.0,58.3,73.9,42.8
2025-11-01,IR,13.3,58.3,73.9,42.8
2024-09-01,IRM,31.7,34.3,41.3,27.2
2024-10-01,IRM,27.8,34.3,41.3,27.2
2024-11-01,IRM,30.5,34.3,41.3,27.2
2024-12-01,IRM,39.1,34.3,41.3,27.2
2025-01-01,IRM,39.3,34.3,41.3,27.2
2025-02-01,IRM,44.2,34.3,41.3,27.2
2025-03-01,IRM,46.6,34.3,41.3,27.2
2025-04-01,IRM,40.5,34.3,41.3,27.2
2025-05-01,IRM,34.3,34.3,41.3,27.2
2025-06-01,IRM,35.5,34.3,41.3,27.2
2025-07-01,IRM,24.5,34.3,41.3,27.2
2025-08-01,IRM,31.7,34.3,41.3,27.2
2025-09-01,IRM,34.9,34.3,41.3,27.2
2025-10-01,IRM,27.3,34.3,41.3,27.2
2025-11-01,IRM,6.7,34.3,41.3,27.2
2024-09-01,ISRG,24.8,39.1,52.0,26.3
2024-10-01,ISRG,28.2,39.1,52.0,26.3
2024-11-01,ISRG,26.8,39.1,52.0,26.3
2024-12-01,ISRG,27.2,39.1,52.0,26.3
2025-01-01,ISRG,40.2,39.1,52.0,26.3
2025-02-01,ISRG,27.5,39.1,52.0,26.3
2025-03-01,ISRG,55.9,39.1,52.0,26.3
2025-04-01,ISRG,55.2,39.1,52.0,26.3
2025-05-01,ISRG,29.4,39.1,52.0,26.3
2025-06-01,ISRG,35.9,39.1,52.0,26.3
2025-07-01,ISRG,43.8,39.1,52.0,26.3
2025-08-01,ISRG,40.4,39.1,52.0,26.3
2025-09-01,ISRG,55.6,39.1,52.0,26.3
2025-10-01,ISRG,59.4,39.1,52.0,26.3
2025-11-01,ISRG,6.7,39.1,52.0,26.3
2024-09-01,IT,6.0,16.2,26.3,6.1
2024-10-01,IT,5.0,16.2,26.3,6.1
2024-11-01,IT,9.0,16.2,26.3,6.1
2024-12-01,IT,8.7,16.2,26.3,6.1
2025-01-01,IT,9.0,16.2,26.3,6.1
2025-02-01,IT,9.7,16.2,26.3,6.1
2025-03-01,IT,16.8,16.2,26.3,6.1
2025-04-01,IT,15.5,16.2,26.3,6.1
2025-05-01,IT,12.3,16.2,26.3,6.1
2025-06-01,IT,17.7,16.2,26.3,6.1
2025-07-01,IT,19.2,16.2,26.3,6.1
2025-08-01,IT,38.2,16.2,26.3,6.1
2025-09-01,IT,35.8,16.2,26.3,6.1
2025-10-01,IT,25.0,16.2,26.3,6.1
2025-11-01,IT,4.5,16.2,26.3,6.1
2024-09-01,ITW,17.8,21.1,26.0,16.1
2024-10-01,ITW,18.0,21.1,26.0,16.1
2024-11-01,ITW,17.3,21.1,26.0,16.1
2024-12-01,ITW,17.9,21.1,26.0,16.1
2025-01-01,ITW,17.9,21.1,26.0,16.1
2025-02-01,ITW,20.7,21.1,26.0,16.1
2025-03-01,ITW,26.4,21.1,26.0,16.1
2025-04-01,ITW,30.8,21.1,26.0,16.1
2025-05-01,ITW,23.2,21.1,26.0,16.1
2025-06-01,ITW,17.2,21.1,26.0,16.1
2025-07-01,ITW,23.1,21.1,26.0,16.1
2025-08-01,ITW,19.5,21.1,26.0,16.1
2025-09-01,ITW,17.4,21.1,26.0,16.1
2025-10-01,ITW,29.6,21.1,26.0,16.1
2025-11-01,ITW,4.3,21.1,26.0,16.1
2024-09-01,IVZ,70.5,102.4,138.8,65.9
2024-10-01,IVZ,88.7,102.4,138.8,65.9
2024-11-01,IVZ,68.2,102.4,138.8,65.9
2024-12-01,IVZ,65.7,102.4,138.8,65.9
2025-01-01,IVZ,89.8,102.4,138.8,65.9
2025-02-01,IVZ,74.3,102.4,138.8,65.9
2025-03-01,IVZ,120.7,102.4,138.8,65.9
2025-04-01,IVZ,159.4,102.4,138.8,65.9
2025-05-01,IVZ,94.3,102.4,138.8,65.9
2025-06-01,IVZ,101.6,102.4,138.8,65.9
2025-07-01,IVZ,185.0,102.4,138.8,65.9
2025-08-01,IVZ,93.1,102.4,138.8,65.9
2025-09-01,IVZ,86.9,102.4,138.8,65.9
2025-10-01,IVZ,139.6,102.4,138.8,65.9
2025-11-01,IVZ,11.9,102.4,138.8,65.9
2024-09-01,IWD,30.5,49.9,65.5,34.3
2024-10-01,IWD,32.5,49.9,65.5,34.3
2024-11-01,IWD,38.8,49.9,65.5,34.3
2024-12-01,IWD,70.2,49.9,65.5,34.3
2025-01-01,IWD,58.5,49.9,65.5,34.3
2025-02-01,IWD,26.6,49.9,65.5,34.3
2025-03-01,IWD,52.1,49.9,65.5,34.3
2025-04-01,IWD,68.1,49.9,65.5,34.3
2025-05-01,IWD,51.2,49.9,65.5,34.3
2025-06-01,IWD,48.1,49.9,65.5,34.3
2025-07-01,IWD,49.8,49.9,65.5,34.3
2025-08-01,IWD,41.0,49.9,65.5,34.3
2025-09-01,IWD,55.8,49.9,65.5,34.3
2025-10-01,IWD,78.6,49.9,65.5,34.3
2025-11-01,IWD,9.8,49.9,65.5,34.3
2024-09-01,IWF,26.4,29.4,38.6,20.1
2024-10-01,IWF,27.3,29.4,38.6,20.1
2024-11-01,IWF,25.7,29.4,38.6,20.1
2024-12-01,IWF,33.2,29.4,38.6,20.1
2025-01-01,IWF,35.6,29.4,38.6,20.1
2025-02-01,IWF,23.1,29.4,38.6,20.1
2025-03-01,IWF,42.1,29.4,38.6,20.1
2025-04-01,IWF,53.2,29.4,38.6,20.1
2025-05-01,IWF,28.9,29.4,38.6,20.1
2025-06-01,IWF,22.5,29.4,38.6,20.1
2025-07-01,IWF,23.5,29.4,38.6,20.1
2025-08-01,IWF,18.4,29.4,38.6,20.1
2025-09-01,IWF,24.6,29.4,38.6,20.1
2025-10-01,IWF,31.3,29.4,38.6,20.1
2025-11-01,IWF,3.3,29.4,38.6,20.1
2024-09-01,IWM,570.4,664.5,829.1,499.9
2024-10-01,IWM,490.0,664.5,829.1,499.9
2024-11-01,IWM,586.2,664.5,829.1,499.9
2024-12-01,IWM,578.0,664.5,829.1,499.9
2025-01-01,IWM,515.2,664.5,829.1,499.9
2025-02-01,IWM,454.0,664.5,829.1,499.9
2025-03-01,IWM,696.9,664.5,829.1,499.9
2025-04-01,IWM,984.3,664.5,829.1,499.9
2025-05-01,IWM,599.4,664.5,829.1,499.9
2025-06-01,IWM,680.6,664.5,829.1,499.9
2025-07-01,IWM,784.5,664.5,829.1,499.9
2025-08-01,IWM,709.3,664.5,829.1,499.9
2025-09-01,IWM,847.4,664.5,829.1,499.9
2025-10-01,IWM,871.1,664.5,829.1,499.9
2025-11-01,IWM,101.6,664.5,829.1,499.9
2024-09-01,J,18.0,17.6,21.9,13.2
2024-10-01,J,18.2,17.6,21.9,13.2
2024-11-01,J,17.9,17.6,21.9,13.2
2024-12-01,J,15.9,17.6,21.9,13.2
2025-01-01,J,13.3,17.6,21.9,13.2
2025-02-01,J,19.2,17.6,21.9,13.2
2025-03-01,J,21.4,17.6,21.9,13.2
2025-04-01,J,18.3,17.6,21.9,13.2
2025-05-01,J,20.4,17.6,21.9,13.2
2025-06-01,J,13.2,17.6,21.9,13.2
2025-07-01,J,14.1,17.6,21.9,13.2
2025-08-01,J,15.2,17.6,21.9,13.2
2025-09-01,J,14.3,17.6,21.9,13.2
2025-10-01,J,28.4,17.6,21.9,13.2
2025-11-01,J,2.4,17.6,21.9,13.2
2024-09-01,JBHT,14.8,22.8,29.9,15.6
2024-10-01,JBHT,21.9,22.8,29.9,15.6
2024-11-01,JBHT,18.9,22.8,29.9,15.6
2024-12-01,JBHT,13.7,22.8,29.9,15.6
2025-01-01,JBHT,21.1,22.8,29.9,15.6
2025-02-01,JBHT,15.5,22.8,29.9,15.6
2025-03-01,JBHT,23.4,22.8,29.9,15.6
2025-04-01,JBHT,34.8,22.8,29.9,15.6
2025-05-01,JBHT,26.4,22.8,29.9,15.6
2025-06-01,JBHT,18.1,22.8,29.9,15.6
2025-07-01,JBHT,25.4,22.8,29.9,15.6
2025-08-01,JBHT,21.8,22.8,29.9,15.6
2025-09-01,JBHT,25.0,22.8,29.9,15.6
2025-10-01,JBHT,38.1,22.8,29.9,15.6
2025-11-01,JBHT,4.7,22.8,29.9,15.6
2024-09-01,JBL,38.8,29.5,35.7,23.2
2024-10-01,JBL,27.6,29.5,35.7,23.2
2024-11-01,JBL,23.3,29.5,35.7,23.2
2024-12-01,JBL,30.6,29.5,35.7,23.2
2025-01-01,JBL,29.5,29.5,35.7,23.2
2025-02-01,JBL,20.5,29.5,35.7,23.2
2025-03-01,JBL,34.0,29.5,35.7,23.2
2025-04-01,JBL,32.9,29.5,35.7,23.2
2025-05-01,JBL,20.7,29.5,35.7,23.2
2025-06-01,JBL,38.9,29.5,35.7,23.2
2025-07-01,JBL,28.6,29.5,35.7,23.2
2025-08-01,JBL,28.6,29.5,35.7,23.2
2025-09-01,JBL,34.8,29.5,35.7,23.2
2025-10-01,JBL,28.7,29.5,35.7,23.2
2025-11-01,JBL,3.7,29.5,35.7,23.2
2024-09-01,JCI,87.3,88.6,103.3,73.9
2024-10-01,JCI,70.4,88.6,103.3,73.9
2024-11-01,JCI,79.1,88.6,103.3,73.9
2024-12-01,JCI,66.0,88.6,103.3,73.9
2025-01-01,JCI,81.5,88.6,103.3,73.9
2025-02-01,JCI,97.0,88.6,103.3,73.9
2025-03-01,JCI,99.3,88.6,103.3,73.9
2025-04-01,JCI,97.3,88.6,103.3,73.9
2025-05-01,JCI,104.7,88.6,103.3,73.9
2025-06-01,JCI,93.7,88.6,103.3,73.9
2025-07-01,JCI,106.1,88.6,103.3,73.9
2025-08-01,JCI,106.2,88.6,103.3,73.9
2025-09-01,JCI,85.0,88.6,103.3,73.9
2025-10-01,JCI,80.7,88.6,103.3,73.9
2025-11-01,JCI,24.4,88.6,103.3,73.9
2024-09-01,JKHY,9.1,14.1,19.0,9.2
2024-10-01,JKHY,9.9,14.1,19.0,9.2
2024-11-01,JKHY,14.0,14.1,19.0,9.2
2024-12-01,JKHY,12.6,14.1,19.0,9.2
2025-01-01,JKHY,10.9,14.1,19.0,9.2
2025-02-01,JKHY,12.2,14.1,19.0,9.2
2025-03-01,JKHY,15.8,14.1,19.0,9.2
2025-04-01,JKHY,13.5,14.1,19.0,9.2
2025-05-01,JKHY,16.0,14.1,19.0,9.2
2025-06-01,JKHY,10.1,14.1,19.0,9.2
2025-07-01,JKHY,9.7,14.1,19.0,9.2
2025-08-01,JKHY,18.0,14.1,19.0,9.2
2025-09-01,JKHY,20.1,14.1,19.0,9.2
2025-10-01,JKHY,26.4,14.1,19.0,9.2
2025-11-01,JKHY,3.9,14.1,19.0,9.2
2024-09-01,JNJ,120.4,172.6,205.1,140.1
2024-10-01,JNJ,133.0,172.6,205.1,140.1
2024-11-01,JNJ,153.3,172.6,205.1,140.1
2024-12-01,JNJ,177.8,172.6,205.1,140.1
2025-01-01,JNJ,192.8,172.6,205.1,140.1
2025-02-01,JNJ,170.0,172.6,205.1,140.1
2025-03-01,JNJ,186.8,172.6,205.1,140.1
2025-04-01,JNJ,236.8,172.6,205.1,140.1
2025-05-01,JNJ,174.3,172.6,205.1,140.1
2025-06-01,JNJ,159.0,172.6,205.1,140.1
2025-07-01,JNJ,187.6,172.6,205.1,140.1
2025-08-01,JNJ,174.9,172.6,205.1,140.1
2025-09-01,JNJ,180.8,172.6,205.1,140.1
2025-10-01,JNJ,195.1,172.6,205.1,140.1
2025-11-01,JNJ,19.8,172.6,205.1,140.1
2024-09-01,JNK,72.3,83.1,113.0,53.2
2024-10-01,JNK,76.4,83.1,113.0,53.2
2024-11-01,JNK,70.9,83.1,113.0,53.2
2024-12-01,JNK,60.8,83.1,113.0,53.2
2025-01-01,JNK,56.5,83.1,113.0,53.2
2025-02-01,JNK,50.7,83.1,113.0,53.2
2025-03-01,JNK,83.7,83.1,113.0,53.2
2025-04-01,JNK,174.7,83.1,113.0,53.2
2025-05-01,JNK,81.3,83.1,113.0,53.2
2025-06-01,JNK,82.5,83.1,113.0,53.2
2025-07-01,JNK,87.9,83.1,113.0,53.2
2025-08-01,JNK,77.0,83.1,113.0,53.2
2025-09-01,JNK,84.3,83.1,113.0,53.2
2025-10-01,JNK,110.3,83.1,113.0,53.2
2025-11-01,JNK,13.1,83.1,113.0,53.2
2024-09-01,JPM,206.5,193.0,235.1,150.9
2024-10-01,JPM,178.3,193.0,235.1,150.9
2024-11-01,JPM,188.9,193.0,235.1,150.9
2024-12-01,JPM,181.3,193.0,235.1,150.9
2025-01-01,JPM,209.8,193.0,235.1,150.9
2025-02-01,JPM,156.6,193.0,235.1,150.9
2025-03-01,JPM,265.2,193.0,235.1,150.9
2025-04-01,JPM,287.4,193.0,235.1,150.9
2025-05-01,JPM,165.1,193.0,235.1,150.9
2025-06-01,JPM,174.4,193.0,235.1,150.9
2025-07-01,JPM,198.6,193.0,235.1,150.9
2025-08-01,JPM,148.8,193.0,235.1,150.9
2025-09-01,JPM,182.6,193.0,235.1,150.9
2025-10-01,JPM,189.4,193.0,235.1,150.9
2025-11-01,JPM,21.7,193.0,235.1,150.9
2024-09-01,K,48.9,55.5,72.0,39.0
2024-10-01,K,40.1,55.5,72.0,39.0
2024-11-01,K,41.9,55.5,72.0,39.0
2024-12-01,K,39.2,55.5,72.0,39.0
2025-01-01,K,48.3,55.5,72.0,39.0
2025-02-01,K,45.6,55.5,72.0,39.0
2025-03-01,K,49.0,55.5,72.0,39.0
2025-04-01,K,69.3,55.5,72.0,39.0
2025-05-01,K,71.3,55.5,72.0,39.0
2025-06-01,K,94.8,55.5,72.0,39.0
2025-07-01,K,62.3,55.5,72.0,39.0
2025-08-01,K,43.8,55.5,72.0,39.0
2025-09-01,K,74.4,55.5,72.0,39.0
2025-10-01,K,58.2,55.5,72.0,39.0
2025-11-01,K,6.2,55.5,72.0,39.0
2024-09-01,KDP,140.8,275.3,373.0,177.7
2024-10-01,KDP,298.1,275.3,373.0,177.7
2024-11-01,KDP,209.7,275.3,373.0,177.7
2024-12-01,KDP,204.1,275.3,373.0,177.7
2025-01-01,KDP,154.8,275.3,373.0,177.7
2025-02-01,KDP,299.9,275.3,373.0,177.7
2025-03-01,KDP,293.5,275.3,373.0,177.7
2025-04-01,KDP,295.5,275.3,373.0,177.7
2025-05-01,KDP,286.2,275.3,373.0,177.7
2025-06-01,KDP,206.7,275.3,373.0,177.7
2025-07-01,KDP,233.9,275.3,373.0,177.7
2025-08-01,KDP,313.2,275.3,373.0,177.7
2025-09-01,KDP,478.6,275.3,373.0,177.7
2025-10-01,KDP,450.1,275.3,373.0,177.7
2025-11-01,KDP,48.5,275.3,373.0,177.7
2024-09-01,KEY,242.9,346.4,503.9,188.9
2024-10-01,KEY,213.5,346.4,503.9,188.9
2024-11-01,KEY,176.7,346.4,503.9,188.9
2024-12-01,KEY,205.5,346.4,503.9,188.9
2025-01-01,KEY,276.5,346.4,503.9,188.9
2025-02-01,KEY,208.7,346.4,503.9,188.9
2025-03-01,KEY,346.0,346.4,503.9,188.9
2025-04-01,KEY,368.2,346.4,503.9,188.9
2025-05-01,KEY,260.2,346.4,503.9,188.9
2025-06-01,KEY,263.2,346.4,503.9,188.9
2025-07-01,KEY,620.8,346.4,503.9,188.9
2025-08-01,KEY,562.5,346.4,503.9,188.9
2025-09-01,KEY,615.0,346.4,503.9,188.9
2025-10-01,KEY,494.6,346.4,503.9,188.9
2025-11-01,KEY,67.9,346.4,503.9,188.9
2024-09-01,KEYS,17.9,21.5,26.0,17.0
2024-10-01,KEYS,20.9,21.5,26.0,17.0
2024-11-01,KEYS,32.2,21.5,26.0,17.0
2024-12-01,KEYS,22.5,21.5,26.0,17.0
2025-01-01,KEYS,17.1,21.5,26.0,17.0
2025-02-01,KEYS,24.2,21.5,26.0,17.0
2025-03-01,KEYS,20.3,21.5,26.0,17.0
2025-04-01,KEYS,24.2,21.5,26.0,17.0
2025-05-01,KEYS,22.5,21.5,26.0,17.0
2025-06-01,KEYS,16.4,21.5,26.0,17.0
2025-07-01,KEYS,16.8,21.5,26.0,17.0
2025-08-01,KEYS,21.9,21.5,26.0,17.0
2025-09-01,KEYS,21.0,21.5,26.0,17.0
2025-10-01,KEYS,26.5,21.5,26.0,17.0
2025-11-01,KEYS,5.1,21.5,26.0,17.0
2024-09-01,KHC,156.6,249.6,327.5,171.8
2024-10-01,KHC,151.2,249.6,327.5,171.8
2024-11-01,KHC,205.6,249.6,327.5,171.8
2024-12-01,KHC,225.9,249.6,327.5,171.8
2025-01-01,KHC,180.2,249.6,327.5,171.8
2025-02-01,KHC,217.6,249.6,327.5,171.8
2025-03-01,KHC,247.5,249.6,327.5,171.8
2025-04-01,KHC,235.3,249.6,327.5,171.8
2025-05-01,KHC,235.0,249.6,327.5,171.8
2025-06-01,KHC,289.4,249.6,327.5,171.8
2025-07-01,KHC,395.7,249.6,327.5,171.8
2025-08-01,KHC,246.1,249.6,327.5,171.8
2025-09-01,KHC,380.7,249.6,327.5,171.8
2025-10-01,KHC,346.6,249.6,327.5,171.8
2025-11-01,KHC,59.0,249.6,327.5,171.8
2024-09-01,KIM,85.1,92.8,112.2,73.3
2024-10-01,KIM,91.9,92.8,112.2,73.3
2024-11-01,KIM,83.0,92.8,112.2,73.3
2024-12-01,KIM,76.3,92.8,112.2,73.3
2025-01-01,KIM,92.1,92.8,112.2,73.3
2025-02-01,KIM,79.4,92.8,112.2,73.3
2025-03-01,KIM,117.5,92.8,112.2,73.3
2025-04-01,KIM,143.7,92.8,112.2,73.3
2025-05-01,KIM,93.9,92.8,112.2,73.3
2025-06-01,KIM,85.6,92.8,112.2,73.3
2025-07-01,KIM,92.9,92.8,112.2,73.3
2025-08-01,KIM,81.7,92.8,112.2,73.3
2025-09-01,KIM,77.4,92.8,112.2,73.3
2025-10-01,KIM,107.6,92.8,112.2,73.3
2025-11-01,KIM,24.4,92.8,112.2,73.3
2024-09-01,KKR,59.6,87.3,119.4,55.2
2024-10-01,KKR,60.9,87.3,119.4,55.2
2024-11-01,KKR,66.3,87.3,119.4,55.2
2024-12-01,KKR,71.7,87.3,119.4,55.2
2025-01-01,KKR,70.7,87.3,119.4,55.2
2025-02-01,KKR,104.9,87.3,119.4,55.2
2025-03-01,KKR,149.0,87.3,119.4,55.2
2025-04-01,KKR,162.1,87.3,119.4,55.2
2025-05-01,KKR,91.4,87.3,119.4,55.2
2025-06-01,KKR,70.0,87.3,119.4,55.2
2025-07-01,KKR,74.4,87.3,119.4,55.2
2025-08-01,KKR,66.0,87.3,119.4,55.2
2025-09-01,KKR,82.5,87.3,119.4,55.2
2025-10-01,KKR,105.8,87.3,119.4,55.2
2025-11-01,KKR,12.4,87.3,119.4,55.2
2024-09-01,KLAC,18.9,23.0,27.2,18.8
2024-10-01,KLAC,25.5,23.0,27.2,18.8
2024-11-01,KLAC,24.5,23.0,27.2,18.8
2024-12-01,KLAC,22.6,23.0,27.2,18.8
2025-01-01,KLAC,26.2,23.0,27.2,18.8
2025-02-01,KLAC,18.5,23.0,27.2,18.8
2025-03-01,KLAC,21.7,23.0,27.2,18.8
2025-04-01,KLAC,31.5,23.0,27.2,18.8
2025-05-01,KLAC,24.0,23.0,27.2,18.8
2025-06-01,KLAC,25.8,23.0,27.2,18.8
2025-07-01,KLAC,20.8,23.0,27.2,18.8
2025-08-01,KLAC,20.1,23.0,27.2,18.8
2025-09-01,KLAC,19.4,23.0,27.2,18.8
2025-10-01,KLAC,25.7,23.0,27.2,18.8
2025-11-01,KLAC,3.0,23.0,27.2,18.8
2024-09-01,KMB,40.1,48.0,53.4,42.7
2024-10-01,KMB,47.6,48.0,53.4,42.7
2024-11-01,KMB,39.1,48.0,53.4,42.7
2024-12-01,KMB,48.1,48.0,53.4,42.7
2025-01-01,KMB,44.4,48.0,53.4,42.7
2025-02-01,KMB,40.5,48.0,53.4,42.7
2025-03-01,KMB,46.6,48.0,53.4,42.7
2025-04-01,KMB,51.0,48.0,53.4,42.7
2025-05-01,KMB,51.9,48.0,53.4,42.7
2025-06-01,KMB,48.6,48.0,53.4,42.7
2025-07-01,KMB,48.1,48.0,53.4,42.7
2025-08-01,KMB,49.9,48.0,53.4,42.7
2025-09-01,KMB,53.6,48.0,53.4,42.7
2025-10-01,KMB,57.3,48.0,53.4,42.7
2025-11-01,KMB,65.1,48.0,53.4,42.7
2024-09-01,KMI,235.7,290.9,337.8,243.9
2024-10-01,KMI,329.2,290.9,337.8,243.9
2024-11-01,KMI,291.2,290.9,337.8,243.9
2024-12-01,KMI,252.5,290.9,337.8,243.9
2025-01-01,KMI,339.2,290.9,337.8,243.9
2025-02-01,KMI,274.9,290.9,337.8,243.9
2025-03-01,KMI,258.9,290.9,337.8,243.9
2025-04-01,KMI,337.2,290.9,337.8,243.9
2025-05-01,KMI,265.6,290.9,337.8,243.9
2025-06-01,KMI,261.1,290.9,337.8,243.9
2025-07-01,KMI,341.5,290.9,337.8,243.9
2025-08-01,KMI,321.8,290.9,337.8,243.9
2025-09-01,KMI,258.4,290.9,337.8,243.9
2025-10-01,KMI,336.9,290.9,337.8,243.9
2025-11-01,KMI,50.6,290.9,337.8,243.9
2024-09-01,KMX,45.5,62.5,91.6,33.4
2024-10-01,KMX,36.6,62.5,91.6,33.4
2024-11-01,KMX,35.5,62.5,91.6,33.4
2024-12-01,KMX,47.1,62.5,91.6,33.4
2025-01-01,KMX,33.1,62.5,91.6,33.4
2025-02-01,KMX,27.6,62.5,91.6,33.4
2025-03-01,KMX,53.5,62.5,91.6,33.4
2025-04-01,KMX,94.6,62.5,91.6,33.4
2025-05-01,KMX,72.0,62.5,91.6,33.4
2025-06-01,KMX,80.5,62.5,91.6,33.4
2025-07-01,KMX,64.9,62.5,91.6,33.4
2025-08-01,KMX,55.1,62.5,91.6,33.4
2025-09-01,KMX,104.0,62.5,91.6,33.4
2025-10-01,KMX,125.2,62.5,91.6,33.4
2025-11-01,KMX,12.5,62.5,91.6,33.4
2024-09-01,KO,306.3,341.4,397.4,285.5
2024-10-01,KO,295.5,341.4,397.4,285.5
2024-11-01,KO,332.0,341.4,397.4,285.5
2024-12-01,KO,391.1,341.4,397.4,285.5
2025-01-01,KO,323.5,341.4,397.4,285.5
2025-02-01,KO,346.1,341.4,397.4,285.5
2025-03-01,KO,422.9,341.4,397.4,285.5
2025-04-01,KO,408.2,341.4,397.4,285.5
2025-05-01,KO,305.5,341.4,397.4,285.5
2025-06-01,KO,325.0,341.4,397.4,285.5
2025-07-01,KO,358.6,341.4,397.4,285.5
2025-08-01,KO,271.3,341.4,397.4,285.5
2025-09-01,KO,389.5,341.4,397.4,285.5
2025-10-01,KO,360.0,341.4,397.4,285.5
2025-11-01,KO,41.3,341.4,397.4,285.5
2024-09-01,KR,99.2,133.0,174.9,91.1
2024-10-01,KR,69.9,133.0,174.9,91.1
2024-11-01,KR,70.1,133.0,174.9,91.1
2024-12-01,KR,157.4,133.0,174.9,91.1
2025-01-01,KR,103.1,133.0,174.9,91.1
2025-02-01,KR,106.3,133.0,174.9,91.1
2025-03-01,KR,151.1,133.0,174.9,91.1
2025-04-01,KR,213.2,133.0,174.9,91.1
2025-05-01,KR,141.1,133.0,174.9,91.1
2025-06-01,KR,179.0,133.0,174.9,91.1
2025-07-01,KR,132.6,133.0,174.9,91.1
2025-08-01,KR,139.2,133.0,174.9,91.1
2025-09-01,KR,178.5,133.0,174.9,91.1
2025-10-01,KR,141.5,133.0,174.9,91.1
2025-11-01,KR,21.3,133.0,174.9,91.1
2024-09-01,KVUE,357.4,411.3,587.4,235.2
2024-10-01,KVUE,338.2,411.3,587.4,235.2
2024-11-01,KVUE,293.1,411.3,587.4,235.2
2024-12-01,KVUE,255.6,411.3,587.4,235.2
2025-01-01,KVUE,235.3,411.3,587.4,235.2
2025-02-01,KVUE,335.3,411.3,587.4,235.2
2025-03-01,KVUE,327.3,411.3,587.4,235.2
2025-04-01,KVUE,386.1,411.3,587.4,235.2
2025-05-01,KVUE,396.1,411.3,587.4,235.2
2025-06-01,KVUE,409.1,411.3,587.4,235.2
2025-07-01,KVUE,403.7,411.3,587.4,235.2
2025-08-01,KVUE,356.2,411.3,587.4,235.2
2025-09-01,KVUE,879.7,411.3,587.4,235.2
2025-10-01,KVUE,749.1,411.3,587.4,235.2
2025-11-01,KVUE,346.0,411.3,587.4,235.2
2024-09-01,L,14.7,15.9,18.1,13.8
2024-10-01,L,14.6,15.9,18.1,13.8
2024-11-01,L,15.5,15.9,18.1,13.8
2024-12-01,L,17.7,15.9,18.1,13.8
2025-01-01,L,13.4,15.9,18.1,13.8
2025-02-01,L,14.6,15.9,18.1,13.8
2025-03-01,L,17.6,15.9,18.1,13.8
2025-04-01,L,17.3,15.9,18.1,13.8
2025-05-01,L,14.4,15.9,18.1,13.8
2025-06-01,L,18.1,15.9,18.1,13.8
2025-07-01,L,17.5,15.9,18.1,13.8
2025-08-01,L,16.1,15.9,18.1,13.8
2025-09-01,L,17.6,15.9,18.1,13.8
2025-10-01,L,16.5,15.9,18.1,13.8
2025-11-01,L,2.3,15.9,18.1,13.8
2024-09-01,LDOS,16.6,24.6,32.3,16.9
2024-10-01,LDOS,16.9,24.6,32.3,16.9
2024-11-01,LDOS,35.4,24.6,32.3,16.9
2024-12-01,LDOS,27.3,24.6,32.3,16.9
2025-01-01,LDOS,26.4,24.6,32.3,16.9
2025-02-01,LDOS,34.0,24.6,32.3,16.9
2025-03-01,LDOS,35.1,24.6,32.3,16.9
2025-04-01,LDOS,34.0,24.6,32.3,16.9
2025-05-01,LDOS,30.6,24.6,32.3,16.9
2025-06-01,LDOS,24.4,24.6,32.3,16.9
2025-07-01,LDOS,17.2,24.6,32.3,16.9
2025-08-01,LDOS,18.6,24.6,32.3,16.9
2025-09-01,LDOS,18.4,24.6,32.3,16.9
2025-10-01,LDOS,16.6,24.6,32.3,16.9
2025-11-01,LDOS,4.2,24.6,32.3,16.9
2024-09-01,LEN,42.1,62.7,78.2,47.2
2024-10-01,LEN,44.5,62.7,78.2,47.2
2024-11-01,LEN,37.7,62.7,78.2,47.2
2024-12-01,LEN,65.1,62.7,78.2,47.2
2025-01-01,LEN,71.4,62.7,78.2,47.2
2025-02-01,LEN,61.8,62.7,78.2,47.2
2025-03-01,LEN,70.7,62.7,78.2,47.2
2025-04-01,LEN,65.7,62.7,78.2,47.2
2025-05-01,LEN,51.3,62.7,78.2,47.2
2025-06-01,LEN,68.1,62.7,78.2,47.2
2025-07-01,LEN,69.7,62.7,78.2,47.2
2025-08-01,LEN,65.7,62.7,78.2,47.2
2025-09-01,LEN,89.0,62.7,78.2,47.2
2025-10-01,LEN,83.3,62.7,78.2,47.2
2025-11-01,LEN,11.1,62.7,78.2,47.2
2024-09-01,LH,11.0,13.7,17.3,10.0
2024-10-01,LH,13.3,13.7,17.3,10.0
2024-11-01,LH,13.4,13.7,17.3,10.0
2024-12-01,LH,9.9,13.7,17.3,10.0
2025-01-01,LH,11.4,13.7,17.3,10.0
2025-02-01,LH,11.2,13.7,17.3,10.0
2025-03-01,LH,14.9,13.7,17.3,10.0
2025-04-01,LH,21.2,13.7,17.3,10.0
2025-05-01,LH,15.5,13.7,17.3,10.0
2025-06-01,LH,13.7,13.7,17.3,10.0
2025-07-01,LH,18.8,13.7,17.3,10.0
2025-08-01,LH,10.3,13.7,17.3,10.0
2025-09-01,LH,9.9,13.7,17.3,10.0
2025-10-01,LH,18.0,13.7,17.3,10.0
2025-11-01,LH,3.0,13.7,17.3,10.0
2024-09-01,LHX,14.3,24.8,31.7,17.8
2024-10-01,LHX,16.2,24.8,31.7,17.8
2024-11-01,LHX,17.0,24.8,31.7,17.8
2024-12-01,LHX,22.0,24.8,31.7,17.8
2025-01-01,LHX,25.1,24.8,31.7,17.8
2025-02-01,LHX,27.6,24.8,31.7,17.8
2025-03-01,LHX,26.6,24.8,31.7,17.8
2025-04-01,LHX,36.5,24.8,31.7,17.8
2025-05-01,LHX,37.5,24.8,31.7,17.8
2025-06-01,LHX,27.9,24.8,31.7,17.8
2025-07-01,LHX,28.5,24.8,31.7,17.8
2025-08-01,LHX,23.7,24.8,31.7,17.8
2025-09-01,LHX,22.0,24.8,31.7,17.8
2025-10-01,LHX,26.1,24.8,31.7,17.8
2025-11-01,LHX,3.0,24.8,31.7,17.8
2024-09-01,LII,4.5,8.2,10.7,5.7
2024-10-01,LII,5.9,8.2,10.7,5.7
2024-11-01,LII,5.2,8.2,10.7,5.7
2024-12-01,LII,12.9,8.2,10.7,5.7
2025-01-01,LII,7.6,8.2,10.7,5.7
2025-02-01,LII,7.3,8.2,10.7,5.7
2025-03-01,LII,9.8,8.2,10.7,5.7
2025-04-01,LII,10.5,8.2,10.7,5.7
2025-05-01,LII,8.1,8.2,10.7,5.7
2025-06-01,LII,7.3,8.2,10.7,5.7
2025-07-01,LII,8.6,8.2,10.7,5.7
2025-08-01,LII,7.4,8.2,10.7,5.7
2025-09-01,LII,8.4,8.2,10.7,5.7
2025-10-01,LII,12.3,8.2,10.7,5.7
2025-11-01,LII,1.6,8.2,10.7,5.7
2024-09-01,LIN,32.6,41.2,49.1,33.3
2024-10-01,LIN,34.9,41.2,49.1,33.3
2024-11-01,LIN,40.7,41.2,49.1,33.3
2024-12-01,LIN,49.7,41.2,49.1,33.3
2025-01-01,LIN,47.4,41.2,49.1,33.3
2025-02-01,LIN,39.5,41.2,49.1,33.3
2025-03-01,LIN,54.9,41.2,49.1,33.3
2025-04-01,LIN,51.6,41.2,49.1,33.3
2025-05-01,LIN,40.7,41.2,49.1,33.3
2025-06-01,LIN,38.4,41.2,49.1,33.3
2025-07-01,LIN,33.9,41.2,49.1,33.3
2025-08-01,LIN,33.3,41.2,49.1,33.3
2025-09-01,LIN,37.1,41.2,49.1,33.3
2025-10-01,LIN,47.9,41.2,49.1,33.3
2025-11-01,LIN,11.5,41.2,49.1,33.3
2024-09-01,LKQ,48.0,55.6,69.8,41.3
2024-10-01,LKQ,60.0,55.6,69.8,41.3
2024-11-01,LKQ,42.1,55.6,69.8,41.3
2024-12-01,LKQ,50.6,55.6,69.8,41.3
2025-01-01,LKQ,39.9,55.6,69.8,41.3
2025-02-01,LKQ,48.6,55.6,69.8,41.3
2025-03-01,LKQ,64.4,55.6,69.8,41.3
2025-04-01,LKQ,58.8,55.6,69.8,41.3
2025-05-01,LKQ,44.7,55.6,69.8,41.3
2025-06-01,LKQ,40.7,55.6,69.8,41.3
2025-07-01,LKQ,69.3,55.6,69.8,41.3
2025-08-01,LKQ,90.1,55.6,69.8,41.3
2025-09-01,LKQ,61.2,55.6,69.8,41.3
2025-10-01,LKQ,63.5,55.6,69.8,41.3
2025-11-01,LKQ,8.8,55.6,69.8,41.3
2024-09-01,LLY,58.0,80.1,102.0,58.2
2024-10-01,LLY,68.8,80.1,102.0,58.2
2024-11-01,LLY,99.6,80.1,102.0,58.2
2024-12-01,LLY,67.2,80.1,102.0,58.2
2025-01-01,LLY,77.1,80.1,102.0,58.2
2025-02-01,LLY,69.2,80.1,102.0,58.2
2025-03-01,LLY,73.4,80.1,102.0,58.2
2025-04-01,LLY,84.3,80.1,102.0,58.2
2025-05-01,LLY,107.2,80.1,102.0,58.2
2025-06-01,LLY,64.4,80.1,102.0,58.2
2025-07-01,LLY,71.9,80.1,102.0,58.2
2025-08-01,LLY,140.4,80.1,102.0,58.2
2025-09-01,LLY,73.1,80.1,102.0,58.2
2025-10-01,LLY,78.6,80.1,102.0,58.2
2025-11-01,LLY,18.6,80.1,102.0,58.2
2024-09-01,LMT,19.6,30.3,37.1,23.4
2024-10-01,LMT,23.4,30.3,37.1,23.4
2024-11-01,LMT,25.5,30.3,37.1,23.4
2024-12-01,LMT,26.8,30.3,37.1,23.4
2025-01-01,LMT,29.0,30.3,37.1,23.4
2025-02-01,LMT,32.4,30.3,37.1,23.4
2025-03-01,LMT,38.6,30.3,37.1,23.4
2025-04-01,LMT,34.6,30.3,37.1,23.4
2025-05-01,LMT,28.1,30.3,37.1,23.4
2025-06-01,LMT,35.4,30.3,37.1,23.4
2025-07-01,LMT,44.4,30.3,37.1,23.4
2025-08-01,LMT,32.0,30.3,37.1,23.4
2025-09-01,LMT,28.4,30.3,37.1,23.4
2025-10-01,LMT,30.1,30.3,37.1,23.4
2025-11-01,LMT,3.7,30.3,37.1,23.4
2024-09-01,LNT,24.6,37.9,46.3,29.6
2024-10-01,LNT,31.8,37.9,46.3,29.6
2024-11-01,LNT,40.4,37.9,46.3,29.6
2024-12-01,LNT,27.5,37.9,46.3,29.6
2025-01-01,LNT,28.7,37.9,46.3,29.6
2025-02-01,LNT,39.0,37.9,46.3,29.6
2025-03-01,LNT,46.5,37.9,46.3,29.6
2025-04-01,LNT,43.4,37.9,46.3,29.6
2025-05-01,LNT,50.6,37.9,46.3,29.6
2025-06-01,LNT,35.6,37.9,46.3,29.6
2025-07-01,LNT,41.9,37.9,46.3,29.6
2025-08-01,LNT,42.3,37.9,46.3,29.6
2025-09-01,LNT,35.6,37.9,46.3,29.6
2025-10-01,LNT,47.4,37.9,46.3,29.6
2025-11-01,LNT,8.9,37.9,46.3,29.6
2024-09-01,LOW,43.4,53.3,61.5,45.1
2024-10-01,LOW,49.1,53.3,61.5,45.1
2024-11-01,LOW,49.2,53.3,61.5,45.1
2024-12-01,LOW,49.4,53.3,61.5,45.1
2025-01-01,LOW,44.8,53.3,61.5,45.1
2025-02-01,LOW,49.2,53.3,61.5,45.1
2025-03-01,LOW,58.0,53.3,61.5,45.1
2025-04-01,LOW,60.2,53.3,61.5,45.1
2025-05-01,LOW,58.8,53.3,61.5,45.1
2025-06-01,LOW,53.6,53.3,61.5,45.1
2025-07-01,LOW,56.4,53.3,61.5,45.1
2025-08-01,LOW,66.6,53.3,61.5,45.1
2025-09-01,LOW,59.8,53.3,61.5,45.1
2025-10-01,LOW,54.9,53.3,61.5,45.1
2025-11-01,LOW,7.7,53.3,61.5,45.1
2024-09-01,LQD,598.9,567.5,672.2,462.8
2024-10-01,LQD,583.0,567.5,672.2,462.8
2024-11-01,LQD,462.8,567.5,672.2,462.8
2024-12-01,LQD,439.3,567.5,672.2,462.8
2025-01-01,LQD,455.5,567.5,672.2,462.8
2025-02-01,LQD,451.9,567.5,672.2,462.8
2025-03-01,LQD,663.6,567.5,672.2,462.8
2025-04-01,LQD,715.1,567.5,672.2,462.8
2025-05-01,LQD,565.8,567.5,672.2,462.8
2025-06-01,LQD,556.2,567.5,672.2,462.8
2025-07-01,LQD,542.6,567.5,672.2,462.8
2025-08-01,LQD,557.4,567.5,672.2,462.8
2025-09-01,LQD,660.7,567.5,672.2,462.8
2025-10-01,LQD,733.3,567.5,672.2,462.8
2025-11-01,LQD,159.3,567.5,672.2,462.8
2024-09-01,LRCX,276.1,249.7,291.7,207.7
2024-10-01,LRCX,304.8,249.7,291.7,207.7
2024-11-01,LRCX,210.0,249.7,291.7,207.7
2024-12-01,LRCX,250.4,249.7,291.7,207.7
2025-01-01,LRCX,259.6,249.7,291.7,207.7
2025-02-01,LRCX,244.3,249.7,291.7,207.7
2025-03-01,LRCX,245.3,249.7,291.7,207.7
2025-04-01,LRCX,328.1,249.7,291.7,207.7
2025-05-01,LRCX,211.2,249.7,291.7,207.7
2025-06-01,LRCX,213.9,249.7,291.7,207.7
2025-07-01,LRCX,224.9,249.7,291.7,207.7
2025-08-01,LRCX,241.9,249.7,291.7,207.7
2025-09-01,LRCX,247.9,249.7,291.7,207.7
2025-10-01,LRCX,270.7,249.7,291.7,207.7
2025-11-01,LRCX,29.6,249.7,291.7,207.7
2024-09-01,LULU,42.1,62.2,97.8,26.5
2024-10-01,LULU,43.1,62.2,97.8,26.5
2024-11-01,LULU,35.4,62.2,97.8,26.5
2024-12-01,LULU,49.0,62.2,97.8,26.5
2025-01-01,LULU,33.4,62.2,97.8,26.5
2025-02-01,LULU,28.8,62.2,97.8,26.5
2025-03-01,LULU,52.6,62.2,97.8,26.5
2025-04-01,LULU,61.0,62.2,97.8,26.5
2025-05-01,LULU,36.1,62.2,97.8,26.5
2025-06-01,LULU,91.3,62.2,97.8,26.5
2025-07-01,LULU,68.5,62.2,97.8,26.5
2025-08-01,LULU,71.6,62.2,97.8,26.5
2025-09-01,LULU,168.9,62.2,97.8,26.5
2025-10-01,LULU,91.3,62.2,97.8,26.5
2025-11-01,LULU,14.1,62.2,97.8,26.5
2024-09-01,LUV,179.1,209.6,275.7,143.4
2024-10-01,LUV,184.5,209.6,275.7,143.4
2024-11-01,LUV,118.0,209.6,275.7,143.4
2024-12-01,LUV,143.8,209.6,275.7,143.4
2025-01-01,LUV,170.9,209.6,275.7,143.4
2025-02-01,LUV,163.6,209.6,275.7,143.4
2025-03-01,LUV,316.0,209.6,275.7,143.4
2025-04-01,LUV,334.2,209.6,275.7,143.4
2025-05-01,LUV,244.6,209.6,275.7,143.4
2025-06-01,LUV,224.1,209.6,275.7,143.4
2025-07-01,LUV,289.9,209.6,275.7,143.4
2025-08-01,LUV,154.9,209.6,275.7,143.4
2025-09-01,LUV,203.2,209.6,275.7,143.4
2025-10-01,LUV,226.7,209.6,275.7,143.4
2025-11-01,LUV,30.8,209.6,275.7,143.4
2024-09-01,LVS,149.1,117.3,143.0,91.6
2024-10-01,LVS,138.8,117.3,143.0,91.6
2024-11-01,LVS,109.8,117.3,143.0,91.6
2024-12-01,LVS,85.5,117.3,143.0,91.6
2025-01-01,LVS,111.4,117.3,143.0,91.6
2025-02-01,LVS,112.9,117.3,143.0,91.6
2025-03-01,LVS,109.8,117.3,143.0,91.6
2025-04-01,LVS,165.7,117.3,143.0,91.6
2025-05-01,LVS,129.3,117.3,143.0,91.6
2025-06-01,LVS,92.6,117.3,143.0,91.6
2025-07-01,LVS,118.6,117.3,143.0,91.6
2025-08-01,LVS,81.1,117.3,143.0,91.6
2025-09-01,LVS,114.3,117.3,143.0,91.6
2025-10-01,LVS,137.4,117.3,143.0,91.6
2025-11-01,LVS,18.5,117.3,143.0,91.6
2024-09-01,LW,45.9,48.4,62.0,34.8
2024-10-01,LW,67.1,48.4,62.0,34.8
2024-11-01,LW,34.9,48.4,62.0,34.8
2024-12-01,LW,69.2,48.4,62.0,34.8
2025-01-01,LW,47.0,48.4,62.0,34.8
2025-02-01,LW,58.4,48.4,62.0,34.8
2025-03-01,LW,52.4,48.4,62.0,34.8
2025-04-01,LW,57.0,48.4,62.0,34.8
2025-05-01,LW,37.6,48.4,62.0,34.8
2025-06-01,LW,33.6,48.4,62.0,34.8
2025-07-01,LW,64.9,48.4,62.0,34.8
2025-08-01,LW,29.5,48.4,62.0,34.8
2025-09-01,LW,38.7,48.4,62.0,34.8
2025-10-01,LW,46.8,48.4,62.0,34.8
2025-11-01,LW,4.5,48.4,62.0,34.8
2024-09-01,LYB,46.4,76.1,101.1,51.1
2024-10-01,LYB,42.7,76.1,101.1,51.1
2024-11-01,LYB,54.7,76.1,101.1,51.1
2024-12-01,LYB,67.6,76.1,101.1,51.1
2025-01-01,LYB,56.6,76.1,101.1,51.1
2025-02-01,LYB,45.0,76.1,101.1,51.1
2025-03-01,LYB,72.1,76.1,101.1,51.1
2025-04-01,LYB,108.6,76.1,101.1,51.1
2025-05-01,LYB,78.7,76.1,101.1,51.1
2025-06-01,LYB,88.8,76.1,101.1,51.1
2025-07-01,LYB,88.8,76.1,101.1,51.1
2025-08-01,LYB,107.5,76.1,101.1,51.1
2025-09-01,LYB,108.0,76.1,101.1,51.1
2025-10-01,LYB,105.1,76.1,101.1,51.1
2025-11-01,LYB,17.0,76.1,101.1,51.1
2024-09-01,LYV,43.4,50.2,59.3,41.1
2024-10-01,LYV,43.5,50.2,59.3,41.1
2024-11-01,LYV,59.9,50.2,59.3,41.1
2024-12-01,LYV,46.0,50.2,59.3,41.1
2025-01-01,LYV,34.5,50.2,59.3,41.1
2025-02-01,LYV,50.6,50.2,59.3,41.1
2025-03-01,LYV,61.4,50.2,59.3,41.1
2025-04-01,LYV,53.8,50.2,59.3,41.1
2025-05-01,LYV,56.4,50.2,59.3,41.1
2025-06-01,LYV,62.4,50.2,59.3,41.1
2025-07-01,LYV,42.1,50.2,59.3,41.1
2025-08-01,LYV,43.6,50.2,59.3,41.1
2025-09-01,LYV,55.7,50.2,59.3,41.1
2025-10-01,LYV,56.5,50.2,59.3,41.1
2025-11-01,LYV,15.9,50.2,59.3,41.1
2024-09-01,MA,51.1,55.9,64.9,47.0
2024-10-01,MA,52.7,55.9,64.9,47.0
2024-11-01,MA,53.2,55.9,64.9,47.0
2024-12-01,MA,53.0,55.9,64.9,47.0
2025-01-01,MA,57.4,55.9,64.9,47.0
2025-02-01,MA,43.5,55.9,64.9,47.0
2025-03-01,MA,65.7,55.9,64.9,47.0
2025-04-01,MA,69.0,55.9,64.9,47.0
2025-05-01,MA,48.3,55.9,64.9,47.0
2025-06-01,MA,67.2,55.9,64.9,47.0
2025-07-01,MA,56.4,55.9,64.9,47.0
2025-08-01,MA,53.6,55.9,64.9,47.0
2025-09-01,MA,56.6,55.9,64.9,47.0
2025-10-01,MA,63.3,55.9,64.9,47.0
2025-11-01,MA,8.0,55.9,64.9,47.0
2024-09-01,MAA,16.7,17.3,21.1,13.6
2024-10-01,MAA,13.4,17.3,21.1,13.6
2024-11-01,MAA,13.1,17.3,21.1,13.6
2024-12-01,MAA,13.9,17.3,21.1,13.6
2025-01-01,MAA,12.8,17.3,21.1,13.6
2025-02-01,MAA,16.8,17.3,21.1,13.6
2025-03-01,MAA,17.5,17.3,21.1,13.6
2025-04-01,MAA,24.0,17.3,21.1,13.6
2025-05-01,MAA,17.3,17.3,21.1,13.6
2025-06-01,MAA,21.4,17.3,21.1,13.6
2025-07-01,MAA,20.5,17.3,21.1,13.6
2025-08-01,MAA,18.1,17.3,21.1,13.6
2025-09-01,MAA,16.2,17.3,21.1,13.6
2025-10-01,MAA,22.6,17.3,21.1,13.6
2025-11-01,MAA,4.6,17.3,21.1,13.6
2024-09-01,MAR,32.2,31.8,39.1,24.5
2024-10-01,MAR,27.2,31.8,39.1,24.5
2024-11-01,MAR,28.5,31.8,39.1,24.5
2024-12-01,MAR,23.3,31.8,39.1,24.5
2025-01-01,MAR,28.6,31.8,39.1,24.5
2025-02-01,MAR,34.0,31.8,39.1,24.5
2025-03-01,MAR,41.3,31.8,39.1,24.5
2025-04-01,MAR,52.0,31.8,39.1,24.5
2025-05-01,MAR,32.3,31.8,39.1,24.5
2025-06-01,MAR,30.8,31.8,39.1,24.5
2025-07-01,MAR,29.0,31.8,39.1,24.5
2025-08-01,MAR,28.4,31.8,39.1,24.5
2025-09-01,MAR,29.1,31.8,39.1,24.5
2025-10-01,MAR,33.4,31.8,39.1,24.5
2025-11-01,MAR,7.8,31.8,39.1,24.5
2024-09-01,MAS,28.7,40.6,51.8,29.4
2024-10-01,MAS,33.1,40.6,51.8,29.4
2024-11-01,MAS,30.1,40.6,51.8,29.4
2024-12-01,MAS,27.6,40.6,51.8,29.4
2025-01-01,MAS,26.5,40.6,51.8,29.4
2025-02-01,MAS,30.5,40.6,51.8,29.4
2025-03-01,MAS,46.3,40.6,51.8,29.4
2025-04-01,MAS,62.8,40.6,51.8,29.4
2025-05-01,MAS,47.4,40.6,51.8,29.4
2025-06-01,MAS,44.3,40.6,51.8,29.4
2025-07-01,MAS,50.0,40.6,51.8,29.4
2025-08-01,MAS,47.6,40.6,51.8,29.4
2025-09-01,MAS,49.6,40.6,51.8,29.4
2025-10-01,MAS,46.9,40.6,51.8,29.4
2025-11-01,MAS,10.8,40.6,51.8,29.4
2024-09-01,MCD,54.8,70.5,84.7,56.4
2024-10-01,MCD,98.4,70.5,84.7,56.4
2024-11-01,MCD,60.9,70.5,84.7,56.4
2024-12-01,MCD,62.5,70.5,84.7,56.4
2025-01-01,MCD,60.4,70.5,84.7,56.4
2025-02-01,MCD,68.1,70.5,84.7,56.4
2025-03-01,MCD,78.1,70.5,84.7,56.4
2025-04-01,MCD,92.0,70.5,84.7,56.4
2025-05-01,MCD,60.9,70.5,84.7,56.4
2025-06-01,MCD,81.5,70.5,84.7,56.4
2025-07-01,MCD,77.2,70.5,84.7,56.4
2025-08-01,MCD,72.3,70.5,84.7,56.4
2025-09-01,MCD,65.2,70.5,84.7,56.4
2025-10-01,MCD,62.4,70.5,84.7,56.4
2025-11-01,MCD,14.1,70.5,84.7,56.4
2024-09-01,MCHI,87.3,73.3,105.5,41.1
2024-10-01,MCHI,169.4,73.3,105.5,41.1
2024-11-01,MCHI,80.9,73.3,105.5,41.1
2024-12-01,MCHI,58.9,73.3,105.5,41.1
2025-01-01,MCHI,59.6,73.3,105.5,41.1
2025-02-01,MCHI,84.3,73.3,105.5,41.1
2025-03-01,MCHI,75.3,73.3,105.5,41.1
2025-04-01,MCHI,79.3,73.3,105.5,41.1
2025-05-01,MCHI,49.9,73.3,105.5,41.1
2025-06-01,MCHI,36.5,73.3,105.5,41.1
2025-07-01,MCHI,51.3,73.3,105.5,41.1
2025-08-01,MCHI,53.5,73.3,105.5,41.1
2025-09-01,MCHI,66.4,73.3,105.5,41.1
2025-10-01,MCHI,77.9,73.3,105.5,41.1
2025-11-01,MCHI,5.2,73.3,105.5,41.1
2024-09-01,MCHP,132.7,184.2,236.8,131.6
2024-10-01,MCHP,113.5,184.2,236.8,131.6
2024-11-01,MCHP,151.1,184.2,236.8,131.6
2024-12-01,MCHP,196.0,184.2,236.8,131.6
2025-01-01,MCHP,163.9,184.2,236.8,131.6
2025-02-01,MCHP,217.2,184.2,236.8,131.6
2025-03-01,MCHP,225.8,184.2,236.8,131.6
2025-04-01,MCHP,320.9,184.2,236.8,131.6
2025-05-01,MCHP,212.7,184.2,236.8,131.6
2025-06-01,MCHP,194.1,184.2,236.8,131.6
2025-07-01,MCHP,178.6,184.2,236.8,131.6
2025-08-01,MCHP,200.2,184.2,236.8,131.6
2025-09-01,MCHP,146.8,184.2,236.8,131.6
2025-10-01,MCHP,164.0,184.2,236.8,131.6
2025-11-01,MCHP,22.1,184.2,236.8,131.6
2024-09-01,MCK,27.2,18.2,22.7,13.7
2024-10-01,MCK,17.9,18.2,22.7,13.7
2024-11-01,MCK,19.8,18.2,22.7,13.7
2024-12-01,MCK,16.6,18.2,22.7,13.7
2025-01-01,MCK,13.3,18.2,22.7,13.7
2025-02-01,MCK,17.0,18.2,22.7,13.7
2025-03-01,MCK,19.4,18.2,22.7,13.7
2025-04-01,MCK,24.9,18.2,22.7,13.7
2025-05-01,MCK,23.6,18.2,22.7,13.7
2025-06-01,MCK,15.2,18.2,22.7,13.7
2025-07-01,MCK,13.2,18.2,22.7,13.7
2025-08-01,MCK,20.6,18.2,22.7,13.7
2025-09-01,MCK,15.7,18.2,22.7,13.7
2025-10-01,MCK,14.1,18.2,22.7,13.7
2025-11-01,MCK,2.8,18.2,22.7,13.7
2024-09-01,MCO,15.7,16.0,20.0,12.1
2024-10-01,MCO,17.6,16.0,20.0,12.1
2024-11-01,MCO,14.2,16.0,20.0,12.1
2024-12-01,MCO,11.3,16.0,20.0,12.1
2025-01-01,MCO,12.1,16.0,20.0,12.1
2025-02-01,MCO,18.2,16.0,20.0,12.1
2025-03-01,MCO,19.1,16.0,20.0,12.1
2025-04-01,MCO,23.6,16.0,20.0,12.1
2025-05-01,MCO,13.2,16.0,20.0,12.1
2025-06-01,MCO,12.3,16.0,20.0,12.1
2025-07-01,MCO,17.5,16.0,20.0,12.1
2025-08-01,MCO,12.8,16.0,20.0,12.1
2025-09-01,MCO,16.5,16.0,20.0,12.1
2025-10-01,MCO,22.1,16.0,20.0,12.1
2025-11-01,MCO,2.8,16.0,20.0,12.1
2024-09-01,MDLZ,122.1,170.4,209.6,131.2
2024-10-01,MDLZ,128.3,170.4,209.6,131.2
2024-11-01,MDLZ,133.9,170.4,209.6,131.2
2024-12-01,MDLZ,224.3,170.4,209.6,131.2
2025-01-01,MDLZ,206.3,170.4,209.6,131.2
2025-02-01,MDLZ,225.7,170.4,209.6,131.2
2025-03-01,MDLZ,215.3,170.4,209.6,131.2
2025-04-01,MDLZ,204.8,170.4,209.6,131.2
2025-05-01,MDLZ,150.7,170.4,209.6,131.2
2025-06-01,MDLZ,132.1,170.4,209.6,131.2
2025-07-01,MDLZ,177.8,170.4,209.6,131.2
2025-08-01,MDLZ,151.9,170.4,209.6,131.2
2025-09-01,MDLZ,157.1,170.4,209.6,131.2
2025-10-01,MDLZ,184.9,170.4,209.6,131.2
2025-11-01,MDLZ,34.2,170.4,209.6,131.2
2024-09-01,MDT,147.4,146.4,170.0,122.7
2024-10-01,MDT,106.5,146.4,170.0,122.7
2024-11-01,MDT,138.6,146.4,170.0,122.7
2024-12-01,MDT,121.0,146.4,170.0,122.7
2025-01-01,MDT,155.0,146.4,170.0,122.7
2025-02-01,MDT,134.5,146.4,170.0,122.7
2025-03-01,MDT,175.1,146.4,170.0,122.7
2025-04-01,MDT,153.3,146.4,170.0,122.7
2025-05-01,MDT,168.4,146.4,170.0,122.7
2025-06-01,MDT,171.4,146.4,170.0,122.7
2025-07-01,MDT,151.4,146.4,170.0,122.7
2025-08-01,MDT,155.5,146.4,170.0,122.7
2025-09-01,MDT,153.7,146.4,170.0,122.7
2025-10-01,MDT,145.3,146.4,170.0,122.7
2025-11-01,MDT,17.7,146.4,170.0,122.7
2024-09-01,MDY,14.4,18.4,24.5,12.3
2024-10-01,MDY,15.1,18.4,24.5,12.3
2024-11-01,MDY,20.4,18.4,24.5,12.3
2024-12-01,MDY,19.1,18.4,24.5,12.3
2025-01-01,MDY,17.7,18.4,24.5,12.3
2025-02-01,MDY,17.4,18.4,24.5,12.3
2025-03-01,MDY,21.9,18.4,24.5,12.3
2025-04-01,MDY,38.1,18.4,24.5,12.3
2025-05-01,MDY,16.2,18.4,24.5,12.3
2025-06-01,MDY,16.1,18.4,24.5,12.3
2025-07-01,MDY,14.6,18.4,24.5,12.3
2025-08-01,MDY,15.2,18.4,24.5,12.3
2025-09-01,MDY,14.9,18.4,24.5,12.3
2025-10-01,MDY,19.4,18.4,24.5,12.3
2025-11-01,MDY,2.6,18.4,24.5,12.3
2024-09-01,MET,70.9,69.1,79.8,58.3
2024-10-01,MET,65.3,69.1,79.8,58.3
2024-11-01,MET,67.3,69.1,79.8,58.3
2024-12-01,MET,73.0,69.1,79.8,58.3
2025-01-01,MET,70.1,69.1,79.8,58.3
2025-02-01,MET,69.5,69.1,79.8,58.3
2025-03-01,MET,75.7,69.1,79.8,58.3
2025-04-01,MET,92.3,69.1,79.8,58.3
2025-05-01,MET,61.9,69.1,79.8,58.3
2025-06-01,MET,56.7,69.1,79.8,58.3
2025-07-01,MET,61.2,69.1,79.8,58.3
2025-08-01,MET,69.9,69.1,79.8,58.3
2025-09-01,MET,78.2,69.1,79.8,58.3
2025-10-01,MET,66.4,69.1,79.8,58.3
2025-11-01,MET,10.4,69.1,79.8,58.3
2024-09-01,META,246.4,293.4,364.5,222.3
2024-10-01,META,265.9,293.4,364.5,222.3
2024-11-01,META,237.8,293.4,364.5,222.3
2024-12-01,META,263.2,293.4,364.5,222.3
2025-01-01,META,317.9,293.4,364.5,222.3
2025-02-01,META,298.4,293.4,364.5,222.3
2025-03-01,META,363.4,293.4,364.5,222.3
2025-04-01,META,451.4,293.4,364.5,222.3
2025-05-01,META,292.5,293.4,364.5,222.3
2025-06-01,META,254.8,293.4,364.5,222.3
2025-07-01,META,273.1,293.4,364.5,222.3
2025-08-01,META,224.5,293.4,364.5,222.3
2025-09-01,META,234.4,293.4,364.5,222.3
2025-10-01,META,411.8,293.4,364.5,222.3
2025-11-01,META,80.6,293.4,364.5,222.3
2024-09-01,MGM,104.7,102.1,122.0,82.2
2024-10-01,MGM,90.9,102.1,122.0,82.2
2024-11-01,MGM,75.7,102.1,122.0,82.2
2024-12-01,MGM,81.7,102.1,122.0,82.2
2025-01-01,MGM,94.7,102.1,122.0,82.2
2025-02-01,MGM,103.3,102.1,122.0,82.2
2025-03-01,MGM,122.2,102.1,122.0,82.2
2025-04-01,MGM,144.3,102.1,122.0,82.2
2025-05-01,MGM,113.6,102.1,122.0,82.2
2025-06-01,MGM,99.5,102.1,122.0,82.2
2025-07-01,MGM,109.0,102.1,122.0,82.2
2025-08-01,MGM,85.0,102.1,122.0,82.2
2025-09-01,MGM,100.0,102.1,122.0,82.2
2025-10-01,MGM,118.5,102.1,122.0,82.2
2025-11-01,MGM,18.7,102.1,122.0,82.2
2024-09-01,MHK,13.0,16.1,18.6,13.7
2024-10-01,MHK,19.0,16.1,18.6,13.7
2024-11-01,MHK,13.7,16.1,18.6,13.7
2024-12-01,MHK,14.6,16.1,18.6,13.7
2025-01-01,MHK,15.0,16.1,18.6,13.7
2025-02-01,MHK,15.5,16.1,18.6,13.7
2025-03-01,MHK,16.3,16.1,18.6,13.7
2025-04-01,MHK,17.1,16.1,18.6,13.7
2025-05-01,MHK,16.0,16.1,18.6,13.7
2025-06-01,MHK,16.8,16.1,18.6,13.7
2025-07-01,MHK,20.2,16.1,18.6,13.7
2025-08-01,MHK,17.0,16.1,18.6,13.7
2025-09-01,MHK,15.5,16.1,18.6,13.7
2025-10-01,MHK,17.8,16.1,18.6,13.7
2025-11-01,MHK,2.6,16.1,18.6,13.7
2024-09-01,MKC,39.8,46.5,56.3,36.7
2024-10-01,MKC,41.4,46.5,56.3,36.7
2024-11-01,MKC,33.7,46.5,56.3,36.7
2024-12-01,MKC,37.4,46.5,56.3,36.7
2025-01-01,MKC,43.2,46.5,56.3,36.7
2025-02-01,MKC,35.1,46.5,56.3,36.7
2025-03-01,MKC,55.1,46.5,56.3,36.7
2025-04-01,MKC,51.2,46.5,56.3,36.7
2025-05-01,MKC,52.3,46.5,56.3,36.7
2025-06-01,MKC,48.1,46.5,56.3,36.7
2025-07-01,MKC,48.9,46.5,56.3,36.7
2025-08-01,MKC,49.0,46.5,56.3,36.7
2025-09-01,MKC,54.1,46.5,56.3,36.7
2025-10-01,MKC,65.9,46.5,56.3,36.7
2025-11-01,MKC,6.0,46.5,56.3,36.7
2024-09-01,MLM,9.4,9.2,11.3,7.1
2024-10-01,MLM,9.6,9.2,11.3,7.1
2024-11-01,MLM,9.3,9.2,11.3,7.1
2024-12-01,MLM,8.6,9.2,11.3,7.1
2025-01-01,MLM,7.1,9.2,11.3,7.1
2025-02-01,MLM,11.6,9.2,11.3,7.1
2025-03-01,MLM,14.7,9.2,11.3,7.1
2025-04-01,MLM,11.0,9.2,11.3,7.1
2025-05-01,MLM,9.3,9.2,11.3,7.1
2025-06-01,MLM,8.1,9.2,11.3,7.1
2025-07-01,MLM,7.6,9.2,11.3,7.1
2025-08-01,MLM,9.4,9.2,11.3,7.1
2025-09-01,MLM,7.6,9.2,11.3,7.1
2025-10-01,MLM,7.3,9.2,11.3,7.1
2025-11-01,MLM,2.2,9.2,11.3,7.1
2024-09-01,MMC,36.9,46.0,57.2,34.7
2024-10-01,MMC,38.9,46.0,57.2,34.7
2024-11-01,MMC,37.8,46.0,57.2,34.7
2024-12-01,MMC,38.9,46.0,57.2,34.7
2025-01-01,MMC,41.7,46.0,57.2,34.7
2025-02-01,MMC,41.0,46.0,57.2,34.7
2025-03-01,MMC,42.0,46.0,57.2,34.7
2025-04-01,MMC,59.1,46.0,57.2,34.7
2025-05-01,MMC,38.4,46.0,57.2,34.7
2025-06-01,MMC,44.9,46.0,57.2,34.7
2025-07-01,MMC,59.8,46.0,57.2,34.7
2025-08-01,MMC,45.6,46.0,57.2,34.7
2025-09-01,MMC,48.4,46.0,57.2,34.7
2025-10-01,MMC,72.8,46.0,57.2,34.7
2025-11-01,MMC,10.4,46.0,57.2,34.7
2024-09-01,MMM,74.4,73.7,89.7,57.8
2024-10-01,MMM,86.6,73.7,89.7,57.8
2024-11-01,MMM,61.3,73.7,89.7,57.8
2024-12-01,MMM,61.5,73.7,89.7,57.8
2025-01-01,MMM,93.2,73.7,89.7,57.8
2025-02-01,MMM,68.7,73.7,89.7,57.8
2025-03-01,MMM,88.3,73.7,89.7,57.8
2025-04-01,MMM,99.6,73.7,89.7,57.8
2025-05-01,MMM,65.9,73.7,89.7,57.8
2025-06-01,MMM,55.9,73.7,89.7,57.8
2025-07-01,MMM,90.8,73.7,89.7,57.8
2025-08-01,MMM,63.4,73.7,89.7,57.8
2025-09-01,MMM,57.5,73.7,89.7,57.8
2025-10-01,MMM,74.6,73.7,89.7,57.8
2025-11-01,MMM,9.3,73.7,89.7,57.8
2024-09-01,MNST,123.3,120.2,136.0,104.4
2024-10-01,MNST,120.7,120.2,136.0,104.4
2024-11-01,MNST,127.5,120.2,136.0,104.4
2024-12-01,MNST,98.4,120.2,136.0,104.4
2025-01-01,MNST,129.8,120.2,136.0,104.4
2025-02-01,MNST,129.6,120.2,136.0,104.4
2025-03-01,MNST,123.1,120.2,136.0,104.4
2025-04-01,MNST,132.4,120.2,136.0,104.4
2025-05-01,MNST,119.2,120.2,136.0,104.4
2025-06-01,MNST,121.0,120.2,136.0,104.4
2025-07-01,MNST,115.8,120.2,136.0,104.4
2025-08-01,MNST,139.5,120.2,136.0,104.4
2025-09-01,MNST,108.6,120.2,136.0,104.4
2025-10-01,MNST,115.9,120.2,136.0,104.4
2025-11-01,MNST,15.1,120.2,136.0,104.4
2024-09-01,MO,181.6,179.6,215.5,143.7
2024-10-01,MO,167.9,179.6,215.5,143.7
2024-11-01,MO,145.7,179.6,215.5,143.7
2024-12-01,MO,172.9,179.6,215.5,143.7
2025-01-01,MO,158.6,179.6,215.5,143.7
2025-02-01,MO,137.7,179.6,215.5,143.7
2025-03-01,MO,245.2,179.6,215.5,143.7
2025-04-01,MO,243.3,179.6,215.5,143.7
2025-05-01,MO,162.5,179.6,215.5,143.7
2025-06-01,MO,178.5,179.6,215.5,143.7
2025-07-01,MO,211.7,179.6,215.5,143.7
2025-08-01,MO,156.2,179.6,215.5,143.7
2025-09-01,MO,174.6,179.6,215.5,143.7
2025-10-01,MO,197.4,179.6,215.5,143.7
2025-11-01,MO,31.1,179.6,215.5,143.7
2024-09-01,MOH,10.2,20.6,31.6,9.5
2024-10-01,MOH,18.7,20.6,31.6,9.5
2024-11-01,MOH,14.6,20.6,31.6,9.5
2024-12-01,MOH,13.0,20.6,31.6,9.5
2025-01-01,MOH,10.7,20.6,31.6,9.5
2025-02-01,MOH,18.7,20.6,31.6,9.5
2025-03-01,MOH,14.4,20.6,31.6,9.5
2025-04-01,MOH,19.5,20.6,31.6,9.5
2025-05-01,MOH,12.4,20.6,31.6,9.5
2025-06-01,MOH,11.6,20.6,31.6,9.5
2025-07-01,MOH,47.3,20.6,31.6,9.5
2025-08-01,MOH,32.0,20.6,31.6,9.5
2025-09-01,MOH,25.9,20.6,31.6,9.5
2025-10-01,MOH,37.3,20.6,31.6,9.5
2025-11-01,MOH,5.5,20.6,31.6,9.5
2024-09-01,MOS,92.8,104.2,121.7,86.6
2024-10-01,MOS,84.1,104.2,121.7,86.6
2024-11-01,MOS,91.1,104.2,121.7,86.6
2024-12-01,MOS,89.4,104.2,121.7,86.6
2025-01-01,MOS,93.7,104.2,121.7,86.6
2025-02-01,MOS,124.5,104.2,121.7,86.6
2025-03-01,MOS,127.1,104.2,121.7,86.6
2025-04-01,MOS,120.1,104.2,121.7,86.6
2025-05-01,MOS,113.9,104.2,121.7,86.6
2025-06-01,MOS,123.1,104.2,121.7,86.6
2025-07-01,MOS,94.7,104.2,121.7,86.6
2025-08-01,MOS,112.2,104.2,121.7,86.6
2025-09-01,MOS,88.7,104.2,121.7,86.6
2025-10-01,MOS,119.5,104.2,121.7,86.6
2025-11-01,MOS,30.0,104.2,121.7,86.6
2024-09-01,MP,97.2,181.4,327.0,35.7
2024-10-01,MP,52.1,181.4,327.0,35.7
2024-11-01,MP,48.1,181.4,327.0,35.7
2024-12-01,MP,70.3,181.4,327.0,35.7
2025-01-01,MP,58.0,181.4,327.0,35.7
2025-02-01,MP,68.8,181.4,327.0,35.7
2025-03-01,MP,71.5,181.4,327.0,35.7
2025-04-01,MP,187.6,181.4,327.0,35.7
2025-05-01,MP,120.6,181.4,327.0,35.7
2025-06-01,MP,283.1,181.4,327.0,35.7
2025-07-01,MP,481.0,181.4,327.0,35.7
2025-08-01,MP,264.3,181.4,327.0,35.7
2025-09-01,MP,259.1,181.4,327.0,35.7
2025-10-01,MP,454.8,181.4,327.0,35.7
2025-11-01,MP,36.5,181.4,327.0,35.7
2024-09-01,MPC,66.7,51.9,63.0,40.7
2024-10-01,MPC,56.8,51.9,63.0,40.7
2024-11-01,MPC,41.8,51.9,63.0,40.7
2024-12-01,MPC,64.3,51.9,63.0,40.7
2025-01-01,MPC,55.6,51.9,63.0,40.7
2025-02-01,MPC,54.8,51.9,63.0,40.7
2025-03-01,MPC,61.2,51.9,63.0,40.7
2025-04-01,MPC,64.8,51.9,63.0,40.7
2025-05-01,MPC,53.6,51.9,63.0,40.7
2025-06-01,MPC,56.9,51.9,63.0,40.7
2025-07-01,MPC,44.1,51.9,63.0,40.7
2025-08-01,MPC,38.6,51.9,63.0,40.7
2025-09-01,MPC,41.7,51.9,63.0,40.7
2025-10-01,MPC,35.9,51.9,63.0,40.7
2025-11-01,MPC,9.4,51.9,63.0,40.7
2024-09-01,MPWR,11.1,15.8,21.0,10.7
2024-10-01,MPWR,13.9,15.8,21.0,10.7
2024-11-01,MPWR,27.5,15.8,21.0,10.7
2024-12-01,MPWR,17.1,15.8,21.0,10.7
2025-01-01,MPWR,17.0,15.8,21.0,10.7
2025-02-01,MPWR,18.0,15.8,21.0,10.7
2025-03-01,MPWR,19.3,15.8,21.0,10.7
2025-04-01,MPWR,25.2,15.8,21.0,10.7
2025-05-01,MPWR,15.1,15.8,21.0,10.7
2025-06-01,MPWR,11.3,15.8,21.0,10.7
2025-07-01,MPWR,11.7,15.8,21.0,10.7
2025-08-01,MPWR,13.2,15.8,21.0,10.7
2025-09-01,MPWR,10.3,15.8,21.0,10.7
2025-10-01,MPWR,14.6,15.8,21.0,10.7
2025-11-01,MPWR,2.4,15.8,21.0,10.7
2024-09-01,MRK,202.9,279.0,344.8,213.3
2024-10-01,MRK,218.3,279.0,344.8,213.3
2024-11-01,MRK,238.9,279.0,344.8,213.3
2024-12-01,MRK,246.4,279.0,344.8,213.3
2025-01-01,MRK,219.8,279.0,344.8,213.3
2025-02-01,MRK,376.8,279.0,344.8,213.3
2025-03-01,MRK,366.4,279.0,344.8,213.3
2025-04-01,MRK,371.3,279.0,344.8,213.3
2025-05-01,MRK,304.6,279.0,344.8,213.3
2025-06-01,MRK,356.9,279.0,344.8,213.3
2025-07-01,MRK,295.9,279.0,344.8,213.3
2025-08-01,MRK,230.6,279.0,344.8,213.3
2025-09-01,MRK,273.2,279.0,344.8,213.3
2025-10-01,MRK,262.4,279.0,344.8,213.3
2025-11-01,MRK,36.2,279.0,344.8,213.3
2024-09-01,MRNA,127.1,203.8,258.5,149.1
2024-10-01,MRNA,103.9,203.8,258.5,149.1
2024-11-01,MRNA,213.1,203.8,258.5,149.1
2024-12-01,MRNA,165.0,203.8,258.5,149.1
2025-01-01,MRNA,251.9,203.8,258.5,149.1
2025-02-01,MRNA,241.1,203.8,258.5,149.1
2025-03-01,MRNA,205.7,203.8,258.5,149.1
2025-04-01,MRNA,188.6,203.8,258.5,149.1
2025-05-01,MRNA,298.8,203.8,258.5,149.1
2025-06-01,MRNA,186.5,203.8,258.5,149.1
2025-07-01,MRNA,200.7,203.8,258.5,149.1
2025-08-01,MRNA,197.0,203.8,258.5,149.1
2025-09-01,MRNA,260.5,203.8,258.5,149.1
2025-10-01,MRNA,251.7,203.8,258.5,149.1
2025-11-01,MRNA,38.4,203.8,258.5,149.1
2024-09-01,MS,116.7,131.7,161.4,101.9
2024-10-01,MS,147.3,131.7,161.4,101.9
2024-11-01,MS,141.5,131.7,161.4,101.9
2024-12-01,MS,123.2,131.7,161.4,101.9
2025-01-01,MS,150.0,131.7,161.4,101.9
2025-02-01,MS,107.0,131.7,161.4,101.9
2025-03-01,MS,176.7,131.7,161.4,101.9
2025-04-01,MS,195.6,131.7,161.4,101.9
2025-05-01,MS,126.0,131.7,161.4,101.9
2025-06-01,MS,109.1,131.7,161.4,101.9
2025-07-01,MS,123.7,131.7,161.4,101.9
2025-08-01,MS,93.5,131.7,161.4,101.9
2025-09-01,MS,118.1,131.7,161.4,101.9
2025-10-01,MS,133.1,131.7,161.4,101.9
2025-11-01,MS,14.6,131.7,161.4,101.9
2024-09-01,MSCI,8.6,11.9,15.0,8.7
2024-10-01,MSCI,9.7,11.9,15.0,8.7
2024-11-01,MSCI,10.9,11.9,15.0,8.7
2024-12-01,MSCI,8.6,11.9,15.0,8.7
2025-01-01,MSCI,9.6,11.9,15.0,8.7
2025-02-01,MSCI,12.0,11.9,15.0,8.7
2025-03-01,MSCI,12.1,11.9,15.0,8.7
2025-04-01,MSCI,13.8,11.9,15.0,8.7
2025-05-01,MSCI,9.5,11.9,15.0,8.7
2025-06-01,MSCI,10.1,11.9,15.0,8.7
2025-07-01,MSCI,19.1,11.9,15.0,8.7
2025-08-01,MSCI,12.8,11.9,15.0,8.7
2025-09-01,MSCI,16.2,11.9,15.0,8.7
2025-10-01,MSCI,14.1,11.9,15.0,8.7
2025-11-01,MSCI,2.1,11.9,15.0,8.7
2024-09-01,MSFT,376.9,443.3,505.6,381.0
2024-10-01,MSFT,440.8,443.3,505.6,381.0
2024-11-01,MSFT,442.3,443.3,505.6,381.0
2024-12-01,MSFT,439.9,443.3,505.6,381.0
2025-01-01,MSFT,462.5,443.3,505.6,381.0
2025-02-01,MSFT,432.5,443.3,505.6,381.0
2025-03-01,MSFT,491.8,443.3,505.6,381.0
2025-04-01,MSFT,563.1,443.3,505.6,381.0
2025-05-01,MSFT,476.9,443.3,505.6,381.0
2025-06-01,MSFT,401.3,443.3,505.6,381.0
2025-07-01,MSFT,396.9,443.3,505.6,381.0
2025-08-01,MSFT,454.9,443.3,505.6,381.0
2025-09-01,MSFT,424.0,443.3,505.6,381.0
2025-10-01,MSFT,468.5,443.3,505.6,381.0
2025-11-01,MSFT,66.4,443.3,505.6,381.0
2024-09-01,MSI,15.1,17.9,20.9,14.8
2024-10-01,MSI,13.9,17.9,20.9,14.8
2024-11-01,MSI,15.7,17.9,20.9,14.8
2024-12-01,MSI,20.7,17.9,20.9,14.8
2025-01-01,MSI,15.0,17.9,20.9,14.8
2025-02-01,MSI,17.5,17.9,20.9,14.8
2025-03-01,MSI,17.2,17.9,20.9,14.8
2025-04-01,MSI,19.6,17.9,20.9,14.8
2025-05-01,MSI,23.5,17.9,20.9,14.8
2025-06-01,MSI,18.4,17.9,20.9,14.8
2025-07-01,MSI,17.5,17.9,20.9,14.8
2025-08-01,MSI,22.6,17.9,20.9,14.8
2025-09-01,MSI,18.4,17.9,20.9,14.8
2025-10-01,MSI,17.5,17.9,20.9,14.8
2025-11-01,MSI,6.0,17.9,20.9,14.8
2024-09-01,MTB,21.9,25.0,30.1,19.8
2024-10-01,MTB,27.0,25.0,30.1,19.8
2024-11-01,MTB,20.2,25.0,30.1,19.8
2024-12-01,MTB,25.0,25.0,30.1,19.8
2025-01-01,MTB,27.6,25.0,30.1,19.8
2025-02-01,MTB,21.0,25.0,30.1,19.8
2025-03-01,MTB,35.2,25.0,30.1,19.8
2025-04-01,MTB,29.7,25.0,30.1,19.8
2025-05-01,MTB,23.3,25.0,30.1,19.8
2025-06-01,MTB,24.5,25.0,30.1,19.8
2025-07-01,MTB,25.1,25.0,30.1,19.8
2025-08-01,MTB,18.4,25.0,30.1,19.8
2025-09-01,MTB,21.9,25.0,30.1,19.8
2025-10-01,MTB,31.6,25.0,30.1,19.8
2025-11-01,MTB,3.1,25.0,30.1,19.8
2024-09-01,MTCH,82.3,92.8,109.4,76.3
2024-10-01,MTCH,76.0,92.8,109.4,76.3
2024-11-01,MTCH,110.2,92.8,109.4,76.3
2024-12-01,MTCH,100.1,92.8,109.4,76.3
2025-01-01,MTCH,74.6,92.8,109.4,76.3
2025-02-01,MTCH,117.9,92.8,109.4,76.3
2025-03-01,MTCH,110.2,92.8,109.4,76.3
2025-04-01,MTCH,93.4,92.8,109.4,76.3
2025-05-01,MTCH,116.7,92.8,109.4,76.3
2025-06-01,MTCH,83.0,92.8,109.4,76.3
2025-07-01,MTCH,82.6,92.8,109.4,76.3
2025-08-01,MTCH,101.3,92.8,109.4,76.3
2025-09-01,MTCH,89.2,92.8,109.4,76.3
2025-10-01,MTCH,80.4,92.8,109.4,76.3
2025-11-01,MTCH,23.9,92.8,109.4,76.3
2024-09-01,MTD,1.9,3.2,4.2,2.2
2024-10-01,MTD,2.6,3.2,4.2,2.2
2024-11-01,MTD,3.7,3.2,4.2,2.2
2024-12-01,MTD,2.3,3.2,4.2,2.2
2025-01-01,MTD,2.3,3.2,4.2,2.2
2025-02-01,MTD,3.0,3.2,4.2,2.2
2025-03-01,MTD,2.9,3.2,4.2,2.2
2025-04-01,MTD,5.5,3.2,4.2,2.2
2025-05-01,MTD,5.0,3.2,4.2,2.2
2025-06-01,MTD,3.3,3.2,4.2,2.2
2025-07-01,MTD,3.4,3.2,4.2,2.2
2025-08-01,MTD,3.1,3.2,4.2,2.2
2025-09-01,MTD,2.8,3.2,4.2,2.2
2025-10-01,MTD,3.4,3.2,4.2,2.2
2025-11-01,MTD,0.4,3.2,4.2,2.2
2024-09-01,MTUM,11.3,20.0,26.8,13.2
2024-10-01,MTUM,10.3,20.0,26.8,13.2
2024-11-01,MTUM,29.3,20.0,26.8,13.2
2024-12-01,MTUM,18.9,20.0,26.8,13.2
2025-01-01,MTUM,20.4,20.0,26.8,13.2
2025-02-01,MTUM,18.9,20.0,26.8,13.2
2025-03-01,MTUM,37.0,20.0,26.8,13.2
2025-04-01,MTUM,20.1,20.0,26.8,13.2
2025-05-01,MTUM,22.2,20.0,26.8,13.2
2025-06-01,MTUM,23.5,20.0,26.8,13.2
2025-07-01,MTUM,20.7,20.0,26.8,13.2
2025-08-01,MTUM,16.7,20.0,26.8,13.2
2025-09-01,MTUM,17.4,20.0,26.8,13.2
2025-10-01,MTUM,17.5,20.0,26.8,13.2
2025-11-01,MTUM,2.2,20.0,26.8,13.2
2024-09-01,MU,603.3,481.7,586.3,377.0
2024-10-01,MU,443.6,481.7,586.3,377.0
2024-11-01,MU,322.9,481.7,586.3,377.0
2024-12-01,MU,574.6,481.7,586.3,377.0
2025-01-01,MU,530.7,481.7,586.3,377.0
2025-02-01,MU,349.2,481.7,586.3,377.0
2025-03-01,MU,489.8,481.7,586.3,377.0
2025-04-01,MU,620.1,481.7,586.3,377.0
2025-05-01,MU,374.8,481.7,586.3,377.0
2025-06-01,MU,506.3,481.7,586.3,377.0
2025-07-01,MU,485.9,481.7,586.3,377.0
2025-08-01,MU,378.7,481.7,586.3,377.0
2025-09-01,MU,576.1,481.7,586.3,377.0
2025-10-01,MU,551.2,481.7,586.3,377.0
2025-11-01,MU,73.5,481.7,586.3,377.0
2024-09-01,MUB,58.8,100.8,138.8,62.8
2024-10-01,MUB,83.4,100.8,138.8,62.8
2024-11-01,MUB,76.4,100.8,138.8,62.8
2024-12-01,MUB,92.1,100.8,138.8,62.8
2025-01-01,MUB,91.2,100.8,138.8,62.8
2025-02-01,MUB,68.1,100.8,138.8,62.8
2025-03-01,MUB,107.8,100.8,138.8,62.8
2025-04-01,MUB,217.7,100.8,138.8,62.8
2025-05-01,MUB,116.5,100.8,138.8,62.8
2025-06-01,MUB,107.2,100.8,138.8,62.8
2025-07-01,MUB,126.2,100.8,138.8,62.8
2025-08-01,MUB,96.7,100.8,138.8,62.8
2025-09-01,MUB,103.1,100.8,138.8,62.8
2025-10-01,MUB,78.3,100.8,138.8,62.8
2025-11-01,MUB,15.4,100.8,138.8,62.8
2024-09-01,NCLH,288.9,281.3,343.6,219.0
2024-10-01,NCLH,279.2,281.3,343.6,219.0
2024-11-01,NCLH,206.6,281.3,343.6,219.0
2024-12-01,NCLH,192.6,281.3,343.6,219.0
2025-01-01,NCLH,171.3,281.3,343.6,219.0
2025-02-01,NCLH,214.6,281.3,343.6,219.0
2025-03-01,NCLH,333.1,281.3,343.6,219.0
2025-04-01,NCLH,367.7,281.3,343.6,219.0
2025-05-01,NCLH,298.9,281.3,343.6,219.0
2025-06-01,NCLH,325.2,281.3,343.6,219.0
2025-07-01,NCLH,338.0,281.3,343.6,219.0
2025-08-01,NCLH,276.9,281.3,343.6,219.0
2025-09-01,NCLH,346.3,281.3,343.6,219.0
2025-10-01,NCLH,311.5,281.3,343.6,219.0
2025-11-01,NCLH,119.9,281.3,343.6,219.0
2024-09-01,NDAQ,56.8,65.4,80.1,50.8
2024-10-01,NDAQ,62.2,65.4,80.1,50.8
2024-11-01,NDAQ,49.7,65.4,80.1,50.8
2024-12-01,NDAQ,54.1,65.4,80.1,50.8
2025-01-01,NDAQ,56.9,65.4,80.1,50.8
2025-02-01,NDAQ,48.1,65.4,80.1,50.8
2025-03-01,NDAQ,66.3,65.4,80.1,50.8
2025-04-01,NDAQ,78.8,65.4,80.1,50.8
2025-05-01,NDAQ,86.3,65.4,80.1,50.8
2025-06-01,NDAQ,70.4,65.4,80.1,50.8
2025-07-01,NDAQ,76.7,65.4,80.1,50.8
2025-08-01,NDAQ,53.6,65.4,80.1,50.8
2025-09-01,NDAQ,90.3,65.4,80.1,50.8
2025-10-01,NDAQ,72.8,65.4,80.1,50.8
2025-11-01,NDAQ,7.2,65.4,80.1,50.8
2024-09-01,NDSN,3.5,6.9,8.9,4.9
2024-10-01,NDSN,4.6,6.9,8.9,4.9
2024-11-01,NDSN,4.6,6.9,8.9,4.9
2024-12-01,NDSN,9.4,6.9,8.9,4.9
2025-01-01,NDSN,7.4,6.9,8.9,4.9
2025-02-01,NDSN,6.3,6.9,8.9,4.9
2025-03-01,NDSN,6.9,6.9,8.9,4.9
2025-04-01,NDSN,9.5,6.9,8.9,4.9
2025-05-01,NDSN,7.7,6.9,8.9,4.9
2025-06-01,NDSN,10.1,6.9,8.9,4.9
2025-07-01,NDSN,6.9,6.9,8.9,4.9
2025-08-01,NDSN,8.3,6.9,8.9,4.9
2025-09-01,NDSN,6.0,6.9,8.9,4.9
2025-10-01,NDSN,6.4,6.9,8.9,4.9
2025-11-01,NDSN,0.9,6.9,8.9,4.9
2024-09-01,NEE,195.9,229.3,270.4,188.3
2024-10-01,NEE,219.6,229.3,270.4,188.3
2024-11-01,NEE,244.4,229.3,270.4,188.3
2024-12-01,NEE,189.4,229.3,270.4,188.3
2025-01-01,NEE,241.5,229.3,270.4,188.3
2025-02-01,NEE,203.0,229.3,270.4,188.3
2025-03-01,NEE,259.5,229.3,270.4,188.3
2025-04-01,NEE,277.0,229.3,270.4,188.3
2025-05-01,NEE,313.1,229.3,270.4,188.3
2025-06-01,NEE,228.3,229.3,270.4,188.3
2025-07-01,NEE,231.2,229.3,270.4,188.3
2025-08-01,NEE,195.7,229.3,270.4,188.3
2025-09-01,NEE,209.3,229.3,270.4,188.3
2025-10-01,NEE,239.0,229.3,270.4,188.3
2025-11-01,NEE,22.3,229.3,270.4,188.3
2024-09-01,NEM,171.2,236.0,289.6,182.5
2024-10-01,NEM,236.9,236.0,289.6,182.5
2024-11-01,NEM,227.5,236.0,289.6,182.5
2024-12-01,NEM,212.0,236.0,289.6,182.5
2025-01-01,NEM,165.5,236.0,289.6,182.5
2025-02-01,NEM,223.4,236.0,289.6,182.5
2025-03-01,NEM,228.4,236.0,289.6,182.5
2025-04-01,NEM,350.2,236.0,289.6,182.5
2025-05-01,NEM,254.7,236.0,289.6,182.5
2025-06-01,NEM,257.6,236.0,289.6,182.5
2025-07-01,NEM,275.3,236.0,289.6,182.5
2025-08-01,NEM,177.1,236.0,289.6,182.5
2025-09-01,NEM,263.4,236.0,289.6,182.5
2025-10-01,NEM,287.4,236.0,289.6,182.5
2025-11-01,NEM,27.0,236.0,289.6,182.5
2024-09-01,NFLX,53.1,77.9,100.9,55.0
2024-10-01,NFLX,85.3,77.9,100.9,55.0
2024-11-01,NFLX,64.2,77.9,100.9,55.0
2024-12-01,NFLX,57.2,77.9,100.9,55.0
2025-01-01,NFLX,90.3,77.9,100.9,55.0
2025-02-01,NFLX,71.4,77.9,100.9,55.0
2025-03-01,NFLX,113.8,77.9,100.9,55.0
2025-04-01,NFLX,123.0,77.9,100.9,55.0
2025-05-01,NFLX,75.2,77.9,100.9,55.0
2025-06-01,NFLX,55.0,77.9,100.9,55.0
2025-07-01,NFLX,86.7,77.9,100.9,55.0
2025-08-01,NFLX,57.8,77.9,100.9,55.0
2025-09-01,NFLX,62.0,77.9,100.9,55.0
2025-10-01,NFLX,102.1,77.9,100.9,55.0
2025-11-01,NFLX,13.3,77.9,100.9,55.0
2024-09-01,NI,74.1,87.4,105.4,69.5
2024-10-01,NI,61.3,87.4,105.4,69.5
2024-11-01,NI,77.9,87.4,105.4,69.5
2024-12-01,NI,77.0,87.4,105.4,69.5
2025-01-01,NI,76.7,87.4,105.4,69.5
2025-02-01,NI,81.5,87.4,105.4,69.5
2025-03-01,NI,112.6,87.4,105.4,69.5
2025-04-01,NI,112.1,87.4,105.4,69.5
2025-05-01,NI,93.3,87.4,105.4,69.5
2025-06-01,NI,86.4,87.4,105.4,69.5
2025-07-01,NI,89.4,87.4,105.4,69.5
2025-08-01,NI,78.3,87.4,105.4,69.5
2025-09-01,NI,112.3,87.4,105.4,69.5
2025-10-01,NI,103.5,87.4,105.4,69.5
2025-11-01,NI,14.1,87.4,105.4,69.5
2024-09-01,NKE,256.0,309.8,406.7,212.9
2024-10-01,NKE,266.0,309.8,406.7,212.9
2024-11-01,NKE,210.0,309.8,406.7,212.9
2024-12-01,NKE,276.3,309.8,406.7,212.9
2025-01-01,NKE,244.2,309.8,406.7,212.9
2025-02-01,NKE,287.3,309.8,406.7,212.9
2025-03-01,NKE,365.1,309.8,406.7,212.9
2025-04-01,NKE,574.3,309.8,406.7,212.9
2025-05-01,NKE,316.7,309.8,406.7,212.9
2025-06-01,NKE,413.3,309.8,406.7,212.9
2025-07-01,NKE,323.8,309.8,406.7,212.9
2025-08-01,NKE,189.0,309.8,406.7,212.9
2025-09-01,NKE,302.9,309.8,406.7,212.9
2025-10-01,NKE,352.3,309.8,406.7,212.9
2025-11-01,NKE,57.3,309.8,406.7,212.9
2024-09-01,NOC,11.4,17.8,22.6,13.0
2024-10-01,NOC,15.4,17.8,22.6,13.0
2024-11-01,NOC,15.3,17.8,22.6,13.0
2024-12-01,NOC,15.4,17.8,22.6,13.0
2025-01-01,NOC,17.4,17.8,22.6,13.0
2025-02-01,NOC,20.7,17.8,22.6,13.0
2025-03-01,NOC,22.8,17.8,22.6,13.0
2025-04-01,NOC,30.7,17.8,22.6,13.0
2025-05-01,NOC,21.0,17.8,22.6,13.0
2025-06-01,NOC,16.3,17.8,22.6,13.0
2025-07-01,NOC,17.4,17.8,22.6,13.0
2025-08-01,NOC,15.0,17.8,22.6,13.0
2025-09-01,NOC,15.9,17.8,22.6,13.0
2025-10-01,NOC,17.7,17.8,22.6,13.0
2025-11-01,NOC,1.7,17.8,22.6,13.0
2024-09-01,NORW,0.1,0.2,0.3,0.1
2024-10-01,NORW,0.1,0.2,0.3,0.1
2024-11-01,NORW,0.1,0.2,0.3,0.1
2024-12-01,NORW,0.1,0.2,0.3,0.1
2025-01-01,NORW,0.3,0.2,0.3,0.1
2025-02-01,NORW,0.1,0.2,0.3,0.1
2025-03-01,NORW,0.3,0.2,0.3,0.1
2025-04-01,NORW,0.4,0.2,0.3,0.1
2025-05-01,NORW,0.2,0.2,0.3,0.1
2025-06-01,NORW,0.5,0.2,0.3,0.1
2025-07-01,NORW,0.3,0.2,0.3,0.1
2025-08-01,NORW,0.2,0.2,0.3,0.1
2025-09-01,NORW,0.2,0.2,0.3,0.1
2025-10-01,NORW,0.2,0.2,0.3,0.1
2025-11-01,NORW,0.0,0.2,0.3,0.1
2024-09-01,NOV,94.1,86.9,105.2,68.6
2024-10-01,NOV,83.1,86.9,105.2,68.6
2024-11-01,NOV,65.4,86.9,105.2,68.6
2024-12-01,NOV,107.5,86.9,105.2,68.6
2025-01-01,NOV,63.9,86.9,105.2,68.6
2025-02-01,NOV,88.4,86.9,105.2,68.6
2025-03-01,NOV,120.7,86.9,105.2,68.6
2025-04-01,NOV,103.7,86.9,105.2,68.6
2025-05-01,NOV,72.6,86.9,105.2,68.6
2025-06-01,NOV,90.6,86.9,105.2,68.6
2025-07-01,NOV,92.6,86.9,105.2,68.6
2025-08-01,NOV,67.4,86.9,105.2,68.6
2025-09-01,NOV,78.7,86.9,105.2,68.6
2025-10-01,NOV,98.8,86.9,105.2,68.6
2025-11-01,NOV,14.5,86.9,105.2,68.6
2024-09-01,NOW,24.7,31.7,39.7,23.6
2024-10-01,NOW,29.3,31.7,39.7,23.6
2024-11-01,NOW,24.4,31.7,39.7,23.6
2024-12-01,NOW,24.7,31.7,39.7,23.6
2025-01-01,NOW,34.3,31.7,39.7,23.6
2025-02-01,NOW,30.5,31.7,39.7,23.6
2025-03-01,NOW,45.0,31.7,39.7,23.6
2025-04-01,NOW,48.0,31.7,39.7,23.6
2025-05-01,NOW,29.3,31.7,39.7,23.6
2025-06-01,NOW,22.4,31.7,39.7,23.6
2025-07-01,NOW,34.0,31.7,39.7,23.6
2025-08-01,NOW,40.2,31.7,39.7,23.6
2025-09-01,NOW,29.5,31.7,39.7,23.6
2025-10-01,NOW,30.9,31.7,39.7,23.6
2025-11-01,NOW,5.2,31.7,39.7,23.6
2024-09-01,NRG,53.3,59.3,70.3,48.3
2024-10-01,NRG,57.0,59.3,70.3,48.3
2024-11-01,NRG,57.6,59.3,70.3,48.3
2024-12-01,NRG,51.2,59.3,70.3,48.3
2025-01-01,NRG,69.8,59.3,70.3,48.3
2025-02-01,NRG,52.2,59.3,70.3,48.3
2025-03-01,NRG,72.1,59.3,70.3,48.3
2025-04-01,NRG,58.8,59.3,70.3,48.3
2025-05-01,NRG,81.5,59.3,70.3,48.3
2025-06-01,NRG,68.7,59.3,70.3,48.3
2025-07-01,NRG,59.3,59.3,70.3,48.3
2025-08-01,NRG,59.9,59.3,70.3,48.3
2025-09-01,NRG,50.0,59.3,70.3,48.3
2025-10-01,NRG,50.1,59.3,70.3,48.3
2025-11-01,NRG,6.5,59.3,70.3,48.3
2024-09-01,NSC,24.6,30.6,41.5,19.7
2024-10-01,NSC,27.0,30.6,41.5,19.7
2024-11-01,NSC,23.4,30.6,41.5,19.7
2024-12-01,NSC,25.4,30.6,41.5,19.7
2025-01-01,NSC,25.9,30.6,41.5,19.7
2025-02-01,NSC,21.9,30.6,41.5,19.7
2025-03-01,NSC,26.2,30.6,41.5,19.7
2025-04-01,NSC,32.4,30.6,41.5,19.7
2025-05-01,NSC,26.9,30.6,41.5,19.7
2025-06-01,NSC,25.5,30.6,41.5,19.7
2025-07-01,NSC,61.3,30.6,41.5,19.7
2025-08-01,NSC,45.3,30.6,41.5,19.7
2025-09-01,NSC,37.3,30.6,41.5,19.7
2025-10-01,NSC,27.0,30.6,41.5,19.7
2025-11-01,NSC,3.9,30.6,41.5,19.7
2024-09-01,NTAP,34.2,40.1,49.1,31.0
2024-10-01,NTAP,27.2,40.1,49.1,31.0
2024-11-01,NTAP,44.6,40.1,49.1,31.0
2024-12-01,NTAP,36.4,40.1,49.1,31.0
2025-01-01,NTAP,27.4,40.1,49.1,31.0
2025-02-01,NTAP,40.5,40.1,49.1,31.0
2025-03-01,NTAP,54.2,40.1,49.1,31.0
2025-04-01,NTAP,50.7,40.1,49.1,31.0
2025-05-01,NTAP,45.2,40.1,49.1,31.0
2025-06-01,NTAP,48.8,40.1,49.1,31.0
2025-07-01,NTAP,32.1,40.1,49.1,31.0
2025-08-01,NTAP,40.6,40.1,49.1,31.0
2025-09-01,NTAP,46.7,40.1,49.1,31.0
2025-10-01,NTAP,40.4,40.1,49.1,31.0
2025-11-01,NTAP,5.2,40.1,49.1,31.0
2024-09-01,NTRS,24.0,29.2,37.9,20.5
2024-10-01,NTRS,29.1,29.2,37.9,20.5
2024-11-01,NTRS,22.4,29.2,37.9,20.5
2024-12-01,NTRS,28.1,29.2,37.9,20.5
2025-01-01,NTRS,24.2,29.2,37.9,20.5
2025-02-01,NTRS,23.5,29.2,37.9,20.5
2025-03-01,NTRS,29.1,29.2,37.9,20.5
2025-04-01,NTRS,34.4,29.2,37.9,20.5
2025-05-01,NTRS,32.9,29.2,37.9,20.5
2025-06-01,NTRS,54.6,29.2,37.9,20.5
2025-07-01,NTRS,37.5,29.2,37.9,20.5
2025-08-01,NTRS,21.4,29.2,37.9,20.5
2025-09-01,NTRS,25.3,29.2,37.9,20.5
2025-10-01,NTRS,26.7,29.2,37.9,20.5
2025-11-01,NTRS,2.6,29.2,37.9,20.5
2024-09-01,NUE,31.5,44.9,56.5,33.2
2024-10-01,NUE,42.4,44.9,56.5,33.2
2024-11-01,NUE,40.7,44.9,56.5,33.2
2024-12-01,NUE,51.3,44.9,56.5,33.2
2025-01-01,NUE,53.1,44.9,56.5,33.2
2025-02-01,NUE,55.2,44.9,56.5,33.2
2025-03-01,NUE,66.9,44.9,56.5,33.2
2025-04-01,NUE,52.5,44.9,56.5,33.2
2025-05-01,NUE,44.6,44.9,56.5,33.2
2025-06-01,NUE,58.1,44.9,56.5,33.2
2025-07-01,NUE,41.0,44.9,56.5,33.2
2025-08-01,NUE,25.8,44.9,56.5,33.2
2025-09-01,NUE,38.9,44.9,56.5,33.2
2025-10-01,NUE,36.3,44.9,56.5,33.2
2025-11-01,NUE,4.9,44.9,56.5,33.2
2024-09-01,NVDA,6271.2,4782.9,5955.6,3610.1
2024-10-01,NVDA,5627.9,4782.9,5955.6,3610.1
2024-11-01,NVDA,4497.4,4782.9,5955.6,3610.1
2024-12-01,NVDA,4085.9,4782.9,5955.6,3610.1
2025-01-01,NVDA,5948.4,4782.9,5955.6,3610.1
2025-02-01,NVDA,4755.2,4782.9,5955.6,3610.1
2025-03-01,NVDA,6178.0,4782.9,5955.6,3610.1
2025-04-01,NVDA,6811.0,4782.9,5955.6,3610.1
2025-05-01,NVDA,4756.8,4782.9,5955.6,3610.1
2025-06-01,NVDA,3821.3,4782.9,5955.6,3610.1
2025-07-01,NVDA,3596.8,4782.9,5955.6,3610.1
2025-08-01,NVDA,3608.9,4782.9,5955.6,3610.1
2025-09-01,NVDA,3890.2,4782.9,5955.6,3610.1
2025-10-01,NVDA,4031.0,4782.9,5955.6,3610.1
2025-11-01,NVDA,540.5,4782.9,5955.6,3610.1
2024-09-01,NVR,0.4,0.4,0.5,0.4
2024-10-01,NVR,0.4,0.4,0.5,0.4
2024-11-01,NVR,0.4,0.4,0.5,0.4
2024-12-01,NVR,0.5,0.4,0.5,0.4
2025-01-01,NVR,0.6,0.4,0.5,0.4
2025-02-01,NVR,0.5,0.4,0.5,0.4
2025-03-01,NVR,0.6,0.4,0.5,0.4
2025-04-01,NVR,0.5,0.4,0.5,0.4
2025-05-01,NVR,0.4,0.4,0.5,0.4
2025-06-01,NVR,0.5,0.4,0.5,0.4
2025-07-01,NVR,0.4,0.4,0.5,0.4
2025-08-01,NVR,0.3,0.4,0.5,0.4
2025-09-01,NVR,0.4,0.4,0.5,0.4
2025-10-01,NVR,0.5,0.4,0.5,0.4
2025-11-01,NVR,0.1,0.4,0.5,0.4
2024-09-01,NWSA,52.3,65.5,82.8,48.3
2024-10-01,NWSA,46.2,65.5,82.8,48.3
2024-11-01,NWSA,60.1,65.5,82.8,48.3
2024-12-01,NWSA,44.9,65.5,82.8,48.3
2025-01-01,NWSA,48.6,65.5,82.8,48.3
2025-02-01,NWSA,64.4,65.5,82.8,48.3
2025-03-01,NWSA,82.6,65.5,82.8,48.3
2025-04-01,NWSA,75.3,65.5,82.8,48.3
2025-05-01,NWSA,70.3,65.5,82.8,48.3
2025-06-01,NWSA,75.0,65.5,82.8,48.3
2025-07-01,NWSA,54.5,65.5,82.8,48.3
2025-08-01,NWSA,70.5,65.5,82.8,48.3
2025-09-01,NWSA,104.9,65.5,82.8,48.3
2025-10-01,NWSA,77.9,65.5,82.8,48.3
2025-11-01,NWSA,13.4,65.5,82.8,48.3
2024-09-01,NXPI,54.7,56.8,69.5,44.0
2024-10-01,NXPI,45.8,56.8,69.5,44.0
2024-11-01,NXPI,51.9,56.8,69.5,44.0
2024-12-01,NXPI,49.8,56.8,69.5,44.0
2025-01-01,NXPI,48.3,56.8,69.5,44.0
2025-02-01,NXPI,66.7,56.8,69.5,44.0
2025-03-01,NXPI,63.0,56.8,69.5,44.0
2025-04-01,NXPI,90.8,56.8,69.5,44.0
2025-05-01,NXPI,61.1,56.8,69.5,44.0
2025-06-01,NXPI,47.3,56.8,69.5,44.0
2025-07-01,NXPI,60.3,56.8,69.5,44.0
2025-08-01,NXPI,54.2,56.8,69.5,44.0
2025-09-01,NXPI,47.3,56.8,69.5,44.0
2025-10-01,NXPI,63.1,56.8,69.5,44.0
2025-11-01,NXPI,7.2,56.8,69.5,44.0
2024-09-01,O,95.7,110.1,125.9,94.3
2024-10-01,O,97.5,110.1,125.9,94.3
2024-11-01,O,99.2,110.1,125.9,94.3
2024-12-01,O,117.2,110.1,125.9,94.3
2025-01-01,O,97.7,110.1,125.9,94.3
2025-02-01,O,95.7,110.1,125.9,94.3
2025-03-01,O,128.8,110.1,125.9,94.3
2025-04-01,O,139.7,110.1,125.9,94.3
2025-05-01,O,110.6,110.1,125.9,94.3
2025-06-01,O,116.4,110.1,125.9,94.3
2025-07-01,O,113.1,110.1,125.9,94.3
2025-08-01,O,111.9,110.1,125.9,94.3
2025-09-01,O,117.7,110.1,125.9,94.3
2025-10-01,O,113.6,110.1,125.9,94.3
2025-11-01,O,27.1,110.1,125.9,94.3
2024-09-01,ODFL,29.0,36.6,44.0,29.1
2024-10-01,ODFL,32.2,36.6,44.0,29.1
2024-11-01,ODFL,26.5,36.6,44.0,29.1
2024-12-01,ODFL,31.6,36.6,44.0,29.1
2025-01-01,ODFL,26.9,36.6,44.0,29.1
2025-02-01,ODFL,39.2,36.6,44.0,29.1
2025-03-01,ODFL,40.7,36.6,44.0,29.1
2025-04-01,ODFL,46.7,36.6,44.0,29.1
2025-05-01,ODFL,36.3,36.6,44.0,29.1
2025-06-01,ODFL,35.6,36.6,44.0,29.1
2025-07-01,ODFL,39.8,36.6,44.0,29.1
2025-08-01,ODFL,40.2,36.6,44.0,29.1
2025-09-01,ODFL,44.0,36.6,44.0,29.1
2025-10-01,ODFL,47.3,36.6,44.0,29.1
2025-11-01,ODFL,7.4,36.6,44.0,29.1
2024-09-01,OEF,5.0,8.0,12.6,3.4
2024-10-01,OEF,4.6,8.0,12.6,3.4
2024-11-01,OEF,4.7,8.0,12.6,3.4
2024-12-01,OEF,3.8,8.0,12.6,3.4
2025-01-01,OEF,4.6,8.0,12.6,3.4
2025-02-01,OEF,12.0,8.0,12.6,3.4
2025-03-01,OEF,9.4,8.0,12.6,3.4
2025-04-01,OEF,11.1,8.0,12.6,3.4
2025-05-01,OEF,11.3,8.0,12.6,3.4
2025-06-01,OEF,6.0,8.0,12.6,3.4
2025-07-01,OEF,4.5,8.0,12.6,3.4
2025-08-01,OEF,5.0,8.0,12.6,3.4
2025-09-01,OEF,20.6,8.0,12.6,3.4
2025-10-01,OEF,11.2,8.0,12.6,3.4
2025-11-01,OEF,2.7,8.0,12.6,3.4
2024-09-01,OKE,59.6,75.0,88.4,61.6
2024-10-01,OKE,54.2,75.0,88.4,61.6
2024-11-01,OKE,72.5,75.0,88.4,61.6
2024-12-01,OKE,60.3,75.0,88.4,61.6
2025-01-01,OKE,80.3,75.0,88.4,61.6
2025-02-01,OKE,78.1,75.0,88.4,61.6
2025-03-01,OKE,81.9,75.0,88.4,61.6
2025-04-01,OKE,97.5,75.0,88.4,61.6
2025-05-01,OKE,76.2,75.0,88.4,61.6
2025-06-01,OKE,86.1,75.0,88.4,61.6
2025-07-01,OKE,70.6,75.0,88.4,61.6
2025-08-01,OKE,76.1,75.0,88.4,61.6
2025-09-01,OKE,81.4,75.0,88.4,61.6
2025-10-01,OKE,87.7,75.0,88.4,61.6
2025-11-01,OKE,15.8,75.0,88.4,61.6
2024-09-01,OMC,25.5,64.9,90.9,38.9
2024-10-01,OMC,31.8,64.9,90.9,38.9
2024-11-01,OMC,36.0,64.9,90.9,38.9
2024-12-01,OMC,55.3,64.9,90.9,38.9
2025-01-01,OMC,44.9,64.9,90.9,38.9
2025-02-01,OMC,59.7,64.9,90.9,38.9
2025-03-01,OMC,98.3,64.9,90.9,38.9
2025-04-01,OMC,72.7,64.9,90.9,38.9
2025-05-01,OMC,51.3,64.9,90.9,38.9
2025-06-01,OMC,100.0,64.9,90.9,38.9
2025-07-01,OMC,101.6,64.9,90.9,38.9
2025-08-01,OMC,71.1,64.9,90.9,38.9
2025-09-01,OMC,73.4,64.9,90.9,38.9
2025-10-01,OMC,93.8,64.9,90.9,38.9
2025-11-01,OMC,8.4,64.9,90.9,38.9
2024-09-01,ON,120.4,178.8,219.6,138.0
2024-10-01,ON,156.6,178.8,219.6,138.0
2024-11-01,ON,106.3,178.8,219.6,138.0
2024-12-01,ON,141.4,178.8,219.6,138.0
2025-01-01,ON,182.2,178.8,219.6,138.0
2025-02-01,ON,195.7,178.8,219.6,138.0
2025-03-01,ON,184.0,178.8,219.6,138.0
2025-04-01,ON,245.3,178.8,219.6,138.0
2025-05-01,ON,214.8,178.8,219.6,138.0
2025-06-01,ON,213.5,178.8,219.6,138.0
2025-07-01,ON,193.2,178.8,219.6,138.0
2025-08-01,ON,201.6,178.8,219.6,138.0
2025-09-01,ON,157.6,178.8,219.6,138.0
2025-10-01,ON,212.3,178.8,219.6,138.0
2025-11-01,ON,39.7,178.8,219.6,138.0
2024-09-01,ORCL,267.1,281.4,446.0,116.8
2024-10-01,ORCL,134.4,281.4,446.0,116.8
2024-11-01,ORCL,150.5,281.4,446.0,116.8
2024-12-01,ORCL,196.4,281.4,446.0,116.8
2025-01-01,ORCL,298.6,281.4,446.0,116.8
2025-02-01,ORCL,159.9,281.4,446.0,116.8
2025-03-01,ORCL,259.2,281.4,446.0,116.8
2025-04-01,ORCL,223.4,281.4,446.0,116.8
2025-05-01,ORCL,173.7,281.4,446.0,116.8
2025-06-01,ORCL,359.5,281.4,446.0,116.8
2025-07-01,ORCL,269.8,281.4,446.0,116.8
2025-08-01,ORCL,218.4,281.4,446.0,116.8
2025-09-01,ORCL,771.8,281.4,446.0,116.8
2025-10-01,ORCL,483.2,281.4,446.0,116.8
2025-11-01,ORCL,47.5,281.4,446.0,116.8
2024-09-01,ORLY,107.5,110.0,132.2,87.8
2024-10-01,ORLY,100.8,110.0,132.2,87.8
2024-11-01,ORLY,109.4,110.0,132.2,87.8
2024-12-01,ORLY,104.1,110.0,132.2,87.8
2025-01-01,ORLY,97.3,110.0,132.2,87.8
2025-02-01,ORLY,99.4,110.0,132.2,87.8
2025-03-01,ORLY,120.1,110.0,132.2,87.8
2025-04-01,ORLY,177.4,110.0,132.2,87.8
2025-05-01,ORLY,118.0,110.0,132.2,87.8
2025-06-01,ORLY,109.8,110.0,132.2,87.8
2025-07-01,ORLY,102.1,110.0,132.2,87.8
2025-08-01,ORLY,90.8,110.0,132.2,87.8
2025-09-01,ORLY,105.7,110.0,132.2,87.8
2025-10-01,ORLY,113.2,110.0,132.2,87.8
2025-11-01,ORLY,24.6,110.0,132.2,87.8
2024-09-01,OTIS,50.2,53.1,67.3,39.0
2024-10-01,OTIS,47.4,53.1,67.3,39.0
2024-11-01,OTIS,39.6,53.1,67.3,39.0
2024-12-01,OTIS,34.9,53.1,67.3,39.0
2025-01-01,OTIS,43.1,53.1,67.3,39.0
2025-02-01,OTIS,42.3,53.1,67.3,39.0
2025-03-01,OTIS,52.2,53.1,67.3,39.0
2025-04-01,OTIS,71.0,53.1,67.3,39.0
2025-05-01,OTIS,64.4,53.1,67.3,39.0
2025-06-01,OTIS,45.0,53.1,67.3,39.0
2025-07-01,OTIS,66.8,53.1,67.3,39.0
2025-08-01,OTIS,82.8,53.1,67.3,39.0
2025-09-01,OTIS,60.6,53.1,67.3,39.0
2025-10-01,OTIS,50.0,53.1,67.3,39.0
2025-11-01,OTIS,7.0,53.1,67.3,39.0
2024-09-01,OXY,264.8,243.7,288.6,198.8
2024-10-01,OXY,269.5,243.7,288.6,198.8
2024-11-01,OXY,232.6,243.7,288.6,198.8
2024-12-01,OXY,266.9,243.7,288.6,198.8
2025-01-01,OXY,197.7,243.7,288.6,198.8
2025-02-01,OXY,220.7,243.7,288.6,198.8
2025-03-01,OXY,258.3,243.7,288.6,198.8
2025-04-01,OXY,329.2,243.7,288.6,198.8
2025-05-01,OXY,219.7,243.7,288.6,198.8
2025-06-01,OXY,286.7,243.7,288.6,198.8
2025-07-01,OXY,225.4,243.7,288.6,198.8
2025-08-01,OXY,205.9,243.7,288.6,198.8
2025-09-01,OXY,196.2,243.7,288.6,198.8
2025-10-01,OXY,274.1,243.7,288.6,198.8
2025-11-01,OXY,23.3,243.7,288.6,198.8
2024-09-01,PAM,4.8,5.8,8.0,3.6
2024-10-01,PAM,4.8,5.8,8.0,3.6
2024-11-01,PAM,7.1,5.8,8.0,3.6
2024-12-01,PAM,5.1,5.8,8.0,3.6
2025-01-01,PAM,6.3,5.8,8.0,3.6
2025-02-01,PAM,4.9,5.8,8.0,3.6
2025-03-01,PAM,3.9,5.8,8.0,3.6
2025-04-01,PAM,5.3,5.8,8.0,3.6
2025-05-01,PAM,4.2,5.8,8.0,3.6
2025-06-01,PAM,3.2,5.8,8.0,3.6
2025-07-01,PAM,5.2,5.8,8.0,3.6
2025-08-01,PAM,5.6,5.8,8.0,3.6
2025-09-01,PAM,10.6,5.8,8.0,3.6
2025-10-01,PAM,10.6,5.8,8.0,3.6
2025-11-01,PAM,1.4,5.8,8.0,3.6
2024-09-01,PANW,95.4,120.4,157.7,83.1
2024-10-01,PANW,98.8,120.4,157.7,83.1
2024-11-01,PANW,119.2,120.4,157.7,83.1
2024-12-01,PANW,94.8,120.4,157.7,83.1
2025-01-01,PANW,122.8,120.4,157.7,83.1
2025-02-01,PANW,116.2,120.4,157.7,83.1
2025-03-01,PANW,101.9,120.4,157.7,83.1
2025-04-01,PANW,125.9,120.4,157.7,83.1
2025-05-01,PANW,121.8,120.4,157.7,83.1
2025-06-01,PANW,83.9,120.4,157.7,83.1
2025-07-01,PANW,167.4,120.4,157.7,83.1
2025-08-01,PANW,228.1,120.4,157.7,83.1
2025-09-01,PANW,119.7,120.4,157.7,83.1
2025-10-01,PANW,107.4,120.4,157.7,83.1
2025-11-01,PANW,15.7,120.4,157.7,83.1
2024-09-01,PAYC,17.4,13.3,15.7,11.0
2024-10-01,PAYC,14.0,13.3,15.7,11.0
2024-11-01,PAYC,12.1,13.3,15.7,11.0
2024-12-01,PAYC,12.4,13.3,15.7,11.0
2025-01-01,PAYC,9.3,13.3,15.7,11.0
2025-02-01,PAYC,13.2,13.3,15.7,11.0
2025-03-01,PAYC,16.5,13.3,15.7,11.0
2025-04-01,PAYC,12.5,13.3,15.7,11.0
2025-05-01,PAYC,12.5,13.3,15.7,11.0
2025-06-01,PAYC,13.2,13.3,15.7,11.0
2025-07-01,PAYC,11.2,13.3,15.7,11.0
2025-08-01,PAYC,14.8,13.3,15.7,11.0
2025-09-01,PAYC,14.3,13.3,15.7,11.0
2025-10-01,PAYC,14.8,13.3,15.7,11.0
2025-11-01,PAYC,2.8,13.3,15.7,11.0
2024-09-01,PAYX,31.5,45.1,57.4,32.8
2024-10-01,PAYX,37.8,45.1,57.4,32.8
2024-11-01,PAYX,32.1,45.1,57.4,32.8
2024-12-01,PAYX,46.9,45.1,57.4,32.8
2025-01-01,PAYX,38.1,45.1,57.4,32.8
2025-02-01,PAYX,30.4,45.1,57.4,32.8
2025-03-01,PAYX,54.7,45.1,57.4,32.8
2025-04-01,PAYX,52.3,45.1,57.4,32.8
2025-05-01,PAYX,31.7,45.1,57.4,32.8
2025-06-01,PAYX,52.1,45.1,57.4,32.8
2025-07-01,PAYX,49.2,45.1,57.4,32.8
2025-08-01,PAYX,46.5,45.1,57.4,32.8
2025-09-01,PAYX,66.3,45.1,57.4,32.8
2025-10-01,PAYX,64.4,45.1,57.4,32.8
2025-11-01,PAYX,10.2,45.1,57.4,32.8
2024-09-01,PBR,338.4,409.9,529.5,290.3
2024-10-01,PBR,288.7,409.9,529.5,290.3
2024-11-01,PBR,341.9,409.9,529.5,290.3
2024-12-01,PBR,304.8,409.9,529.5,290.3
2025-01-01,PBR,233.4,409.9,529.5,290.3
2025-02-01,PBR,337.1,409.9,529.5,290.3
2025-03-01,PBR,381.3,409.9,529.5,290.3
2025-04-01,PBR,648.1,409.9,529.5,290.3
2025-05-01,PBR,430.0,409.9,529.5,290.3
2025-06-01,PBR,550.3,409.9,529.5,290.3
2025-07-01,PBR,429.1,409.9,529.5,290.3
2025-08-01,PBR,472.0,409.9,529.5,290.3
2025-09-01,PBR,461.7,409.9,529.5,290.3
2025-10-01,PBR,564.9,409.9,529.5,290.3
2025-11-01,PBR,80.4,409.9,529.5,290.3
2024-09-01,PCAR,52.0,57.2,70.4,44.1
2024-10-01,PCAR,61.7,57.2,70.4,44.1
2024-11-01,PCAR,46.3,57.2,70.4,44.1
2024-12-01,PCAR,44.8,57.2,70.4,44.1
2025-01-01,PCAR,48.4,57.2,70.4,44.1
2025-02-01,PCAR,45.2,57.2,70.4,44.1
2025-03-01,PCAR,67.4,57.2,70.4,44.1
2025-04-01,PCAR,82.6,57.2,70.4,44.1
2025-05-01,PCAR,54.5,57.2,70.4,44.1
2025-06-01,PCAR,49.1,57.2,70.4,44.1
2025-07-01,PCAR,77.5,57.2,70.4,44.1
2025-08-01,PCAR,46.2,57.2,70.4,44.1
2025-09-01,PCAR,63.6,57.2,70.4,44.1
2025-10-01,PCAR,66.1,57.2,70.4,44.1
2025-11-01,PCAR,9.7,57.2,70.4,44.1
2024-09-01,PCG,359.7,435.5,580.1,290.9
2024-10-01,PCG,215.6,435.5,580.1,290.9
2024-11-01,PCG,260.9,435.5,580.1,290.9
2024-12-01,PCG,416.5,435.5,580.1,290.9
2025-01-01,PCG,618.4,435.5,580.1,290.9
2025-02-01,PCG,442.9,435.5,580.1,290.9
2025-03-01,PCG,356.5,435.5,580.1,290.9
2025-04-01,PCG,387.0,435.5,580.1,290.9
2025-05-01,PCG,281.4,435.5,580.1,290.9
2025-06-01,PCG,731.1,435.5,580.1,290.9
2025-07-01,PCG,529.1,435.5,580.1,290.9
2025-08-01,PCG,549.4,435.5,580.1,290.9
2025-09-01,PCG,533.0,435.5,580.1,290.9
2025-10-01,PCG,503.3,435.5,580.1,290.9
2025-11-01,PCG,89.0,435.5,580.1,290.9
2024-09-01,PEG,60.0,57.0,66.3,47.6
2024-10-01,PEG,54.9,57.0,66.3,47.6
2024-11-01,PEG,52.2,57.0,66.3,47.6
2024-12-01,PEG,46.9,57.0,66.3,47.6
2025-01-01,PEG,47.4,57.0,66.3,47.6
2025-02-01,PEG,50.0,57.0,66.3,47.6
2025-03-01,PEG,70.3,57.0,66.3,47.6
2025-04-01,PEG,64.4,57.0,66.3,47.6
2025-05-01,PEG,73.2,57.0,66.3,47.6
2025-06-01,PEG,59.4,57.0,66.3,47.6
2025-07-01,PEG,52.6,57.0,66.3,47.6
2025-08-01,PEG,57.9,57.0,66.3,47.6
2025-09-01,PEG,54.3,57.0,66.3,47.6
2025-10-01,PEG,61.7,57.0,66.3,47.6
2025-11-01,PEG,10.0,57.0,66.3,47.6
2024-09-01,PEP,116.1,157.2,193.4,120.9
2024-10-01,PEP,120.7,157.2,193.4,120.9
2024-11-01,PEP,112.3,157.2,193.4,120.9
2024-12-01,PEP,142.3,157.2,193.4,120.9
2025-01-01,PEP,131.5,157.2,193.4,120.9
2025-02-01,PEP,147.5,157.2,193.4,120.9
2025-03-01,PEP,156.0,157.2,193.4,120.9
2025-04-01,PEP,188.3,157.2,193.4,120.9
2025-05-01,PEP,177.5,157.2,193.4,120.9
2025-06-01,PEP,223.9,157.2,193.4,120.9
2025-07-01,PEP,214.1,157.2,193.4,120.9
2025-08-01,PEP,161.8,157.2,193.4,120.9
2025-09-01,PEP,169.1,157.2,193.4,120.9
2025-10-01,PEP,162.0,157.2,193.4,120.9
2025-11-01,PEP,23.8,157.2,193.4,120.9
2024-09-01,PFE,600.2,945.9,1172.0,719.8
2024-10-01,PFE,785.4,945.9,1172.0,719.8
2024-11-01,PFE,1025.0,945.9,1172.0,719.8
2024-12-01,PFE,906.5,945.9,1172.0,719.8
2025-01-01,PFE,718.3,945.9,1172.0,719.8
2025-02-01,PFE,789.1,945.9,1172.0,719.8
2025-03-01,PFE,1211.7,945.9,1172.0,719.8
2025-04-01,PFE,1215.9,945.9,1172.0,719.8
2025-05-01,PFE,962.1,945.9,1172.0,719.8
2025-06-01,PFE,750.6,945.9,1172.0,719.8
2025-07-01,PFE,883.5,945.9,1172.0,719.8
2025-08-01,PFE,911.3,945.9,1172.0,719.8
2025-09-01,PFE,1100.7,945.9,1172.0,719.8
2025-10-01,PFE,1410.2,945.9,1172.0,719.8
2025-11-01,PFE,414.3,945.9,1172.0,719.8
2024-09-01,PFF,69.1,75.6,95.2,56.0
2024-10-01,PFF,81.0,75.6,95.2,56.0
2024-11-01,PFF,86.3,75.6,95.2,56.0
2024-12-01,PFF,93.6,75.6,95.2,56.0
2025-01-01,PFF,90.0,75.6,95.2,56.0
2025-02-01,PFF,59.1,75.6,95.2,56.0
2025-03-01,PFF,63.8,75.6,95.2,56.0
2025-04-01,PFF,126.2,75.6,95.2,56.0
2025-05-01,PFF,67.3,75.6,95.2,56.0
2025-06-01,PFF,57.1,75.6,95.2,56.0
2025-07-01,PFF,85.0,75.6,95.2,56.0
2025-08-01,PFF,58.1,75.6,95.2,56.0
2025-09-01,PFF,62.0,75.6,95.2,56.0
2025-10-01,PFF,69.8,75.6,95.2,56.0
2025-11-01,PFF,13.2,75.6,95.2,56.0
2024-09-01,PFG,23.8,27.0,32.2,21.7
2024-10-01,PFG,25.9,27.0,32.2,21.7
2024-11-01,PFG,23.9,27.0,32.2,21.7
2024-12-01,PFG,26.0,27.0,32.2,21.7
2025-01-01,PFG,26.3,27.0,32.2,21.7
2025-02-01,PFG,32.5,27.0,32.2,21.7
2025-03-01,PFG,30.6,27.0,32.2,21.7
2025-04-01,PFG,41.0,27.0,32.2,21.7
2025-05-01,PFG,24.6,27.0,32.2,21.7
2025-06-01,PFG,22.9,27.0,32.2,21.7
2025-07-01,PFG,27.7,27.0,32.2,21.7
2025-08-01,PFG,24.2,27.0,32.2,21.7
2025-09-01,PFG,26.5,27.0,32.2,21.7
2025-10-01,PFG,26.1,27.0,32.2,21.7
2025-11-01,PFG,4.6,27.0,32.2,21.7
2024-09-01,PG,152.5,158.3,185.0,131.6
2024-10-01,PG,146.9,158.3,185.0,131.6
2024-11-01,PG,150.0,158.3,185.0,131.6
2024-12-01,PG,133.9,158.3,185.0,131.6
2025-01-01,PG,147.6,158.3,185.0,131.6
2025-02-01,PG,138.2,158.3,185.0,131.6
2025-03-01,PG,182.5,158.3,185.0,131.6
2025-04-01,PG,212.1,158.3,185.0,131.6
2025-05-01,PG,150.9,158.3,185.0,131.6
2025-06-01,PG,163.0,158.3,185.0,131.6
2025-07-01,PG,196.1,158.3,185.0,131.6
2025-08-01,PG,139.4,158.3,185.0,131.6
2025-09-01,PG,153.9,158.3,185.0,131.6
2025-10-01,PG,169.4,158.3,185.0,131.6
2025-11-01,PG,29.4,158.3,185.0,131.6
2024-09-01,PGR,47.6,62.3,77.9,46.7
2024-10-01,PGR,46.7,62.3,77.9,46.7
2024-11-01,PGR,48.0,62.3,77.9,46.7
2024-12-01,PGR,55.3,62.3,77.9,46.7
2025-01-01,PGR,53.7,62.3,77.9,46.7
2025-02-01,PGR,48.2,62.3,77.9,46.7
2025-03-01,PGR,74.9,62.3,77.9,46.7
2025-04-01,PGR,75.4,62.3,77.9,46.7
2025-05-01,PGR,55.7,62.3,77.9,46.7
2025-06-01,PGR,81.1,62.3,77.9,46.7
2025-07-01,PGR,84.3,62.3,77.9,46.7
2025-08-01,PGR,59.3,62.3,77.9,46.7
2025-09-01,PGR,58.0,62.3,77.9,46.7
2025-10-01,PGR,88.8,62.3,77.9,46.7
2025-11-01,PGR,13.9,62.3,77.9,46.7
2024-09-01,PH,12.0,13.8,17.4,10.2
2024-10-01,PH,11.8,13.8,17.4,10.2
2024-11-01,PH,13.3,13.8,17.4,10.2
2024-12-01,PH,11.9,13.8,17.4,10.2
2025-01-01,PH,13.3,13.8,17.4,10.2
2025-02-01,PH,12.7,13.8,17.4,10.2
2025-03-01,PH,21.0,13.8,17.4,10.2
2025-04-01,PH,21.4,13.8,17.4,10.2
2025-05-01,PH,15.1,13.8,17.4,10.2
2025-06-01,PH,12.6,13.8,17.4,10.2
2025-07-01,PH,11.1,13.8,17.4,10.2
2025-08-01,PH,16.7,13.8,17.4,10.2
2025-09-01,PH,11.3,13.8,17.4,10.2
2025-10-01,PH,11.4,13.8,17.4,10.2
2025-11-01,PH,2.1,13.8,17.4,10.2
2024-09-01,PHM,41.5,43.3,51.1,35.5
2024-10-01,PHM,38.1,43.3,51.1,35.5
2024-11-01,PHM,33.2,43.3,51.1,35.5
2024-12-01,PHM,41.2,43.3,51.1,35.5
2025-01-01,PHM,45.0,43.3,51.1,35.5
2025-02-01,PHM,42.6,43.3,51.1,35.5
2025-03-01,PHM,50.1,43.3,51.1,35.5
2025-04-01,PHM,49.9,43.3,51.1,35.5
2025-05-01,PHM,37.6,43.3,51.1,35.5
2025-06-01,PHM,37.2,43.3,51.1,35.5
2025-07-01,PHM,52.8,43.3,51.1,35.5
2025-08-01,PHM,41.4,43.3,51.1,35.5
2025-09-01,PHM,43.9,43.3,51.1,35.5
2025-10-01,PHM,56.9,43.3,51.1,35.5
2025-11-01,PHM,5.9,43.3,51.1,35.5
2024-09-01,PKG,10.8,15.9,19.2,12.5
2024-10-01,PKG,12.2,15.9,19.2,12.5
2024-11-01,PKG,12.3,15.9,19.2,12.5
2024-12-01,PKG,16.0,15.9,19.2,12.5
2025-01-01,PKG,19.4,15.9,19.2,12.5
2025-02-01,PKG,16.2,15.9,19.2,12.5
2025-03-01,PKG,21.2,15.9,19.2,12.5
2025-04-01,PKG,21.0,15.9,19.2,12.5
2025-05-01,PKG,16.4,15.9,19.2,12.5
2025-06-01,PKG,14.6,15.9,19.2,12.5
2025-07-01,PKG,16.4,15.9,19.2,12.5
2025-08-01,PKG,16.3,15.9,19.2,12.5
2025-09-01,PKG,13.8,15.9,19.2,12.5
2025-10-01,PKG,17.7,15.9,19.2,12.5
2025-11-01,PKG,3.0,15.9,19.2,12.5
2024-09-01,PLD,74.4,85.6,108.8,62.4
2024-10-01,PLD,85.9,85.6,108.8,62.4
2024-11-01,PLD,72.8,85.6,108.8,62.4
2024-12-01,PLD,94.0,85.6,108.8,62.4
2025-01-01,PLD,91.0,85.6,108.8,62.4
2025-02-01,PLD,59.2,85.6,108.8,62.4
2025-03-01,PLD,87.3,85.6,108.8,62.4
2025-04-01,PLD,153.4,85.6,108.8,62.4
2025-05-01,PLD,95.4,85.6,108.8,62.4
2025-06-01,PLD,78.9,85.6,108.8,62.4
2025-07-01,PLD,99.2,85.6,108.8,62.4
2025-08-01,PLD,66.5,85.6,108.8,62.4
2025-09-01,PLD,72.9,85.6,108.8,62.4
2025-10-01,PLD,78.5,85.6,108.8,62.4
2025-11-01,PLD,10.6,85.6,108.8,62.4
2024-09-01,PLTR,1602.6,1665.8,2133.5,1198.2
2024-10-01,PLTR,1069.7,1665.8,2133.5,1198.2
2024-11-01,PLTR,1707.2,1665.8,2133.5,1198.2
2024-12-01,PLTR,1986.2,1665.8,2133.5,1198.2
2025-01-01,PLTR,1374.1,1665.8,2133.5,1198.2
2025-02-01,PLTR,2356.2,1665.8,2133.5,1198.2
2025-03-01,PLTR,2206.1,1665.8,2133.5,1198.2
2025-04-01,PLTR,2370.6,1665.8,2133.5,1198.2
2025-05-01,PLTR,2054.8,1665.8,2133.5,1198.2
2025-06-01,PLTR,1747.7,1665.8,2133.5,1198.2
2025-07-01,PLTR,1246.1,1665.8,2133.5,1198.2
2025-08-01,PLTR,1747.6,1665.8,2133.5,1198.2
2025-09-01,PLTR,1215.6,1665.8,2133.5,1198.2
2025-10-01,PLTR,1088.1,1665.8,2133.5,1198.2
2025-11-01,PLTR,278.5,1665.8,2133.5,1198.2
2024-09-01,PM,131.4,124.2,152.2,96.3
2024-10-01,PM,112.0,124.2,152.2,96.3
2024-11-01,PM,107.4,124.2,152.2,96.3
2024-12-01,PM,102.3,124.2,152.2,96.3
2025-01-01,PM,98.3,124.2,152.2,96.3
2025-02-01,PM,137.2,124.2,152.2,96.3
2025-03-01,PM,130.3,124.2,152.2,96.3
2025-04-01,PM,162.3,124.2,152.2,96.3
2025-05-01,PM,112.9,124.2,152.2,96.3
2025-06-01,PM,103.1,124.2,152.2,96.3
2025-07-01,PM,144.8,124.2,152.2,96.3
2025-08-01,PM,104.4,124.2,152.2,96.3
2025-09-01,PM,120.2,124.2,152.2,96.3
2025-10-01,PM,185.9,124.2,152.2,96.3
2025-11-01,PM,16.7,124.2,152.2,96.3
2024-09-01,PNC,34.7,43.8,55.0,32.5
2024-10-01,PNC,39.2,43.8,55.0,32.5
2024-11-01,PNC,41.7,43.8,55.0,32.5
2024-12-01,PNC,36.7,43.8,55.0,32.5
2025-01-01,PNC,50.0,43.8,55.0,32.5
2025-02-01,PNC,34.0,43.8,55.0,32.5
2025-03-01,PNC,55.5,43.8,55.0,32.5
2025-04-01,PNC,65.8,43.8,55.0,32.5
2025-05-01,PNC,43.3,43.8,55.0,32.5
2025-06-01,PNC,40.6,43.8,55.0,32.5
2025-07-01,PNC,57.6,43.8,55.0,32.5
2025-08-01,PNC,33.5,43.8,55.0,32.5
2025-09-01,PNC,30.8,43.8,55.0,32.5
2025-10-01,PNC,54.3,43.8,55.0,32.5
2025-11-01,PNC,5.5,43.8,55.0,32.5
2024-09-01,PNR,27.9,29.8,37.5,22.0
2024-10-01,PNR,36.8,29.8,37.5,22.0
2024-11-01,PNR,25.9,29.8,37.5,22.0
2024-12-01,PNR,23.0,29.8,37.5,22.0
2025-01-01,PNR,24.8,29.8,37.5,22.0
2025-02-01,PNR,28.7,29.8,37.5,22.0
2025-03-01,PNR,37.3,29.8,37.5,22.0
2025-04-01,PNR,43.7,29.8,37.5,22.0
2025-05-01,PNR,24.8,29.8,37.5,22.0
2025-06-01,PNR,23.5,29.8,37.5,22.0
2025-07-01,PNR,43.8,29.8,37.5,22.0
2025-08-01,PNR,27.7,29.8,37.5,22.0
2025-09-01,PNR,22.6,29.8,37.5,22.0
2025-10-01,PNR,28.9,29.8,37.5,22.0
2025-11-01,PNR,3.8,29.8,37.5,22.0
2024-09-01,PNW,22.5,24.2,28.2,20.2
2024-10-01,PNW,27.6,24.2,28.2,20.2
2024-11-01,PNW,31.2,24.2,28.2,20.2
2024-12-01,PNW,21.3,24.2,28.2,20.2
2025-01-01,PNW,21.6,24.2,28.2,20.2
2025-02-01,PNW,18.4,24.2,28.2,20.2
2025-03-01,PNW,24.7,24.2,28.2,20.2
2025-04-01,PNW,29.5,24.2,28.2,20.2
2025-05-01,PNW,23.6,24.2,28.2,20.2
2025-06-01,PNW,26.2,24.2,28.2,20.2
2025-07-01,PNW,24.7,24.2,28.2,20.2
2025-08-01,PNW,22.5,24.2,28.2,20.2
2025-09-01,PNW,21.2,24.2,28.2,20.2
2025-10-01,PNW,26.3,24.2,28.2,20.2
2025-11-01,PNW,5.9,24.2,28.2,20.2
2024-09-01,PODD,15.0,14.0,17.3,10.8
2024-10-01,PODD,9.9,14.0,17.3,10.8
2024-11-01,PODD,12.8,14.0,17.3,10.8
2024-12-01,PODD,11.8,14.0,17.3,10.8
2025-01-01,PODD,11.1,14.0,17.3,10.8
2025-02-01,PODD,13.8,14.0,17.3,10.8
2025-03-01,PODD,18.7,14.0,17.3,10.8
2025-04-01,PODD,16.9,14.0,17.3,10.8
2025-05-01,PODD,20.3,14.0,17.3,10.8
2025-06-01,PODD,16.9,14.0,17.3,10.8
2025-07-01,PODD,12.6,14.0,17.3,10.8
2025-08-01,PODD,14.6,14.0,17.3,10.8
2025-09-01,PODD,13.8,14.0,17.3,10.8
2025-10-01,PODD,11.3,14.0,17.3,10.8
2025-11-01,PODD,2.1,14.0,17.3,10.8
2024-09-01,POOL,5.7,9.8,12.9,6.7
2024-10-01,POOL,6.3,9.8,12.9,6.7
2024-11-01,POOL,7.0,9.8,12.9,6.7
2024-12-01,POOL,7.2,9.8,12.9,6.7
2025-01-01,POOL,7.1,9.8,12.9,6.7
2025-02-01,POOL,8.4,9.8,12.9,6.7
2025-03-01,POOL,8.5,9.8,12.9,6.7
2025-04-01,POOL,12.3,9.8,12.9,6.7
2025-05-01,POOL,11.2,9.8,12.9,6.7
2025-06-01,POOL,14.7,9.8,12.9,6.7
2025-07-01,POOL,13.8,9.8,12.9,6.7
2025-08-01,POOL,9.4,9.8,12.9,6.7
2025-09-01,POOL,11.6,9.8,12.9,6.7
2025-10-01,POOL,14.4,9.8,12.9,6.7
2025-11-01,POOL,3.1,9.8,12.9,6.7
2024-09-01,POWA,0.2,0.1,0.1,0.0
2024-10-01,POWA,0.2,0.1,0.1,0.0
2024-11-01,POWA,0.1,0.1,0.1,0.0
2024-12-01,POWA,0.1,0.1,0.1,0.0
2025-01-01,POWA,0.1,0.1,0.1,0.0
2025-02-01,POWA,0.1,0.1,0.1,0.0
2025-03-01,POWA,0.1,0.1,0.1,0.0
2025-04-01,POWA,0.1,0.1,0.1,0.0
2025-05-01,POWA,0.1,0.1,0.1,0.0
2025-06-01,POWA,0.1,0.1,0.1,0.0
2025-07-01,POWA,0.0,0.1,0.1,0.0
2025-08-01,POWA,0.1,0.1,0.1,0.0
2025-09-01,POWA,0.0,0.1,0.1,0.0
2025-10-01,POWA,0.1,0.1,0.1,0.0
2025-11-01,POWA,0.0,0.1,0.1,0.0
2024-09-01,PPG,29.2,39.1,47.3,30.9
2024-10-01,PPG,33.5,39.1,47.3,30.9
2024-11-01,PPG,27.2,39.1,47.3,30.9
2024-12-01,PPG,46.8,39.1,47.3,30.9
2025-01-01,PPG,43.8,39.1,47.3,30.9
2025-02-01,PPG,37.8,39.1,47.3,30.9
2025-03-01,PPG,50.8,39.1,47.3,30.9
2025-04-01,PPG,53.3,39.1,47.3,30.9
2025-05-01,PPG,37.7,39.1,47.3,30.9
2025-06-01,PPG,36.8,39.1,47.3,30.9
2025-07-01,PPG,43.4,39.1,47.3,30.9
2025-08-01,PPG,31.8,39.1,47.3,30.9
2025-09-01,PPG,39.9,39.1,47.3,30.9
2025-10-01,PPG,40.5,39.1,47.3,30.9
2025-11-01,PPG,7.9,39.1,47.3,30.9
2024-09-01,PPL,98.8,107.9,131.1,84.7
2024-10-01,PPL,91.6,107.9,131.1,84.7
2024-11-01,PPL,117.1,107.9,131.1,84.7
2024-12-01,PPL,78.8,107.9,131.1,84.7
2025-01-01,PPL,84.4,107.9,131.1,84.7
2025-02-01,PPL,94.4,107.9,131.1,84.7
2025-03-01,PPL,122.1,107.9,131.1,84.7
2025-04-01,PPL,136.7,107.9,131.1,84.7
2025-05-01,PPL,115.6,107.9,131.1,84.7
2025-06-01,PPL,88.9,107.9,131.1,84.7
2025-07-01,PPL,138.7,107.9,131.1,84.7
2025-08-01,PPL,146.7,107.9,131.1,84.7
2025-09-01,PPL,93.8,107.9,131.1,84.7
2025-10-01,PPL,115.5,107.9,131.1,84.7
2025-11-01,PPL,21.4,107.9,131.1,84.7
2024-09-01,PPLT,3.7,6.0,9.2,2.8
2024-10-01,PPLT,4.7,6.0,9.2,2.8
2024-11-01,PPLT,3.5,6.0,9.2,2.8
2024-12-01,PPLT,3.7,6.0,9.2,2.8
2025-01-01,PPLT,3.1,6.0,9.2,2.8
2025-02-01,PPLT,4.2,6.0,9.2,2.8
2025-03-01,PPLT,4.0,6.0,9.2,2.8
2025-04-01,PPLT,4.8,6.0,9.2,2.8
2025-05-01,PPLT,5.4,6.0,9.2,2.8
2025-06-01,PPLT,13.0,6.0,9.2,2.8
2025-07-01,PPLT,9.1,6.0,9.2,2.8
2025-08-01,PPLT,4.2,6.0,9.2,2.8
2025-09-01,PPLT,9.7,6.0,9.2,2.8
2025-10-01,PPLT,11.4,6.0,9.2,2.8
2025-11-01,PPLT,1.1,6.0,9.2,2.8
2024-09-01,PRU,30.0,34.1,39.3,28.8
2024-10-01,PRU,30.1,34.1,39.3,28.8
2024-11-01,PRU,33.2,34.1,39.3,28.8
2024-12-01,PRU,29.6,34.1,39.3,28.8
2025-01-01,PRU,32.4,34.1,39.3,28.8
2025-02-01,PRU,35.1,34.1,39.3,28.8
2025-03-01,PRU,40.2,34.1,39.3,28.8
2025-04-01,PRU,44.5,34.1,39.3,28.8
2025-05-01,PRU,38.6,34.1,39.3,28.8
2025-06-01,PRU,31.7,34.1,39.3,28.8
2025-07-01,PRU,34.2,34.1,39.3,28.8
2025-08-01,PRU,34.7,34.1,39.3,28.8
2025-09-01,PRU,34.4,34.1,39.3,28.8
2025-10-01,PRU,33.9,34.1,39.3,28.8
2025-11-01,PRU,5.2,34.1,39.3,28.8
2024-09-01,PSA,15.1,16.6,19.7,13.5
2024-10-01,PSA,15.1,16.6,19.7,13.5
2024-11-01,PSA,15.4,16.6,19.7,13.5
2024-12-01,PSA,16.1,16.6,19.7,13.5
2025-01-01,PSA,14.5,16.6,19.7,13.5
2025-02-01,PSA,12.1,16.6,19.7,13.5
2025-03-01,PSA,16.7,16.6,19.7,13.5
2025-04-01,PSA,20.3,16.6,19.7,13.5
2025-05-01,PSA,15.8,16.6,19.7,13.5
2025-06-01,PSA,16.8,16.6,19.7,13.5
2025-07-01,PSA,20.5,16.6,19.7,13.5
2025-08-01,PSA,14.5,16.6,19.7,13.5
2025-09-01,PSA,18.8,16.6,19.7,13.5
2025-10-01,PSA,22.3,16.6,19.7,13.5
2025-11-01,PSA,3.0,16.6,19.7,13.5
2024-09-01,PSKY,167.5,210.2,323.5,96.9
2024-10-01,PSKY,124.8,210.2,323.5,96.9
2024-11-01,PSKY,260.2,210.2,323.5,96.9
2024-12-01,PSKY,181.9,210.2,323.5,96.9
2025-01-01,PSKY,185.1,210.2,323.5,96.9
2025-02-01,PSKY,174.4,210.2,323.5,96.9
2025-03-01,PSKY,198.9,210.2,323.5,96.9
2025-04-01,PSKY,181.7,210.2,323.5,96.9
2025-05-01,PSKY,145.9,210.2,323.5,96.9
2025-06-01,PSKY,159.1,210.2,323.5,96.9
2025-07-01,PSKY,248.2,210.2,323.5,96.9
2025-08-01,PSKY,581.6,210.2,323.5,96.9
2025-09-01,PSKY,262.7,210.2,323.5,96.9
2025-10-01,PSKY,115.7,210.2,323.5,96.9
2025-11-01,PSKY,20.1,210.2,323.5,96.9
2024-09-01,PSX,74.1,62.6,76.5,48.8
2024-10-01,PSX,49.5,62.6,76.5,48.8
2024-11-01,PSX,48.7,62.6,76.5,48.8
2024-12-01,PSX,65.6,62.6,76.5,48.8
2025-01-01,PSX,60.9,62.6,76.5,48.8
2025-02-01,PSX,81.6,62.6,76.5,48.8
2025-03-01,PSX,70.7,62.6,76.5,48.8
2025-04-01,PSX,77.8,62.6,76.5,48.8
2025-05-01,PSX,73.2,62.6,76.5,48.8
2025-06-01,PSX,78.1,62.6,76.5,48.8
2025-07-01,PSX,59.2,62.6,76.5,48.8
2025-08-01,PSX,41.8,62.6,76.5,48.8
2025-09-01,PSX,62.2,62.6,76.5,48.8
2025-10-01,PSX,49.2,62.6,76.5,48.8
2025-11-01,PSX,7.5,62.6,76.5,48.8
2024-09-01,PTC,15.7,19.0,24.4,13.6
2024-10-01,PTC,13.4,19.0,24.4,13.6
2024-11-01,PTC,18.6,19.0,24.4,13.6
2024-12-01,PTC,14.7,19.0,24.4,13.6
2025-01-01,PTC,17.3,19.0,24.4,13.6
2025-02-01,PTC,26.8,19.0,24.4,13.6
2025-03-01,PTC,22.0,19.0,24.4,13.6
2025-04-01,PTC,20.8,19.0,24.4,13.6
2025-05-01,PTC,18.8,19.0,24.4,13.6
2025-06-01,PTC,17.6,19.0,24.4,13.6
2025-07-01,PTC,33.3,19.0,24.4,13.6
2025-08-01,PTC,18.2,19.0,24.4,13.6
2025-09-01,PTC,17.9,19.0,24.4,13.6
2025-10-01,PTC,14.9,19.0,24.4,13.6
2025-11-01,PTC,3.8,19.0,24.4,13.6
2024-09-01,PWR,15.3,24.3,31.2,17.3
2024-10-01,PWR,15.2,24.3,31.2,17.3
2024-11-01,PWR,19.0,24.3,31.2,17.3
2024-12-01,PWR,21.3,24.3,31.2,17.3
2025-01-01,PWR,29.7,24.3,31.2,17.3
2025-02-01,PWR,37.4,24.3,31.2,17.3
2025-03-01,PWR,36.2,24.3,31.2,17.3
2025-04-01,PWR,28.4,24.3,31.2,17.3
2025-05-01,PWR,27.4,24.3,31.2,17.3
2025-06-01,PWR,22.8,24.3,31.2,17.3
2025-07-01,PWR,25.8,24.3,31.2,17.3
2025-08-01,PWR,21.0,24.3,31.2,17.3
2025-09-01,PWR,20.3,24.3,31.2,17.3
2025-10-01,PWR,25.3,24.3,31.2,17.3
2025-11-01,PWR,2.6,24.3,31.2,17.3
2024-09-01,PYPL,241.5,239.6,314.0,165.2
2024-10-01,PYPL,234.3,239.6,314.0,165.2
2024-11-01,PYPL,183.6,239.6,314.0,165.2
2024-12-01,PYPL,173.3,239.6,314.0,165.2
2025-01-01,PYPL,164.1,239.6,314.0,165.2
2025-02-01,PYPL,300.4,239.6,314.0,165.2
2025-03-01,PYPL,240.8,239.6,314.0,165.2
2025-04-01,PYPL,270.8,239.6,314.0,165.2
2025-05-01,PYPL,187.5,239.6,314.0,165.2
2025-06-01,PYPL,195.6,239.6,314.0,165.2
2025-07-01,PYPL,260.8,239.6,314.0,165.2
2025-08-01,PYPL,200.4,239.6,314.0,165.2
2025-09-01,PYPL,270.0,239.6,314.0,165.2
2025-10-01,PYPL,445.2,239.6,314.0,165.2
2025-11-01,PYPL,47.9,239.6,314.0,165.2
2024-09-01,QAT,0.3,0.8,1.6,0.0
2024-10-01,QAT,0.2,0.8,1.6,0.0
2024-11-01,QAT,1.5,0.8,1.6,0.0
2024-12-01,QAT,0.3,0.8,1.6,0.0
2025-01-01,QAT,0.2,0.8,1.6,0.0
2025-02-01,QAT,0.1,0.8,1.6,0.0
2025-03-01,QAT,0.7,0.8,1.6,0.0
2025-04-01,QAT,0.9,0.8,1.6,0.0
2025-05-01,QAT,2.0,0.8,1.6,0.0
2025-06-01,QAT,3.1,0.8,1.6,0.0
2025-07-01,QAT,0.9,0.8,1.6,0.0
2025-08-01,QAT,0.6,0.8,1.6,0.0
2025-09-01,QAT,0.8,0.8,1.6,0.0
2025-10-01,QAT,0.3,0.8,1.6,0.0
2025-11-01,QAT,0.0,0.8,1.6,0.0
2024-09-01,QCOM,172.1,176.7,212.1,141.4
2024-10-01,QCOM,159.4,176.7,212.1,141.4
2024-11-01,QCOM,185.8,176.7,212.1,141.4
2024-12-01,QCOM,166.4,176.7,212.1,141.4
2025-01-01,QCOM,149.8,176.7,212.1,141.4
2025-02-01,QCOM,162.8,176.7,212.1,141.4
2025-03-01,QCOM,153.2,176.7,212.1,141.4
2025-04-01,QCOM,220.1,176.7,212.1,141.4
2025-05-01,QCOM,194.5,176.7,212.1,141.4
2025-06-01,QCOM,168.0,176.7,212.1,141.4
2025-07-01,QCOM,177.0,176.7,212.1,141.4
2025-08-01,QCOM,152.9,176.7,212.1,141.4
2025-09-01,QCOM,161.2,176.7,212.1,141.4
2025-10-01,QCOM,267.4,176.7,212.1,141.4
2025-11-01,QCOM,39.7,176.7,212.1,141.4
2024-09-01,QQQ,694.7,883.3,1151.4,615.2
2024-10-01,QQQ,660.2,883.3,1151.4,615.2
2024-11-01,QQQ,567.6,883.3,1151.4,615.2
2024-12-01,QQQ,627.4,883.3,1151.4,615.2
2025-01-01,QQQ,677.0,883.3,1151.4,615.2
2025-02-01,QQQ,585.2,883.3,1151.4,615.2
2025-03-01,QQQ,981.9,883.3,1151.4,615.2
2025-04-01,QQQ,1366.2,883.3,1151.4,615.2
2025-05-01,QQQ,993.3,883.3,1151.4,615.2
2025-06-01,QQQ,924.9,883.3,1151.4,615.2
2025-07-01,QQQ,922.0,883.3,1151.4,615.2
2025-08-01,QQQ,964.9,883.3,1151.4,615.2
2025-09-01,QQQ,1132.8,883.3,1151.4,615.2
2025-10-01,QQQ,1324.9,883.3,1151.4,615.2
2025-11-01,QQQ,149.7,883.3,1151.4,615.2
2024-09-01,QUAL,19.7,28.2,36.8,19.6
2024-10-01,QUAL,19.2,28.2,36.8,19.6
2024-11-01,QUAL,22.1,28.2,36.8,19.6
2024-12-01,QUAL,21.6,28.2,36.8,19.6
2025-01-01,QUAL,27.3,28.2,36.8,19.6
2025-02-01,QUAL,29.7,28.2,36.8,19.6
2025-03-01,QUAL,35.9,28.2,36.8,19.6
2025-04-01,QUAL,44.7,28.2,36.8,19.6
2025-05-01,QUAL,29.6,28.2,36.8,19.6
2025-06-01,QUAL,21.1,28.2,36.8,19.6
2025-07-01,QUAL,28.7,28.2,36.8,19.6
2025-08-01,QUAL,21.3,28.2,36.8,19.6
2025-09-01,QUAL,43.0,28.2,36.8,19.6
2025-10-01,QUAL,34.4,28.2,36.8,19.6
2025-11-01,QUAL,3.8,28.2,36.8,19.6
2024-09-01,RCL,37.0,46.4,56.5,36.3
2024-10-01,RCL,42.1,46.4,56.5,36.3
2024-11-01,RCL,34.5,46.4,56.5,36.3
2024-12-01,RCL,41.2,46.4,56.5,36.3
2025-01-01,RCL,49.3,46.4,56.5,36.3
2025-02-01,RCL,48.5,46.4,56.5,36.3
2025-03-01,RCL,67.1,46.4,56.5,36.3
2025-04-01,RCL,61.6,46.4,56.5,36.3
2025-05-01,RCL,39.0,46.4,56.5,36.3
2025-06-01,RCL,55.7,46.4,56.5,36.3
2025-07-01,RCL,50.5,46.4,56.5,36.3
2025-08-01,RCL,42.0,46.4,56.5,36.3
2025-09-01,RCL,39.5,46.4,56.5,36.3
2025-10-01,RCL,48.5,46.4,56.5,36.3
2025-11-01,RCL,8.3,46.4,56.5,36.3
2024-09-01,REG,21.9,22.6,25.8,19.3
2024-10-01,REG,19.1,22.6,25.8,19.3
2024-11-01,REG,23.8,22.6,25.8,19.3
2024-12-01,REG,24.4,22.6,25.8,19.3
2025-01-01,REG,18.7,22.6,25.8,19.3
2025-02-01,REG,18.9,22.6,25.8,19.3
2025-03-01,REG,23.7,22.6,25.8,19.3
2025-04-01,REG,27.8,22.6,25.8,19.3
2025-05-01,REG,21.1,22.6,25.8,19.3
2025-06-01,REG,22.2,22.6,25.8,19.3
2025-07-01,REG,24.8,22.6,25.8,19.3
2025-08-01,REG,25.1,22.6,25.8,19.3
2025-09-01,REG,24.5,22.6,25.8,19.3
2025-10-01,REG,23.1,22.6,25.8,19.3
2025-11-01,REG,5.1,22.6,25.8,19.3
2024-09-01,REGN,12.7,20.9,26.1,15.7
2024-10-01,REGN,17.5,20.9,26.1,15.7
2024-11-01,REGN,16.8,20.9,26.1,15.7
2024-12-01,REGN,18.1,20.9,26.1,15.7
2025-01-01,REGN,17.8,20.9,26.1,15.7
2025-02-01,REGN,17.9,20.9,26.1,15.7
2025-03-01,REGN,20.9,20.9,26.1,15.7
2025-04-01,REGN,25.7,20.9,26.1,15.7
2025-05-01,REGN,31.1,20.9,26.1,15.7
2025-06-01,REGN,27.8,20.9,26.1,15.7
2025-07-01,REGN,19.7,20.9,26.1,15.7
2025-08-01,REGN,21.4,20.9,26.1,15.7
2025-09-01,REGN,22.6,20.9,26.1,15.7
2025-10-01,REGN,25.5,20.9,26.1,15.7
2025-11-01,REGN,2.6,20.9,26.1,15.7
2024-09-01,RF,146.2,262.8,451.7,73.8
2024-10-01,RF,178.3,262.8,451.7,73.8
2024-11-01,RF,154.7,262.8,451.7,73.8
2024-12-01,RF,167.6,262.8,451.7,73.8
2025-01-01,RF,176.3,262.8,451.7,73.8
2025-02-01,RF,134.6,262.8,451.7,73.8
2025-03-01,RF,208.9,262.8,451.7,73.8
2025-04-01,RF,234.3,262.8,451.7,73.8
2025-05-01,RF,139.2,262.8,451.7,73.8
2025-06-01,RF,203.0,262.8,451.7,73.8
2025-07-01,RF,305.7,262.8,451.7,73.8
2025-08-01,RF,324.2,262.8,451.7,73.8
2025-09-01,RF,408.0,262.8,451.7,73.8
2025-10-01,RF,854.7,262.8,451.7,73.8
2025-11-01,RF,68.1,262.8,451.7,73.8
2024-09-01,RIG,468.6,701.3,988.9,413.7
2024-10-01,RIG,416.2,701.3,988.9,413.7
2024-11-01,RIG,371.0,701.3,988.9,413.7
2024-12-01,RIG,481.9,701.3,988.9,413.7
2025-01-01,RIG,509.1,701.3,988.9,413.7
2025-02-01,RIG,604.5,701.3,988.9,413.7
2025-03-01,RIG,794.2,701.3,988.9,413.7
2025-04-01,RIG,1023.4,701.3,988.9,413.7
2025-05-01,RIG,789.1,701.3,988.9,413.7
2025-06-01,RIG,962.1,701.3,988.9,413.7
2025-07-01,RIG,698.2,701.3,988.9,413.7
2025-08-01,RIG,471.3,701.3,988.9,413.7
2025-09-01,RIG,894.2,701.3,988.9,413.7
2025-10-01,RIG,1372.6,701.3,988.9,413.7
2025-11-01,RIG,135.8,701.3,988.9,413.7
2024-09-01,RJF,19.7,26.1,32.3,19.8
2024-10-01,RJF,32.3,26.1,32.3,19.8
2024-11-01,RJF,23.4,26.1,32.3,19.8
2024-12-01,RJF,23.7,26.1,32.3,19.8
2025-01-01,RJF,26.7,26.1,32.3,19.8
2025-02-01,RJF,25.4,26.1,32.3,19.8
2025-03-01,RJF,33.9,26.1,32.3,19.8
2025-04-01,RJF,39.8,26.1,32.3,19.8
2025-05-01,RJF,22.0,26.1,32.3,19.8
2025-06-01,RJF,23.0,26.1,32.3,19.8
2025-07-01,RJF,24.6,26.1,32.3,19.8
2025-08-01,RJF,18.0,26.1,32.3,19.8
2025-09-01,RJF,24.9,26.1,32.3,19.8
2025-10-01,RJF,30.2,26.1,32.3,19.8
2025-11-01,RJF,3.1,26.1,32.3,19.8
2024-09-01,RL,14.7,15.6,20.2,11.0
2024-10-01,RL,12.3,15.6,20.2,11.0
2024-11-01,RL,15.7,15.6,20.2,11.0
2024-12-01,RL,13.2,15.6,20.2,11.0
2025-01-01,RL,13.4,15.6,20.2,11.0
2025-02-01,RL,16.9,15.6,20.2,11.0
2025-03-01,RL,23.7,15.6,20.2,11.0
2025-04-01,RL,27.1,15.6,20.2,11.0
2025-05-01,RL,17.4,15.6,20.2,11.0
2025-06-01,RL,14.4,15.6,20.2,11.0
2025-07-01,RL,13.3,15.6,20.2,11.0
2025-08-01,RL,15.2,15.6,20.2,11.0
2025-09-01,RL,13.8,15.6,20.2,11.0
2025-10-01,RL,10.7,15.6,20.2,11.0
2025-11-01,RL,2.7,15.6,20.2,11.0
2024-09-01,RMD,21.6,20.5,24.6,16.3
2024-10-01,RMD,24.5,20.5,24.6,16.3
2024-11-01,RMD,17.2,20.5,24.6,16.3
2024-12-01,RMD,15.6,20.5,24.6,16.3
2025-01-01,RMD,19.4,20.5,24.6,16.3
2025-02-01,RMD,18.5,20.5,24.6,16.3
2025-03-01,RMD,19.4,20.5,24.6,16.3
2025-04-01,RMD,30.0,20.5,24.6,16.3
2025-05-01,RMD,19.1,20.5,24.6,16.3
2025-06-01,RMD,15.8,20.5,24.6,16.3
2025-07-01,RMD,20.8,20.5,24.6,16.3
2025-08-01,RMD,22.1,20.5,24.6,16.3
2025-09-01,RMD,19.9,20.5,24.6,16.3
2025-10-01,RMD,24.6,20.5,24.6,16.3
2025-11-01,RMD,4.3,20.5,24.6,16.3
2024-09-01,ROK,14.7,18.0,22.2,13.8
2024-10-01,ROK,11.5,18.0,22.2,13.8
2024-11-01,ROK,23.1,18.0,22.2,13.8
2024-12-01,ROK,19.2,18.0,22.2,13.8
2025-01-01,ROK,13.7,18.0,22.2,13.8
2025-02-01,ROK,19.1,18.0,22.2,13.8
2025-03-01,ROK,18.9,18.0,22.2,13.8
2025-04-01,ROK,24.3,18.0,22.2,13.8
2025-05-01,ROK,22.5,18.0,22.2,13.8
2025-06-01,ROK,16.2,18.0,22.2,13.8
2025-07-01,ROK,18.2,18.0,22.2,13.8
2025-08-01,ROK,22.8,18.0,22.2,13.8
2025-09-01,ROK,15.5,18.0,22.2,13.8
2025-10-01,ROK,15.6,18.0,22.2,13.8
2025-11-01,ROK,2.7,18.0,22.2,13.8
2024-09-01,ROKU,69.9,78.0,91.6,64.3
2024-10-01,ROKU,80.8,78.0,91.6,64.3
2024-11-01,ROKU,82.5,78.0,91.6,64.3
2024-12-01,ROKU,70.3,78.0,91.6,64.3
2025-01-01,ROKU,55.3,78.0,91.6,64.3
2025-02-01,ROKU,89.3,78.0,91.6,64.3
2025-03-01,ROKU,81.2,78.0,91.6,64.3
2025-04-01,ROKU,95.6,78.0,91.6,64.3
2025-05-01,ROKU,98.1,78.0,91.6,64.3
2025-06-01,ROKU,77.6,78.0,91.6,64.3
2025-07-01,ROKU,67.4,78.0,91.6,64.3
2025-08-01,ROKU,89.7,78.0,91.6,64.3
2025-09-01,ROKU,70.2,78.0,91.6,64.3
2025-10-01,ROKU,76.6,78.0,91.6,64.3
2025-11-01,ROKU,11.7,78.0,91.6,64.3
2024-09-01,ROL,30.0,36.6,43.5,29.6
2024-10-01,ROL,33.7,36.6,43.5,29.6
2024-11-01,ROL,34.4,36.6,43.5,29.6
2024-12-01,ROL,33.2,36.6,43.5,29.6
2025-01-01,ROL,31.7,36.6,43.5,29.6
2025-02-01,ROL,35.7,36.6,43.5,29.6
2025-03-01,ROL,41.6,36.6,43.5,29.6
2025-04-01,ROL,53.8,36.6,43.5,29.6
2025-05-01,ROL,41.8,36.6,43.5,29.6
2025-06-01,ROL,34.7,36.6,43.5,29.6
2025-07-01,ROL,36.1,36.6,43.5,29.6
2025-08-01,ROL,29.2,36.6,43.5,29.6
2025-09-01,ROL,38.0,36.6,43.5,29.6
2025-10-01,ROL,42.4,36.6,43.5,29.6
2025-11-01,ROL,9.2,36.6,43.5,29.6
2024-09-01,ROP,8.5,13.6,18.1,9.0
2024-10-01,ROP,10.6,13.6,18.1,9.0
2024-11-01,ROP,9.1,13.6,18.1,9.0
2024-12-01,ROP,12.9,13.6,18.1,9.0
2025-01-01,ROP,14.1,13.6,18.1,9.0
2025-02-01,ROP,11.7,13.6,18.1,9.0
2025-03-01,ROP,13.0,13.6,18.1,9.0
2025-04-01,ROP,15.0,13.6,18.1,9.0
2025-05-01,ROP,11.2,13.6,18.1,9.0
2025-06-01,ROP,10.1,13.6,18.1,9.0
2025-07-01,ROP,14.1,13.6,18.1,9.0
2025-08-01,ROP,15.3,13.6,18.1,9.0
2025-09-01,ROP,18.4,13.6,18.1,9.0
2025-10-01,ROP,26.1,13.6,18.1,9.0
2025-11-01,ROP,3.7,13.6,18.1,9.0
2024-09-01,ROST,43.9,58.5,72.3,44.8
2024-10-01,ROST,49.8,58.5,72.3,44.8
2024-11-01,ROST,68.1,58.5,72.3,44.8
2024-12-01,ROST,50.3,58.5,72.3,44.8
2025-01-01,ROST,46.6,58.5,72.3,44.8
2025-02-01,ROST,46.1,58.5,72.3,44.8
2025-03-01,ROST,82.5,58.5,72.3,44.8
2025-04-01,ROST,70.4,58.5,72.3,44.8
2025-05-01,ROST,75.3,58.5,72.3,44.8
2025-06-01,ROST,71.4,58.5,72.3,44.8
2025-07-01,ROST,55.6,58.5,72.3,44.8
2025-08-01,ROST,69.2,58.5,72.3,44.8
2025-09-01,ROST,54.0,58.5,72.3,44.8
2025-10-01,ROST,46.7,58.5,72.3,44.8
2025-11-01,ROST,7.2,58.5,72.3,44.8
2024-09-01,RSG,20.1,24.7,30.3,19.1
2024-10-01,RSG,19.9,24.7,30.3,19.1
2024-11-01,RSG,19.8,24.7,30.3,19.1
2024-12-01,RSG,21.3,24.7,30.3,19.1
2025-01-01,RSG,20.2,24.7,30.3,19.1
2025-02-01,RSG,20.0,24.7,30.3,19.1
2025-03-01,RSG,24.8,24.7,30.3,19.1
2025-04-01,RSG,36.0,24.7,30.3,19.1
2025-05-01,RSG,28.2,24.7,30.3,19.1
2025-06-01,RSG,25.7,24.7,30.3,19.1
2025-07-01,RSG,32.6,24.7,30.3,19.1
2025-08-01,RSG,24.1,24.7,30.3,19.1
2025-09-01,RSG,24.8,24.7,30.3,19.1
2025-10-01,RSG,30.6,24.7,30.3,19.1
2025-11-01,RSG,4.7,24.7,30.3,19.1
2024-09-01,RSP,126.9,200.7,276.8,124.6
2024-10-01,RSP,104.1,200.7,276.8,124.6
2024-11-01,RSP,124.9,200.7,276.8,124.6
2024-12-01,RSP,136.7,200.7,276.8,124.6
2025-01-01,RSP,165.8,200.7,276.8,124.6
2025-02-01,RSP,148.0,200.7,276.8,124.6
2025-03-01,RSP,190.0,200.7,276.8,124.6
2025-04-01,RSP,280.0,200.7,276.8,124.6
2025-05-01,RSP,165.5,200.7,276.8,124.6
2025-06-01,RSP,215.2,200.7,276.8,124.6
2025-07-01,RSP,264.8,200.7,276.8,124.6
2025-08-01,RSP,245.8,200.7,276.8,124.6
2025-09-01,RSP,299.1,200.7,276.8,124.6
2025-10-01,RSP,350.8,200.7,276.8,124.6
2025-11-01,RSP,47.3,200.7,276.8,124.6
2024-09-01,RTX,117.6,104.4,123.2,85.6
2024-10-01,RTX,98.0,104.4,123.2,85.6
2024-11-01,RTX,103.8,104.4,123.2,85.6
2024-12-01,RTX,90.6,104.4,123.2,85.6
2025-01-01,RTX,93.8,104.4,123.2,85.6
2025-02-01,RTX,96.4,104.4,123.2,85.6
2025-03-01,RTX,112.8,104.4,123.2,85.6
2025-04-01,RTX,136.2,104.4,123.2,85.6
2025-05-01,RTX,102.2,104.4,123.2,85.6
2025-06-01,RTX,132.2,104.4,123.2,85.6
2025-07-01,RTX,105.0,104.4,123.2,85.6
2025-08-01,RTX,80.5,104.4,123.2,85.6
2025-09-01,RTX,91.3,104.4,123.2,85.6
2025-10-01,RTX,119.3,104.4,123.2,85.6
2025-11-01,RTX,12.2,104.4,123.2,85.6
2024-09-01,RVTY,13.7,22.8,29.2,16.3
2024-10-01,RVTY,15.7,22.8,29.2,16.3
2024-11-01,RVTY,22.4,22.8,29.2,16.3
2024-12-01,RVTY,16.8,22.8,29.2,16.3
2025-01-01,RVTY,18.2,22.8,29.2,16.3
2025-02-01,RVTY,17.5,22.8,29.2,16.3
2025-03-01,RVTY,21.8,22.8,29.2,16.3
2025-04-01,RVTY,33.5,22.8,29.2,16.3
2025-05-01,RVTY,26.2,22.8,29.2,16.3
2025-06-01,RVTY,21.7,22.8,29.2,16.3
2025-07-01,RVTY,32.2,22.8,29.2,16.3
2025-08-01,RVTY,23.5,22.8,29.2,16.3
2025-09-01,RVTY,27.3,22.8,29.2,16.3
2025-10-01,RVTY,30.3,22.8,29.2,16.3
2025-11-01,RVTY,3.5,22.8,29.2,16.3
2024-09-01,SBAC,16.0,19.5,24.9,14.2
2024-10-01,SBAC,20.4,19.5,24.9,14.2
2024-11-01,SBAC,18.5,19.5,24.9,14.2
2024-12-01,SBAC,19.3,19.5,24.9,14.2
2025-01-01,SBAC,16.4,19.5,24.9,14.2
2025-02-01,SBAC,14.6,19.5,24.9,14.2
2025-03-01,SBAC,19.3,19.5,24.9,14.2
2025-04-01,SBAC,27.5,19.5,24.9,14.2
2025-05-01,SBAC,17.0,19.5,24.9,14.2
2025-06-01,SBAC,13.2,19.5,24.9,14.2
2025-07-01,SBAC,15.4,19.5,24.9,14.2
2025-08-01,SBAC,20.2,19.5,24.9,14.2
2025-09-01,SBAC,32.1,19.5,24.9,14.2
2025-10-01,SBAC,25.0,19.5,24.9,14.2
2025-11-01,SBAC,4.3,19.5,24.9,14.2
2024-09-01,SBLK,40.7,33.8,43.9,23.7
2024-10-01,SBLK,34.5,33.8,43.9,23.7
2024-11-01,SBLK,36.1,33.8,43.9,23.7
2024-12-01,SBLK,49.7,33.8,43.9,23.7
2025-01-01,SBLK,35.9,33.8,43.9,23.7
2025-02-01,SBLK,47.6,33.8,43.9,23.7
2025-03-01,SBLK,47.8,33.8,43.9,23.7
2025-04-01,SBLK,34.4,33.8,43.9,23.7
2025-05-01,SBLK,24.2,33.8,43.9,23.7
2025-06-01,SBLK,36.3,33.8,43.9,23.7
2025-07-01,SBLK,30.8,33.8,43.9,23.7
2025-08-01,SBLK,21.4,33.8,43.9,23.7
2025-09-01,SBLK,24.3,33.8,43.9,23.7
2025-10-01,SBLK,19.2,33.8,43.9,23.7
2025-11-01,SBLK,2.9,33.8,43.9,23.7
2024-09-01,SBUX,198.2,200.7,240.4,161.1
2024-10-01,SBUX,168.0,200.7,240.4,161.1
2024-11-01,SBUX,147.2,200.7,240.4,161.1
2024-12-01,SBUX,186.5,200.7,240.4,161.1
2025-01-01,SBUX,205.3,200.7,240.4,161.1
2025-02-01,SBUX,179.7,200.7,240.4,161.1
2025-03-01,SBUX,208.2,200.7,240.4,161.1
2025-04-01,SBUX,298.0,200.7,240.4,161.1
2025-05-01,SBUX,235.7,200.7,240.4,161.1
2025-06-01,SBUX,179.2,200.7,240.4,161.1
2025-07-01,SBUX,226.9,200.7,240.4,161.1
2025-08-01,SBUX,180.6,200.7,240.4,161.1
2025-09-01,SBUX,194.3,200.7,240.4,161.1
2025-10-01,SBUX,225.8,200.7,240.4,161.1
2025-11-01,SBUX,45.3,200.7,240.4,161.1
2024-09-01,SCHP,44.8,69.4,86.3,52.6
2024-10-01,SCHP,70.8,69.4,86.3,52.6
2024-11-01,SCHP,65.9,69.4,86.3,52.6
2024-12-01,SCHP,72.1,69.4,86.3,52.6
2025-01-01,SCHP,76.0,69.4,86.3,52.6
2025-02-01,SCHP,49.7,69.4,86.3,52.6
2025-03-01,SCHP,67.0,69.4,86.3,52.6
2025-04-01,SCHP,89.9,69.4,86.3,52.6
2025-05-01,SCHP,66.1,69.4,86.3,52.6
2025-06-01,SCHP,109.1,69.4,86.3,52.6
2025-07-01,SCHP,62.6,69.4,86.3,52.6
2025-08-01,SCHP,58.4,69.4,86.3,52.6
2025-09-01,SCHP,64.8,69.4,86.3,52.6
2025-10-01,SCHP,83.9,69.4,86.3,52.6
2025-11-01,SCHP,11.1,69.4,86.3,52.6
2024-09-01,SCHW,159.1,191.2,236.7,145.7
2024-10-01,SCHW,180.7,191.2,236.7,145.7
2024-11-01,SCHW,166.7,191.2,236.7,145.7
2024-12-01,SCHW,154.0,191.2,236.7,145.7
2025-01-01,SCHW,180.6,191.2,236.7,145.7
2025-02-01,SCHW,292.4,191.2,236.7,145.7
2025-03-01,SCHW,214.5,191.2,236.7,145.7
2025-04-01,SCHW,275.7,191.2,236.7,145.7
2025-05-01,SCHW,161.5,191.2,236.7,145.7
2025-06-01,SCHW,151.9,191.2,236.7,145.7
2025-07-01,SCHW,193.1,191.2,236.7,145.7
2025-08-01,SCHW,166.6,191.2,236.7,145.7
2025-09-01,SCHW,216.3,191.2,236.7,145.7
2025-10-01,SCHW,200.3,191.2,236.7,145.7
2025-11-01,SCHW,23.0,191.2,236.7,145.7
2024-09-01,SD,6.5,6.4,7.6,5.2
2024-10-01,SD,6.7,6.4,7.6,5.2
2024-11-01,SD,6.3,6.4,7.6,5.2
2024-12-01,SD,7.4,6.4,7.6,5.2
2025-01-01,SD,5.0,6.4,7.6,5.2
2025-02-01,SD,4.3,6.4,7.6,5.2
2025-03-01,SD,8.0,6.4,7.6,5.2
2025-04-01,SD,7.5,6.4,7.6,5.2
2025-05-01,SD,6.7,6.4,7.6,5.2
2025-06-01,SD,8.2,6.4,7.6,5.2
2025-07-01,SD,5.9,6.4,7.6,5.2
2025-08-01,SD,6.7,6.4,7.6,5.2
2025-09-01,SD,5.9,6.4,7.6,5.2
2025-10-01,SD,6.1,6.4,7.6,5.2
2025-11-01,SD,1.0,6.4,7.6,5.2
2024-09-01,SDY,3.7,5.2,6.5,4.0
2024-10-01,SDY,3.9,5.2,6.5,4.0
2024-11-01,SDY,3.9,5.2,6.5,4.0
2024-12-01,SDY,6.5,5.2,6.5,4.0
2025-01-01,SDY,7.4,5.2,6.5,4.0
2025-02-01,SDY,5.4,5.2,6.5,4.0
2025-03-01,SDY,6.1,5.2,6.5,4.0
2025-04-01,SDY,7.0,5.2,6.5,4.0
2025-05-01,SDY,4.8,5.2,6.5,4.0
2025-06-01,SDY,5.0,5.2,6.5,4.0
2025-07-01,SDY,4.8,5.2,6.5,4.0
2025-08-01,SDY,4.2,5.2,6.5,4.0
2025-09-01,SDY,6.0,5.2,6.5,4.0
2025-10-01,SDY,5.2,5.2,6.5,4.0
2025-11-01,SDY,0.8,5.2,6.5,4.0
2024-09-01,SHW,24.6,37.1,46.5,27.8
2024-10-01,SHW,28.0,37.1,46.5,27.8
2024-11-01,SHW,56.8,37.1,46.5,27.8
2024-12-01,SHW,30.7,37.1,46.5,27.8
2025-01-01,SHW,33.7,37.1,46.5,27.8
2025-02-01,SHW,34.9,37.1,46.5,27.8
2025-03-01,SHW,42.0,37.1,46.5,27.8
2025-04-01,SHW,43.3,37.1,46.5,27.8
2025-05-01,SHW,28.6,37.1,46.5,27.8
2025-06-01,SHW,31.9,37.1,46.5,27.8
2025-07-01,SHW,39.0,37.1,46.5,27.8
2025-08-01,SHW,41.7,37.1,46.5,27.8
2025-09-01,SHW,38.4,37.1,46.5,27.8
2025-10-01,SHW,50.9,37.1,46.5,27.8
2025-11-01,SHW,7.2,37.1,46.5,27.8
2024-09-01,SHY,94.8,82.2,103.8,60.5
2024-10-01,SHY,84.1,82.2,103.8,60.5
2024-11-01,SHY,76.6,82.2,103.8,60.5
2024-12-01,SHY,85.7,82.2,103.8,60.5
2025-01-01,SHY,65.0,82.2,103.8,60.5
2025-02-01,SHY,61.0,82.2,103.8,60.5
2025-03-01,SHY,80.3,82.2,103.8,60.5
2025-04-01,SHY,145.5,82.2,103.8,60.5
2025-05-01,SHY,78.5,82.2,103.8,60.5
2025-06-01,SHY,63.6,82.2,103.8,60.5
2025-07-01,SHY,73.3,82.2,103.8,60.5
2025-08-01,SHY,79.2,82.2,103.8,60.5
2025-09-01,SHY,71.5,82.2,103.8,60.5
2025-10-01,SHY,99.4,82.2,103.8,60.5
2025-11-01,SHY,15.9,82.2,103.8,60.5
2024-09-01,SILJ,47.0,93.9,142.8,44.9
2024-10-01,SILJ,63.0,93.9,142.8,44.9
2024-11-01,SILJ,58.2,93.9,142.8,44.9
2024-12-01,SILJ,54.1,93.9,142.8,44.9
2025-01-01,SILJ,57.5,93.9,142.8,44.9
2025-02-01,SILJ,53.4,93.9,142.8,44.9
2025-03-01,SILJ,76.6,93.9,142.8,44.9
2025-04-01,SILJ,77.4,93.9,142.8,44.9
2025-05-01,SILJ,57.6,93.9,142.8,44.9
2025-06-01,SILJ,118.7,93.9,142.8,44.9
2025-07-01,SILJ,154.1,93.9,142.8,44.9
2025-08-01,SILJ,135.0,93.9,142.8,44.9
2025-09-01,SILJ,164.6,93.9,142.8,44.9
2025-10-01,SILJ,194.1,93.9,142.8,44.9
2025-11-01,SILJ,15.4,93.9,142.8,44.9
2024-09-01,SJM,20.2,31.3,43.7,18.9
2024-10-01,SJM,16.2,31.3,43.7,18.9
2024-11-01,SJM,28.6,31.3,43.7,18.9
2024-12-01,SJM,24.1,31.3,43.7,18.9
2025-01-01,SJM,19.7,31.3,43.7,18.9
2025-02-01,SJM,27.0,31.3,43.7,18.9
2025-03-01,SJM,29.9,31.3,43.7,18.9
2025-04-01,SJM,26.0,31.3,43.7,18.9
2025-05-01,SJM,21.6,31.3,43.7,18.9
2025-06-01,SJM,57.5,31.3,43.7,18.9
2025-07-01,SJM,46.3,31.3,43.7,18.9
2025-08-01,SJM,44.7,31.3,43.7,18.9
2025-09-01,SJM,47.1,31.3,43.7,18.9
2025-10-01,SJM,34.3,31.3,43.7,18.9
2025-11-01,SJM,4.2,31.3,43.7,18.9
2024-09-01,SLB,294.7,319.9,398.8,241.0
2024-10-01,SLB,285.7,319.9,398.8,241.0
2024-11-01,SLB,226.3,319.9,398.8,241.0
2024-12-01,SLB,252.9,319.9,398.8,241.0
2025-01-01,SLB,305.6,319.9,398.8,241.0
2025-02-01,SLB,247.7,319.9,398.8,241.0
2025-03-01,SLB,372.2,319.9,398.8,241.0
2025-04-01,SLB,483.4,319.9,398.8,241.0
2025-05-01,SLB,273.2,319.9,398.8,241.0
2025-06-01,SLB,320.5,319.9,398.8,241.0
2025-07-01,SLB,407.6,319.9,398.8,241.0
2025-08-01,SLB,256.9,319.9,398.8,241.0
2025-09-01,SLB,378.0,319.9,398.8,241.0
2025-10-01,SLB,402.4,319.9,398.8,241.0
2025-11-01,SLB,52.7,319.9,398.8,241.0
2024-09-01,SLV,412.9,490.8,702.0,279.5
2024-10-01,SLV,579.7,490.8,702.0,279.5
2024-11-01,SLV,346.0,490.8,702.0,279.5
2024-12-01,SLV,402.9,490.8,702.0,279.5
2025-01-01,SLV,382.7,490.8,702.0,279.5
2025-02-01,SLV,391.8,490.8,702.0,279.5
2025-03-01,SLV,433.3,490.8,702.0,279.5
2025-04-01,SLV,582.8,490.8,702.0,279.5
2025-05-01,SLV,279.6,490.8,702.0,279.5
2025-06-01,SLV,487.8,490.8,702.0,279.5
2025-07-01,SLV,511.5,490.8,702.0,279.5
2025-08-01,SLV,314.5,490.8,702.0,279.5
2025-09-01,SLV,617.4,490.8,702.0,279.5
2025-10-01,SLV,1115.7,490.8,702.0,279.5
2025-11-01,SLV,60.8,490.8,702.0,279.5
2024-09-01,SMCI,1496.6,1166.2,1698.5,634.0
2024-10-01,SMCI,1271.6,1166.2,1698.5,634.0
2024-11-01,SMCI,2099.1,1166.2,1698.5,634.0
2024-12-01,SMCI,1593.8,1166.2,1698.5,634.0
2025-01-01,SMCI,660.1,1166.2,1698.5,634.0
2025-02-01,SMCI,2375.8,1166.2,1698.5,634.0
2025-03-01,SMCI,1392.7,1166.2,1698.5,634.0
2025-04-01,SMCI,975.1,1166.2,1698.5,634.0
2025-05-01,SMCI,1177.3,1166.2,1698.5,634.0
2025-06-01,SMCI,844.9,1166.2,1698.5,634.0
2025-07-01,SMCI,821.9,1166.2,1698.5,634.0
2025-08-01,SMCI,704.9,1166.2,1698.5,634.0
2025-09-01,SMCI,569.1,1166.2,1698.5,634.0
2025-10-01,SMCI,727.2,1166.2,1698.5,634.0
2025-11-01,SMCI,123.2,1166.2,1698.5,634.0
2024-09-01,SMH,157.7,152.7,189.2,116.1
2024-10-01,SMH,127.6,152.7,189.2,116.1
2024-11-01,SMH,121.0,152.7,189.2,116.1
2024-12-01,SMH,105.8,152.7,189.2,116.1
2025-01-01,SMH,145.0,152.7,189.2,116.1
2025-02-01,SMH,111.8,152.7,189.2,116.1
2025-03-01,SMH,156.1,152.7,189.2,116.1
2025-04-01,SMH,241.9,152.7,189.2,116.1
2025-05-01,SMH,142.3,152.7,189.2,116.1
2025-06-01,SMH,167.6,152.7,189.2,116.1
2025-07-01,SMH,163.0,152.7,189.2,116.1
2025-08-01,SMH,154.7,152.7,189.2,116.1
2025-09-01,SMH,176.6,152.7,189.2,116.1
2025-10-01,SMH,185.0,152.7,189.2,116.1
2025-11-01,SMH,21.3,152.7,189.2,116.1
2024-09-01,SNA,5.8,7.7,9.5,5.9
2024-10-01,SNA,10.1,7.7,9.5,5.9
2024-11-01,SNA,7.4,7.7,9.5,5.9
2024-12-01,SNA,8.2,7.7,9.5,5.9
2025-01-01,SNA,7.5,7.7,9.5,5.9
2025-02-01,SNA,7.6,7.7,9.5,5.9
2025-03-01,SNA,9.1,7.7,9.5,5.9
2025-04-01,SNA,11.2,7.7,9.5,5.9
2025-05-01,SNA,6.2,7.7,9.5,5.9
2025-06-01,SNA,7.1,7.7,9.5,5.9
2025-07-01,SNA,8.0,7.7,9.5,5.9
2025-08-01,SNA,4.9,7.7,9.5,5.9
2025-09-01,SNA,6.6,7.7,9.5,5.9
2025-10-01,SNA,8.6,7.7,9.5,5.9
2025-11-01,SNA,1.0,7.7,9.5,5.9
2024-09-01,SNPS,25.0,33.8,54.9,12.6
2024-10-01,SNPS,21.9,33.8,54.9,12.6
2024-11-01,SNPS,16.2,33.8,54.9,12.6
2024-12-01,SNPS,28.6,33.8,54.9,12.6
2025-01-01,SNPS,22.4,33.8,54.9,12.6
2025-02-01,SNPS,22.3,33.8,54.9,12.6
2025-03-01,SNPS,28.8,33.8,54.9,12.6
2025-04-01,SNPS,30.5,33.8,54.9,12.6
2025-05-01,SNPS,29.0,33.8,54.9,12.6
2025-06-01,SNPS,23.9,33.8,54.9,12.6
2025-07-01,SNPS,53.4,33.8,54.9,12.6
2025-08-01,SNPS,22.0,33.8,54.9,12.6
2025-09-01,SNPS,100.8,33.8,54.9,12.6
2025-10-01,SNPS,47.7,33.8,54.9,12.6
2025-11-01,SNPS,10.6,33.8,54.9,12.6
2024-09-01,SO,93.9,100.8,113.7,87.9
2024-10-01,SO,96.2,100.8,113.7,87.9
2024-11-01,SO,84.3,100.8,113.7,87.9
2024-12-01,SO,80.4,100.8,113.7,87.9
2025-01-01,SO,105.2,100.8,113.7,87.9
2025-02-01,SO,96.1,100.8,113.7,87.9
2025-03-01,SO,106.2,100.8,113.7,87.9
2025-04-01,SO,98.7,100.8,113.7,87.9
2025-05-01,SO,115.6,100.8,113.7,87.9
2025-06-01,SO,109.3,100.8,113.7,87.9
2025-07-01,SO,116.0,100.8,113.7,87.9
2025-08-01,SO,97.3,100.8,113.7,87.9
2025-09-01,SO,105.8,100.8,113.7,87.9
2025-10-01,SO,115.3,100.8,113.7,87.9
2025-11-01,SO,38.9,100.8,113.7,87.9
2024-09-01,SOLV,28.3,21.8,26.8,16.8
2024-10-01,SOLV,20.7,21.8,26.8,16.8
2024-11-01,SOLV,20.7,21.8,26.8,16.8
2024-12-01,SOLV,16.6,21.8,26.8,16.8
2025-01-01,SOLV,20.4,21.8,26.8,16.8
2025-02-01,SOLV,19.7,21.8,26.8,16.8
2025-03-01,SOLV,26.2,21.8,26.8,16.8
2025-04-01,SOLV,26.2,21.8,26.8,16.8
2025-05-01,SOLV,27.7,21.8,26.8,16.8
2025-06-01,SOLV,16.4,21.8,26.8,16.8
2025-07-01,SOLV,13.9,21.8,26.8,16.8
2025-08-01,SOLV,28.0,21.8,26.8,16.8
2025-09-01,SOLV,23.8,21.8,26.8,16.8
2025-10-01,SOLV,20.3,21.8,26.8,16.8
2025-11-01,SOLV,3.8,21.8,26.8,16.8
2024-09-01,SOYB,0.9,0.8,1.4,0.2
2024-10-01,SOYB,0.7,0.8,1.4,0.2
2024-11-01,SOYB,0.5,0.8,1.4,0.2
2024-12-01,SOYB,0.5,0.8,1.4,0.2
2025-01-01,SOYB,0.7,0.8,1.4,0.2
2025-02-01,SOYB,0.8,0.8,1.4,0.2
2025-03-01,SOYB,0.4,0.8,1.4,0.2
2025-04-01,SOYB,0.5,0.8,1.4,0.2
2025-05-01,SOYB,0.5,0.8,1.4,0.2
2025-06-01,SOYB,0.8,0.8,1.4,0.2
2025-07-01,SOYB,0.5,0.8,1.4,0.2
2025-08-01,SOYB,0.5,0.8,1.4,0.2
2025-09-01,SOYB,1.4,0.8,1.4,0.2
2025-10-01,SOYB,2.7,0.8,1.4,0.2
2025-11-01,SOYB,0.7,0.8,1.4,0.2
2024-09-01,SPG,36.0,32.7,39.3,26.0
2024-10-01,SPG,25.0,32.7,39.3,26.0
2024-11-01,SPG,28.5,32.7,39.3,26.0
2024-12-01,SPG,32.7,32.7,39.3,26.0
2025-01-01,SPG,25.6,32.7,39.3,26.0
2025-02-01,SPG,26.1,32.7,39.3,26.0
2025-03-01,SPG,40.8,32.7,39.3,26.0
2025-04-01,SPG,43.6,32.7,39.3,26.0
2025-05-01,SPG,37.8,32.7,39.3,26.0
2025-06-01,SPG,31.4,32.7,39.3,26.0
2025-07-01,SPG,29.3,32.7,39.3,26.0
2025-08-01,SPG,33.1,32.7,39.3,26.0
2025-09-01,SPG,41.9,32.7,39.3,26.0
2025-10-01,SPG,30.5,32.7,39.3,26.0
2025-11-01,SPG,6.2,32.7,39.3,26.0
2024-09-01,SPGI,21.0,26.9,32.6,21.2
2024-10-01,SPGI,24.5,26.9,32.6,21.2
2024-11-01,SPGI,26.6,26.9,32.6,21.2
2024-12-01,SPGI,24.7,26.9,32.6,21.2
2025-01-01,SPGI,24.9,26.9,32.6,21.2
2025-02-01,SPGI,27.1,26.9,32.6,21.2
2025-03-01,SPGI,32.0,26.9,32.6,21.2
2025-04-01,SPGI,32.1,26.9,32.6,21.2
2025-05-01,SPGI,23.4,26.9,32.6,21.2
2025-06-01,SPGI,24.4,26.9,32.6,21.2
2025-07-01,SPGI,22.0,26.9,32.6,21.2
2025-08-01,SPGI,24.6,26.9,32.6,21.2
2025-09-01,SPGI,32.7,26.9,32.6,21.2
2025-10-01,SPGI,40.0,26.9,32.6,21.2
2025-11-01,SPGI,5.7,26.9,32.6,21.2
2024-09-01,SPHB,7.2,6.9,9.2,4.6
2024-10-01,SPHB,3.6,6.9,9.2,4.6
2024-11-01,SPHB,4.0,6.9,9.2,4.6
2024-12-01,SPHB,5.7,6.9,9.2,4.6
2025-01-01,SPHB,5.1,6.9,9.2,4.6
2025-02-01,SPHB,4.4,6.9,9.2,4.6
2025-03-01,SPHB,8.4,6.9,9.2,4.6
2025-04-01,SPHB,12.2,6.9,9.2,4.6
2025-05-01,SPHB,8.2,6.9,9.2,4.6
2025-06-01,SPHB,6.1,6.9,9.2,4.6
2025-07-01,SPHB,8.3,6.9,9.2,4.6
2025-08-01,SPHB,7.7,6.9,9.2,4.6
2025-09-01,SPHB,7.9,6.9,9.2,4.6
2025-10-01,SPHB,8.4,6.9,9.2,4.6
2025-11-01,SPHB,0.8,6.9,9.2,4.6
2024-09-01,SPLV,42.4,47.1,65.2,29.1
2024-10-01,SPLV,32.7,47.1,65.2,29.1
2024-11-01,SPLV,35.9,47.1,65.2,29.1
2024-12-01,SPLV,34.2,47.1,65.2,29.1
2025-01-01,SPLV,30.9,47.1,65.2,29.1
2025-02-01,SPLV,26.8,47.1,65.2,29.1
2025-03-01,SPLV,46.4,47.1,65.2,29.1
2025-04-01,SPLV,95.0,47.1,65.2,29.1
2025-05-01,SPLV,49.4,47.1,65.2,29.1
2025-06-01,SPLV,36.8,47.1,65.2,29.1
2025-07-01,SPLV,50.1,47.1,65.2,29.1
2025-08-01,SPLV,64.9,47.1,65.2,29.1
2025-09-01,SPLV,46.8,47.1,65.2,29.1
2025-10-01,SPLV,68.6,47.1,65.2,29.1
2025-11-01,SPLV,14.4,47.1,65.2,29.1
2024-09-01,SPY,1045.0,1332.9,1729.0,936.8
2024-10-01,SPY,976.1,1332.9,1729.0,936.8
2024-11-01,SPY,901.8,1332.9,1729.0,936.8
2024-12-01,SPY,1059.5,1332.9,1729.0,936.8
2025-01-01,SPY,995.5,1332.9,1729.0,936.8
2025-02-01,SPY,871.6,1332.9,1729.0,936.8
2025-03-01,SPY,1496.6,1332.9,1729.0,936.8
2025-04-01,SPY,2237.0,1332.9,1729.0,936.8
2025-05-01,SPY,1402.2,1332.9,1729.0,936.8
2025-06-01,SPY,1495.4,1332.9,1729.0,936.8
2025-07-01,SPY,1479.9,1332.9,1729.0,936.8
2025-08-01,SPY,1424.1,1332.9,1729.0,936.8
2025-09-01,SPY,1606.3,1332.9,1729.0,936.8
2025-10-01,SPY,1781.5,1332.9,1729.0,936.8
2025-11-01,SPY,210.1,1332.9,1729.0,936.8
2024-09-01,SRE,49.3,81.6,102.9,60.2
2024-10-01,SRE,58.0,81.6,102.9,60.2
2024-11-01,SRE,71.3,81.6,102.9,60.2
2024-12-01,SRE,71.8,81.6,102.9,60.2
2025-01-01,SRE,100.9,81.6,102.9,60.2
2025-02-01,SRE,114.6,81.6,102.9,60.2
2025-03-01,SRE,115.0,81.6,102.9,60.2
2025-04-01,SRE,104.7,81.6,102.9,60.2
2025-05-01,SRE,78.2,81.6,102.9,60.2
2025-06-01,SRE,82.6,81.6,102.9,60.2
2025-07-01,SRE,70.1,81.6,102.9,60.2
2025-08-01,SRE,73.0,81.6,102.9,60.2
2025-09-01,SRE,100.7,81.6,102.9,60.2
2025-10-01,SRE,71.1,81.6,102.9,60.2
2025-11-01,SRE,12.1,81.6,102.9,60.2
2024-09-01,STE,8.8,12.0,14.4,9.7
2024-10-01,STE,11.2,12.0,14.4,9.7
2024-11-01,STE,14.9,12.0,14.4,9.7
2024-12-01,STE,11.5,12.0,14.4,9.7
2025-01-01,STE,9.0,12.0,14.4,9.7
2025-02-01,STE,9.6,12.0,14.4,9.7
2025-03-01,STE,13.3,12.0,14.4,9.7
2025-04-01,STE,13.3,12.0,14.4,9.7
2025-05-01,STE,16.0,12.0,14.4,9.7
2025-06-01,STE,10.8,12.0,14.4,9.7
2025-07-01,STE,14.4,12.0,14.4,9.7
2025-08-01,STE,11.4,12.0,14.4,9.7
2025-09-01,STE,11.9,12.0,14.4,9.7
2025-10-01,STE,13.6,12.0,14.4,9.7
2025-11-01,STE,2.6,12.0,14.4,9.7
2024-09-01,STIP,8.5,14.4,18.6,10.2
2024-10-01,STIP,13.5,14.4,18.6,10.2
2024-11-01,STIP,11.7,14.4,18.6,10.2
2024-12-01,STIP,16.7,14.4,18.6,10.2
2025-01-01,STIP,11.8,14.4,18.6,10.2
2025-02-01,STIP,14.8,14.4,18.6,10.2
2025-03-01,STIP,11.8,14.4,18.6,10.2
2025-04-01,STIP,23.0,14.4,18.6,10.2
2025-05-01,STIP,21.4,14.4,18.6,10.2
2025-06-01,STIP,11.9,14.4,18.6,10.2
2025-07-01,STIP,17.1,14.4,18.6,10.2
2025-08-01,STIP,10.2,14.4,18.6,10.2
2025-09-01,STIP,15.8,14.4,18.6,10.2
2025-10-01,STIP,14.8,14.4,18.6,10.2
2025-11-01,STIP,1.7,14.4,18.6,10.2
2024-09-01,STLA,215.5,314.6,464.2,165.0
2024-10-01,STLA,180.5,314.6,464.2,165.0
2024-11-01,STLA,169.5,314.6,464.2,165.0
2024-12-01,STLA,197.8,314.6,464.2,165.0
2025-01-01,STLA,182.7,314.6,464.2,165.0
2025-02-01,STLA,248.1,314.6,464.2,165.0
2025-03-01,STLA,430.8,314.6,464.2,165.0
2025-04-01,STLA,501.3,314.6,464.2,165.0
2025-05-01,STLA,259.1,314.6,464.2,165.0
2025-06-01,STLA,312.5,314.6,464.2,165.0
2025-07-01,STLA,684.9,314.6,464.2,165.0
2025-08-01,STLA,245.8,314.6,464.2,165.0
2025-09-01,STLA,343.8,314.6,464.2,165.0
2025-10-01,STLA,442.1,314.6,464.2,165.0
2025-11-01,STLA,47.5,314.6,464.2,165.0
2024-09-01,STLD,34.3,31.2,37.0,25.3
2024-10-01,STLD,26.1,31.2,37.0,25.3
2024-11-01,STLD,28.7,31.2,37.0,25.3
2024-12-01,STLD,31.4,31.2,37.0,25.3
2025-01-01,STLD,35.3,31.2,37.0,25.3
2025-02-01,STLD,33.1,31.2,37.0,25.3
2025-03-01,STLD,45.8,31.2,37.0,25.3
2025-04-01,STLD,35.2,31.2,37.0,25.3
2025-05-01,STLD,29.0,31.2,37.0,25.3
2025-06-01,STLD,31.4,31.2,37.0,25.3
2025-07-01,STLD,28.7,31.2,37.0,25.3
2025-08-01,STLD,25.9,31.2,37.0,25.3
2025-09-01,STLD,28.5,31.2,37.0,25.3
2025-10-01,STLD,29.5,31.2,37.0,25.3
2025-11-01,STLD,3.8,31.2,37.0,25.3
2024-09-01,STNG,13.9,20.2,24.3,16.2
2024-10-01,STNG,20.3,20.2,24.3,16.2
2024-11-01,STNG,18.5,20.2,24.3,16.2
2024-12-01,STNG,19.6,20.2,24.3,16.2
2025-01-01,STNG,22.7,20.2,24.3,16.2
2025-02-01,STNG,18.3,20.2,24.3,16.2
2025-03-01,STNG,21.9,20.2,24.3,16.2
2025-04-01,STNG,22.3,20.2,24.3,16.2
2025-05-01,STNG,15.9,20.2,24.3,16.2
2025-06-01,STNG,23.4,20.2,24.3,16.2
2025-07-01,STNG,27.7,20.2,24.3,16.2
2025-08-01,STNG,21.0,20.2,24.3,16.2
2025-09-01,STNG,23.7,20.2,24.3,16.2
2025-10-01,STNG,17.4,20.2,24.3,16.2
2025-11-01,STNG,1.8,20.2,24.3,16.2
2024-09-01,STT,46.5,43.5,52.4,34.6
2024-10-01,STT,51.3,43.5,52.4,34.6
2024-11-01,STT,36.9,43.5,52.4,34.6
2024-12-01,STT,49.1,43.5,52.4,34.6
2025-01-01,STT,42.5,43.5,52.4,34.6
2025-02-01,STT,35.2,43.5,52.4,34.6
2025-03-01,STT,46.8,43.5,52.4,34.6
2025-04-01,STT,56.9,43.5,52.4,34.6
2025-05-01,STT,36.6,43.5,52.4,34.6
2025-06-01,STT,37.3,43.5,52.4,34.6
2025-07-01,STT,51.9,43.5,52.4,34.6
2025-08-01,STT,32.5,43.5,52.4,34.6
2025-09-01,STT,36.0,43.5,52.4,34.6
2025-10-01,STT,53.0,43.5,52.4,34.6
2025-11-01,STT,5.6,43.5,52.4,34.6
2024-09-01,STX,42.6,74.6,100.8,48.3
2024-10-01,STX,54.4,74.6,100.8,48.3
2024-11-01,STX,39.4,74.6,100.8,48.3
2024-12-01,STX,60.0,74.6,100.8,48.3
2025-01-01,STX,74.5,74.6,100.8,48.3
2025-02-01,STX,52.3,74.6,100.8,48.3
2025-03-01,STX,69.2,74.6,100.8,48.3
2025-04-01,STX,115.9,74.6,100.8,48.3
2025-05-01,STX,86.4,74.6,100.8,48.3
2025-06-01,STX,84.7,74.6,100.8,48.3
2025-07-01,STX,98.7,74.6,100.8,48.3
2025-08-01,STX,55.2,74.6,100.8,48.3
2025-09-01,STX,89.0,74.6,100.8,48.3
2025-10-01,STX,123.9,74.6,100.8,48.3
2025-11-01,STX,16.9,74.6,100.8,48.3
2024-09-01,STZ,24.1,45.3,59.9,30.7
2024-10-01,STZ,29.1,45.3,59.9,30.7
2024-11-01,STZ,28.6,45.3,59.9,30.7
2024-12-01,STZ,33.0,45.3,59.9,30.7
2025-01-01,STZ,57.0,45.3,59.9,30.7
2025-02-01,STZ,61.0,45.3,59.9,30.7
2025-03-01,STZ,51.8,45.3,59.9,30.7
2025-04-01,STZ,50.6,45.3,59.9,30.7
2025-05-01,STZ,35.1,45.3,59.9,30.7
2025-06-01,STZ,51.3,45.3,59.9,30.7
2025-07-01,STZ,49.5,45.3,59.9,30.7
2025-08-01,STZ,38.0,45.3,59.9,30.7
2025-09-01,STZ,67.6,45.3,59.9,30.7
2025-10-01,STZ,65.3,45.3,59.9,30.7
2025-11-01,STZ,5.8,45.3,59.9,30.7
2024-09-01,SW,101.0,82.6,99.5,65.7
2024-10-01,SW,85.3,82.6,99.5,65.7
2024-11-01,SW,77.0,82.6,99.5,65.7
2024-12-01,SW,67.8,82.6,99.5,65.7
2025-01-01,SW,58.3,82.6,99.5,65.7
2025-02-01,SW,73.3,82.6,99.5,65.7
2025-03-01,SW,91.2,82.6,99.5,65.7
2025-04-01,SW,87.4,82.6,99.5,65.7
2025-05-01,SW,70.0,82.6,99.5,65.7
2025-06-01,SW,77.1,82.6,99.5,65.7
2025-07-01,SW,77.9,82.6,99.5,65.7
2025-08-01,SW,86.4,82.6,99.5,65.7
2025-09-01,SW,87.5,82.6,99.5,65.7
2025-10-01,SW,122.5,82.6,99.5,65.7
2025-11-01,SW,20.5,82.6,99.5,65.7
2024-09-01,SWK,23.6,43.4,58.8,28.0
2024-10-01,SWK,33.1,43.4,58.8,28.0
2024-11-01,SWK,36.1,43.4,58.8,28.0
2024-12-01,SWK,35.6,43.4,58.8,28.0
2025-01-01,SWK,32.2,43.4,58.8,28.0
2025-02-01,SWK,36.9,43.4,58.8,28.0
2025-03-01,SWK,38.6,43.4,58.8,28.0
2025-04-01,SWK,83.3,43.4,58.8,28.0
2025-05-01,SWK,70.0,43.4,58.8,28.0
2025-06-01,SWK,43.7,43.4,58.8,28.0
2025-07-01,SWK,50.9,43.4,58.8,28.0
2025-08-01,SWK,40.1,43.4,58.8,28.0
2025-09-01,SWK,44.0,43.4,58.8,28.0
2025-10-01,SWK,43.5,43.4,58.8,28.0
2025-11-01,SWK,11.0,43.4,58.8,28.0
2024-09-01,SWKS,42.6,61.7,79.0,44.5
2024-10-01,SWKS,45.7,61.7,79.0,44.5
2024-11-01,SWKS,51.9,61.7,79.0,44.5
2024-12-01,SWKS,50.5,61.7,79.0,44.5
2025-01-01,SWKS,48.6,61.7,79.0,44.5
2025-02-01,SWKS,83.7,61.7,79.0,44.5
2025-03-01,SWKS,78.6,61.7,79.0,44.5
2025-04-01,SWKS,91.7,61.7,79.0,44.5
2025-05-01,SWKS,91.0,61.7,79.0,44.5
2025-06-01,SWKS,64.9,61.7,79.0,44.5
2025-07-01,SWKS,47.9,61.7,79.0,44.5
2025-08-01,SWKS,54.0,61.7,79.0,44.5
2025-09-01,SWKS,58.4,61.7,79.0,44.5
2025-10-01,SWKS,65.4,61.7,79.0,44.5
2025-11-01,SWKS,15.0,61.7,79.0,44.5
2024-09-01,SYF,72.6,78.6,96.3,61.0
2024-10-01,SYF,74.2,78.6,96.3,61.0
2024-11-01,SYF,84.1,78.6,96.3,61.0
2024-12-01,SYF,70.4,78.6,96.3,61.0
2025-01-01,SYF,67.6,78.6,96.3,61.0
2025-02-01,SYF,76.9,78.6,96.3,61.0
2025-03-01,SYF,109.8,78.6,96.3,61.0
2025-04-01,SYF,121.8,78.6,96.3,61.0
2025-05-01,SYF,76.4,78.6,96.3,61.0
2025-06-01,SYF,68.7,78.6,96.3,61.0
2025-07-01,SYF,75.8,78.6,96.3,61.0
2025-08-01,SYF,66.0,78.6,96.3,61.0
2025-09-01,SYF,66.7,78.6,96.3,61.0
2025-10-01,SYF,82.0,78.6,96.3,61.0
2025-11-01,SYF,10.5,78.6,96.3,61.0
2024-09-01,SYK,21.9,27.9,33.8,22.1
2024-10-01,SYK,24.2,27.9,33.8,22.1
2024-11-01,SYK,27.9,27.9,33.8,22.1
2024-12-01,SYK,24.5,27.9,33.8,22.1
2025-01-01,SYK,32.0,27.9,33.8,22.1
2025-02-01,SYK,22.9,27.9,33.8,22.1
2025-03-01,SYK,32.8,27.9,33.8,22.1
2025-04-01,SYK,41.4,27.9,33.8,22.1
2025-05-01,SYK,28.8,27.9,33.8,22.1
2025-06-01,SYK,23.8,27.9,33.8,22.1
2025-07-01,SYK,26.0,27.9,33.8,22.1
2025-08-01,SYK,26.0,27.9,33.8,22.1
2025-09-01,SYK,26.8,27.9,33.8,22.1
2025-10-01,SYK,35.3,27.9,33.8,22.1
2025-11-01,SYK,5.8,27.9,33.8,22.1
2024-09-01,SYY,82.1,67.1,77.5,56.8
2024-10-01,SYY,73.3,67.1,77.5,56.8
2024-11-01,SYY,54.5,67.1,77.5,56.8
2024-12-01,SYY,63.0,67.1,77.5,56.8
2025-01-01,SYY,71.7,67.1,77.5,56.8
2025-02-01,SYY,75.3,67.1,77.5,56.8
2025-03-01,SYY,73.6,67.1,77.5,56.8
2025-04-01,SYY,79.0,67.1,77.5,56.8
2025-05-01,SYY,60.0,67.1,77.5,56.8
2025-06-01,SYY,56.7,67.1,77.5,56.8
2025-07-01,SYY,65.7,67.1,77.5,56.8
2025-08-01,SYY,62.4,67.1,77.5,56.8
2025-09-01,SYY,63.8,67.1,77.5,56.8
2025-10-01,SYY,69.5,67.1,77.5,56.8
2025-11-01,SYY,10.0,67.1,77.5,56.8
2024-09-01,T,829.5,794.2,1016.6,571.9
2024-10-01,T,757.7,794.2,1016.6,571.9
2024-11-01,T,622.3,794.2,1016.6,571.9
2024-12-01,T,769.6,794.2,1016.6,571.9
2025-01-01,T,789.5,794.2,1016.6,571.9
2025-02-01,T,759.2,794.2,1016.6,571.9
2025-03-01,T,978.9,794.2,1016.6,571.9
2025-04-01,T,902.4,794.2,1016.6,571.9
2025-05-01,T,699.7,794.2,1016.6,571.9
2025-06-01,T,617.4,794.2,1016.6,571.9
2025-07-01,T,726.6,794.2,1016.6,571.9
2025-08-01,T,620.8,794.2,1016.6,571.9
2025-09-01,T,638.9,794.2,1016.6,571.9
2025-10-01,T,1441.9,794.2,1016.6,571.9
2025-11-01,T,225.5,794.2,1016.6,571.9
2024-09-01,TAGS,0.0,0.0,0.1,0.0
2024-10-01,TAGS,0.0,0.0,0.1,0.0
2024-11-01,TAGS,0.0,0.0,0.1,0.0
2024-12-01,TAGS,0.0,0.0,0.1,0.0
2025-01-01,TAGS,0.0,0.0,0.1,0.0
2025-02-01,TAGS,0.1,0.0,0.1,0.0
2025-03-01,TAGS,0.0,0.0,0.1,0.0
2025-04-01,TAGS,0.1,0.0,0.1,0.0
2025-05-01,TAGS,0.0,0.0,0.1,0.0
2025-06-01,TAGS,0.1,0.0,0.1,0.0
2025-07-01,TAGS,0.0,0.0,0.1,0.0
2025-08-01,TAGS,0.0,0.0,0.1,0.0
2025-09-01,TAGS,0.0,0.0,0.1,0.0
2025-10-01,TAGS,0.1,0.0,0.1,0.0
2025-11-01,TAGS,0.0,0.0,0.1,0.0
2024-09-01,TAP,47.6,47.1,56.7,37.4
2024-10-01,TAP,31.0,47.1,56.7,37.4
2024-11-01,TAP,41.5,47.1,56.7,37.4
2024-12-01,TAP,35.8,47.1,56.7,37.4
2025-01-01,TAP,33.8,47.1,56.7,37.4
2025-02-01,TAP,48.7,47.1,56.7,37.4
2025-03-01,TAP,51.3,47.1,56.7,37.4
2025-04-01,TAP,49.6,47.1,56.7,37.4
2025-05-01,TAP,63.4,47.1,56.7,37.4
2025-06-01,TAP,52.8,47.1,56.7,37.4
2025-07-01,TAP,50.2,47.1,56.7,37.4
2025-08-01,TAP,54.6,47.1,56.7,37.4
2025-09-01,TAP,56.4,47.1,56.7,37.4
2025-10-01,TAP,49.4,47.1,56.7,37.4
2025-11-01,TAP,12.9,47.1,56.7,37.4
2024-09-01,TDG,3.6,5.9,7.4,4.3
2024-10-01,TDG,3.8,5.9,7.4,4.3
2024-11-01,TDG,6.8,5.9,7.4,4.3
2024-12-01,TDG,6.4,5.9,7.4,4.3
2025-01-01,TDG,4.7,5.9,7.4,4.3
2025-02-01,TDG,5.4,5.9,7.4,4.3
2025-03-01,TDG,5.4,5.9,7.4,4.3
2025-04-01,TDG,7.0,5.9,7.4,4.3
2025-05-01,TDG,6.6,5.9,7.4,4.3
2025-06-01,TDG,5.4,5.9,7.4,4.3
2025-07-01,TDG,4.7,5.9,7.4,4.3
2025-08-01,TDG,9.0,5.9,7.4,4.3
2025-09-01,TDG,7.7,5.9,7.4,4.3
2025-10-01,TDG,6.5,5.9,7.4,4.3
2025-11-01,TDG,0.8,5.9,7.4,4.3
2024-09-01,TDW,22.4,21.2,25.8,16.6
2024-10-01,TDW,23.5,21.2,25.8,16.6
2024-11-01,TDW,22.3,21.2,25.8,16.6
2024-12-01,TDW,27.0,21.2,25.8,16.6
2025-01-01,TDW,20.2,21.2,25.8,16.6
2025-02-01,TDW,21.2,21.2,25.8,16.6
2025-03-01,TDW,29.5,21.2,25.8,16.6
2025-04-01,TDW,27.0,21.2,25.8,16.6
2025-05-01,TDW,17.8,21.2,25.8,16.6
2025-06-01,TDW,19.4,21.2,25.8,16.6
2025-07-01,TDW,18.0,21.2,25.8,16.6
2025-08-01,TDW,21.2,21.2,25.8,16.6
2025-09-01,TDW,15.4,21.2,25.8,16.6
2025-10-01,TDW,16.3,21.2,25.8,16.6
2025-11-01,TDW,2.1,21.2,25.8,16.6
2024-09-01,TDY,4.4,6.1,7.7,4.5
2024-10-01,TDY,5.4,6.1,7.7,4.5
2024-11-01,TDY,5.3,6.1,7.7,4.5
2024-12-01,TDY,4.8,6.1,7.7,4.5
2025-01-01,TDY,5.3,6.1,7.7,4.5
2025-02-01,TDY,4.4,6.1,7.7,4.5
2025-03-01,TDY,6.3,6.1,7.7,4.5
2025-04-01,TDY,7.0,6.1,7.7,4.5
2025-05-01,TDY,6.9,6.1,7.7,4.5
2025-06-01,TDY,7.6,6.1,7.7,4.5
2025-07-01,TDY,10.0,6.1,7.7,4.5
2025-08-01,TDY,6.0,6.1,7.7,4.5
2025-09-01,TDY,5.9,6.1,7.7,4.5
2025-10-01,TDY,6.9,6.1,7.7,4.5
2025-11-01,TDY,1.0,6.1,7.7,4.5
2024-09-01,TECH,16.6,36.5,51.5,21.6
2024-10-01,TECH,20.8,36.5,51.5,21.6
2024-11-01,TECH,21.3,36.5,51.5,21.6
2024-12-01,TECH,14.6,36.5,51.5,21.6
2025-01-01,TECH,19.2,36.5,51.5,21.6
2025-02-01,TECH,34.5,36.5,51.5,21.6
2025-03-01,TECH,41.3,36.5,51.5,21.6
2025-04-01,TECH,47.7,36.5,51.5,21.6
2025-05-01,TECH,59.4,36.5,51.5,21.6
2025-06-01,TECH,44.3,36.5,51.5,21.6
2025-07-01,TECH,45.0,36.5,51.5,21.6
2025-08-01,TECH,46.2,36.5,51.5,21.6
2025-09-01,TECH,51.7,36.5,51.5,21.6
2025-10-01,TECH,51.2,36.5,51.5,21.6
2025-11-01,TECH,9.2,36.5,51.5,21.6
2024-09-01,TECK,66.0,80.0,114.0,46.1
2024-10-01,TECK,70.2,80.0,114.0,46.1
2024-11-01,TECK,54.6,80.0,114.0,46.1
2024-12-01,TECK,49.3,80.0,114.0,46.1
2025-01-01,TECK,55.5,80.0,114.0,46.1
2025-02-01,TECK,60.0,80.0,114.0,46.1
2025-03-01,TECK,84.2,80.0,114.0,46.1
2025-04-01,TECK,98.2,80.0,114.0,46.1
2025-05-01,TECK,65.3,80.0,114.0,46.1
2025-06-01,TECK,63.7,80.0,114.0,46.1
2025-07-01,TECK,123.2,80.0,114.0,46.1
2025-08-01,TECK,64.2,80.0,114.0,46.1
2025-09-01,TECK,176.3,80.0,114.0,46.1
2025-10-01,TECK,94.8,80.0,114.0,46.1
2025-11-01,TECK,10.1,80.0,114.0,46.1
2024-09-01,TEL,35.1,36.2,43.0,29.5
2024-10-01,TEL,36.5,36.2,43.0,29.5
2024-11-01,TEL,28.5,36.2,43.0,29.5
2024-12-01,TEL,32.1,36.2,43.0,29.5
2025-01-01,TEL,35.1,36.2,43.0,29.5
2025-02-01,TEL,29.0,36.2,43.0,29.5
2025-03-01,TEL,39.1,36.2,43.0,29.5
2025-04-01,TEL,50.6,36.2,43.0,29.5
2025-05-01,TEL,34.3,36.2,43.0,29.5
2025-06-01,TEL,34.6,36.2,43.0,29.5
2025-07-01,TEL,45.4,36.2,43.0,29.5
2025-08-01,TEL,35.0,36.2,43.0,29.5
2025-09-01,TEL,34.7,36.2,43.0,29.5
2025-10-01,TEL,41.1,36.2,43.0,29.5
2025-11-01,TEL,5.9,36.2,43.0,29.5
2024-09-01,TER,36.4,66.2,86.8,45.6
2024-10-01,TER,50.5,66.2,86.8,45.6
2024-11-01,TER,41.9,66.2,86.8,45.6
2024-12-01,TER,55.8,66.2,86.8,45.6
2025-01-01,TER,58.1,66.2,86.8,45.6
2025-02-01,TER,44.8,66.2,86.8,45.6
2025-03-01,TER,81.1,66.2,86.8,45.6
2025-04-01,TER,92.5,66.2,86.8,45.6
2025-05-01,TER,55.3,66.2,86.8,45.6
2025-06-01,TER,67.7,66.2,86.8,45.6
2025-07-01,TER,100.7,66.2,86.8,45.6
2025-08-01,TER,75.7,66.2,86.8,45.6
2025-09-01,TER,86.4,66.2,86.8,45.6
2025-10-01,TER,83.9,66.2,86.8,45.6
2025-11-01,TER,10.7,66.2,86.8,45.6
2024-09-01,TFC,154.9,172.4,213.8,131.0
2024-10-01,TFC,181.1,172.4,213.8,131.0
2024-11-01,TFC,178.5,172.4,213.8,131.0
2024-12-01,TFC,148.8,172.4,213.8,131.0
2025-01-01,TFC,157.9,172.4,213.8,131.0
2025-02-01,TFC,121.7,172.4,213.8,131.0
2025-03-01,TFC,204.9,172.4,213.8,131.0
2025-04-01,TFC,288.7,172.4,213.8,131.0
2025-05-01,TFC,161.3,172.4,213.8,131.0
2025-06-01,TFC,143.8,172.4,213.8,131.0
2025-07-01,TFC,179.9,172.4,213.8,131.0
2025-08-01,TFC,144.0,172.4,213.8,131.0
2025-09-01,TFC,166.3,172.4,213.8,131.0
2025-10-01,TFC,196.8,172.4,213.8,131.0
2025-11-01,TFC,34.3,172.4,213.8,131.0
2024-09-01,TGT,73.8,141.2,185.8,96.7
2024-10-01,TGT,76.0,141.2,185.8,96.7
2024-11-01,TGT,195.0,141.2,185.8,96.7
2024-12-01,TGT,121.7,141.2,185.8,96.7
2025-01-01,TGT,99.8,141.2,185.8,96.7
2025-02-01,TGT,112.7,141.2,185.8,96.7
2025-03-01,TGT,191.5,141.2,185.8,96.7
2025-04-01,TGT,191.7,141.2,185.8,96.7
2025-05-01,TGT,171.4,141.2,185.8,96.7
2025-06-01,TGT,129.5,141.2,185.8,96.7
2025-07-01,TGT,113.7,141.2,185.8,96.7
2025-08-01,TGT,164.7,141.2,185.8,96.7
2025-09-01,TGT,190.2,141.2,185.8,96.7
2025-10-01,TGT,168.1,141.2,185.8,96.7
2025-11-01,TGT,19.0,141.2,185.8,96.7
2024-09-01,THD,1.9,1.5,2.1,1.0
2024-10-01,THD,1.3,1.5,2.1,1.0
2024-11-01,THD,1.1,1.5,2.1,1.0
2024-12-01,THD,0.7,1.5,2.1,1.0
2025-01-01,THD,0.8,1.5,2.1,1.0
2025-02-01,THD,1.1,1.5,2.1,1.0
2025-03-01,THD,1.3,1.5,2.1,1.0
2025-04-01,THD,2.2,1.5,2.1,1.0
2025-05-01,THD,1.4,1.5,2.1,1.0
2025-06-01,THD,2.2,1.5,2.1,1.0
2025-07-01,THD,2.4,1.5,2.1,1.0
2025-08-01,THD,2.0,1.5,2.1,1.0
2025-09-01,THD,1.3,1.5,2.1,1.0
2025-10-01,THD,2.0,1.5,2.1,1.0
2025-11-01,THD,0.3,1.5,2.1,1.0
2024-09-01,TIP,38.9,51.8,63.3,40.3
2024-10-01,TIP,46.4,51.8,63.3,40.3
2024-11-01,TIP,47.6,51.8,63.3,40.3
2024-12-01,TIP,57.2,51.8,63.3,40.3
2025-01-01,TIP,51.3,51.8,63.3,40.3
2025-02-01,TIP,36.5,51.8,63.3,40.3
2025-03-01,TIP,44.2,51.8,63.3,40.3
2025-04-01,TIP,61.2,51.8,63.3,40.3
2025-05-01,TIP,41.8,51.8,63.3,40.3
2025-06-01,TIP,48.9,51.8,63.3,40.3
2025-07-01,TIP,58.7,51.8,63.3,40.3
2025-08-01,TIP,55.4,51.8,63.3,40.3
2025-09-01,TIP,77.6,51.8,63.3,40.3
2025-10-01,TIP,63.7,51.8,63.3,40.3
2025-11-01,TIP,12.7,51.8,63.3,40.3
2024-09-01,TJX,86.6,105.8,124.0,87.6
2024-10-01,TJX,102.7,105.8,124.0,87.6
2024-11-01,TJX,111.8,105.8,124.0,87.6
2024-12-01,TJX,109.7,105.8,124.0,87.6
2025-01-01,TJX,87.1,105.8,124.0,87.6
2025-02-01,TJX,90.4,105.8,124.0,87.6
2025-03-01,TJX,114.9,105.8,124.0,87.6
2025-04-01,TJX,145.4,105.8,124.0,87.6
2025-05-01,TJX,123.6,105.8,124.0,87.6
2025-06-01,TJX,105.2,105.8,124.0,87.6
2025-07-01,TJX,101.1,105.8,124.0,87.6
2025-08-01,TJX,116.3,105.8,124.0,87.6
2025-09-01,TJX,99.1,105.8,124.0,87.6
2025-10-01,TJX,102.1,105.8,124.0,87.6
2025-11-01,TJX,16.0,105.8,124.0,87.6
2024-09-01,TKO,18.1,24.0,33.8,14.2
2024-10-01,TKO,19.2,24.0,33.8,14.2
2024-11-01,TKO,19.7,24.0,33.8,14.2
2024-12-01,TKO,19.9,24.0,33.8,14.2
2025-01-01,TKO,16.4,24.0,33.8,14.2
2025-02-01,TKO,30.1,24.0,33.8,14.2
2025-03-01,TKO,55.0,24.0,33.8,14.2
2025-04-01,TKO,25.9,24.0,33.8,14.2
2025-05-01,TKO,21.6,24.0,33.8,14.2
2025-06-01,TKO,20.0,24.0,33.8,14.2
2025-07-01,TKO,16.6,24.0,33.8,14.2
2025-08-01,TKO,21.9,24.0,33.8,14.2
2025-09-01,TKO,30.5,24.0,33.8,14.2
2025-10-01,TKO,25.3,24.0,33.8,14.2
2025-11-01,TKO,4.4,24.0,33.8,14.2
2024-09-01,TLT,748.0,797.2,934.2,660.2
2024-10-01,TLT,897.0,797.2,934.2,660.2
2024-11-01,TLT,947.9,797.2,934.2,660.2
2024-12-01,TLT,782.4,797.2,934.2,660.2
2025-01-01,TLT,675.3,797.2,934.2,660.2
2025-02-01,TLT,705.2,797.2,934.2,660.2
2025-03-01,TLT,732.0,797.2,934.2,660.2
2025-04-01,TLT,1112.3,797.2,934.2,660.2
2025-05-01,TLT,841.4,797.2,934.2,660.2
2025-06-01,TLT,784.3,797.2,934.2,660.2
2025-07-01,TLT,784.1,797.2,934.2,660.2
2025-08-01,TLT,712.9,797.2,934.2,660.2
2025-09-01,TLT,823.7,797.2,934.2,660.2
2025-10-01,TLT,732.5,797.2,934.2,660.2
2025-11-01,TLT,111.8,797.2,934.2,660.2
2024-09-01,TMO,26.1,45.1,58.3,31.8
2024-10-01,TMO,30.1,45.1,58.3,31.8
2024-11-01,TMO,39.8,45.1,58.3,31.8
2024-12-01,TMO,39.8,45.1,58.3,31.8
2025-01-01,TMO,42.3,45.1,58.3,31.8
2025-02-01,TMO,37.0,45.1,58.3,31.8
2025-03-01,TMO,36.8,45.1,58.3,31.8
2025-04-01,TMO,63.3,45.1,58.3,31.8
2025-05-01,TMO,58.2,45.1,58.3,31.8
2025-06-01,TMO,55.6,45.1,58.3,31.8
2025-07-01,TMO,71.1,45.1,58.3,31.8
2025-08-01,TMO,39.4,45.1,58.3,31.8
2025-09-01,TMO,45.3,45.1,58.3,31.8
2025-10-01,TMO,51.5,45.1,58.3,31.8
2025-11-01,TMO,5.2,45.1,58.3,31.8
2024-09-01,TMUS,85.2,87.0,103.1,71.0
2024-10-01,TMUS,83.0,87.0,103.1,71.0
2024-11-01,TMUS,65.5,87.0,103.1,71.0
2024-12-01,TMUS,79.8,87.0,103.1,71.0
2025-01-01,TMUS,79.8,87.0,103.1,71.0
2025-02-01,TMUS,70.7,87.0,103.1,71.0
2025-03-01,TMUS,88.0,87.0,103.1,71.0
2025-04-01,TMUS,111.3,87.0,103.1,71.0
2025-05-01,TMUS,84.5,87.0,103.1,71.0
2025-06-01,TMUS,104.0,87.0,103.1,71.0
2025-07-01,TMUS,91.6,87.0,103.1,71.0
2025-08-01,TMUS,82.1,87.0,103.1,71.0
2025-09-01,TMUS,85.6,87.0,103.1,71.0
2025-10-01,TMUS,116.4,87.0,103.1,71.0
2025-11-01,TMUS,15.5,87.0,103.1,71.0
2024-09-01,TPL,2.1,3.1,4.6,1.7
2024-10-01,TPL,1.9,3.1,4.6,1.7
2024-11-01,TPL,8.0,3.1,4.6,1.7
2024-12-01,TPL,4.2,3.1,4.6,1.7
2025-01-01,TPL,2.9,3.1,4.6,1.7
2025-02-01,TPL,2.1,3.1,4.6,1.7
2025-03-01,TPL,2.9,3.1,4.6,1.7
2025-04-01,TPL,2.8,3.1,4.6,1.7
2025-05-01,TPL,2.7,3.1,4.6,1.7
2025-06-01,TPL,3.2,3.1,4.6,1.7
2025-07-01,TPL,3.3,3.1,4.6,1.7
2025-08-01,TPL,3.0,3.1,4.6,1.7
2025-09-01,TPL,2.9,3.1,4.6,1.7
2025-10-01,TPL,2.7,3.1,4.6,1.7
2025-11-01,TPL,0.3,3.1,4.6,1.7
2024-09-01,TPR,58.4,90.0,116.3,63.8
2024-10-01,TPR,75.6,90.0,116.3,63.8
2024-11-01,TPR,97.9,90.0,116.3,63.8
2024-12-01,TPR,107.1,90.0,116.3,63.8
2025-01-01,TPR,86.1,90.0,116.3,63.8
2025-02-01,TPR,114.0,90.0,116.3,63.8
2025-03-01,TPR,132.6,90.0,116.3,63.8
2025-04-01,TPR,132.6,90.0,116.3,63.8
2025-05-01,TPR,91.7,90.0,116.3,63.8
2025-06-01,TPR,65.3,90.0,116.3,63.8
2025-07-01,TPR,87.3,90.0,116.3,63.8
2025-08-01,TPR,108.3,90.0,116.3,63.8
2025-09-01,TPR,71.5,90.0,116.3,63.8
2025-10-01,TPR,52.3,90.0,116.3,63.8
2025-11-01,TPR,11.5,90.0,116.3,63.8
2024-09-01,TRGP,39.3,36.6,44.9,28.2
2024-10-01,TRGP,36.3,36.6,44.9,28.2
2024-11-01,TRGP,34.5,36.6,44.9,28.2
2024-12-01,TRGP,38.7,36.6,44.9,28.2
2025-01-01,TRGP,30.3,36.6,44.9,28.2
2025-02-01,TRGP,31.4,36.6,44.9,28.2
2025-03-01,TRGP,36.7,36.6,44.9,28.2
2025-04-01,TRGP,59.1,36.6,44.9,28.2
2025-05-01,TRGP,46.6,36.6,44.9,28.2
2025-06-01,TRGP,39.7,36.6,44.9,28.2
2025-07-01,TRGP,28.6,36.6,44.9,28.2
2025-08-01,TRGP,32.2,36.6,44.9,28.2
2025-09-01,TRGP,30.7,36.6,44.9,28.2
2025-10-01,TRGP,33.6,36.6,44.9,28.2
2025-11-01,TRGP,7.7,36.6,44.9,28.2
2024-09-01,TRMB,29.8,30.1,35.6,24.5
2024-10-01,TRMB,24.0,30.1,35.6,24.5
2024-11-01,TRMB,27.3,30.1,35.6,24.5
2024-12-01,TRMB,27.3,30.1,35.6,24.5
2025-01-01,TRMB,25.6,30.1,35.6,24.5
2025-02-01,TRMB,30.2,30.1,35.6,24.5
2025-03-01,TRMB,39.0,30.1,35.6,24.5
2025-04-01,TRMB,33.6,30.1,35.6,24.5
2025-05-01,TRMB,29.8,30.1,35.6,24.5
2025-06-01,TRMB,26.0,30.1,35.6,24.5
2025-07-01,TRMB,38.8,30.1,35.6,24.5
2025-08-01,TRMB,37.3,30.1,35.6,24.5
2025-09-01,TRMB,29.3,30.1,35.6,24.5
2025-10-01,TRMB,27.6,30.1,35.6,24.5
2025-11-01,TRMB,5.5,30.1,35.6,24.5
2024-09-01,TROW,23.8,33.3,42.6,24.1
2024-10-01,TROW,26.0,33.3,42.6,24.1
2024-11-01,TROW,28.8,33.3,42.6,24.1
2024-12-01,TROW,29.2,33.3,42.6,24.1
2025-01-01,TROW,28.9,33.3,42.6,24.1
2025-02-01,TROW,30.8,33.3,42.6,24.1
2025-03-01,TROW,47.8,33.3,42.6,24.1
2025-04-01,TROW,56.1,33.3,42.6,24.1
2025-05-01,TROW,34.8,33.3,42.6,24.1
2025-06-01,TROW,28.0,33.3,42.6,24.1
2025-07-01,TROW,38.6,33.3,42.6,24.1
2025-08-01,TROW,26.9,33.3,42.6,24.1
2025-09-01,TROW,34.4,33.3,42.6,24.1
2025-10-01,TROW,36.8,33.3,42.6,24.1
2025-11-01,TROW,5.1,33.3,42.6,24.1
2024-09-01,TRV,25.5,26.6,30.6,22.6
2024-10-01,TRV,26.7,26.6,30.6,22.6
2024-11-01,TRV,24.8,26.6,30.6,22.6
2024-12-01,TRV,27.6,26.6,30.6,22.6
2025-01-01,TRV,29.8,26.6,30.6,22.6
2025-02-01,TRV,22.7,26.6,30.6,22.6
2025-03-01,TRV,31.0,26.6,30.6,22.6
2025-04-01,TRV,33.4,26.6,30.6,22.6
2025-05-01,TRV,23.8,26.6,30.6,22.6
2025-06-01,TRV,24.4,26.6,30.6,22.6
2025-07-01,TRV,29.7,26.6,30.6,22.6
2025-08-01,TRV,24.4,26.6,30.6,22.6
2025-09-01,TRV,23.3,26.6,30.6,22.6
2025-10-01,TRV,28.9,26.6,30.6,22.6
2025-11-01,TRV,4.9,26.6,30.6,22.6
2024-09-01,TS,41.3,33.8,40.2,27.4
2024-10-01,TS,33.8,33.8,40.2,27.4
2024-11-01,TS,33.3,33.8,40.2,27.4
2024-12-01,TS,28.7,33.8,40.2,27.4
2025-01-01,TS,27.3,33.8,40.2,27.4
2025-02-01,TS,31.5,33.8,40.2,27.4
2025-03-01,TS,31.1,33.8,40.2,27.4
2025-04-01,TS,44.3,33.8,40.2,27.4
2025-05-01,TS,34.5,33.8,40.2,27.4
2025-06-01,TS,33.9,33.8,40.2,27.4
2025-07-01,TS,30.1,33.8,40.2,27.4
2025-08-01,TS,27.9,33.8,40.2,27.4
2025-09-01,TS,44.5,33.8,40.2,27.4
2025-10-01,TS,36.3,33.8,40.2,27.4
2025-11-01,TS,4.2,33.8,40.2,27.4
2024-09-01,TSCO,74.9,107.8,127.6,88.1
2024-10-01,TSCO,116.6,107.8,127.6,88.1
2024-11-01,TSCO,101.6,107.8,127.6,88.1
2024-12-01,TSCO,110.8,107.8,127.6,88.1
2025-01-01,TSCO,110.8,107.8,127.6,88.1
2025-02-01,TSCO,98.3,107.8,127.6,88.1
2025-03-01,TSCO,103.3,107.8,127.6,88.1
2025-04-01,TSCO,133.2,107.8,127.6,88.1
2025-05-01,TSCO,114.2,107.8,127.6,88.1
2025-06-01,TSCO,123.4,107.8,127.6,88.1
2025-07-01,TSCO,138.0,107.8,127.6,88.1
2025-08-01,TSCO,86.5,107.8,127.6,88.1
2025-09-01,TSCO,91.8,107.8,127.6,88.1
2025-10-01,TSCO,118.2,107.8,127.6,88.1
2025-11-01,TSCO,18.3,107.8,127.6,88.1
2024-09-01,TSLA,1611.2,2028.5,2486.5,1570.6
2024-10-01,TSLA,1910.8,2028.5,2486.5,1570.6
2024-11-01,TSLA,2091.5,2028.5,2486.5,1570.6
2024-12-01,TSLA,1903.4,2028.5,2486.5,1570.6
2025-01-01,TSLA,1510.4,2028.5,2486.5,1570.6
2025-02-01,TSLA,1582.0,2028.5,2486.5,1570.6
2025-03-01,TSLA,2719.0,2028.5,2486.5,1570.6
2025-04-01,TSLA,2958.0,2028.5,2486.5,1570.6
2025-05-01,TSLA,2195.4,2028.5,2486.5,1570.6
2025-06-01,TSLA,2428.8,2028.5,2486.5,1570.6
2025-07-01,TSLA,2157.4,2028.5,2486.5,1570.6
2025-08-01,TSLA,1603.2,2028.5,2486.5,1570.6
2025-09-01,TSLA,1973.2,2028.5,2486.5,1570.6
2025-10-01,TSLA,2032.1,2028.5,2486.5,1570.6
2025-11-01,TSLA,257.9,2028.5,2486.5,1570.6
2024-09-01,TSN,45.9,53.0,64.2,41.8
2024-10-01,TSN,39.6,53.0,64.2,41.8
2024-11-01,TSN,54.6,53.0,64.2,41.8
2024-12-01,TSN,44.1,53.0,64.2,41.8
2025-01-01,TSN,47.3,53.0,64.2,41.8
2025-02-01,TSN,50.8,53.0,64.2,41.8
2025-03-01,TSN,52.2,53.0,64.2,41.8
2025-04-01,TSN,49.8,53.0,64.2,41.8
2025-05-01,TSN,82.2,53.0,64.2,41.8
2025-06-01,TSN,51.8,53.0,64.2,41.8
2025-07-01,TSN,54.0,53.0,64.2,41.8
2025-08-01,TSN,59.5,53.0,64.2,41.8
2025-09-01,TSN,56.8,53.0,64.2,41.8
2025-10-01,TSN,62.0,53.0,64.2,41.8
2025-11-01,TSN,7.6,53.0,64.2,41.8
2024-09-01,TT,21.3,27.7,32.9,22.4
2024-10-01,TT,23.7,27.7,32.9,22.4
2024-11-01,TT,24.6,27.7,32.9,22.4
2024-12-01,TT,23.4,27.7,32.9,22.4
2025-01-01,TT,31.0,27.7,32.9,22.4
2025-02-01,TT,30.9,27.7,32.9,22.4
2025-03-01,TT,36.0,27.7,32.9,22.4
2025-04-01,TT,34.8,27.7,32.9,22.4
2025-05-01,TT,30.0,27.7,32.9,22.4
2025-06-01,TT,25.1,27.7,32.9,22.4
2025-07-01,TT,28.4,27.7,32.9,22.4
2025-08-01,TT,22.4,27.7,32.9,22.4
2025-09-01,TT,30.6,27.7,32.9,22.4
2025-10-01,TT,29.5,27.7,32.9,22.4
2025-11-01,TT,3.7,27.7,32.9,22.4
2024-09-01,TTD,54.7,197.6,316.8,78.4
2024-10-01,TTD,54.9,197.6,316.8,78.4
2024-11-01,TTD,93.6,197.6,316.8,78.4
2024-12-01,TTD,73.5,197.6,316.8,78.4
2025-01-01,TTD,69.2,197.6,316.8,78.4
2025-02-01,TTD,229.5,197.6,316.8,78.4
2025-03-01,TTD,253.1,197.6,316.8,78.4
2025-04-01,TTD,206.8,197.6,316.8,78.4
2025-05-01,TTD,248.7,197.6,316.8,78.4
2025-06-01,TTD,139.3,197.6,316.8,78.4
2025-07-01,TTD,310.7,197.6,316.8,78.4
2025-08-01,TTD,396.6,197.6,316.8,78.4
2025-09-01,TTD,413.5,197.6,316.8,78.4
2025-10-01,TTD,241.2,197.6,316.8,78.4
2025-11-01,TTD,28.2,197.6,316.8,78.4
2024-09-01,TTWO,31.6,36.5,45.9,27.1
2024-10-01,TTWO,28.1,36.5,45.9,27.1
2024-11-01,TTWO,33.0,36.5,45.9,27.1
2024-12-01,TTWO,29.5,36.5,45.9,27.1
2025-01-01,TTWO,30.8,36.5,45.9,27.1
2025-02-01,TTWO,38.4,36.5,45.9,27.1
2025-03-01,TTWO,36.6,36.5,45.9,27.1
2025-04-01,TTWO,43.0,36.5,45.9,27.1
2025-05-01,TTWO,63.5,36.5,45.9,27.1
2025-06-01,TTWO,42.2,36.5,45.9,27.1
2025-07-01,TTWO,37.7,36.5,45.9,27.1
2025-08-01,TTWO,37.6,36.5,45.9,27.1
2025-09-01,TTWO,36.4,36.5,45.9,27.1
2025-10-01,TTWO,29.4,36.5,45.9,27.1
2025-11-01,TTWO,5.6,36.5,45.9,27.1
2024-09-01,TUR,1.7,3.2,5.0,1.4
2024-10-01,TUR,2.5,3.2,5.0,1.4
2024-11-01,TUR,2.6,3.2,5.0,1.4
2024-12-01,TUR,3.1,3.2,5.0,1.4
2025-01-01,TUR,2.3,3.2,5.0,1.4
2025-02-01,TUR,1.4,3.2,5.0,1.4
2025-03-01,TUR,8.9,3.2,5.0,1.4
2025-04-01,TUR,4.3,3.2,5.0,1.4
2025-05-01,TUR,2.7,3.2,5.0,1.4
2025-06-01,TUR,2.7,3.2,5.0,1.4
2025-07-01,TUR,2.4,3.2,5.0,1.4
2025-08-01,TUR,2.4,3.2,5.0,1.4
2025-09-01,TUR,4.9,3.2,5.0,1.4
2025-10-01,TUR,3.0,3.2,5.0,1.4
2025-11-01,TUR,0.2,3.2,5.0,1.4
2024-09-01,TXN,108.4,142.5,181.3,103.7
2024-10-01,TXN,120.8,142.5,181.3,103.7
2024-11-01,TXN,122.9,142.5,181.3,103.7
2024-12-01,TXN,109.8,142.5,181.3,103.7
2025-01-01,TXN,141.7,142.5,181.3,103.7
2025-02-01,TXN,116.4,142.5,181.3,103.7
2025-03-01,TXN,133.5,142.5,181.3,103.7
2025-04-01,TXN,238.8,142.5,181.3,103.7
2025-05-01,TXN,154.2,142.5,181.3,103.7
2025-06-01,TXN,117.5,142.5,181.3,103.7
2025-07-01,TXN,165.4,142.5,181.3,103.7
2025-08-01,TXN,119.4,142.5,181.3,103.7
2025-09-01,TXN,157.8,142.5,181.3,103.7
2025-10-01,TXN,199.6,142.5,181.3,103.7
2025-11-01,TXN,26.4,142.5,181.3,103.7
2024-09-01,TXT,20.8,28.8,35.4,22.2
2024-10-01,TXT,24.9,28.8,35.4,22.2
2024-11-01,TXT,22.4,28.8,35.4,22.2
2024-12-01,TXT,24.2,28.8,35.4,22.2
2025-01-01,TXT,28.6,28.8,35.4,22.2
2025-02-01,TXT,23.1,28.8,35.4,22.2
2025-03-01,TXT,35.6,28.8,35.4,22.2
2025-04-01,TXT,35.8,28.8,35.4,22.2
2025-05-01,TXT,29.4,28.8,35.4,22.2
2025-06-01,TXT,30.4,28.8,35.4,22.2
2025-07-01,TXT,41.6,28.8,35.4,22.2
2025-08-01,TXT,24.6,28.8,35.4,22.2
2025-09-01,TXT,30.2,28.8,35.4,22.2
2025-10-01,TXT,34.5,28.8,35.4,22.2
2025-11-01,TXT,4.1,28.8,35.4,22.2
2024-09-01,TYL,5.5,6.1,7.4,4.8
2024-10-01,TYL,5.4,6.1,7.4,4.8
2024-11-01,TYL,6.0,6.1,7.4,4.8
2024-12-01,TYL,4.9,6.1,7.4,4.8
2025-01-01,TYL,4.6,6.1,7.4,4.8
2025-02-01,TYL,5.0,6.1,7.4,4.8
2025-03-01,TYL,6.2,6.1,7.4,4.8
2025-04-01,TYL,7.5,6.1,7.4,4.8
2025-05-01,TYL,5.1,6.1,7.4,4.8
2025-06-01,TYL,5.7,6.1,7.4,4.8
2025-07-01,TYL,7.7,6.1,7.4,4.8
2025-08-01,TYL,6.9,6.1,7.4,4.8
2025-09-01,TYL,6.7,6.1,7.4,4.8
2025-10-01,TYL,8.7,6.1,7.4,4.8
2025-11-01,TYL,1.6,6.1,7.4,4.8
2024-09-01,UAL,152.1,152.3,197.5,107.2
2024-10-01,UAL,211.3,152.3,197.5,107.2
2024-11-01,UAL,116.5,152.3,197.5,107.2
2024-12-01,UAL,96.5,152.3,197.5,107.2
2025-01-01,UAL,138.1,152.3,197.5,107.2
2025-02-01,UAL,122.7,152.3,197.5,107.2
2025-03-01,UAL,209.1,152.3,197.5,107.2
2025-04-01,UAL,243.9,152.3,197.5,107.2
2025-05-01,UAL,163.6,152.3,197.5,107.2
2025-06-01,UAL,142.4,152.3,197.5,107.2
2025-07-01,UAL,173.3,152.3,197.5,107.2
2025-08-01,UAL,99.0,152.3,197.5,107.2
2025-09-01,UAL,119.8,152.3,197.5,107.2
2025-10-01,UAL,157.3,152.3,197.5,107.2
2025-11-01,UAL,19.0,152.3,197.5,107.2
2024-09-01,UBER,277.7,424.0,524.7,323.3
2024-10-01,UBER,408.9,424.0,524.7,323.3
2024-11-01,UBER,406.3,424.0,524.7,323.3
2024-12-01,UBER,627.6,424.0,524.7,323.3
2025-01-01,UBER,504.4,424.0,524.7,323.3
2025-02-01,UBER,571.0,424.0,524.7,323.3
2025-03-01,UBER,365.8,424.0,524.7,323.3
2025-04-01,UBER,425.3,424.0,524.7,323.3
2025-05-01,UBER,536.4,424.0,524.7,323.3
2025-06-01,UBER,442.4,424.0,524.7,323.3
2025-07-01,UBER,363.8,424.0,524.7,323.3
2025-08-01,UBER,380.1,424.0,524.7,323.3
2025-09-01,UBER,391.8,424.0,524.7,323.3
2025-10-01,UBER,321.7,424.0,524.7,323.3
2025-11-01,UBER,97.8,424.0,524.7,323.3
2024-09-01,UDR,52.5,47.0,56.5,37.5
2024-10-01,UDR,41.8,47.0,56.5,37.5
2024-11-01,UDR,43.4,47.0,56.5,37.5
2024-12-01,UDR,35.8,47.0,56.5,37.5
2025-01-01,UDR,40.8,47.0,56.5,37.5
2025-02-01,UDR,39.1,47.0,56.5,37.5
2025-03-01,UDR,43.0,47.0,56.5,37.5
2025-04-01,UDR,58.2,47.0,56.5,37.5
2025-05-01,UDR,46.5,47.0,56.5,37.5
2025-06-01,UDR,47.5,47.0,56.5,37.5
2025-07-01,UDR,48.3,47.0,56.5,37.5
2025-08-01,UDR,43.2,47.0,56.5,37.5
2025-09-01,UDR,54.4,47.0,56.5,37.5
2025-10-01,UDR,68.2,47.0,56.5,37.5
2025-11-01,UDR,9.3,47.0,56.5,37.5
2024-09-01,UHS,13.8,16.3,20.3,12.3
2024-10-01,UHS,19.8,16.3,20.3,12.3
2024-11-01,UHS,15.7,16.3,20.3,12.3
2024-12-01,UHS,12.2,16.3,20.3,12.3
2025-01-01,UHS,9.5,16.3,20.3,12.3
2025-02-01,UHS,15.3,16.3,20.3,12.3
2025-03-01,UHS,22.6,16.3,20.3,12.3
2025-04-01,UHS,18.5,16.3,20.3,12.3
2025-05-01,UHS,15.2,16.3,20.3,12.3
2025-06-01,UHS,19.5,16.3,20.3,12.3
2025-07-01,UHS,22.6,16.3,20.3,12.3
2025-08-01,UHS,15.9,16.3,20.3,12.3
2025-09-01,UHS,14.6,16.3,20.3,12.3
2025-10-01,UHS,14.1,16.3,20.3,12.3
2025-11-01,UHS,2.1,16.3,20.3,12.3
2024-09-01,ULTA,25.3,18.6,23.6,13.7
2024-10-01,ULTA,25.0,18.6,23.6,13.7
2024-11-01,ULTA,18.9,18.6,23.6,13.7
2024-12-01,ULTA,21.8,18.6,23.6,13.7
2025-01-01,ULTA,15.7,18.6,23.6,13.7
2025-02-01,ULTA,19.3,18.6,23.6,13.7
2025-03-01,ULTA,27.1,18.6,23.6,13.7
2025-04-01,ULTA,20.1,18.6,23.6,13.7
2025-05-01,ULTA,19.3,18.6,23.6,13.7
2025-06-01,ULTA,15.6,18.6,23.6,13.7
2025-07-01,ULTA,12.5,18.6,23.6,13.7
2025-08-01,ULTA,16.5,18.6,23.6,13.7
2025-09-01,ULTA,15.1,18.6,23.6,13.7
2025-10-01,ULTA,12.2,18.6,23.6,13.7
2025-11-01,ULTA,1.4,18.6,23.6,13.7
2024-09-01,UNG,118.1,177.6,229.6,125.5
2024-10-01,UNG,157.1,177.6,229.6,125.5
2024-11-01,UNG,190.1,177.6,229.6,125.5
2024-12-01,UNG,202.5,177.6,229.6,125.5
2025-01-01,UNG,225.0,177.6,229.6,125.5
2025-02-01,UNG,149.3,177.6,229.6,125.5
2025-03-01,UNG,149.1,177.6,229.6,125.5
2025-04-01,UNG,150.6,177.6,229.6,125.5
2025-05-01,UNG,144.9,177.6,229.6,125.5
2025-06-01,UNG,134.5,177.6,229.6,125.5
2025-07-01,UNG,194.3,177.6,229.6,125.5
2025-08-01,UNG,183.5,177.6,229.6,125.5
2025-09-01,UNG,174.4,177.6,229.6,125.5
2025-10-01,UNG,321.2,177.6,229.6,125.5
2025-11-01,UNG,43.8,177.6,229.6,125.5
2024-09-01,UNH,60.9,208.9,366.9,50.9
2024-10-01,UNH,74.1,208.9,366.9,50.9
2024-11-01,UNH,67.0,208.9,366.9,50.9
2024-12-01,UNH,143.9,208.9,366.9,50.9
2025-01-01,UNH,91.2,208.9,366.9,50.9
2025-02-01,UNH,103.7,208.9,366.9,50.9
2025-03-01,UNH,93.1,208.9,366.9,50.9
2025-04-01,UNH,184.5,208.9,366.9,50.9
2025-05-01,UNH,626.6,208.9,366.9,50.9
2025-06-01,UNH,253.2,208.9,366.9,50.9
2025-07-01,UNH,347.6,208.9,366.9,50.9
2025-08-01,UNH,417.8,208.9,366.9,50.9
2025-09-01,UNH,274.8,208.9,366.9,50.9
2025-10-01,UNH,199.6,208.9,366.9,50.9
2025-11-01,UNH,30.5,208.9,366.9,50.9
2024-09-01,UNP,51.0,67.9,88.0,47.9
2024-10-01,UNP,53.3,67.9,88.0,47.9
2024-11-01,UNP,51.4,67.9,88.0,47.9
2024-12-01,UNP,56.5,67.9,88.0,47.9
2025-01-01,UNP,58.3,67.9,88.0,47.9
2025-02-01,UNP,50.7,67.9,88.0,47.9
2025-03-01,UNP,53.3,67.9,88.0,47.9
2025-04-01,UNP,82.7,67.9,88.0,47.9
2025-05-01,UNP,61.8,67.9,88.0,47.9
2025-06-01,UNP,66.9,67.9,88.0,47.9
2025-07-01,UNP,105.2,67.9,88.0,47.9
2025-08-01,UNP,86.5,67.9,88.0,47.9
2025-09-01,UNP,105.8,67.9,88.0,47.9
2025-10-01,UNP,74.2,67.9,88.0,47.9
2025-11-01,UNP,9.0,67.9,88.0,47.9
2024-09-01,UPS,91.9,126.9,165.2,88.6
2024-10-01,UPS,82.6,126.9,165.2,88.6
2024-11-01,UPS,69.5,126.9,165.2,88.6
2024-12-01,UPS,102.4,126.9,165.2,88.6
2025-01-01,UPS,135.8,126.9,165.2,88.6
2025-02-01,UPS,118.1,126.9,165.2,88.6
2025-03-01,UPS,129.5,126.9,165.2,88.6
2025-04-01,UPS,142.6,126.9,165.2,88.6
2025-05-01,UPS,120.3,126.9,165.2,88.6
2025-06-01,UPS,97.0,126.9,165.2,88.6
2025-07-01,UPS,154.4,126.9,165.2,88.6
2025-08-01,UPS,172.4,126.9,165.2,88.6
2025-09-01,UPS,184.7,126.9,165.2,88.6
2025-10-01,UPS,186.8,126.9,165.2,88.6
2025-11-01,UPS,20.4,126.9,165.2,88.6
2024-09-01,URA,61.7,75.9,106.1,45.6
2024-10-01,URA,68.0,75.9,106.1,45.6
2024-11-01,URA,66.4,75.9,106.1,45.6
2024-12-01,URA,47.5,75.9,106.1,45.6
2025-01-01,URA,66.9,75.9,106.1,45.6
2025-02-01,URA,55.3,75.9,106.1,45.6
2025-03-01,URA,64.3,75.9,106.1,45.6
2025-04-01,URA,61.3,75.9,106.1,45.6
2025-05-01,URA,76.5,75.9,106.1,45.6
2025-06-01,URA,80.0,75.9,106.1,45.6
2025-07-01,URA,73.8,75.9,106.1,45.6
2025-08-01,URA,73.1,75.9,106.1,45.6
2025-09-01,URA,95.5,75.9,106.1,45.6
2025-10-01,URA,170.9,75.9,106.1,45.6
2025-11-01,URA,18.7,75.9,106.1,45.6
2024-09-01,URI,9.0,12.1,14.8,9.4
2024-10-01,URI,10.7,12.1,14.8,9.4
2024-11-01,URI,11.7,12.1,14.8,9.4
2024-12-01,URI,10.8,12.1,14.8,9.4
2025-01-01,URI,14.6,12.1,14.8,9.4
2025-02-01,URI,12.3,12.1,14.8,9.4
2025-03-01,URI,15.1,12.1,14.8,9.4
2025-04-01,URI,18.0,12.1,14.8,9.4
2025-05-01,URI,11.6,12.1,14.8,9.4
2025-06-01,URI,9.5,12.1,14.8,9.4
2025-07-01,URI,14.8,12.1,14.8,9.4
2025-08-01,URI,10.2,12.1,14.8,9.4
2025-09-01,URI,10.8,12.1,14.8,9.4
2025-10-01,URI,11.9,12.1,14.8,9.4
2025-11-01,URI,1.5,12.1,14.8,9.4
2024-09-01,URNM,12.0,13.5,17.0,10.0
2024-10-01,URNM,11.3,13.5,17.0,10.0
2024-11-01,URNM,10.8,13.5,17.0,10.0
2024-12-01,URNM,8.7,13.5,17.0,10.0
2025-01-01,URNM,11.4,13.5,17.0,10.0
2025-02-01,URNM,16.6,13.5,17.0,10.0
2025-03-01,URNM,15.9,13.5,17.0,10.0
2025-04-01,URNM,10.2,13.5,17.0,10.0
2025-05-01,URNM,13.1,13.5,17.0,10.0
2025-06-01,URNM,17.0,13.5,17.0,10.0
2025-07-01,URNM,13.0,13.5,17.0,10.0
2025-08-01,URNM,13.7,13.5,17.0,10.0
2025-09-01,URNM,15.8,13.5,17.0,10.0
2025-10-01,URNM,21.3,13.5,17.0,10.0
2025-11-01,URNM,2.7,13.5,17.0,10.0
2024-09-01,USB,162.4,200.4,253.0,147.8
2024-10-01,USB,188.1,200.4,253.0,147.8
2024-11-01,USB,161.1,200.4,253.0,147.8
2024-12-01,USB,140.6,200.4,253.0,147.8
2025-01-01,USB,195.2,200.4,253.0,147.8
2025-02-01,USB,162.3,200.4,253.0,147.8
2025-03-01,USB,286.7,200.4,253.0,147.8
2025-04-01,USB,286.4,200.4,253.0,147.8
2025-05-01,USB,151.7,200.4,253.0,147.8
2025-06-01,USB,215.4,200.4,253.0,147.8
2025-07-01,USB,275.6,200.4,253.0,147.8
2025-08-01,USB,168.9,200.4,253.0,147.8
2025-09-01,USB,207.5,200.4,253.0,147.8
2025-10-01,USB,225.5,200.4,253.0,147.8
2025-11-01,USB,23.2,200.4,253.0,147.8
2024-09-01,USO,65.3,102.9,167.0,38.8
2024-10-01,USO,114.8,102.9,167.0,38.8
2024-11-01,USO,57.6,102.9,167.0,38.8
2024-12-01,USO,46.5,102.9,167.0,38.8
2025-01-01,USO,62.0,102.9,167.0,38.8
2025-02-01,USO,52.6,102.9,167.0,38.8
2025-03-01,USO,54.0,102.9,167.0,38.8
2025-04-01,USO,120.4,102.9,167.0,38.8
2025-05-01,USO,106.8,102.9,167.0,38.8
2025-06-01,USO,310.8,102.9,167.0,38.8
2025-07-01,USO,113.5,102.9,167.0,38.8
2025-08-01,USO,98.4,102.9,167.0,38.8
2025-09-01,USO,105.6,102.9,167.0,38.8
2025-10-01,USO,143.6,102.9,167.0,38.8
2025-11-01,USO,11.0,102.9,167.0,38.8
2024-09-01,UUP,13.7,22.7,30.4,15.0
2024-10-01,UUP,17.3,22.7,30.4,15.0
2024-11-01,UUP,18.2,22.7,30.4,15.0
2024-12-01,UUP,17.0,22.7,30.4,15.0
2025-01-01,UUP,42.0,22.7,30.4,15.0
2025-02-01,UUP,22.2,22.7,30.4,15.0
2025-03-01,UUP,16.0,22.7,30.4,15.0
2025-04-01,UUP,30.5,22.7,30.4,15.0
2025-05-01,UUP,20.8,22.7,30.4,15.0
2025-06-01,UUP,28.6,22.7,30.4,15.0
2025-07-01,UUP,31.6,22.7,30.4,15.0
2025-08-01,UUP,20.6,22.7,30.4,15.0
2025-09-01,UUP,18.5,22.7,30.4,15.0
2025-10-01,UUP,24.7,22.7,30.4,15.0
2025-11-01,UUP,3.4,22.7,30.4,15.0
2024-09-01,V,166.3,132.9,154.7,111.1
2024-10-01,V,128.7,132.9,154.7,111.1
2024-11-01,V,117.0,132.9,154.7,111.1
2024-12-01,V,131.7,132.9,154.7,111.1
2025-01-01,V,118.0,132.9,154.7,111.1
2025-02-01,V,118.0,132.9,154.7,111.1
2025-03-01,V,162.2,132.9,154.7,111.1
2025-04-01,V,158.3,132.9,154.7,111.1
2025-05-01,V,112.9,132.9,154.7,111.1
2025-06-01,V,153.1,132.9,154.7,111.1
2025-07-01,V,130.4,132.9,154.7,111.1
2025-08-01,V,125.8,132.9,154.7,111.1
2025-09-01,V,131.7,132.9,154.7,111.1
2025-10-01,V,128.8,132.9,154.7,111.1
2025-11-01,V,16.4,132.9,154.7,111.1
2024-09-01,VAL,27.7,32.8,39.9,25.7
2024-10-01,VAL,32.2,32.8,39.9,25.7
2024-11-01,VAL,32.1,32.8,39.9,25.7
2024-12-01,VAL,34.7,32.8,39.9,25.7
2025-01-01,VAL,29.5,32.8,39.9,25.7
2025-02-01,VAL,40.1,32.8,39.9,25.7
2025-03-01,VAL,41.5,32.8,39.9,25.7
2025-04-01,VAL,48.2,32.8,39.9,25.7
2025-05-01,VAL,36.1,32.8,39.9,25.7
2025-06-01,VAL,33.0,32.8,39.9,25.7
2025-07-01,VAL,30.8,32.8,39.9,25.7
2025-08-01,VAL,25.8,32.8,39.9,25.7
2025-09-01,VAL,25.3,32.8,39.9,25.7
2025-10-01,VAL,28.5,32.8,39.9,25.7
2025-11-01,VAL,2.9,32.8,39.9,25.7
2024-09-01,VICI,109.9,137.8,175.7,99.9
2024-10-01,VICI,85.4,137.8,175.7,99.9
2024-11-01,VICI,100.8,137.8,175.7,99.9
2024-12-01,VICI,112.3,137.8,175.7,99.9
2025-01-01,VICI,141.6,137.8,175.7,99.9
2025-02-01,VICI,115.0,137.8,175.7,99.9
2025-03-01,VICI,176.3,137.8,175.7,99.9
2025-04-01,VICI,177.6,137.8,175.7,99.9
2025-05-01,VICI,120.7,137.8,175.7,99.9
2025-06-01,VICI,116.9,137.8,175.7,99.9
2025-07-01,VICI,128.2,137.8,175.7,99.9
2025-08-01,VICI,167.1,137.8,175.7,99.9
2025-09-01,VICI,190.3,137.8,175.7,99.9
2025-10-01,VICI,200.9,137.8,175.7,99.9
2025-11-01,VICI,29.9,137.8,175.7,99.9
2024-09-01,VLO,66.1,62.9,75.7,50.1
2024-10-01,VLO,63.0,62.9,75.7,50.1
2024-11-01,VLO,45.9,62.9,75.7,50.1
2024-12-01,VLO,61.6,62.9,75.7,50.1
2025-01-01,VLO,61.5,62.9,75.7,50.1
2025-02-01,VLO,61.6,62.9,75.7,50.1
2025-03-01,VLO,76.2,62.9,75.7,50.1
2025-04-01,VLO,87.9,62.9,75.7,50.1
2025-05-01,VLO,61.9,62.9,75.7,50.1
2025-06-01,VLO,64.9,62.9,75.7,50.1
2025-07-01,VLO,75.1,62.9,75.7,50.1
2025-08-01,VLO,45.4,62.9,75.7,50.1
2025-09-01,VLO,67.1,62.9,75.7,50.1
2025-10-01,VLO,53.2,62.9,75.7,50.1
2025-11-01,VLO,5.6,62.9,75.7,50.1
2024-09-01,VLTO,36.5,28.7,33.9,23.6
2024-10-01,VLTO,31.9,28.7,33.9,23.6
2024-11-01,VLTO,27.1,28.7,33.9,23.6
2024-12-01,VLTO,26.1,28.7,33.9,23.6
2025-01-01,VLTO,26.0,28.7,33.9,23.6
2025-02-01,VLTO,31.9,28.7,33.9,23.6
2025-03-01,VLTO,30.2,28.7,33.9,23.6
2025-04-01,VLTO,36.3,28.7,33.9,23.6
2025-05-01,VLTO,26.5,28.7,33.9,23.6
2025-06-01,VLTO,24.1,28.7,33.9,23.6
2025-07-01,VLTO,27.7,28.7,33.9,23.6
2025-08-01,VLTO,20.2,28.7,33.9,23.6
2025-09-01,VLTO,28.8,28.7,33.9,23.6
2025-10-01,VLTO,33.0,28.7,33.9,23.6
2025-11-01,VLTO,5.4,28.7,33.9,23.6
2024-09-01,VMC,19.9,19.9,25.0,14.8
2024-10-01,VMC,21.4,19.9,25.0,14.8
2024-11-01,VMC,16.5,19.9,25.0,14.8
2024-12-01,VMC,15.7,19.9,25.0,14.8
2025-01-01,VMC,13.1,19.9,25.0,14.8
2025-02-01,VMC,16.6,19.9,25.0,14.8
2025-03-01,VMC,31.4,19.9,25.0,14.8
2025-04-01,VMC,28.8,19.9,25.0,14.8
2025-05-01,VMC,23.1,19.9,25.0,14.8
2025-06-01,VMC,19.5,19.9,25.0,14.8
2025-07-01,VMC,21.1,19.9,25.0,14.8
2025-08-01,VMC,17.9,19.9,25.0,14.8
2025-09-01,VMC,15.8,19.9,25.0,14.8
2025-10-01,VMC,19.3,19.9,25.0,14.8
2025-11-01,VMC,5.5,19.9,25.0,14.8
2024-09-01,VNM,6.0,14.8,24.9,4.7
2024-10-01,VNM,7.5,14.8,24.9,4.7
2024-11-01,VNM,8.7,14.8,24.9,4.7
2024-12-01,VNM,8.2,14.8,24.9,4.7
2025-01-01,VNM,5.8,14.8,24.9,4.7
2025-02-01,VNM,9.4,14.8,24.9,4.7
2025-03-01,VNM,19.8,14.8,24.9,4.7
2025-04-01,VNM,43.6,14.8,24.9,4.7
2025-05-01,VNM,11.5,14.8,24.9,4.7
2025-06-01,VNM,9.4,14.8,24.9,4.7
2025-07-01,VNM,22.7,14.8,24.9,4.7
2025-08-01,VNM,13.2,14.8,24.9,4.7
2025-09-01,VNM,15.2,14.8,24.9,4.7
2025-10-01,VNM,25.6,14.8,24.9,4.7
2025-11-01,VNM,2.4,14.8,24.9,4.7
2024-09-01,VRSK,15.0,19.2,25.5,13.0
2024-10-01,VRSK,15.0,19.2,25.5,13.0
2024-11-01,VRSK,12.4,19.2,25.5,13.0
2024-12-01,VRSK,15.2,19.2,25.5,13.0
2025-01-01,VRSK,14.7,19.2,25.5,13.0
2025-02-01,VRSK,14.2,19.2,25.5,13.0
2025-03-01,VRSK,19.4,19.2,25.5,13.0
2025-04-01,VRSK,22.0,19.2,25.5,13.0
2025-05-01,VRSK,16.8,19.2,25.5,13.0
2025-06-01,VRSK,17.0,19.2,25.5,13.0
2025-07-01,VRSK,22.7,19.2,25.5,13.0
2025-08-01,VRSK,23.0,19.2,25.5,13.0
2025-09-01,VRSK,27.3,19.2,25.5,13.0
2025-10-01,VRSK,34.7,19.2,25.5,13.0
2025-11-01,VRSK,5.9,19.2,25.5,13.0
2024-09-01,VRSN,13.7,16.7,20.4,13.0
2024-10-01,VRSN,13.5,16.7,20.4,13.0
2024-11-01,VRSN,12.9,16.7,20.4,13.0
2024-12-01,VRSN,13.8,16.7,20.4,13.0
2025-01-01,VRSN,14.3,16.7,20.4,13.0
2025-02-01,VRSN,16.9,16.7,20.4,13.0
2025-03-01,VRSN,17.5,16.7,20.4,13.0
2025-04-01,VRSN,21.9,16.7,20.4,13.0
2025-05-01,VRSN,20.3,16.7,20.4,13.0
2025-06-01,VRSN,13.7,16.7,20.4,13.0
2025-07-01,VRSN,21.0,16.7,20.4,13.0
2025-08-01,VRSN,18.4,16.7,20.4,13.0
2025-09-01,VRSN,15.4,16.7,20.4,13.0
2025-10-01,VRSN,22.3,16.7,20.4,13.0
2025-11-01,VRSN,3.1,16.7,20.4,13.0
2024-09-01,VRTX,20.1,31.7,40.8,22.5
2024-10-01,VRTX,23.2,31.7,40.8,22.5
2024-11-01,VRTX,28.8,31.7,40.8,22.5
2024-12-01,VRTX,38.6,31.7,40.8,22.5
2025-01-01,VRTX,31.7,31.7,40.8,22.5
2025-02-01,VRTX,27.5,31.7,40.8,22.5
2025-03-01,VRTX,29.0,31.7,40.8,22.5
2025-04-01,VRTX,35.0,31.7,40.8,22.5
2025-05-01,VRTX,45.5,31.7,40.8,22.5
2025-06-01,VRTX,26.3,31.7,40.8,22.5
2025-07-01,VRTX,23.7,31.7,40.8,22.5
2025-08-01,VRTX,53.0,31.7,40.8,22.5
2025-09-01,VRTX,35.4,31.7,40.8,22.5
2025-10-01,VRTX,30.4,31.7,40.8,22.5
2025-11-01,VRTX,5.7,31.7,40.8,22.5
2024-09-01,VST,165.9,136.0,175.3,96.6
2024-10-01,VST,177.9,136.0,175.3,96.6
2024-11-01,VST,130.8,136.0,175.3,96.6
2024-12-01,VST,98.3,136.0,175.3,96.6
2025-01-01,VST,213.1,136.0,175.3,96.6
2025-02-01,VST,155.1,136.0,175.3,96.6
2025-03-01,VST,183.4,136.0,175.3,96.6
2025-04-01,VST,158.2,136.0,175.3,96.6
2025-05-01,VST,136.6,136.0,175.3,96.6
2025-06-01,VST,106.7,136.0,175.3,96.6
2025-07-01,VST,108.5,136.0,175.3,96.6
2025-08-01,VST,88.4,136.0,175.3,96.6
2025-09-01,VST,103.2,136.0,175.3,96.6
2025-10-01,VST,106.8,136.0,175.3,96.6
2025-11-01,VST,10.9,136.0,175.3,96.6
2024-09-01,VTR,66.9,60.6,70.4,50.8
2024-10-01,VTR,51.0,60.6,70.4,50.8
2024-11-01,VTR,52.6,60.6,70.4,50.8
2024-12-01,VTR,63.0,60.6,70.4,50.8
2025-01-01,VTR,50.2,60.6,70.4,50.8
2025-02-01,VTR,56.0,60.6,70.4,50.8
2025-03-01,VTR,72.8,60.6,70.4,50.8
2025-04-01,VTR,68.6,60.6,70.4,50.8
2025-05-01,VTR,66.8,60.6,70.4,50.8
2025-06-01,VTR,77.4,60.6,70.4,50.8
2025-07-01,VTR,58.9,60.6,70.4,50.8
2025-08-01,VTR,54.7,60.6,70.4,50.8
2025-09-01,VTR,61.4,60.6,70.4,50.8
2025-10-01,VTR,59.0,60.6,70.4,50.8
2025-11-01,VTR,11.4,60.6,70.4,50.8
2024-09-01,VTRS,210.7,223.7,298.1,149.4
2024-10-01,VTRS,113.1,223.7,298.1,149.4
2024-11-01,VTRS,169.4,223.7,298.1,149.4
2024-12-01,VTRS,194.9,223.7,298.1,149.4
2025-01-01,VTRS,204.2,223.7,298.1,149.4
2025-02-01,VTRS,221.0,223.7,298.1,149.4
2025-03-01,VTRS,374.7,223.7,298.1,149.4
2025-04-01,VTRS,281.0,223.7,298.1,149.4
2025-05-01,VTRS,368.0,223.7,298.1,149.4
2025-06-01,VTRS,257.1,223.7,298.1,149.4
2025-07-01,VTRS,182.2,223.7,298.1,149.4
2025-08-01,VTRS,200.9,223.7,298.1,149.4
2025-09-01,VTRS,237.3,223.7,298.1,149.4
2025-10-01,VTRS,168.3,223.7,298.1,149.4
2025-11-01,VTRS,37.6,223.7,298.1,149.4
2024-09-01,VZ,462.9,440.9,574.4,307.3
2024-10-01,VZ,382.0,440.9,574.4,307.3
2024-11-01,VZ,339.6,440.9,574.4,307.3
2024-12-01,VZ,372.6,440.9,574.4,307.3
2025-01-01,VZ,532.0,440.9,574.4,307.3
2025-02-01,VZ,368.6,440.9,574.4,307.3
2025-03-01,VZ,605.8,440.9,574.4,307.3
2025-04-01,VZ,566.6,440.9,574.4,307.3
2025-05-01,VZ,315.5,440.9,574.4,307.3
2025-06-01,VZ,346.9,440.9,574.4,307.3
2025-07-01,VZ,440.2,440.9,574.4,307.3
2025-08-01,VZ,325.9,440.9,574.4,307.3
2025-09-01,VZ,380.2,440.9,574.4,307.3
2025-10-01,VZ,762.9,440.9,574.4,307.3
2025-11-01,VZ,96.4,440.9,574.4,307.3
2024-09-01,WAB,21.8,21.7,26.0,17.5
2024-10-01,WAB,20.5,21.7,26.0,17.5
2024-11-01,WAB,16.0,21.7,26.0,17.5
2024-12-01,WAB,27.4,21.7,26.0,17.5
2025-01-01,WAB,17.8,21.7,26.0,17.5
2025-02-01,WAB,28.0,21.7,26.0,17.5
2025-03-01,WAB,24.4,21.7,26.0,17.5
2025-04-01,WAB,22.4,21.7,26.0,17.5
2025-05-01,WAB,17.8,21.7,26.0,17.5
2025-06-01,WAB,17.8,21.7,26.0,17.5
2025-07-01,WAB,27.0,21.7,26.0,17.5
2025-08-01,WAB,22.3,21.7,26.0,17.5
2025-09-01,WAB,24.0,21.7,26.0,17.5
2025-10-01,WAB,20.7,21.7,26.0,17.5
2025-11-01,WAB,3.2,21.7,26.0,17.5
2024-09-01,WAT,7.5,12.1,16.3,7.9
2024-10-01,WAT,8.8,12.1,16.3,7.9
2024-11-01,WAT,12.9,12.1,16.3,7.9
2024-12-01,WAT,9.3,12.1,16.3,7.9
2025-01-01,WAT,8.5,12.1,16.3,7.9
2025-02-01,WAT,9.7,12.1,16.3,7.9
2025-03-01,WAT,10.1,12.1,16.3,7.9
2025-04-01,WAT,13.0,12.1,16.3,7.9
2025-05-01,WAT,11.9,12.1,16.3,7.9
2025-06-01,WAT,9.5,12.1,16.3,7.9
2025-07-01,WAT,23.6,12.1,16.3,7.9
2025-08-01,WAT,15.0,12.1,16.3,7.9
2025-09-01,WAT,14.7,12.1,16.3,7.9
2025-10-01,WAT,15.3,12.1,16.3,7.9
2025-11-01,WAT,3.1,12.1,16.3,7.9
2024-09-01,WBD,668.2,901.9,1292.3,511.5
2024-10-01,WBD,527.8,901.9,1292.3,511.5
2024-11-01,WBD,721.4,901.9,1292.3,511.5
2024-12-01,WBD,615.1,901.9,1292.3,511.5
2025-01-01,WBD,533.6,901.9,1292.3,511.5
2025-02-01,WBD,693.7,901.9,1292.3,511.5
2025-03-01,WBD,902.0,901.9,1292.3,511.5
2025-04-01,WBD,911.7,901.9,1292.3,511.5
2025-05-01,WBD,840.0,901.9,1292.3,511.5
2025-06-01,WBD,1163.3,901.9,1292.3,511.5
2025-07-01,WBD,1674.5,901.9,1292.3,511.5
2025-08-01,WBD,999.8,901.9,1292.3,511.5
2025-09-01,WBD,1795.7,901.9,1292.3,511.5
2025-10-01,WBD,700.2,901.9,1292.3,511.5
2025-11-01,WBD,129.7,901.9,1292.3,511.5
2024-09-01,WDAY,37.1,54.9,77.1,32.7
2024-10-01,WDAY,35.7,54.9,77.1,32.7
2024-11-01,WDAY,52.9,54.9,77.1,32.7
2024-12-01,WDAY,115.5,54.9,77.1,32.7
2025-01-01,WDAY,39.7,54.9,77.1,32.7
2025-02-01,WDAY,52.2,54.9,77.1,32.7
2025-03-01,WDAY,41.5,54.9,77.1,32.7
2025-04-01,WDAY,52.9,54.9,77.1,32.7
2025-05-01,WDAY,50.1,54.9,77.1,32.7
2025-06-01,WDAY,39.8,54.9,77.1,32.7
2025-07-01,WDAY,50.7,54.9,77.1,32.7
2025-08-01,WDAY,84.8,54.9,77.1,32.7
2025-09-01,WDAY,77.1,54.9,77.1,32.7
2025-10-01,WDAY,48.1,54.9,77.1,32.7
2025-11-01,WDAY,6.1,54.9,77.1,32.7
2024-09-01,WDC,122.9,163.3,202.0,124.6
2024-10-01,WDC,162.9,163.3,202.0,124.6
2024-11-01,WDC,132.9,163.3,202.0,124.6
2024-12-01,WDC,145.7,163.3,202.0,124.6
2025-01-01,WDC,179.4,163.3,202.0,124.6
2025-02-01,WDC,178.0,163.3,202.0,124.6
2025-03-01,WDC,157.9,163.3,202.0,124.6
2025-04-01,WDC,217.5,163.3,202.0,124.6
2025-05-01,WDC,139.1,163.3,202.0,124.6
2025-06-01,WDC,128.9,163.3,202.0,124.6
2025-07-01,WDC,160.5,163.3,202.0,124.6
2025-08-01,WDC,126.2,163.3,202.0,124.6
2025-09-01,WDC,208.5,163.3,202.0,124.6
2025-10-01,WDC,240.6,163.3,202.0,124.6
2025-11-01,WDC,31.9,163.3,202.0,124.6
2024-09-01,WEAT,13.2,16.4,20.3,12.6
2024-10-01,WEAT,14.0,16.4,20.3,12.6
2024-11-01,WEAT,12.2,16.4,20.3,12.6
2024-12-01,WEAT,12.4,16.4,20.3,12.6
2025-01-01,WEAT,20.4,16.4,20.3,12.6
2025-02-01,WEAT,19.7,16.4,20.3,12.6
2025-03-01,WEAT,25.3,16.4,20.3,12.6
2025-04-01,WEAT,19.8,16.4,20.3,12.6
2025-05-01,WEAT,16.3,16.4,20.3,12.6
2025-06-01,WEAT,16.2,16.4,20.3,12.6
2025-07-01,WEAT,17.6,16.4,20.3,12.6
2025-08-01,WEAT,13.5,16.4,20.3,12.6
2025-09-01,WEAT,16.5,16.4,20.3,12.6
2025-10-01,WEAT,15.9,16.4,20.3,12.6
2025-11-01,WEAT,2.9,16.4,20.3,12.6
2024-09-01,WEC,38.9,43.8,50.6,37.0
2024-10-01,WEC,47.8,43.8,50.6,37.0
2024-11-01,WEC,40.3,43.8,50.6,37.0
2024-12-01,WEC,31.3,43.8,50.6,37.0
2025-01-01,WEC,42.1,43.8,50.6,37.0
2025-02-01,WEC,44.1,43.8,50.6,37.0
2025-03-01,WEC,54.7,43.8,50.6,37.0
2025-04-01,WEC,47.2,43.8,50.6,37.0
2025-05-01,WEC,46.0,43.8,50.6,37.0
2025-06-01,WEC,44.3,43.8,50.6,37.0
2025-07-01,WEC,41.3,43.8,50.6,37.0
2025-08-01,WEC,45.0,43.8,50.6,37.0
2025-09-01,WEC,45.8,43.8,50.6,37.0
2025-10-01,WEC,49.9,43.8,50.6,37.0
2025-11-01,WEC,7.3,43.8,50.6,37.0
2024-09-01,WELL,64.9,60.4,71.3,49.5
2024-10-01,WELL,51.6,60.4,71.3,49.5
2024-11-01,WELL,54.0,60.4,71.3,49.5
2024-12-01,WELL,62.2,60.4,71.3,49.5
2025-01-01,WELL,50.0,60.4,71.3,49.5
2025-02-01,WELL,55.4,60.4,71.3,49.5
2025-03-01,WELL,76.5,60.4,71.3,49.5
2025-04-01,WELL,66.3,60.4,71.3,49.5
2025-05-01,WELL,59.6,60.4,71.3,49.5
2025-06-01,WELL,70.6,60.4,71.3,49.5
2025-07-01,WELL,52.4,60.4,71.3,49.5
2025-08-01,WELL,49.5,60.4,71.3,49.5
2025-09-01,WELL,77.1,60.4,71.3,49.5
2025-10-01,WELL,65.7,60.4,71.3,49.5
2025-11-01,WELL,8.6,60.4,71.3,49.5
2024-09-01,WFC,420.2,353.5,421.5,285.5
2024-10-01,WFC,387.2,353.5,421.5,285.5
2024-11-01,WFC,383.0,353.5,421.5,285.5
2024-12-01,WFC,323.0,353.5,421.5,285.5
2025-01-01,WFC,300.7,353.5,421.5,285.5
2025-02-01,WFC,298.9,353.5,421.5,285.5
2025-03-01,WFC,363.3,353.5,421.5,285.5
2025-04-01,WFC,493.5,353.5,421.5,285.5
2025-05-01,WFC,305.7,353.5,421.5,285.5
2025-06-01,WFC,356.1,353.5,421.5,285.5
2025-07-01,WFC,417.6,353.5,421.5,285.5
2025-08-01,WFC,284.5,353.5,421.5,285.5
2025-09-01,WFC,296.6,353.5,421.5,285.5
2025-10-01,WFC,366.3,353.5,421.5,285.5
2025-11-01,WFC,45.1,353.5,421.5,285.5
2024-09-01,WM,32.6,34.3,39.5,29.1
2024-10-01,WM,28.9,34.3,39.5,29.1
2024-11-01,WM,30.1,34.3,39.5,29.1
2024-12-01,WM,35.9,34.3,39.5,29.1
2025-01-01,WM,36.4,34.3,39.5,29.1
2025-02-01,WM,28.5,34.3,39.5,29.1
2025-03-01,WM,34.6,34.3,39.5,29.1
2025-04-01,WM,43.8,34.3,39.5,29.1
2025-05-01,WM,37.0,34.3,39.5,29.1
2025-06-01,WM,31.2,34.3,39.5,29.1
2025-07-01,WM,37.4,34.3,39.5,29.1
2025-08-01,WM,34.2,34.3,39.5,29.1
2025-09-01,WM,34.4,34.3,39.5,29.1
2025-10-01,WM,39.8,34.3,39.5,29.1
2025-11-01,WM,6.8,34.3,39.5,29.1
2024-09-01,WMB,104.1,147.8,169.6,125.9
2024-10-01,WMB,132.8,147.8,169.6,125.9
2024-11-01,WMB,134.8,147.8,169.6,125.9
2024-12-01,WMB,151.1,147.8,169.6,125.9
2025-01-01,WMB,155.0,147.8,169.6,125.9
2025-02-01,WMB,147.9,147.8,169.6,125.9
2025-03-01,WMB,160.9,147.8,169.6,125.9
2025-04-01,WMB,168.9,147.8,169.6,125.9
2025-05-01,WMB,151.0,147.8,169.6,125.9
2025-06-01,WMB,182.3,147.8,169.6,125.9
2025-07-01,WMB,156.2,147.8,169.6,125.9
2025-08-01,WMB,140.9,147.8,169.6,125.9
2025-09-01,WMB,144.0,147.8,169.6,125.9
2025-10-01,WMB,159.7,147.8,169.6,125.9
2025-11-01,WMB,35.3,147.8,169.6,125.9
2024-09-01,WMT,358.2,365.6,446.6,284.6
2024-10-01,WMT,275.0,365.6,446.6,284.6
2024-11-01,WMT,340.2,365.6,446.6,284.6
2024-12-01,WMT,382.1,365.6,446.6,284.6
2025-01-01,WMT,301.8,365.6,446.6,284.6
2025-02-01,WMT,393.5,365.6,446.6,284.6
2025-03-01,WMT,529.8,365.6,446.6,284.6
2025-04-01,WMT,509.9,365.6,446.6,284.6
2025-05-01,WMT,393.1,365.6,446.6,284.6
2025-06-01,WMT,343.2,365.6,446.6,284.6
2025-07-01,WMT,290.0,365.6,446.6,284.6
2025-08-01,WMT,397.9,365.6,446.6,284.6
2025-09-01,WMT,327.0,365.6,446.6,284.6
2025-10-01,WMT,348.8,365.6,446.6,284.6
2025-11-01,WMT,40.8,365.6,446.6,284.6
2024-09-01,WRB,37.0,40.8,53.4,28.2
2024-10-01,WRB,51.7,40.8,53.4,28.2
2024-11-01,WRB,25.8,40.8,53.4,28.2
2024-12-01,WRB,28.9,40.8,53.4,28.2
2025-01-01,WRB,45.2,40.8,53.4,28.2
2025-02-01,WRB,29.6,40.8,53.4,28.2
2025-03-01,WRB,42.1,40.8,53.4,28.2
2025-04-01,WRB,47.4,40.8,53.4,28.2
2025-05-01,WRB,30.6,40.8,53.4,28.2
2025-06-01,WRB,32.0,40.8,53.4,28.2
2025-07-01,WRB,52.7,40.8,53.4,28.2
2025-08-01,WRB,36.2,40.8,53.4,28.2
2025-09-01,WRB,39.0,40.8,53.4,28.2
2025-10-01,WRB,71.7,40.8,53.4,28.2
2025-11-01,WRB,11.0,40.8,53.4,28.2
2024-09-01,WSM,33.1,36.9,52.2,21.6
2024-10-01,WSM,32.2,36.9,52.2,21.6
2024-11-01,WSM,52.5,36.9,52.2,21.6
2024-12-01,WSM,44.2,36.9,52.2,21.6
2025-01-01,WSM,27.2,36.9,52.2,21.6
2025-02-01,WSM,23.7,36.9,52.2,21.6
2025-03-01,WSM,77.8,36.9,52.2,21.6
2025-04-01,WSM,53.5,36.9,52.2,21.6
2025-05-01,WSM,41.2,36.9,52.2,21.6
2025-06-01,WSM,34.8,36.9,52.2,21.6
2025-07-01,WSM,26.1,36.9,52.2,21.6
2025-08-01,WSM,32.3,36.9,52.2,21.6
2025-09-01,WSM,23.6,36.9,52.2,21.6
2025-10-01,WSM,22.8,36.9,52.2,21.6
2025-11-01,WSM,2.8,36.9,52.2,21.6
2024-09-01,WST,8.1,15.3,21.1,9.4
2024-10-01,WST,18.2,15.3,21.1,9.4
2024-11-01,WST,11.8,15.3,21.1,9.4
2024-12-01,WST,10.3,15.3,21.1,9.4
2025-01-01,WST,8.7,15.3,21.1,9.4
2025-02-01,WST,29.6,15.3,21.1,9.4
2025-03-01,WST,19.8,15.3,21.1,9.4
2025-04-01,WST,23.6,15.3,21.1,9.4
2025-05-01,WST,12.5,15.3,21.1,9.4
2025-06-01,WST,13.8,15.3,21.1,9.4
2025-07-01,WST,18.4,15.3,21.1,9.4
2025-08-01,WST,11.2,15.3,21.1,9.4
2025-09-01,WST,13.6,15.3,21.1,9.4
2025-10-01,WST,16.6,15.3,21.1,9.4
2025-11-01,WST,2.0,15.3,21.1,9.4
2024-09-01,WTW,10.7,13.1,15.8,10.5
2024-10-01,WTW,12.9,13.1,15.8,10.5
2024-11-01,WTW,15.1,13.1,15.8,10.5
2024-12-01,WTW,15.8,13.1,15.8,10.5
2025-01-01,WTW,9.4,13.1,15.8,10.5
2025-02-01,WTW,12.5,13.1,15.8,10.5
2025-03-01,WTW,12.4,13.1,15.8,10.5
2025-04-01,WTW,18.7,13.1,15.8,10.5
2025-05-01,WTW,11.3,13.1,15.8,10.5
2025-06-01,WTW,13.4,13.1,15.8,10.5
2025-07-01,WTW,16.1,13.1,15.8,10.5
2025-08-01,WTW,12.6,13.1,15.8,10.5
2025-09-01,WTW,11.3,13.1,15.8,10.5
2025-10-01,WTW,13.1,13.1,15.8,10.5
2025-11-01,WTW,2.7,13.1,15.8,10.5
2024-09-01,WY,89.6,84.7,101.1,68.4
2024-10-01,WY,82.7,84.7,101.1,68.4
2024-11-01,WY,60.8,84.7,101.1,68.4
2024-12-01,WY,75.4,84.7,101.1,68.4
2025-01-01,WY,72.8,84.7,101.1,68.4
2025-02-01,WY,67.6,84.7,101.1,68.4
2025-03-01,WY,78.0,84.7,101.1,68.4
2025-04-01,WY,93.2,84.7,101.1,68.4
2025-05-01,WY,85.5,84.7,101.1,68.4
2025-06-01,WY,82.3,84.7,101.1,68.4
2025-07-01,WY,111.3,84.7,101.1,68.4
2025-08-01,WY,81.1,84.7,101.1,68.4
2025-09-01,WY,97.4,84.7,101.1,68.4
2025-10-01,WY,113.8,84.7,101.1,68.4
2025-11-01,WY,21.9,84.7,101.1,68.4
2024-09-01,WYNN,61.7,49.6,61.1,38.1
2024-10-01,WYNN,60.3,49.6,61.1,38.1
2024-11-01,WYNN,65.3,49.6,61.1,38.1
2024-12-01,WYNN,38.9,49.6,61.1,38.1
2025-01-01,WYNN,47.3,49.6,61.1,38.1
2025-02-01,WYNN,62.2,49.6,61.1,38.1
2025-03-01,WYNN,45.1,49.6,61.1,38.1
2025-04-01,WYNN,63.8,49.6,61.1,38.1
2025-05-01,WYNN,55.6,49.6,61.1,38.1
2025-06-01,WYNN,43.2,49.6,61.1,38.1
2025-07-01,WYNN,43.2,49.6,61.1,38.1
2025-08-01,WYNN,46.0,49.6,61.1,38.1
2025-09-01,WYNN,34.2,49.6,61.1,38.1
2025-10-01,WYNN,38.2,49.6,61.1,38.1
2025-11-01,WYNN,5.3,49.6,61.1,38.1
2024-09-01,XEL,77.0,80.6,98.0,63.2
2024-10-01,XEL,78.7,80.6,98.0,63.2
2024-11-01,XEL,81.7,80.6,98.0,63.2
2024-12-01,XEL,73.7,80.6,98.0,63.2
2025-01-01,XEL,73.5,80.6,98.0,63.2
2025-02-01,XEL,64.3,80.6,98.0,63.2
2025-03-01,XEL,84.2,80.6,98.0,63.2
2025-04-01,XEL,88.9,80.6,98.0,63.2
2025-05-01,XEL,86.0,80.6,98.0,63.2
2025-06-01,XEL,62.6,80.6,98.0,63.2
2025-07-01,XEL,64.6,80.6,98.0,63.2
2025-08-01,XEL,75.5,80.6,98.0,63.2
2025-09-01,XEL,125.9,80.6,98.0,63.2
2025-10-01,XEL,99.8,80.6,98.0,63.2
2025-11-01,XEL,18.9,80.6,98.0,63.2
2024-09-01,XES,1.1,1.3,1.7,0.8
2024-10-01,XES,0.9,1.3,1.7,0.8
2024-11-01,XES,1.1,1.3,1.7,0.8
2024-12-01,XES,0.9,1.3,1.7,0.8
2025-01-01,XES,1.0,1.3,1.7,0.8
2025-02-01,XES,1.4,1.3,1.7,0.8
2025-03-01,XES,1.2,1.3,1.7,0.8
2025-04-01,XES,1.8,1.3,1.7,0.8
2025-05-01,XES,0.8,1.3,1.7,0.8
2025-06-01,XES,1.2,1.3,1.7,0.8
2025-07-01,XES,1.5,1.3,1.7,0.8
2025-08-01,XES,0.9,1.3,1.7,0.8
2025-09-01,XES,2.1,1.3,1.7,0.8
2025-10-01,XES,1.9,1.3,1.7,0.8
2025-11-01,XES,0.2,1.3,1.7,0.8
2024-09-01,XLB,76.2,118.6,149.3,87.8
2024-10-01,XLB,91.3,118.6,149.3,87.8
2024-11-01,XLB,87.0,118.6,149.3,87.8
2024-12-01,XLB,104.3,118.6,149.3,87.8
2025-01-01,XLB,138.4,118.6,149.3,87.8
2025-02-01,XLB,105.6,118.6,149.3,87.8
2025-03-01,XLB,128.9,118.6,149.3,87.8
2025-04-01,XLB,174.9,118.6,149.3,87.8
2025-05-01,XLB,85.6,118.6,149.3,87.8
2025-06-01,XLB,108.2,118.6,149.3,87.8
2025-07-01,XLB,158.4,118.6,149.3,87.8
2025-08-01,XLB,139.3,118.6,149.3,87.8
2025-09-01,XLB,121.0,118.6,149.3,87.8
2025-10-01,XLB,150.5,118.6,149.3,87.8
2025-11-01,XLB,32.6,118.6,149.3,87.8
2024-09-01,XLC,79.2,103.2,128.8,77.5
2024-10-01,XLC,76.8,103.2,128.8,77.5
2024-11-01,XLC,69.8,103.2,128.8,77.5
2024-12-01,XLC,84.4,103.2,128.8,77.5
2025-01-01,XLC,104.7,103.2,128.8,77.5
2025-02-01,XLC,81.6,103.2,128.8,77.5
2025-03-01,XLC,103.8,103.2,128.8,77.5
2025-04-01,XLC,151.7,103.2,128.8,77.5
2025-05-01,XLC,89.3,103.2,128.8,77.5
2025-06-01,XLC,118.0,103.2,128.8,77.5
2025-07-01,XLC,124.7,103.2,128.8,77.5
2025-08-01,XLC,119.2,103.2,128.8,77.5
2025-09-01,XLC,135.1,103.2,128.8,77.5
2025-10-01,XLC,118.2,103.2,128.8,77.5
2025-11-01,XLC,17.9,103.2,128.8,77.5
2024-09-01,XLE,326.2,334.2,414.7,253.6
2024-10-01,XLE,332.2,334.2,414.7,253.6
2024-11-01,XLE,244.3,334.2,414.7,253.6
2024-12-01,XLE,273.8,334.2,414.7,253.6
2025-01-01,XLE,324.4,334.2,414.7,253.6
2025-02-01,XLE,280.8,334.2,414.7,253.6
2025-03-01,XLE,359.1,334.2,414.7,253.6
2025-04-01,XLE,510.7,334.2,414.7,253.6
2025-05-01,XLE,276.1,334.2,414.7,253.6
2025-06-01,XLE,490.0,334.2,414.7,253.6
2025-07-01,XLE,355.5,334.2,414.7,253.6
2025-08-01,XLE,304.8,334.2,414.7,253.6
2025-09-01,XLE,349.3,334.2,414.7,253.6
2025-10-01,XLE,306.6,334.2,414.7,253.6
2025-11-01,XLE,37.8,334.2,414.7,253.6
2024-09-01,XLF,777.6,869.6,1076.5,662.6
2024-10-01,XLF,771.9,869.6,1076.5,662.6
2024-11-01,XLF,938.5,869.6,1076.5,662.6
2024-12-01,XLF,828.1,869.6,1076.5,662.6
2025-01-01,XLF,868.2,869.6,1076.5,662.6
2025-02-01,XLF,833.5,869.6,1076.5,662.6
2025-03-01,XLF,1149.0,869.6,1076.5,662.6
2025-04-01,XLF,1422.3,869.6,1076.5,662.6
2025-05-01,XLF,714.2,869.6,1076.5,662.6
2025-06-01,XLF,734.9,869.6,1076.5,662.6
2025-07-01,XLF,796.4,869.6,1076.5,662.6
2025-08-01,XLF,766.2,869.6,1076.5,662.6
2025-09-01,XLF,735.2,869.6,1076.5,662.6
2025-10-01,XLF,972.4,869.6,1076.5,662.6
2025-11-01,XLF,121.4,869.6,1076.5,662.6
2024-09-01,XLI,152.5,198.7,246.0,151.4
2024-10-01,XLI,170.3,198.7,246.0,151.4
2024-11-01,XLI,154.5,198.7,246.0,151.4
2024-12-01,XLI,149.7,198.7,246.0,151.4
2025-01-01,XLI,165.1,198.7,246.0,151.4
2025-02-01,XLI,169.9,198.7,246.0,151.4
2025-03-01,XLI,220.4,198.7,246.0,151.4
2025-04-01,XLI,288.2,198.7,246.0,151.4
2025-05-01,XLI,166.4,198.7,246.0,151.4
2025-06-01,XLI,250.0,198.7,246.0,151.4
2025-07-01,XLI,247.2,198.7,246.0,151.4
2025-08-01,XLI,203.0,198.7,246.0,151.4
2025-09-01,XLI,219.7,198.7,246.0,151.4
2025-10-01,XLI,245.9,198.7,246.0,151.4
2025-11-01,XLI,34.3,198.7,246.0,151.4
2024-09-01,XLK,98.7,124.2,168.6,79.8
2024-10-01,XLK,83.5,124.2,168.6,79.8
2024-11-01,XLK,80.2,124.2,168.6,79.8
2024-12-01,XLK,95.3,124.2,168.6,79.8
2025-01-01,XLK,97.4,124.2,168.6,79.8
2025-02-01,XLK,76.4,124.2,168.6,79.8
2025-03-01,XLK,121.4,124.2,168.6,79.8
2025-04-01,XLK,162.9,124.2,168.6,79.8
2025-05-01,XLK,114.7,124.2,168.6,79.8
2025-06-01,XLK,117.3,124.2,168.6,79.8
2025-07-01,XLK,133.0,124.2,168.6,79.8
2025-08-01,XLK,141.3,124.2,168.6,79.8
2025-09-01,XLK,203.7,124.2,168.6,79.8
2025-10-01,XLK,217.9,124.2,168.6,79.8
2025-11-01,XLK,22.6,124.2,168.6,79.8
2024-09-01,XLP,220.7,266.5,333.4,199.5
2024-10-01,XLP,208.3,266.5,333.4,199.5
2024-11-01,XLP,183.9,266.5,333.4,199.5
2024-12-01,XLP,193.2,266.5,333.4,199.5
2025-01-01,XLP,199.7,266.5,333.4,199.5
2025-02-01,XLP,231.1,266.5,333.4,199.5
2025-03-01,XLP,320.2,266.5,333.4,199.5
2025-04-01,XLP,384.1,266.5,333.4,199.5
2025-05-01,XLP,262.7,266.5,333.4,199.5
2025-06-01,XLP,270.2,266.5,333.4,199.5
2025-07-01,XLP,347.6,266.5,333.4,199.5
2025-08-01,XLP,341.1,266.5,333.4,199.5
2025-09-01,XLP,301.8,266.5,333.4,199.5
2025-10-01,XLP,293.8,266.5,333.4,199.5
2025-11-01,XLP,50.1,266.5,333.4,199.5
2024-09-01,XLRE,102.7,123.4,158.1,88.6
2024-10-01,XLRE,98.1,123.4,158.1,88.6
2024-11-01,XLRE,109.0,123.4,158.1,88.6
2024-12-01,XLRE,107.9,123.4,158.1,88.6
2025-01-01,XLRE,120.8,123.4,158.1,88.6
2025-02-01,XLRE,95.5,123.4,158.1,88.6
2025-03-01,XLRE,125.5,123.4,158.1,88.6
2025-04-01,XLRE,198.5,123.4,158.1,88.6
2025-05-01,XLRE,86.7,123.4,158.1,88.6
2025-06-01,XLRE,120.9,123.4,158.1,88.6
2025-07-01,XLRE,149.5,123.4,158.1,88.6
2025-08-01,XLRE,131.8,123.4,158.1,88.6
2025-09-01,XLRE,101.0,123.4,158.1,88.6
2025-10-01,XLRE,188.7,123.4,158.1,88.6
2025-11-01,XLRE,26.2,123.4,158.1,88.6
2024-09-01,XLU,241.1,230.7,273.1,188.2
2024-10-01,XLU,252.8,230.7,273.1,188.2
2024-11-01,XLU,207.1,230.7,273.1,188.2
2024-12-01,XLU,187.8,230.7,273.1,188.2
2025-01-01,XLU,235.8,230.7,273.1,188.2
2025-02-01,XLU,159.6,230.7,273.1,188.2
2025-03-01,XLU,213.3,230.7,273.1,188.2
2025-04-01,XLU,303.2,230.7,273.1,188.2
2025-05-01,XLU,220.3,230.7,273.1,188.2
2025-06-01,XLU,249.2,230.7,273.1,188.2
2025-07-01,XLU,287.1,230.7,273.1,188.2
2025-08-01,XLU,218.0,230.7,273.1,188.2
2025-09-01,XLU,228.2,230.7,273.1,188.2
2025-10-01,XLU,251.8,230.7,273.1,188.2
2025-11-01,XLU,28.2,230.7,273.1,188.2
2024-09-01,XLV,132.0,211.4,273.8,149.1
2024-10-01,XLV,149.2,211.4,273.8,149.1
2024-11-01,XLV,148.0,211.4,273.8,149.1
2024-12-01,XLV,159.1,211.4,273.8,149.1
2025-01-01,XLV,182.7,211.4,273.8,149.1
2025-02-01,XLV,166.1,211.4,273.8,149.1
2025-03-01,XLV,164.1,211.4,273.8,149.1
2025-04-01,XLV,259.4,211.4,273.8,149.1
2025-05-01,XLV,253.6,211.4,273.8,149.1
2025-06-01,XLV,248.1,211.4,273.8,149.1
2025-07-01,XLV,319.1,211.4,273.8,149.1
2025-08-01,XLV,290.2,211.4,273.8,149.1
2025-09-01,XLV,259.0,211.4,273.8,149.1
2025-10-01,XLV,248.9,211.4,273.8,149.1
2025-11-01,XLV,39.6,211.4,273.8,149.1
2024-09-01,XLY,58.6,90.8,122.8,58.9
2024-10-01,XLY,59.7,90.8,122.8,58.9
2024-11-01,XLY,60.9,90.8,122.8,58.9
2024-12-01,XLY,73.6,90.8,122.8,58.9
2025-01-01,XLY,57.5,90.8,122.8,58.9
2025-02-01,XLY,59.1,90.8,122.8,58.9
2025-03-01,XLY,99.8,90.8,122.8,58.9
2025-04-01,XLY,129.1,90.8,122.8,58.9
2025-05-01,XLY,79.1,90.8,122.8,58.9
2025-06-01,XLY,86.2,90.8,122.8,58.9
2025-07-01,XLY,113.5,90.8,122.8,58.9
2025-08-01,XLY,121.9,90.8,122.8,58.9
2025-09-01,XLY,148.3,90.8,122.8,58.9
2025-10-01,XLY,129.2,90.8,122.8,58.9
2025-11-01,XLY,15.9,90.8,122.8,58.9
2024-09-01,XOM,320.4,328.7,380.9,276.4
2024-10-01,XOM,302.7,328.7,380.9,276.4
2024-11-01,XOM,290.4,328.7,380.9,276.4
2024-12-01,XOM,355.1,328.7,380.9,276.4
2025-01-01,XOM,307.7,328.7,380.9,276.4
2025-02-01,XOM,274.9,328.7,380.9,276.4
2025-03-01,XOM,385.7,328.7,380.9,276.4
2025-04-01,XOM,398.1,328.7,380.9,276.4
2025-05-01,XOM,327.0,328.7,380.9,276.4
2025-06-01,XOM,410.1,328.7,380.9,276.4
2025-07-01,XOM,317.8,328.7,380.9,276.4
2025-08-01,XOM,327.7,328.7,380.9,276.4
2025-09-01,XOM,352.0,328.7,380.9,276.4
2025-10-01,XOM,288.6,328.7,380.9,276.4
2025-11-01,XOM,41.6,328.7,380.9,276.4
2024-09-01,XOP,68.9,68.0,84.6,51.3
2024-10-01,XOP,66.8,68.0,84.6,51.3
2024-11-01,XOP,47.1,68.0,84.6,51.3
2024-12-01,XOP,53.4,68.0,84.6,51.3
2025-01-01,XOP,55.0,68.0,84.6,51.3
2025-02-01,XOP,57.2,68.0,84.6,51.3
2025-03-01,XOP,68.6,68.0,84.6,51.3
2025-04-01,XOP,98.5,68.0,84.6,51.3
2025-05-01,XOP,77.1,68.0,84.6,51.3
2025-06-01,XOP,95.4,68.0,84.6,51.3
2025-07-01,XOP,58.6,68.0,84.6,51.3
2025-08-01,XOP,55.5,68.0,84.6,51.3
2025-09-01,XOP,84.1,68.0,84.6,51.3
2025-10-01,XOP,75.6,68.0,84.6,51.3
2025-11-01,XOP,7.2,68.0,84.6,51.3
2024-09-01,XYL,24.2,28.4,35.7,21.1
2024-10-01,XYL,22.9,28.4,35.7,21.1
2024-11-01,XYL,34.6,28.4,35.7,21.1
2024-12-01,XYL,27.8,28.4,35.7,21.1
2025-01-01,XYL,24.6,28.4,35.7,21.1
2025-02-01,XYL,30.4,28.4,35.7,21.1
2025-03-01,XYL,34.2,28.4,35.7,21.1
2025-04-01,XYL,49.4,28.4,35.7,21.1
2025-05-01,XYL,27.9,28.4,35.7,21.1
2025-06-01,XYL,26.3,28.4,35.7,21.1
2025-07-01,XYL,24.0,28.4,35.7,21.1
2025-08-01,XYL,23.3,28.4,35.7,21.1
2025-09-01,XYL,26.3,28.4,35.7,21.1
2025-10-01,XYL,27.7,28.4,35.7,21.1
2025-11-01,XYL,3.3,28.4,35.7,21.1
2024-09-01,XYZ,111.7,176.3,247.5,105.1
2024-10-01,XYZ,113.9,176.3,247.5,105.1
2024-11-01,XYZ,226.6,176.3,247.5,105.1
2024-12-01,XYZ,159.1,176.3,247.5,105.1
2025-01-01,XYZ,122.8,176.3,247.5,105.1
2025-02-01,XYZ,185.5,176.3,247.5,105.1
2025-03-01,XYZ,204.8,176.3,247.5,105.1
2025-04-01,XYZ,168.9,176.3,247.5,105.1
2025-05-01,XYZ,290.6,176.3,247.5,105.1
2025-06-01,XYZ,138.6,176.3,247.5,105.1
2025-07-01,XYZ,351.9,176.3,247.5,105.1
2025-08-01,XYZ,169.5,176.3,247.5,105.1
2025-09-01,XYZ,126.0,176.3,247.5,105.1
2025-10-01,XYZ,127.2,176.3,247.5,105.1
2025-11-01,XYZ,15.6,176.3,247.5,105.1
2024-09-01,YUM,43.2,40.9,47.9,34.0
2024-10-01,YUM,33.7,40.9,47.9,34.0
2024-11-01,YUM,40.1,40.9,47.9,34.0
2024-12-01,YUM,32.1,40.9,47.9,34.0
2025-01-01,YUM,39.3,40.9,47.9,34.0
2025-02-01,YUM,46.9,40.9,47.9,34.0
2025-03-01,YUM,44.8,40.9,47.9,34.0
2025-04-01,YUM,58.1,40.9,47.9,34.0
2025-05-01,YUM,39.5,40.9,47.9,34.0
2025-06-01,YUM,40.4,40.9,47.9,34.0
2025-07-01,YUM,37.6,40.9,47.9,34.0
2025-08-01,YUM,45.8,40.9,47.9,34.0
2025-09-01,YUM,40.8,40.9,47.9,34.0
2025-10-01,YUM,38.0,40.9,47.9,34.0
2025-11-01,YUM,12.5,40.9,47.9,34.0
2024-09-01,ZBH,35.4,37.0,46.0,28.1
2024-10-01,ZBH,33.1,37.0,46.0,28.1
2024-11-01,ZBH,31.1,37.0,46.0,28.1
2024-12-01,ZBH,31.5,37.0,46.0,28.1
2025-01-01,ZBH,34.9,37.0,46.0,28.1
2025-02-01,ZBH,39.3,37.0,46.0,28.1
2025-03-01,ZBH,37.8,37.0,46.0,28.1
2025-04-01,ZBH,48.0,37.0,46.0,28.1
2025-05-01,ZBH,63.1,37.0,46.0,28.1
2025-06-01,ZBH,39.1,37.0,46.0,28.1
2025-07-01,ZBH,37.6,37.0,46.0,28.1
2025-08-01,ZBH,35.0,37.0,46.0,28.1
2025-09-01,ZBH,29.3,37.0,46.0,28.1
2025-10-01,ZBH,28.7,37.0,46.0,28.1
2025-11-01,ZBH,14.7,37.0,46.0,28.1
2024-09-01,ZBRA,6.9,10.9,14.5,7.2
2024-10-01,ZBRA,8.9,10.9,14.5,7.2
2024-11-01,ZBRA,7.4,10.9,14.5,7.2
2024-12-01,ZBRA,6.4,10.9,14.5,7.2
2025-01-01,ZBRA,7.8,10.9,14.5,7.2
2025-02-01,ZBRA,14.7,10.9,14.5,7.2
2025-03-01,ZBRA,12.1,10.9,14.5,7.2
2025-04-01,ZBRA,17.9,10.9,14.5,7.2
2025-05-01,ZBRA,12.1,10.9,14.5,7.2
2025-06-01,ZBRA,9.7,10.9,14.5,7.2
2025-07-01,ZBRA,9.0,10.9,14.5,7.2
2025-08-01,ZBRA,13.8,10.9,14.5,7.2
2025-09-01,ZBRA,10.2,10.9,14.5,7.2
2025-10-01,ZBRA,16.5,10.9,14.5,7.2
2025-11-01,ZBRA,2.8,10.9,14.5,7.2
2024-09-01,ZTS,38.4,58.0,68.8,47.1
2024-10-01,ZTS,40.4,58.0,68.8,47.1
2024-11-01,ZTS,59.2,58.0,68.8,47.1
2024-12-01,ZTS,50.1,58.0,68.8,47.1
2025-01-01,ZTS,53.8,58.0,68.8,47.1
2025-02-01,ZTS,74.3,58.0,68.8,47.1
2025-03-01,ZTS,52.8,58.0,68.8,47.1
2025-04-01,ZTS,63.4,58.0,68.8,47.1
2025-05-01,ZTS,67.5,58.0,68.8,47.1
2025-06-01,ZTS,58.7,58.0,68.8,47.1
2025-07-01,ZTS,70.4,58.0,68.8,47.1
2025-08-01,ZTS,66.2,58.0,68.8,47.1
2025-09-01,ZTS,59.0,58.0,68.8,47.1
2025-10-01,ZTS,64.9,58.0,68.8,47.1
2025-11-01,ZTS,24.3,58.0,68.8,47.1
