Date,Ticker,daily_volume,daily_volume_avg,daily_volume_hi,daily_volume_lo
2025-12-01,A,2.0,2.2,2.6,1.7
2025-12-02,A,1.7,2.2,2.6,1.7
2025-12-03,A,2.2,2.2,2.6,1.7
2025-12-04,A,2.9,2.2,2.6,1.7
2025-12-05,A,2.1,2.2,2.6,1.7
2025-12-01,AAPL,46.6,47.0,51.1,43.0
2025-12-02,AAPL,53.7,47.0,51.1,43.0
2025-12-03,AAPL,43.5,47.0,51.1,43.0
2025-12-04,AAPL,44.0,47.0,51.1,43.0
2025-12-05,AAPL,47.3,47.0,51.1,43.0
2025-12-01,ABBV,5.2,4.6,5.3,3.9
2025-12-02,ABBV,5.1,4.6,5.3,3.9
2025-12-03,ABBV,4.9,4.6,5.3,3.9
2025-12-04,ABBV,3.7,4.6,5.3,3.9
2025-12-05,ABBV,4.0,4.6,5.3,3.9
2025-12-01,ABNB,4.7,5.0,6.1,3.8
2025-12-02,ABNB,6.7,5.0,6.1,3.8
2025-12-03,ABNB,5.5,5.0,6.1,3.8
2025-12-04,ABNB,4.0,5.0,6.1,3.8
2025-12-05,ABNB,4.0,5.0,6.1,3.8
2025-12-01,ABT,5.8,5.2,5.7,4.6
2025-12-02,ABT,5.5,5.2,5.7,4.6
2025-12-03,ABT,4.9,5.2,5.7,4.6
2025-12-04,ABT,5.2,5.2,5.7,4.6
2025-12-05,ABT,4.4,5.2,5.7,4.6
2025-12-01,ACGL,1.7,1.9,2.4,1.4
2025-12-02,ACGL,2.3,1.9,2.4,1.4
2025-12-03,ACGL,2.5,1.9,2.4,1.4
2025-12-04,ACGL,1.7,1.9,2.4,1.4
2025-12-05,ACGL,1.4,1.9,2.4,1.4
2025-12-01,ACN,5.0,5.0,6.2,3.7
2025-12-02,ACN,5.0,5.0,6.2,3.7
2025-12-03,ACN,7.0,5.0,6.2,3.7
2025-12-04,ACN,4.1,5.0,6.2,3.7
2025-12-05,ACN,3.8,5.0,6.2,3.7
2025-12-01,ADBE,3.7,4.4,6.2,2.5
2025-12-02,ADBE,4.0,4.4,6.2,2.5
2025-12-03,ADBE,3.1,4.4,6.2,2.5
2025-12-04,ADBE,3.6,4.4,6.2,2.5
2025-12-05,ADBE,7.7,4.4,6.2,2.5
2025-12-01,ADI,7.3,4.8,6.4,3.2
2025-12-02,ADI,5.3,4.8,6.4,3.2
2025-12-03,ADI,4.2,4.8,6.4,3.2
2025-12-04,ADI,3.3,4.8,6.4,3.2
2025-12-05,ADI,3.8,4.8,6.4,3.2
2025-12-01,ADM,2.5,2.3,2.7,1.8
2025-12-02,ADM,1.8,2.3,2.7,1.8
2025-12-03,ADM,2.2,2.3,2.7,1.8
2025-12-04,ADM,2.9,2.3,2.7,1.8
2025-12-05,ADM,1.9,2.3,2.7,1.8
2025-12-01,ADP,2.9,2.8,3.2,2.4
2025-12-02,ADP,3.4,2.8,3.2,2.4
2025-12-03,ADP,2.4,2.8,3.2,2.4
2025-12-04,ADP,2.6,2.8,3.2,2.4
2025-12-05,ADP,2.8,2.8,3.2,2.4
2025-12-01,ADSK,1.5,1.5,1.6,1.4
2025-12-02,ADSK,1.6,1.5,1.6,1.4
2025-12-03,ADSK,1.4,1.5,1.6,1.4
2025-12-04,ADSK,1.5,1.5,1.6,1.4
2025-12-05,ADSK,1.6,1.5,1.6,1.4
2025-12-01,AEE,1.5,2.1,2.6,1.6
2025-12-02,AEE,1.8,2.1,2.6,1.6
2025-12-03,AEE,2.4,2.1,2.6,1.6
2025-12-04,AEE,2.8,2.1,2.6,1.6
2025-12-05,AEE,2.2,2.1,2.6,1.6
2025-12-01,AEP,3.3,3.3,3.5,3.0
2025-12-02,AEP,2.9,3.3,3.5,3.0
2025-12-03,AEP,3.4,3.3,3.5,3.0
2025-12-04,AEP,3.5,3.3,3.5,3.0
2025-12-05,AEP,3.2,3.3,3.5,3.0
2025-12-01,AES,7.5,7.3,9.4,5.2
2025-12-02,AES,4.8,7.3,9.4,5.2
2025-12-03,AES,8.5,7.3,9.4,5.2
2025-12-04,AES,10.0,7.3,9.4,5.2
2025-12-05,AES,5.8,7.3,9.4,5.2
2025-12-01,AFL,2.5,2.0,2.4,1.7
2025-12-02,AFL,1.6,2.0,2.4,1.7
2025-12-03,AFL,1.7,2.0,2.4,1.7
2025-12-04,AFL,2.2,2.0,2.4,1.7
2025-12-05,AFL,2.1,2.0,2.4,1.7
2025-12-01,AIG,4.0,4.0,4.3,3.6
2025-12-02,AIG,4.3,4.0,4.3,3.6
2025-12-03,AIG,3.8,4.0,4.3,3.6
2025-12-04,AIG,3.5,4.0,4.3,3.6
2025-12-05,AIG,4.2,4.0,4.3,3.6
2025-12-01,AIZ,0.3,0.3,0.4,0.3
2025-12-02,AIZ,0.3,0.3,0.4,0.3
2025-12-03,AIZ,0.3,0.3,0.4,0.3
2025-12-04,AIZ,0.4,0.3,0.4,0.3
2025-12-05,AIZ,0.3,0.3,0.4,0.3
2025-12-01,AJG,1.4,1.5,1.7,1.3
2025-12-02,AJG,1.7,1.5,1.7,1.3
2025-12-03,AJG,1.5,1.5,1.7,1.3
2025-12-04,AJG,1.3,1.5,1.7,1.3
2025-12-05,AJG,1.8,1.5,1.7,1.3
2025-12-01,AKAM,3.2,2.7,3.2,2.3
2025-12-02,AKAM,2.8,2.7,3.2,2.3
2025-12-03,AKAM,2.3,2.7,3.2,2.3
2025-12-04,AKAM,2.2,2.7,3.2,2.3
2025-12-05,AKAM,3.1,2.7,3.2,2.3
2025-12-01,ALB,4.0,3.9,5.1,2.8
2025-12-02,ALB,2.0,3.9,5.1,2.8
2025-12-03,ALB,4.1,3.9,5.1,2.8
2025-12-04,ALB,4.2,3.9,5.1,2.8
2025-12-05,ALB,5.3,3.9,5.1,2.8
2025-12-01,ALGN,1.7,1.6,1.9,1.4
2025-12-02,ALGN,2.0,1.6,1.9,1.4
2025-12-03,ALGN,1.6,1.6,1.9,1.4
2025-12-04,ALGN,1.4,1.6,1.9,1.4
2025-12-05,ALGN,1.6,1.6,1.9,1.4
2025-12-01,ALL,1.7,1.7,2.0,1.5
2025-12-02,ALL,2.1,1.7,2.0,1.5
2025-12-03,ALL,1.8,1.7,2.0,1.5
2025-12-04,ALL,1.5,1.7,2.0,1.5
2025-12-05,ALL,1.6,1.7,2.0,1.5
2025-12-01,ALLE,0.7,0.8,1.1,0.6
2025-12-02,ALLE,0.8,0.8,1.1,0.6
2025-12-03,ALLE,0.6,0.8,1.1,0.6
2025-12-04,ALLE,1.1,0.8,1.1,0.6
2025-12-05,ALLE,1.2,0.8,1.1,0.6
2025-12-01,AMAT,6.8,7.2,8.6,5.7
2025-12-02,AMAT,9.2,7.2,8.6,5.7
2025-12-03,AMAT,8.0,7.2,8.6,5.7
2025-12-04,AMAT,6.4,7.2,8.6,5.7
2025-12-05,AMAT,5.4,7.2,8.6,5.7
2025-12-01,AMCR,18.1,18.3,19.9,16.7
2025-12-02,AMCR,19.7,18.3,19.9,16.7
2025-12-03,AMCR,20.2,18.3,19.9,16.7
2025-12-04,AMCR,16.6,18.3,19.9,16.7
2025-12-05,AMCR,16.9,18.3,19.9,16.7
2025-12-01,AMD,30.8,31.8,38.4,25.3
2025-12-02,AMD,42.0,31.8,38.4,25.3
2025-12-03,AMD,28.6,31.8,38.4,25.3
2025-12-04,AMD,24.5,31.8,38.4,25.3
2025-12-05,AMD,33.3,31.8,38.4,25.3
2025-12-01,AME,1.3,1.2,1.5,1.0
2025-12-02,AME,1.3,1.2,1.5,1.0
2025-12-03,AME,1.0,1.2,1.5,1.0
2025-12-04,AME,1.0,1.2,1.5,1.0
2025-12-05,AME,1.6,1.2,1.5,1.0
2025-12-01,AMGN,2.4,2.9,3.4,2.3
2025-12-02,AMGN,2.5,2.9,3.4,2.3
2025-12-03,AMGN,2.8,2.9,3.4,2.3
2025-12-04,AMGN,3.7,2.9,3.4,2.3
2025-12-05,AMGN,2.9,2.9,3.4,2.3
2025-12-01,AMP,0.6,0.5,0.6,0.4
2025-12-02,AMP,0.4,0.5,0.6,0.4
2025-12-03,AMP,0.6,0.5,0.6,0.4
2025-12-04,AMP,0.5,0.5,0.6,0.4
2025-12-05,AMP,0.5,0.5,0.6,0.4
2025-12-01,AMT,3.3,2.9,3.2,2.5
2025-12-02,AMT,2.5,2.9,3.2,2.5
2025-12-03,AMT,2.7,2.9,3.2,2.5
2025-12-04,AMT,2.8,2.9,3.2,2.5
2025-12-05,AMT,3.0,2.9,3.2,2.5
2025-12-01,AMZN,42.9,40.6,46.5,34.7
2025-12-02,AMZN,45.8,40.6,46.5,34.7
2025-12-03,AMZN,35.5,40.6,46.5,34.7
2025-12-04,AMZN,45.7,40.6,46.5,34.7
2025-12-05,AMZN,33.1,40.6,46.5,34.7
2025-12-01,ANET,4.7,5.1,5.5,4.6
2025-12-02,ANET,5.6,5.1,5.5,4.6
2025-12-03,ANET,5.3,5.1,5.5,4.6
2025-12-04,ANET,4.5,5.1,5.5,4.6
2025-12-05,ANET,5.2,5.1,5.5,4.6
2025-12-01,AON,1.1,1.0,1.2,0.7
2025-12-02,AON,1.0,1.0,1.2,0.7
2025-12-03,AON,0.8,1.0,1.2,0.7
2025-12-04,AON,0.7,1.0,1.2,0.7
2025-12-05,AON,1.2,1.0,1.2,0.7
2025-12-01,AOS,1.6,1.5,1.9,1.2
2025-12-02,AOS,1.2,1.5,1.9,1.2
2025-12-03,AOS,1.2,1.5,1.9,1.2
2025-12-04,AOS,1.7,1.5,1.9,1.2
2025-12-05,AOS,1.9,1.5,1.9,1.2
2025-12-01,APA,6.9,6.5,7.6,5.4
2025-12-02,APA,4.8,6.5,7.6,5.4
2025-12-03,APA,7.8,6.5,7.6,5.4
2025-12-04,APA,6.8,6.5,7.6,5.4
2025-12-05,APA,6.3,6.5,7.6,5.4
2025-12-01,APD,1.3,1.3,1.4,1.1
2025-12-02,APD,1.0,1.3,1.4,1.1
2025-12-03,APD,1.5,1.3,1.4,1.1
2025-12-04,APD,1.4,1.3,1.4,1.1
2025-12-05,APD,1.3,1.3,1.4,1.1
2025-12-01,APH,7.3,8.4,9.5,7.2
2025-12-02,APH,8.7,8.4,9.5,7.2
2025-12-03,APH,10.1,8.4,9.5,7.2
2025-12-04,APH,8.2,8.4,9.5,7.2
2025-12-05,APH,7.4,8.4,9.5,7.2
2025-12-01,APO,2.8,2.8,4.0,1.5
2025-12-02,APO,1.6,2.8,4.0,1.5
2025-12-03,APO,4.8,2.8,4.0,1.5
2025-12-04,APO,2.7,2.8,4.0,1.5
2025-12-05,APO,2.0,2.8,4.0,1.5
2025-12-01,APP,4.5,4.2,5.2,3.3
2025-12-02,APP,5.2,4.2,5.2,3.3
2025-12-03,APP,3.0,4.2,5.2,3.3
2025-12-04,APP,5.0,4.2,5.2,3.3
2025-12-05,APP,3.5,4.2,5.2,3.3
2025-12-01,APTV,2.2,2.1,2.5,1.7
2025-12-02,APTV,2.7,2.1,2.5,1.7
2025-12-03,APTV,1.8,2.1,2.5,1.7
2025-12-04,APTV,1.9,2.1,2.5,1.7
2025-12-05,APTV,1.8,2.1,2.5,1.7
2025-12-01,ARE,2.8,4.4,6.5,2.4
2025-12-02,ARE,2.1,4.4,6.5,2.4
2025-12-03,ARE,7.3,4.4,6.5,2.4
2025-12-04,ARE,5.0,4.4,6.5,2.4
2025-12-05,ARE,5.0,4.4,6.5,2.4
2025-12-01,ASC,0.7,0.5,0.7,0.4
2025-12-02,ASC,0.7,0.5,0.7,0.4
2025-12-03,ASC,0.5,0.5,0.7,0.4
2025-12-04,ASC,0.4,0.5,0.7,0.4
2025-12-05,ASC,0.5,0.5,0.7,0.4
2025-12-01,ATO,1.0,1.0,1.1,0.9
2025-12-02,ATO,0.9,1.0,1.1,0.9
2025-12-03,ATO,1.0,1.0,1.1,0.9
2025-12-04,ATO,1.2,1.0,1.1,0.9
2025-12-05,ATO,0.9,1.0,1.1,0.9
2025-12-01,AVB,1.1,1.1,1.4,0.9
2025-12-02,AVB,1.1,1.1,1.4,0.9
2025-12-03,AVB,0.8,1.1,1.4,0.9
2025-12-04,AVB,1.1,1.1,1.4,0.9
2025-12-05,AVB,1.6,1.1,1.4,0.9
2025-12-01,AVGO,23.3,21.5,24.9,18.1
2025-12-02,AVGO,22.2,21.5,24.9,18.1
2025-12-03,AVGO,21.3,21.5,24.9,18.1
2025-12-04,AVGO,15.9,21.5,24.9,18.1
2025-12-05,AVGO,24.8,21.5,24.9,18.1
2025-12-01,AVY,0.7,0.9,1.1,0.7
2025-12-02,AVY,0.8,0.9,1.1,0.7
2025-12-03,AVY,0.8,0.9,1.1,0.7
2025-12-04,AVY,1.1,0.9,1.1,0.7
2025-12-05,AVY,1.2,0.9,1.1,0.7
2025-12-01,AWK,3.3,2.6,3.1,2.0
2025-12-02,AWK,2.7,2.6,3.1,2.0
2025-12-03,AWK,2.2,2.6,3.1,2.0
2025-12-04,AWK,2.6,2.6,3.1,2.0
2025-12-05,AWK,1.9,2.6,3.1,2.0
2025-12-01,AXON,0.8,0.7,1.0,0.4
2025-12-02,AXON,0.6,0.7,1.0,0.4
2025-12-03,AXON,0.6,0.7,1.0,0.4
2025-12-04,AXON,1.3,0.7,1.0,0.4
2025-12-05,AXON,0.4,0.7,1.0,0.4
2025-12-01,AXP,2.2,2.2,2.5,1.9
2025-12-02,AXP,2.1,2.2,2.5,1.9
2025-12-03,AXP,2.7,2.2,2.5,1.9
2025-12-04,AXP,2.0,2.2,2.5,1.9
2025-12-05,AXP,2.0,2.2,2.5,1.9
2025-12-01,AZO,0.1,0.1,0.1,0.1
2025-12-02,AZO,0.2,0.1,0.1,0.1
2025-12-03,AZO,0.1,0.1,0.1,0.1
2025-12-04,AZO,0.1,0.1,0.1,0.1
2025-12-05,AZO,0.1,0.1,0.1,0.1
2025-12-01,BA,6.8,12.0,18.6,5.3
2025-12-02,BA,22.6,12.0,18.6,5.3
2025-12-03,BA,14.1,12.0,18.6,5.3
2025-12-04,BA,9.5,12.0,18.6,5.3
2025-12-05,BA,6.9,12.0,18.6,5.3
2025-12-01,BAC,30.5,37.3,43.1,31.4
2025-12-02,BAC,46.1,37.3,43.1,31.4
2025-12-03,BAC,37.1,37.3,43.1,31.4
2025-12-04,BAC,38.5,37.3,43.1,31.4
2025-12-05,BAC,34.0,37.3,43.1,31.4
2025-12-01,BALL,2.3,2.2,2.7,1.8
2025-12-02,BALL,2.0,2.2,2.7,1.8
2025-12-03,BALL,1.6,2.2,2.7,1.8
2025-12-04,BALL,2.5,2.2,2.7,1.8
2025-12-05,BALL,2.8,2.2,2.7,1.8
2025-12-01,BAX,9.6,8.1,9.4,6.8
2025-12-02,BAX,8.5,8.1,9.4,6.8
2025-12-03,BAX,6.1,8.1,9.4,6.8
2025-12-04,BAX,7.9,8.1,9.4,6.8
2025-12-05,BAX,8.6,8.1,9.4,6.8
2025-12-01,BBY,7.0,5.2,6.7,3.6
2025-12-02,BBY,6.6,5.2,6.7,3.6
2025-12-03,BBY,3.7,5.2,6.7,3.6
2025-12-04,BBY,4.6,5.2,6.7,3.6
2025-12-05,BBY,4.0,5.2,6.7,3.6
2025-12-01,BDX,1.9,1.5,1.9,1.2
2025-12-02,BDX,1.5,1.5,1.9,1.2
2025-12-03,BDX,1.2,1.5,1.9,1.2
2025-12-04,BDX,1.3,1.5,1.9,1.2
2025-12-05,BDX,1.8,1.5,1.9,1.2
2025-12-01,BEN,3.3,3.0,3.5,2.5
2025-12-02,BEN,2.2,3.0,3.5,2.5
2025-12-03,BEN,3.4,3.0,3.5,2.5
2025-12-04,BEN,2.8,3.0,3.5,2.5
2025-12-05,BEN,3.2,3.0,3.5,2.5
2025-12-01,BF.B,7.7,8.1,10.9,5.4
2025-12-02,BF.B,5.8,8.1,10.9,5.4
2025-12-03,BF.B,7.9,8.1,10.9,5.4
2025-12-04,BF.B,12.8,8.1,10.9,5.4
2025-12-05,BF.B,6.3,8.1,10.9,5.4
2025-12-01,BG,1.5,1.2,1.4,0.9
2025-12-02,BG,1.4,1.2,1.4,0.9
2025-12-03,BG,1.0,1.2,1.4,0.9
2025-12-04,BG,1.1,1.2,1.4,0.9
2025-12-05,BG,0.9,1.2,1.4,0.9
2025-12-01,BIIB,2.0,1.6,2.0,1.3
2025-12-02,BIIB,1.9,1.6,2.0,1.3
2025-12-03,BIIB,1.9,1.6,2.0,1.3
2025-12-04,BIIB,1.3,1.6,2.0,1.3
2025-12-05,BIIB,1.2,1.6,2.0,1.3
2025-12-01,BK,2.9,2.7,2.9,2.5
2025-12-02,BK,3.0,2.7,2.9,2.5
2025-12-03,BK,2.6,2.7,2.9,2.5
2025-12-04,BK,2.6,2.7,2.9,2.5
2025-12-05,BK,2.6,2.7,2.9,2.5
2025-12-01,BKNG,0.3,0.3,0.4,0.2
2025-12-02,BKNG,0.4,0.3,0.4,0.2
2025-12-03,BKNG,0.2,0.3,0.4,0.2
2025-12-04,BKNG,0.2,0.3,0.4,0.2
2025-12-05,BKNG,0.3,0.3,0.4,0.2
2025-12-01,BKR,6.4,6.8,8.0,5.5
2025-12-02,BKR,7.0,6.8,8.0,5.5
2025-12-03,BKR,5.3,6.8,8.0,5.5
2025-12-04,BKR,6.4,6.8,8.0,5.5
2025-12-05,BKR,8.8,6.8,8.0,5.5
2025-12-01,BLDR,1.9,1.9,2.1,1.7
2025-12-02,BLDR,1.7,1.9,2.1,1.7
2025-12-03,BLDR,1.8,1.9,2.1,1.7
2025-12-04,BLDR,2.1,1.9,2.1,1.7
2025-12-05,BLDR,2.1,1.9,2.1,1.7
2025-12-01,BLK,0.6,0.6,0.8,0.4
2025-12-02,BLK,0.4,0.6,0.8,0.4
2025-12-03,BLK,0.9,0.6,0.8,0.4
2025-12-04,BLK,0.6,0.6,0.8,0.4
2025-12-05,BLK,0.5,0.6,0.8,0.4
2025-12-01,BMY,11.8,17.9,23.9,11.9
2025-12-02,BMY,14.5,17.9,23.9,11.9
2025-12-03,BMY,27.1,17.9,23.9,11.9
2025-12-04,BMY,20.5,17.9,23.9,11.9
2025-12-05,BMY,15.7,17.9,23.9,11.9
2025-12-01,BR,0.7,0.7,0.8,0.6
2025-12-02,BR,0.8,0.7,0.8,0.6
2025-12-03,BR,0.7,0.7,0.8,0.6
2025-12-04,BR,0.6,0.7,0.8,0.6
2025-12-05,BR,0.8,0.7,0.8,0.6
2025-12-01,BRK.B,4.0,3.6,3.9,3.4
2025-12-02,BRK.B,3.4,3.6,3.9,3.4
2025-12-03,BRK.B,3.8,3.6,3.9,3.4
2025-12-04,BRK.B,3.6,3.6,3.9,3.4
2025-12-05,BRK.B,3.5,3.6,3.9,3.4
2025-12-01,BRO,3.1,2.2,2.7,1.7
2025-12-02,BRO,2.0,2.2,2.7,1.7
2025-12-03,BRO,1.7,2.2,2.7,1.7
2025-12-04,BRO,2.3,2.2,2.7,1.7
2025-12-05,BRO,2.1,2.2,2.7,1.7
2025-12-01,BSX,5.6,8.2,9.9,6.5
2025-12-02,BSX,8.0,8.2,9.9,6.5
2025-12-03,BSX,9.9,8.2,9.9,6.5
2025-12-04,BSX,9.4,8.2,9.9,6.5
2025-12-05,BSX,8.2,8.2,9.9,6.5
2025-12-01,BTI,3.3,4.0,5.5,2.6
2025-12-02,BTI,3.6,4.0,5.5,2.6
2025-12-03,BTI,3.6,4.0,5.5,2.6
2025-12-04,BTI,6.6,4.0,5.5,2.6
2025-12-05,BTI,3.2,4.0,5.5,2.6
2025-12-01,BTU,2.4,2.8,3.7,2.0
2025-12-02,BTU,2.9,2.8,3.7,2.0
2025-12-03,BTU,4.2,2.8,3.7,2.0
2025-12-04,BTU,2.1,2.8,3.7,2.0
2025-12-05,BTU,2.5,2.8,3.7,2.0
2025-12-01,BX,3.1,3.2,3.6,2.8
2025-12-02,BX,2.8,3.2,3.6,2.8
2025-12-03,BX,3.7,3.2,3.6,2.8
2025-12-04,BX,3.6,3.2,3.6,2.8
2025-12-05,BX,2.9,3.2,3.6,2.8
2025-12-01,BXP,1.5,1.3,1.7,0.9
2025-12-02,BXP,0.9,1.3,1.7,0.9
2025-12-03,BXP,1.1,1.3,1.7,0.9
2025-12-04,BXP,1.1,1.3,1.7,0.9
2025-12-05,BXP,1.9,1.3,1.7,0.9
2025-12-01,C,9.7,11.9,14.8,9.0
2025-12-02,C,8.1,11.9,14.8,9.0
2025-12-03,C,14.0,11.9,14.8,9.0
2025-12-04,C,12.8,11.9,14.8,9.0
2025-12-05,C,14.9,11.9,14.8,9.0
2025-12-01,CAG,8.6,8.7,9.9,7.4
2025-12-02,CAG,10.6,8.7,9.9,7.4
2025-12-03,CAG,7.1,8.7,9.9,7.4
2025-12-04,CAG,8.8,8.7,9.9,7.4
2025-12-05,CAG,8.2,8.7,9.9,7.4
2025-12-01,CAH,1.8,3.0,4.5,1.6
2025-12-02,CAH,3.6,3.0,4.5,1.6
2025-12-03,CAH,5.2,3.0,4.5,1.6
2025-12-04,CAH,2.8,3.0,4.5,1.6
2025-12-05,CAH,1.7,3.0,4.5,1.6
2025-12-01,CALM,0.9,1.0,1.2,0.8
2025-12-02,CALM,1.2,1.0,1.2,0.8
2025-12-03,CALM,1.0,1.0,1.2,0.8
2025-12-04,CALM,1.2,1.0,1.2,0.8
2025-12-05,CALM,0.8,1.0,1.2,0.8
2025-12-01,CANE,0.1,0.0,0.1,0.0
2025-12-02,CANE,0.0,0.0,0.1,0.0
2025-12-03,CANE,0.0,0.0,0.1,0.0
2025-12-04,CANE,0.0,0.0,0.1,0.0
2025-12-05,CANE,0.1,0.0,0.1,0.0
2025-12-01,CARR,6.7,8.3,11.5,5.1
2025-12-02,CARR,3.8,8.3,11.5,5.1
2025-12-03,CARR,9.8,8.3,11.5,5.1
2025-12-04,CARR,12.2,8.3,11.5,5.1
2025-12-05,CARR,9.1,8.3,11.5,5.1
2025-12-01,CAT,1.8,2.3,2.7,1.9
2025-12-02,CAT,2.8,2.3,2.7,1.9
2025-12-03,CAT,2.6,2.3,2.7,1.9
2025-12-04,CAT,2.3,2.3,2.7,1.9
2025-12-05,CAT,2.2,2.3,2.7,1.9
2025-12-01,CB,1.5,1.9,2.4,1.4
2025-12-02,CB,1.7,1.9,2.4,1.4
2025-12-03,CB,1.8,1.9,2.4,1.4
2025-12-04,CB,1.8,1.9,2.4,1.4
2025-12-05,CB,2.8,1.9,2.4,1.4
2025-12-01,CBOE,0.7,0.6,0.6,0.5
2025-12-02,CBOE,0.6,0.6,0.6,0.5
2025-12-03,CBOE,0.6,0.6,0.6,0.5
2025-12-04,CBOE,0.6,0.6,0.6,0.5
2025-12-05,CBOE,0.5,0.6,0.6,0.5
2025-12-01,CBRE,1.1,1.1,1.2,0.9
2025-12-02,CBRE,1.1,1.1,1.2,0.9
2025-12-03,CBRE,1.2,1.1,1.2,0.9
2025-12-04,CBRE,1.2,1.1,1.2,0.9
2025-12-05,CBRE,0.8,1.1,1.2,0.9
2025-12-01,CCI,4.2,2.9,3.6,2.2
2025-12-02,CCI,2.8,2.9,3.6,2.2
2025-12-03,CCI,2.5,2.9,3.6,2.2
2025-12-04,CCI,2.3,2.9,3.6,2.2
2025-12-05,CCI,2.7,2.9,3.6,2.2
2025-12-01,CCJ,2.5,3.2,4.3,2.0
2025-12-02,CCJ,2.5,3.2,4.3,2.0
2025-12-03,CCJ,1.9,3.2,4.3,2.0
2025-12-04,CCJ,4.2,3.2,4.3,2.0
2025-12-05,CCJ,4.7,3.2,4.3,2.0
2025-12-01,CCL,17.3,16.4,19.8,12.9
2025-12-02,CCL,17.9,16.4,19.8,12.9
2025-12-03,CCL,20.1,16.4,19.8,12.9
2025-12-04,CCL,15.7,16.4,19.8,12.9
2025-12-05,CCL,10.9,16.4,19.8,12.9
2025-12-01,CDNS,1.7,1.8,2.4,1.3
2025-12-02,CDNS,1.9,1.8,2.4,1.3
2025-12-03,CDNS,2.7,1.8,2.4,1.3
2025-12-04,CDNS,1.4,1.8,2.4,1.3
2025-12-05,CDNS,1.3,1.8,2.4,1.3
2025-12-01,CDW,1.2,1.1,1.4,0.9
2025-12-02,CDW,0.9,1.1,1.4,0.9
2025-12-03,CDW,1.0,1.1,1.4,0.9
2025-12-04,CDW,1.4,1.1,1.4,0.9
2025-12-05,CDW,1.3,1.1,1.4,0.9
2025-12-01,CEG,2.0,1.9,2.1,1.7
2025-12-02,CEG,2.0,1.9,2.1,1.7
2025-12-03,CEG,1.6,1.9,2.1,1.7
2025-12-04,CEG,2.0,1.9,2.1,1.7
2025-12-05,CEG,2.0,1.9,2.1,1.7
2025-12-01,CF,3.6,2.5,3.2,1.8
2025-12-02,CF,2.7,2.5,3.2,1.8
2025-12-03,CF,2.1,2.5,3.2,1.8
2025-12-04,CF,2.0,2.5,3.2,1.8
2025-12-05,CF,2.1,2.5,3.2,1.8
2025-12-01,CFG,5.0,5.2,5.5,4.8
2025-12-02,CFG,5.5,5.2,5.5,4.8
2025-12-03,CFG,5.6,5.2,5.5,4.8
2025-12-04,CFG,4.7,5.2,5.5,4.8
2025-12-05,CFG,5.2,5.2,5.5,4.8
2025-12-01,CHD,2.8,2.5,3.1,2.0
2025-12-02,CHD,3.3,2.5,3.1,2.0
2025-12-03,CHD,1.9,2.5,3.1,2.0
2025-12-04,CHD,2.2,2.5,3.1,2.0
2025-12-05,CHD,2.7,2.5,3.1,2.0
2025-12-01,CHRW,1.6,1.4,1.6,1.3
2025-12-02,CHRW,1.3,1.4,1.6,1.3
2025-12-03,CHRW,1.6,1.4,1.6,1.3
2025-12-04,CHRW,1.3,1.4,1.6,1.3
2025-12-05,CHRW,1.4,1.4,1.6,1.3
2025-12-01,CHTR,1.8,1.6,1.8,1.4
2025-12-02,CHTR,1.5,1.6,1.8,1.4
2025-12-03,CHTR,1.4,1.6,1.8,1.4
2025-12-04,CHTR,1.6,1.6,1.8,1.4
2025-12-05,CHTR,1.7,1.6,1.8,1.4
2025-12-01,CI,2.0,1.6,2.0,1.3
2025-12-02,CI,1.5,1.6,2.0,1.3
2025-12-03,CI,1.9,1.6,2.0,1.3
2025-12-04,CI,1.6,1.6,2.0,1.3
2025-12-05,CI,1.1,1.6,2.0,1.3
2025-12-01,CINF,0.5,0.5,0.7,0.3
2025-12-02,CINF,0.8,0.5,0.7,0.3
2025-12-03,CINF,0.5,0.5,0.7,0.3
2025-12-04,CINF,0.4,0.5,0.7,0.3
2025-12-05,CINF,0.4,0.5,0.7,0.3
2025-12-01,CIVI,1.2,1.2,1.4,1.0
2025-12-02,CIVI,1.0,1.2,1.4,1.0
2025-12-03,CIVI,1.2,1.2,1.4,1.0
2025-12-04,CIVI,1.4,1.2,1.4,1.0
2025-12-05,CIVI,1.4,1.2,1.4,1.0
2025-12-01,CL,6.6,6.6,8.1,5.0
2025-12-02,CL,9.3,6.6,8.1,5.0
2025-12-03,CL,5.5,6.6,8.1,5.0
2025-12-04,CL,5.8,6.6,8.1,5.0
2025-12-05,CL,5.7,6.6,8.1,5.0
2025-12-01,CLX,2.0,1.7,2.1,1.4
2025-12-02,CLX,2.1,1.7,2.1,1.4
2025-12-03,CLX,1.7,1.7,2.1,1.4
2025-12-04,CLX,1.4,1.7,2.1,1.4
2025-12-05,CLX,1.4,1.7,2.1,1.4
2025-12-01,CMBT,2.6,1.7,2.2,1.1
2025-12-02,CMBT,1.4,1.7,2.2,1.1
2025-12-03,CMBT,1.8,1.7,2.2,1.1
2025-12-04,CMBT,1.2,1.7,2.2,1.1
2025-12-05,CMBT,1.3,1.7,2.2,1.1
2025-12-01,CMCSA,28.3,38.0,47.6,28.5
2025-12-02,CMCSA,45.8,38.0,47.6,28.5
2025-12-03,CMCSA,27.7,38.0,47.6,28.5
2025-12-04,CMCSA,40.8,38.0,47.6,28.5
2025-12-05,CMCSA,47.7,38.0,47.6,28.5
2025-12-01,CME,1.7,2.0,2.2,1.7
2025-12-02,CME,1.9,2.0,2.2,1.7
2025-12-03,CME,1.9,2.0,2.2,1.7
2025-12-04,CME,2.4,2.0,2.2,1.7
2025-12-05,CME,2.0,2.0,2.2,1.7
2025-12-01,CMG,20.1,18.5,21.7,15.2
2025-12-02,CMG,14.7,18.5,21.7,15.2
2025-12-03,CMG,23.1,18.5,21.7,15.2
2025-12-04,CMG,17.0,18.5,21.7,15.2
2025-12-05,CMG,17.4,18.5,21.7,15.2
2025-12-01,CMI,0.8,0.9,1.0,0.7
2025-12-02,CMI,0.8,0.9,1.0,0.7
2025-12-03,CMI,0.7,0.9,1.0,0.7
2025-12-04,CMI,0.9,0.9,1.0,0.7
2025-12-05,CMI,1.1,0.9,1.0,0.7
2025-12-01,CMRE,1.0,0.6,0.8,0.3
2025-12-02,CMRE,0.5,0.6,0.8,0.3
2025-12-03,CMRE,0.5,0.6,0.8,0.3
2025-12-04,CMRE,0.4,0.6,0.8,0.3
2025-12-05,CMRE,0.6,0.6,0.8,0.3
2025-12-01,CMS,2.7,2.0,2.4,1.6
2025-12-02,CMS,1.6,2.0,2.4,1.6
2025-12-03,CMS,1.8,2.0,2.4,1.6
2025-12-04,CMS,1.9,2.0,2.4,1.6
2025-12-05,CMS,1.9,2.0,2.4,1.6
2025-12-01,CNC,6.4,6.0,7.6,4.4
2025-12-02,CNC,7.4,6.0,7.6,4.4
2025-12-03,CNC,3.8,6.0,7.6,4.4
2025-12-04,CNC,4.8,6.0,7.6,4.4
2025-12-05,CNC,7.5,6.0,7.6,4.4
2025-12-01,CNP,3.9,4.8,5.8,3.8
2025-12-02,CNP,5.6,4.8,5.8,3.8
2025-12-03,CNP,4.0,4.8,5.8,3.8
2025-12-04,CNP,6.1,4.8,5.8,3.8
2025-12-05,CNP,4.3,4.8,5.8,3.8
2025-12-01,CNR,0.8,0.7,0.9,0.5
2025-12-02,CNR,0.7,0.7,0.9,0.5
2025-12-03,CNR,1.1,0.7,0.9,0.5
2025-12-04,CNR,0.5,0.7,0.9,0.5
2025-12-05,CNR,0.6,0.7,0.9,0.5
2025-12-01,COF,3.4,3.9,4.3,3.6
2025-12-02,COF,4.0,3.9,4.3,3.6
2025-12-03,COF,4.1,3.9,4.3,3.6
2025-12-04,COF,4.3,3.9,4.3,3.6
2025-12-05,COF,3.9,3.9,4.3,3.6
2025-12-01,COIN,12.1,8.9,11.1,6.6
2025-12-02,COIN,9.1,8.9,11.1,6.6
2025-12-03,COIN,9.5,8.9,11.1,6.6
2025-12-04,COIN,6.5,8.9,11.1,6.6
2025-12-05,COIN,7.2,8.9,11.1,6.6
2025-12-01,COMT,0.1,0.1,0.1,0.0
2025-12-02,COMT,0.1,0.1,0.1,0.0
2025-12-03,COMT,0.1,0.1,0.1,0.0
2025-12-04,COMT,0.1,0.1,0.1,0.0
2025-12-05,COMT,0.1,0.1,0.1,0.0
2025-12-01,COO,3.6,5.5,8.5,2.5
2025-12-02,COO,4.1,5.5,8.5,2.5
2025-12-03,COO,4.0,5.5,8.5,2.5
2025-12-04,COO,5.1,5.5,8.5,2.5
2025-12-05,COO,10.8,5.5,8.5,2.5
2025-12-01,COP,8.5,7.3,9.3,5.3
2025-12-02,COP,5.1,7.3,9.3,5.3
2025-12-03,COP,5.7,7.3,9.3,5.3
2025-12-04,COP,7.3,7.3,9.3,5.3
2025-12-05,COP,9.9,7.3,9.3,5.3
2025-12-01,COR,1.4,2.0,2.9,1.0
2025-12-02,COR,2.4,2.0,2.9,1.0
2025-12-03,COR,3.5,2.0,2.9,1.0
2025-12-04,COR,1.3,2.0,2.9,1.0
2025-12-05,COR,1.3,2.0,2.9,1.0
2025-12-01,CORN,0.0,0.1,0.1,0.0
2025-12-02,CORN,0.0,0.1,0.1,0.0
2025-12-03,CORN,0.1,0.1,0.1,0.0
2025-12-04,CORN,0.1,0.1,0.1,0.0
2025-12-05,CORN,0.1,0.1,0.1,0.0
2025-12-01,COST,2.2,2.5,3.2,1.7
2025-12-02,COST,2.2,2.5,3.2,1.7
2025-12-03,COST,1.9,2.5,3.2,1.7
2025-12-04,COST,3.8,2.5,3.2,1.7
2025-12-05,COST,2.4,2.5,3.2,1.7
2025-12-01,CPAY,0.6,0.5,0.7,0.4
2025-12-02,CPAY,0.4,0.5,0.7,0.4
2025-12-03,CPAY,0.4,0.5,0.7,0.4
2025-12-04,CPAY,0.6,0.5,0.7,0.4
2025-12-05,CPAY,0.7,0.5,0.7,0.4
2025-12-01,CPB,6.2,6.4,7.8,5.0
2025-12-02,CPB,6.2,6.4,7.8,5.0
2025-12-03,CPB,4.3,6.4,7.8,5.0
2025-12-04,CPB,7.8,6.4,7.8,5.0
2025-12-05,CPB,7.6,6.4,7.8,5.0
2025-12-01,CPER,0.5,0.6,0.9,0.3
2025-12-02,CPER,0.4,0.6,0.9,0.3
2025-12-03,CPER,1.1,0.6,0.9,0.3
2025-12-04,CPER,0.4,0.6,0.9,0.3
2025-12-05,CPER,0.6,0.6,0.9,0.3
2025-12-01,CPRT,8.5,7.9,9.0,6.7
2025-12-02,CPRT,9.3,7.9,9.0,6.7
2025-12-03,CPRT,6.9,7.9,9.0,6.7
2025-12-04,CPRT,6.5,7.9,9.0,6.7
2025-12-05,CPRT,8.2,7.9,9.0,6.7
2025-12-01,CPT,0.6,0.8,1.0,0.7
2025-12-02,CPT,0.9,0.8,1.0,0.7
2025-12-03,CPT,0.9,0.8,1.0,0.7
2025-12-04,CPT,0.9,0.8,1.0,0.7
2025-12-05,CPT,0.8,0.8,1.0,0.7
2025-12-01,CRESY,0.2,0.3,0.5,0.1
2025-12-02,CRESY,0.2,0.3,0.5,0.1
2025-12-03,CRESY,0.7,0.3,0.5,0.1
2025-12-04,CRESY,0.2,0.3,0.5,0.1
2025-12-05,CRESY,0.2,0.3,0.5,0.1
2025-12-01,CRL,0.9,0.8,0.9,0.7
2025-12-02,CRL,0.6,0.8,0.9,0.7
2025-12-03,CRL,0.8,0.8,0.9,0.7
2025-12-04,CRL,1.0,0.8,0.9,0.7
2025-12-05,CRL,0.7,0.8,0.9,0.7
2025-12-01,CRM,5.6,12.8,19.0,6.6
2025-12-02,CRM,7.6,12.8,19.0,6.6
2025-12-03,CRM,13.8,12.8,19.0,6.6
2025-12-04,CRM,20.9,12.8,19.0,6.6
2025-12-05,CRM,15.9,12.8,19.0,6.6
2025-12-01,CRWD,2.1,3.6,5.2,1.9
2025-12-02,CRWD,5.1,3.6,5.2,1.9
2025-12-03,CRWD,5.6,3.6,5.2,1.9
2025-12-04,CRWD,2.5,3.6,5.2,1.9
2025-12-05,CRWD,2.6,3.6,5.2,1.9
2025-12-01,CSCO,15.5,14.3,15.9,12.6
2025-12-02,CSCO,14.6,14.3,15.9,12.6
2025-12-03,CSCO,16.1,14.3,15.9,12.6
2025-12-04,CSCO,12.6,14.3,15.9,12.6
2025-12-05,CSCO,12.6,14.3,15.9,12.6
2025-12-01,CSGP,3.0,2.8,3.1,2.4
2025-12-02,CSGP,3.1,2.8,3.1,2.4
2025-12-03,CSGP,2.5,2.8,3.1,2.4
2025-12-04,CSGP,2.3,2.8,3.1,2.4
2025-12-05,CSGP,3.0,2.8,3.1,2.4
2025-12-01,CSX,16.0,13.7,16.1,11.3
2025-12-02,CSX,11.8,13.7,16.1,11.3
2025-12-03,CSX,14.6,13.7,16.1,11.3
2025-12-04,CSX,15.6,13.7,16.1,11.3
2025-12-05,CSX,10.5,13.7,16.1,11.3
2025-12-01,CTAS,1.6,1.5,1.7,1.3
2025-12-02,CTAS,1.6,1.5,1.7,1.3
2025-12-03,CTAS,1.5,1.5,1.7,1.3
2025-12-04,CTAS,1.2,1.5,1.7,1.3
2025-12-05,CTAS,1.7,1.5,1.7,1.3
2025-12-01,CTRA,6.3,6.9,8.2,5.6
2025-12-02,CTRA,6.0,6.9,8.2,5.6
2025-12-03,CTRA,5.9,6.9,8.2,5.6
2025-12-04,CTRA,9.0,6.9,8.2,5.6
2025-12-05,CTRA,7.2,6.9,8.2,5.6
2025-12-01,CTSH,3.3,3.8,4.4,3.2
2025-12-02,CTSH,4.3,3.8,4.4,3.2
2025-12-03,CTSH,3.8,3.8,4.4,3.2
2025-12-04,CTSH,4.5,3.8,4.4,3.2
2025-12-05,CTSH,3.2,3.8,4.4,3.2
2025-12-01,CTVA,3.5,3.8,4.8,2.8
2025-12-02,CTVA,2.6,3.8,4.8,2.8
2025-12-03,CTVA,3.9,3.8,4.8,2.8
2025-12-04,CTVA,3.6,3.8,4.8,2.8
2025-12-05,CTVA,5.4,3.8,4.8,2.8
2025-12-01,CVS,6.8,7.9,8.6,7.1
2025-12-02,CVS,7.7,7.9,8.6,7.1
2025-12-03,CVS,8.2,7.9,8.6,7.1
2025-12-04,CVS,8.9,7.9,8.6,7.1
2025-12-05,CVS,7.8,7.9,8.6,7.1
2025-12-01,CVX,8.2,9.1,11.2,7.0
2025-12-02,CVX,9.2,9.1,11.2,7.0
2025-12-03,CVX,8.1,9.1,11.2,7.0
2025-12-04,CVX,7.3,9.1,11.2,7.0
2025-12-05,CVX,12.7,9.1,11.2,7.0
2025-12-01,D,7.1,7.1,7.8,6.5
2025-12-02,D,6.1,7.1,7.8,6.5
2025-12-03,D,7.9,7.1,7.8,6.5
2025-12-04,D,7.4,7.1,7.8,6.5
2025-12-05,D,7.1,7.1,7.8,6.5
2025-12-01,DAL,7.3,8.4,9.7,7.1
2025-12-02,DAL,7.3,8.4,9.7,7.1
2025-12-03,DAL,10.1,8.4,9.7,7.1
2025-12-04,DAL,9.5,8.4,9.7,7.1
2025-12-05,DAL,7.9,8.4,9.7,7.1
2025-12-01,DASH,6.4,6.7,9.0,4.4
2025-12-02,DASH,10.3,6.7,9.0,4.4
2025-12-03,DASH,7.4,6.7,9.0,4.4
2025-12-04,DASH,4.9,6.7,9.0,4.4
2025-12-05,DASH,4.5,6.7,9.0,4.4
2025-12-01,DAY,3.1,4.4,6.4,2.4
2025-12-02,DAY,2.3,4.4,6.4,2.4
2025-12-03,DAY,3.6,4.4,6.4,2.4
2025-12-04,DAY,7.0,4.4,6.4,2.4
2025-12-05,DAY,6.0,4.4,6.4,2.4
2025-12-01,DBA,0.3,0.2,0.2,0.1
2025-12-02,DBA,0.2,0.2,0.2,0.1
2025-12-03,DBA,0.1,0.2,0.2,0.1
2025-12-04,DBA,0.1,0.2,0.2,0.1
2025-12-05,DBA,0.1,0.2,0.2,0.1
2025-12-01,DBB,0.4,0.1,0.3,-0.0
2025-12-02,DBB,0.1,0.1,0.3,-0.0
2025-12-03,DBB,0.1,0.1,0.3,-0.0
2025-12-04,DBB,0.0,0.1,0.3,-0.0
2025-12-05,DBB,0.1,0.1,0.3,-0.0
2025-12-01,DBC,0.7,0.4,0.6,0.2
2025-12-02,DBC,0.5,0.4,0.6,0.2
2025-12-03,DBC,0.1,0.4,0.6,0.2
2025-12-04,DBC,0.2,0.4,0.6,0.2
2025-12-05,DBC,0.5,0.4,0.6,0.2
2025-12-01,DD,6.0,4.6,5.4,3.8
2025-12-02,DD,4.2,4.6,5.4,3.8
2025-12-03,DD,4.0,4.6,5.4,3.8
2025-12-04,DD,4.2,4.6,5.4,3.8
2025-12-05,DD,4.5,4.6,5.4,3.8
2025-12-01,DDOG,3.6,4.6,6.0,3.3
2025-12-02,DDOG,5.8,4.6,6.0,3.3
2025-12-03,DDOG,3.7,4.6,6.0,3.3
2025-12-04,DDOG,3.7,4.6,6.0,3.3
2025-12-05,DDOG,6.4,4.6,6.0,3.3
2025-12-01,DE,1.8,1.4,1.6,1.1
2025-12-02,DE,1.3,1.4,1.6,1.1
2025-12-03,DE,1.2,1.4,1.6,1.1
2025-12-04,DE,1.4,1.4,1.6,1.1
2025-12-05,DE,1.2,1.4,1.6,1.1
2025-12-01,DECK,5.6,4.1,5.1,3.1
2025-12-02,DECK,3.3,4.1,5.1,3.1
2025-12-03,DECK,3.8,4.1,5.1,3.1
2025-12-04,DECK,3.3,4.1,5.1,3.1
2025-12-05,DECK,4.6,4.1,5.1,3.1
2025-12-01,DELL,6.7,6.2,7.1,5.4
2025-12-02,DELL,7.0,6.2,7.1,5.4
2025-12-03,DELL,5.6,6.2,7.1,5.4
2025-12-04,DELL,6.9,6.2,7.1,5.4
2025-12-05,DELL,5.0,6.2,7.1,5.4
2025-12-01,DG,3.3,7.8,12.9,2.7
2025-12-02,DG,3.6,7.8,12.9,2.7
2025-12-03,DG,5.5,7.8,12.9,2.7
2025-12-04,DG,14.2,7.8,12.9,2.7
2025-12-05,DG,12.3,7.8,12.9,2.7
2025-12-01,DGX,1.2,1.0,1.2,0.9
2025-12-02,DGX,1.2,1.0,1.2,0.9
2025-12-03,DGX,1.1,1.0,1.2,0.9
2025-12-04,DGX,1.0,1.0,1.2,0.9
2025-12-05,DGX,0.7,1.0,1.2,0.9
2025-12-01,DHI,2.6,3.1,3.8,2.3
2025-12-02,DHI,3.0,3.1,3.8,2.3
2025-12-03,DHI,4.0,3.1,3.8,2.3
2025-12-04,DHI,3.4,3.1,3.8,2.3
2025-12-05,DHI,2.2,3.1,3.8,2.3
2025-12-01,DHR,3.9,3.5,4.1,3.0
2025-12-02,DHR,2.7,3.5,4.1,3.0
2025-12-03,DHR,3.8,3.5,4.1,3.0
2025-12-04,DHR,4.1,3.5,4.1,3.0
2025-12-05,DHR,3.2,3.5,4.1,3.0
2025-12-01,DHT,1.9,1.5,1.8,1.2
2025-12-02,DHT,1.5,1.5,1.8,1.2
2025-12-03,DHT,1.3,1.5,1.8,1.2
2025-12-04,DHT,1.2,1.5,1.8,1.2
2025-12-05,DHT,1.7,1.5,1.8,1.2
2025-12-01,DIA,4.4,4.8,5.6,4.1
2025-12-02,DIA,5.2,4.8,5.6,4.1
2025-12-03,DIA,6.0,4.8,5.6,4.1
2025-12-04,DIA,4.0,4.8,5.6,4.1
2025-12-05,DIA,4.6,4.8,5.6,4.1
2025-12-01,DIS,12.6,10.7,12.2,9.2
2025-12-02,DIS,8.6,10.7,12.2,9.2
2025-12-03,DIS,10.2,10.7,12.2,9.2
2025-12-04,DIS,11.5,10.7,12.2,9.2
2025-12-05,DIS,10.7,10.7,12.2,9.2
2025-12-01,DLR,1.4,1.5,1.8,1.3
2025-12-02,DLR,1.3,1.5,1.8,1.3
2025-12-03,DLR,1.4,1.5,1.8,1.3
2025-12-04,DLR,1.8,1.5,1.8,1.3
2025-12-05,DLR,1.9,1.5,1.8,1.3
2025-12-01,DLTR,3.7,5.6,7.0,4.3
2025-12-02,DLTR,5.8,5.6,7.0,4.3
2025-12-03,DLTR,6.5,5.6,7.0,4.3
2025-12-04,DLTR,5.0,5.6,7.0,4.3
2025-12-05,DLTR,7.2,5.6,7.0,4.3
2025-12-01,DOC,8.5,8.1,10.3,5.9
2025-12-02,DOC,6.5,8.1,10.3,5.9
2025-12-03,DOC,11.7,8.1,10.3,5.9
2025-12-04,DOC,7.6,8.1,10.3,5.9
2025-12-05,DOC,6.4,8.1,10.3,5.9
2025-12-01,DOV,1.0,1.0,1.1,0.8
2025-12-02,DOV,1.2,1.0,1.1,0.8
2025-12-03,DOV,1.0,1.0,1.1,0.8
2025-12-04,DOV,0.9,1.0,1.1,0.8
2025-12-05,DOV,0.8,1.0,1.1,0.8
2025-12-01,DOW,11.5,10.4,11.3,9.5
2025-12-02,DOW,10.7,10.4,11.3,9.5
2025-12-03,DOW,10.5,10.4,11.3,9.5
2025-12-04,DOW,10.4,10.4,11.3,9.5
2025-12-05,DOW,9.0,10.4,11.3,9.5
2025-12-01,DPZ,0.6,0.6,0.7,0.5
2025-12-02,DPZ,0.6,0.6,0.7,0.5
2025-12-03,DPZ,0.5,0.6,0.7,0.5
2025-12-04,DPZ,0.6,0.6,0.7,0.5
2025-12-05,DPZ,0.8,0.6,0.7,0.5
2025-12-01,DRI,2.2,1.5,2.0,0.9
2025-12-02,DRI,1.9,1.5,2.0,0.9
2025-12-03,DRI,1.1,1.5,2.0,0.9
2025-12-04,DRI,1.0,1.5,2.0,0.9
2025-12-05,DRI,1.1,1.5,2.0,0.9
2025-12-01,DTE,1.4,1.5,2.0,1.1
2025-12-02,DTE,1.0,1.5,2.0,1.1
2025-12-03,DTE,1.6,1.5,2.0,1.1
2025-12-04,DTE,2.2,1.5,2.0,1.1
2025-12-05,DTE,1.6,1.5,2.0,1.1
2025-12-01,DUK,4.1,3.6,4.0,3.2
2025-12-02,DUK,3.6,3.6,4.0,3.2
2025-12-03,DUK,3.3,3.6,4.0,3.2
2025-12-04,DUK,3.2,3.6,4.0,3.2
2025-12-05,DUK,4.0,3.6,4.0,3.2
2025-12-01,DVA,0.8,0.7,0.8,0.6
2025-12-02,DVA,0.9,0.7,0.8,0.6
2025-12-03,DVA,0.7,0.7,0.8,0.6
2025-12-04,DVA,0.7,0.7,0.8,0.6
2025-12-05,DVA,0.6,0.7,0.8,0.6
2025-12-01,DVN,9.1,7.7,9.2,6.2
2025-12-02,DVN,7.0,7.7,9.2,6.2
2025-12-03,DVN,9.2,7.7,9.2,6.2
2025-12-04,DVN,5.6,7.7,9.2,6.2
2025-12-05,DVN,7.7,7.7,9.2,6.2
2025-12-01,DXCM,5.2,4.2,5.0,3.5
2025-12-02,DXCM,4.8,4.2,5.0,3.5
2025-12-03,DXCM,3.7,4.2,5.0,3.5
2025-12-04,DXCM,3.5,4.2,5.0,3.5
2025-12-05,DXCM,3.9,4.2,5.0,3.5
2025-12-01,EA,3.6,2.2,3.0,1.4
2025-12-02,EA,2.3,2.2,3.0,1.4
2025-12-03,EA,1.5,2.2,3.0,1.4
2025-12-04,EA,1.6,2.2,3.0,1.4
2025-12-05,EA,1.9,2.2,3.0,1.4
2025-12-01,EBAY,4.4,3.4,4.0,2.8
2025-12-02,EBAY,3.4,3.4,4.0,2.8
2025-12-03,EBAY,3.3,3.4,4.0,2.8
2025-12-04,EBAY,2.7,3.4,4.0,2.8
2025-12-05,EBAY,3.2,3.4,4.0,2.8
2025-12-01,EC,1.9,1.8,2.4,1.1
2025-12-02,EC,1.6,1.8,2.4,1.1
2025-12-03,EC,1.4,1.8,2.4,1.1
2025-12-04,EC,1.1,1.8,2.4,1.1
2025-12-05,EC,2.9,1.8,2.4,1.1
2025-12-01,ECH,0.5,0.8,1.0,0.5
2025-12-02,ECH,0.7,0.8,1.0,0.5
2025-12-03,ECH,0.6,0.8,1.0,0.5
2025-12-04,ECH,0.7,0.8,1.0,0.5
2025-12-05,ECH,1.2,0.8,1.0,0.5
2025-12-01,ECL,1.4,1.6,2.1,1.1
2025-12-02,ECL,1.1,1.6,2.1,1.1
2025-12-03,ECL,2.4,1.6,2.1,1.1
2025-12-04,ECL,1.7,1.6,2.1,1.1
2025-12-05,ECL,1.6,1.6,2.1,1.1
2025-12-01,ED,2.7,2.3,2.8,1.8
2025-12-02,ED,2.8,2.3,2.8,1.8
2025-12-03,ED,1.8,2.3,2.8,1.8
2025-12-04,ED,2.3,2.3,2.8,1.8
2025-12-05,ED,1.8,2.3,2.8,1.8
2025-12-02,EDEN,0.0,0.0,0.0,0.0
2025-12-03,EDEN,0.0,0.0,0.0,0.0
2025-12-04,EDEN,0.0,0.0,0.0,0.0
2025-12-01,EDV,1.5,1.1,1.4,0.7
2025-12-02,EDV,0.7,1.1,1.4,0.7
2025-12-03,EDV,0.7,1.1,1.4,0.7
2025-12-04,EDV,1.3,1.1,1.4,0.7
2025-12-05,EDV,1.0,1.1,1.4,0.7
2025-12-01,EFNL,0.0,0.0,0.0,-0.0
2025-12-03,EFNL,0.0,0.0,0.0,-0.0
2025-12-01,EFX,1.7,2.0,2.6,1.5
2025-12-02,EFX,1.7,2.0,2.6,1.5
2025-12-03,EFX,1.5,2.0,2.6,1.5
2025-12-04,EFX,2.8,2.0,2.6,1.5
2025-12-05,EFX,2.5,2.0,2.6,1.5
2025-12-01,EG,0.4,0.4,0.4,0.3
2025-12-02,EG,0.4,0.4,0.4,0.3
2025-12-03,EG,0.3,0.4,0.4,0.3
2025-12-04,EG,0.3,0.4,0.4,0.3
2025-12-05,EG,0.4,0.4,0.4,0.3
2025-12-01,EIDO,0.3,0.4,0.8,0.1
2025-12-02,EIDO,1.0,0.4,0.8,0.1
2025-12-03,EIDO,0.2,0.4,0.8,0.1
2025-12-04,EIDO,0.2,0.4,0.8,0.1
2025-12-05,EIDO,0.4,0.4,0.8,0.1
2025-12-01,EIRL,0.0,0.0,0.0,-0.0
2025-12-02,EIRL,0.0,0.0,0.0,-0.0
2025-12-01,EIS,0.1,0.1,0.1,0.0
2025-12-02,EIS,0.1,0.1,0.1,0.0
2025-12-03,EIS,0.0,0.1,0.1,0.0
2025-12-04,EIS,0.0,0.1,0.1,0.0
2025-12-05,EIS,0.0,0.1,0.1,0.0
2025-12-01,EIX,2.8,2.9,3.2,2.5
2025-12-02,EIX,3.5,2.9,3.2,2.5
2025-12-03,EIX,2.7,2.9,3.2,2.5
2025-12-04,EIX,2.5,2.9,3.2,2.5
2025-12-05,EIX,2.9,2.9,3.2,2.5
2025-12-01,EL,3.1,4.2,5.0,3.4
2025-12-02,EL,4.9,4.2,5.0,3.4
2025-12-03,EL,4.3,4.2,5.0,3.4
2025-12-04,EL,4.9,4.2,5.0,3.4
2025-12-05,EL,3.8,4.2,5.0,3.4
2025-12-01,ELV,1.6,1.6,2.1,1.1
2025-12-02,ELV,1.0,1.6,2.1,1.1
2025-12-03,ELV,1.7,1.6,2.1,1.1
2025-12-04,ELV,2.4,1.6,2.1,1.1
2025-12-05,ELV,1.3,1.6,2.1,1.1
2025-12-01,EME,0.3,0.4,0.5,0.3
2025-12-02,EME,0.3,0.4,0.5,0.3
2025-12-03,EME,0.4,0.4,0.5,0.3
2025-12-04,EME,0.5,0.4,0.5,0.3
2025-12-05,EME,0.4,0.4,0.5,0.3
2025-12-01,EMN,1.7,1.9,2.4,1.4
2025-12-02,EMN,2.8,1.9,2.4,1.4
2025-12-03,EMN,1.8,1.9,2.4,1.4
2025-12-04,EMN,1.6,1.9,2.4,1.4
2025-12-05,EMN,1.7,1.9,2.4,1.4
2025-12-01,EMR,2.5,2.2,2.6,1.7
2025-12-02,EMR,2.1,2.2,2.6,1.7
2025-12-03,EMR,2.0,2.2,2.6,1.7
2025-12-04,EMR,2.7,2.2,2.6,1.7
2025-12-05,EMR,1.6,2.2,2.6,1.7
2025-12-02,ENZL,0.1,0.0,0.0,-0.0
2025-12-03,ENZL,0.0,0.0,0.0,-0.0
2025-12-04,ENZL,0.0,0.0,0.0,-0.0
2025-12-01,EOG,4.1,3.7,4.0,3.3
2025-12-02,EOG,3.6,3.7,4.0,3.3
2025-12-03,EOG,3.9,3.7,4.0,3.3
2025-12-04,EOG,3.5,3.7,4.0,3.3
2025-12-05,EOG,3.1,3.7,4.0,3.3
2025-12-01,EPAM,0.9,1.0,1.2,0.7
2025-12-02,EPAM,0.6,1.0,1.2,0.7
2025-12-03,EPAM,1.1,1.0,1.2,0.7
2025-12-04,EPAM,1.2,1.0,1.2,0.7
2025-12-05,EPAM,1.0,1.0,1.2,0.7
2025-12-01,EPHE,0.1,0.2,0.4,0.1
2025-12-02,EPHE,0.3,0.2,0.4,0.1
2025-12-03,EPHE,0.1,0.2,0.4,0.1
2025-12-04,EPHE,0.4,0.2,0.4,0.1
2025-12-05,EPHE,0.1,0.2,0.4,0.1
2025-12-01,EPOL,0.4,0.3,0.5,0.2
2025-12-02,EPOL,0.3,0.3,0.5,0.2
2025-12-03,EPOL,0.2,0.3,0.5,0.2
2025-12-04,EPOL,0.5,0.3,0.5,0.2
2025-12-05,EPOL,0.1,0.3,0.5,0.2
2025-12-01,EPU,0.0,0.1,0.1,-0.0
2025-12-02,EPU,0.0,0.1,0.1,-0.0
2025-12-03,EPU,0.0,0.1,0.1,-0.0
2025-12-04,EPU,0.2,0.1,0.1,-0.0
2025-12-05,EPU,0.0,0.1,0.1,-0.0
2025-12-01,EQIX,0.6,0.8,0.9,0.6
2025-12-02,EQIX,0.8,0.8,0.9,0.6
2025-12-03,EQIX,1.0,0.8,0.9,0.6
2025-12-04,EQIX,0.7,0.8,0.9,0.6
2025-12-05,EQIX,0.8,0.8,0.9,0.6
2025-12-01,EQR,2.0,2.2,2.6,1.9
2025-12-02,EQR,1.9,2.2,2.6,1.9
2025-12-03,EQR,2.3,2.2,2.6,1.9
2025-12-04,EQR,2.8,2.2,2.6,1.9
2025-12-05,EQR,2.2,2.2,2.6,1.9
2025-12-01,EQT,8.3,9.1,10.6,7.6
2025-12-02,EQT,7.3,9.1,10.6,7.6
2025-12-03,EQT,9.4,9.1,10.6,7.6
2025-12-04,EQT,11.4,9.1,10.6,7.6
2025-12-05,EQT,9.0,9.1,10.6,7.6
2025-12-01,ERIE,0.1,0.1,0.1,0.1
2025-12-02,ERIE,0.1,0.1,0.1,0.1
2025-12-03,ERIE,0.1,0.1,0.1,0.1
2025-12-04,ERIE,0.1,0.1,0.1,0.1
2025-12-05,ERIE,0.1,0.1,0.1,0.1
2025-12-01,ES,2.6,2.5,3.3,1.8
2025-12-02,ES,1.8,2.5,3.3,1.8
2025-12-03,ES,1.9,2.5,3.3,1.8
2025-12-04,ES,3.5,2.5,3.3,1.8
2025-12-05,ES,3.0,2.5,3.3,1.8
2025-12-01,ESS,0.5,0.4,0.5,0.4
2025-12-02,ESS,0.4,0.4,0.5,0.4
2025-12-03,ESS,0.5,0.4,0.5,0.4
2025-12-04,ESS,0.4,0.4,0.5,0.4
2025-12-05,ESS,0.3,0.4,0.5,0.4
2025-12-01,ETN,2.3,2.7,3.5,1.9
2025-12-02,ETN,3.9,2.7,3.5,1.9
2025-12-03,ETN,3.1,2.7,3.5,1.9
2025-12-04,ETN,2.4,2.7,3.5,1.9
2025-12-05,ETN,1.9,2.7,3.5,1.9
2025-12-01,ETR,2.3,3.4,5.0,1.9
2025-12-02,ETR,2.0,3.4,5.0,1.9
2025-12-03,ETR,5.8,3.4,5.0,1.9
2025-12-04,ETR,3.7,3.4,5.0,1.9
2025-12-05,ETR,3.3,3.4,5.0,1.9
2025-12-01,EVRG,1.8,1.7,1.8,1.7
2025-12-02,EVRG,1.6,1.7,1.8,1.7
2025-12-03,EVRG,1.7,1.7,1.8,1.7
2025-12-04,EVRG,1.7,1.7,1.8,1.7
2025-12-05,EVRG,1.8,1.7,1.8,1.7
2025-12-01,EW,2.6,3.1,3.6,2.5
2025-12-02,EW,3.3,3.1,3.6,2.5
2025-12-03,EW,2.3,3.1,3.6,2.5
2025-12-04,EW,3.6,3.1,3.6,2.5
2025-12-05,EW,3.5,3.1,3.6,2.5
2025-12-01,EWA,4.3,3.7,4.5,2.9
2025-12-02,EWA,4.1,3.7,4.5,2.9
2025-12-03,EWA,2.7,3.7,4.5,2.9
2025-12-04,EWA,3.0,3.7,4.5,2.9
2025-12-05,EWA,4.3,3.7,4.5,2.9
2025-12-01,EWC,1.4,2.0,2.8,1.2
2025-12-02,EWC,2.4,2.0,2.8,1.2
2025-12-03,EWC,1.1,2.0,2.8,1.2
2025-12-04,EWC,3.1,2.0,2.8,1.2
2025-12-05,EWC,2.1,2.0,2.8,1.2
2025-12-01,EWD,0.1,0.1,0.3,-0.0
2025-12-02,EWD,0.1,0.1,0.3,-0.0
2025-12-03,EWD,0.4,0.1,0.3,-0.0
2025-12-04,EWD,0.1,0.1,0.3,-0.0
2025-12-05,EWD,0.0,0.1,0.3,-0.0
2025-12-01,EWG,1.9,2.0,2.6,1.4
2025-12-02,EWG,1.8,2.0,2.6,1.4
2025-12-03,EWG,3.1,2.0,2.6,1.4
2025-12-04,EWG,1.6,2.0,2.6,1.4
2025-12-05,EWG,1.8,2.0,2.6,1.4
2025-12-01,EWH,1.9,1.8,2.2,1.5
2025-12-02,EWH,2.1,1.8,2.2,1.5
2025-12-03,EWH,2.3,1.8,2.2,1.5
2025-12-04,EWH,1.5,1.8,2.2,1.5
2025-12-05,EWH,1.5,1.8,2.2,1.5
2025-12-01,EWI,0.3,0.4,0.8,0.1
2025-12-02,EWI,0.3,0.4,0.8,0.1
2025-12-03,EWI,1.1,0.4,0.8,0.1
2025-12-04,EWI,0.2,0.4,0.8,0.1
2025-12-05,EWI,0.2,0.4,0.8,0.1
2025-12-01,EWJ,5.0,4.7,5.3,4.0
2025-12-02,EWJ,3.9,4.7,5.3,4.0
2025-12-03,EWJ,5.5,4.7,5.3,4.0
2025-12-04,EWJ,4.7,4.7,5.3,4.0
2025-12-05,EWJ,4.2,4.7,5.3,4.0
2025-12-01,EWK,0.0,0.1,0.2,-0.0
2025-12-02,EWK,0.1,0.1,0.2,-0.0
2025-12-05,EWK,0.3,0.1,0.2,-0.0
2025-12-01,EWL,0.4,0.5,0.5,0.4
2025-12-02,EWL,0.4,0.5,0.5,0.4
2025-12-03,EWL,0.6,0.5,0.5,0.4
2025-12-04,EWL,0.4,0.5,0.5,0.4
2025-12-05,EWL,0.4,0.5,0.5,0.4
2025-12-01,EWM,0.6,0.3,0.5,0.1
2025-12-02,EWM,0.2,0.3,0.5,0.1
2025-12-03,EWM,0.2,0.3,0.5,0.1
2025-12-04,EWM,0.3,0.3,0.5,0.1
2025-12-05,EWM,0.2,0.3,0.5,0.1
2025-12-01,EWN,0.0,0.0,0.1,0.0
2025-12-02,EWN,0.1,0.0,0.1,0.0
2025-12-03,EWN,0.0,0.0,0.1,0.0
2025-12-04,EWN,0.0,0.0,0.1,0.0
2025-12-05,EWN,0.0,0.0,0.1,0.0
2025-12-01,EWO,0.1,0.0,0.1,-0.0
2025-12-02,EWO,0.0,0.0,0.1,-0.0
2025-12-03,EWO,0.0,0.0,0.1,-0.0
2025-12-04,EWO,0.0,0.0,0.1,-0.0
2025-12-05,EWO,0.0,0.0,0.1,-0.0
2025-12-01,EWP,0.5,0.6,1.0,0.3
2025-12-02,EWP,0.4,0.6,1.0,0.3
2025-12-03,EWP,1.3,0.6,1.0,0.3
2025-12-04,EWP,0.4,0.6,1.0,0.3
2025-12-05,EWP,0.6,0.6,1.0,0.3
2025-12-01,EWQ,0.4,0.3,0.4,0.2
2025-12-02,EWQ,0.4,0.3,0.4,0.2
2025-12-03,EWQ,0.2,0.3,0.4,0.2
2025-12-04,EWQ,0.1,0.3,0.4,0.2
2025-12-05,EWQ,0.2,0.3,0.4,0.2
2025-12-01,EWS,0.8,0.7,0.9,0.6
2025-12-02,EWS,0.8,0.7,0.9,0.6
2025-12-03,EWS,0.8,0.7,0.9,0.6
2025-12-04,EWS,0.5,0.7,0.9,0.6
2025-12-05,EWS,0.8,0.7,0.9,0.6
2025-12-01,EWT,4.4,2.8,3.9,1.8
2025-12-02,EWT,2.0,2.8,3.9,1.8
2025-12-03,EWT,3.3,2.8,3.9,1.8
2025-12-04,EWT,1.9,2.8,3.9,1.8
2025-12-05,EWT,2.6,2.8,3.9,1.8
2025-12-01,EWU,2.7,2.2,2.7,1.7
2025-12-02,EWU,2.4,2.2,2.7,1.7
2025-12-03,EWU,1.9,2.2,2.7,1.7
2025-12-04,EWU,1.5,2.2,2.7,1.7
2025-12-05,EWU,2.4,2.2,2.7,1.7
2025-12-01,EWW,1.1,0.9,1.1,0.8
2025-12-02,EWW,0.8,0.9,1.1,0.8
2025-12-03,EWW,0.8,0.9,1.1,0.8
2025-12-04,EWW,0.8,0.9,1.1,0.8
2025-12-05,EWW,1.0,0.9,1.1,0.8
2025-12-01,EWY,3.6,5.2,6.5,4.0
2025-12-02,EWY,5.3,5.2,6.5,4.0
2025-12-03,EWY,4.9,5.2,6.5,4.0
2025-12-04,EWY,5.3,5.2,6.5,4.0
2025-12-05,EWY,7.1,5.2,6.5,4.0
2025-12-01,EWZ,15.6,46.5,96.7,-3.8
2025-12-02,EWZ,25.7,46.5,96.7,-3.8
2025-12-03,EWZ,20.6,46.5,96.7,-3.8
2025-12-04,EWZ,35.0,46.5,96.7,-3.8
2025-12-05,EWZ,135.4,46.5,96.7,-3.8
2025-12-01,EXC,12.0,10.1,11.8,8.5
2025-12-02,EXC,10.6,10.1,11.8,8.5
2025-12-03,EXC,11.1,10.1,11.8,8.5
2025-12-04,EXC,9.4,10.1,11.8,8.5
2025-12-05,EXC,7.6,10.1,11.8,8.5
2025-12-01,EXE,4.1,3.3,4.0,2.7
2025-12-02,EXE,3.4,3.3,4.0,2.7
2025-12-03,EXE,2.3,3.3,4.0,2.7
2025-12-04,EXE,3.2,3.3,4.0,2.7
2025-12-05,EXE,3.7,3.3,4.0,2.7
2025-12-01,EXPD,1.2,1.3,1.7,0.9
2025-12-02,EXPD,0.9,1.3,1.7,0.9
2025-12-03,EXPD,1.1,1.3,1.7,0.9
2025-12-04,EXPD,1.9,1.3,1.7,0.9
2025-12-05,EXPD,1.6,1.3,1.7,0.9
2025-12-01,EXPE,1.4,1.8,2.3,1.2
2025-12-02,EXPE,2.7,1.8,2.3,1.2
2025-12-03,EXPE,1.3,1.8,2.3,1.2
2025-12-04,EXPE,1.8,1.8,2.3,1.2
2025-12-05,EXPE,1.8,1.8,2.3,1.2
2025-12-01,EXR,1.0,1.0,1.1,0.9
2025-12-02,EXR,1.0,1.0,1.1,0.9
2025-12-03,EXR,1.0,1.0,1.1,0.9
2025-12-04,EXR,1.0,1.0,1.1,0.9
2025-12-05,EXR,1.2,1.0,1.1,0.9
2025-12-01,F,51.6,51.2,56.2,46.3
2025-12-02,F,57.6,51.2,56.2,46.3
2025-12-03,F,45.4,51.2,56.2,46.3
2025-12-04,F,47.6,51.2,56.2,46.3
2025-12-05,F,54.1,51.2,56.2,46.3
2025-12-01,FANG,2.4,1.9,2.2,1.6
2025-12-02,FANG,1.8,1.9,2.2,1.6
2025-12-03,FANG,1.6,1.9,2.2,1.6
2025-12-04,FANG,1.7,1.9,2.2,1.6
2025-12-05,FANG,2.1,1.9,2.2,1.6
2025-12-01,FAST,5.9,6.7,8.3,5.0
2025-12-02,FAST,4.7,6.7,8.3,5.0
2025-12-03,FAST,6.5,6.7,8.3,5.0
2025-12-04,FAST,9.2,6.7,8.3,5.0
2025-12-05,FAST,7.1,6.7,8.3,5.0
2025-12-01,FCX,14.6,16.2,21.3,11.2
2025-12-02,FCX,11.1,16.2,21.3,11.2
2025-12-03,FCX,22.9,16.2,21.3,11.2
2025-12-04,FCX,12.4,16.2,21.3,11.2
2025-12-05,FCX,20.2,16.2,21.3,11.2
2025-12-01,FDS,0.9,0.8,1.2,0.3
2025-12-02,FDS,0.6,0.8,1.2,0.3
2025-12-03,FDS,0.5,0.8,1.2,0.3
2025-12-04,FDS,0.4,0.8,1.2,0.3
2025-12-05,FDS,1.5,0.8,1.2,0.3
2025-12-01,FDX,1.2,1.5,1.9,1.1
2025-12-02,FDX,1.6,1.5,1.9,1.1
2025-12-03,FDX,1.7,1.5,1.9,1.1
2025-12-04,FDX,2.1,1.5,1.9,1.1
2025-12-05,FDX,1.0,1.5,1.9,1.1
2025-12-01,FE,4.6,5.1,5.7,4.5
2025-12-02,FE,4.9,5.1,5.7,4.5
2025-12-03,FE,6.1,5.1,5.7,4.5
2025-12-04,FE,5.1,5.1,5.7,4.5
2025-12-05,FE,4.7,5.1,5.7,4.5
2025-12-01,FFIV,1.2,1.1,1.2,1.0
2025-12-02,FFIV,1.3,1.1,1.2,1.0
2025-12-03,FFIV,1.1,1.1,1.2,1.0
2025-12-04,FFIV,1.1,1.1,1.2,1.0
2025-12-05,FFIV,1.0,1.1,1.2,1.0
2025-12-01,FICO,0.2,0.1,0.2,0.1
2025-12-02,FICO,0.2,0.1,0.2,0.1
2025-12-03,FICO,0.2,0.1,0.2,0.1
2025-12-04,FICO,0.1,0.1,0.2,0.1
2025-12-05,FICO,0.1,0.1,0.2,0.1
2025-12-01,FIS,2.8,3.2,3.8,2.6
2025-12-02,FIS,3.2,3.2,3.8,2.6
2025-12-03,FIS,4.2,3.2,3.8,2.6
2025-12-04,FIS,2.8,3.2,3.8,2.6
2025-12-05,FIS,2.8,3.2,3.8,2.6
2025-12-01,FISV,11.0,9.5,13.0,6.1
2025-12-02,FISV,7.1,9.5,13.0,6.1
2025-12-03,FISV,14.9,9.5,13.0,6.1
2025-12-04,FISV,7.5,9.5,13.0,6.1
2025-12-05,FISV,7.2,9.5,13.0,6.1
2025-12-01,FITB,5.1,5.7,7.3,4.2
2025-12-02,FITB,4.6,5.7,7.3,4.2
2025-12-03,FITB,5.0,5.7,7.3,4.2
2025-12-04,FITB,5.6,5.7,7.3,4.2
2025-12-05,FITB,8.4,5.7,7.3,4.2
2025-12-01,FOXA,4.1,3.5,4.0,3.0
2025-12-02,FOXA,3.4,3.5,4.0,3.0
2025-12-03,FOXA,2.7,3.5,4.0,3.0
2025-12-04,FOXA,3.6,3.5,4.0,3.0
2025-12-05,FOXA,3.8,3.5,4.0,3.0
2025-12-01,FRO,5.2,3.1,4.4,1.9
2025-12-02,FRO,3.6,3.1,4.4,1.9
2025-12-03,FRO,2.4,3.1,4.4,1.9
2025-12-04,FRO,2.5,3.1,4.4,1.9
2025-12-05,FRO,2.1,3.1,4.4,1.9
2025-12-01,FRT,0.5,0.5,0.6,0.4
2025-12-02,FRT,0.4,0.5,0.6,0.4
2025-12-03,FRT,0.4,0.5,0.6,0.4
2025-12-04,FRT,0.5,0.5,0.6,0.4
2025-12-05,FRT,0.7,0.5,0.6,0.4
2025-12-01,FSLR,2.1,1.8,2.0,1.5
2025-12-02,FSLR,1.6,1.8,2.0,1.5
2025-12-03,FSLR,1.9,1.8,2.0,1.5
2025-12-04,FSLR,1.4,1.8,2.0,1.5
2025-12-05,FSLR,1.9,1.8,2.0,1.5
2025-12-01,FTI,2.9,2.6,3.2,2.1
2025-12-02,FTI,3.5,2.6,3.2,2.1
2025-12-03,FTI,2.3,2.6,3.2,2.1
2025-12-04,FTI,2.2,2.6,3.2,2.1
2025-12-05,FTI,2.2,2.6,3.2,2.1
2025-12-01,FTNT,4.1,5.2,6.4,3.9
2025-12-02,FTNT,3.9,5.2,6.4,3.9
2025-12-03,FTNT,5.1,5.2,6.4,3.9
2025-12-04,FTNT,6.7,5.2,6.4,3.9
2025-12-05,FTNT,6.2,5.2,6.4,3.9
2025-12-01,FTV,2.5,2.3,2.6,2.0
2025-12-02,FTV,1.9,2.3,2.6,2.0
2025-12-03,FTV,2.1,2.3,2.6,2.0
2025-12-04,FTV,2.6,2.3,2.6,2.0
2025-12-05,FTV,2.5,2.3,2.6,2.0
2025-12-01,FXA,0.0,0.0,0.0,0.0
2025-12-03,FXA,0.0,0.0,0.0,0.0
2025-12-04,FXA,0.0,0.0,0.0,0.0
2025-12-05,FXA,0.0,0.0,0.0,0.0
2025-12-01,FXB,0.0,0.0,0.0,0.0
2025-12-03,FXB,0.0,0.0,0.0,0.0
2025-12-04,FXB,0.0,0.0,0.0,0.0
2025-12-05,FXB,0.0,0.0,0.0,0.0
2025-12-01,FXC,0.0,0.0,0.0,0.0
2025-12-02,FXC,0.0,0.0,0.0,0.0
2025-12-03,FXC,0.0,0.0,0.0,0.0
2025-12-04,FXC,0.0,0.0,0.0,0.0
2025-12-05,FXC,0.0,0.0,0.0,0.0
2025-12-01,FXE,0.1,0.1,0.2,0.1
2025-12-02,FXE,0.1,0.1,0.2,0.1
2025-12-03,FXE,0.1,0.1,0.2,0.1
2025-12-04,FXE,0.3,0.1,0.2,0.1
2025-12-05,FXE,0.1,0.1,0.2,0.1
2025-12-01,FXY,0.2,0.2,0.2,0.1
2025-12-02,FXY,0.1,0.2,0.2,0.1
2025-12-03,FXY,0.2,0.2,0.2,0.1
2025-12-04,FXY,0.1,0.2,0.2,0.1
2025-12-05,FXY,0.1,0.2,0.2,0.1
2025-12-01,GD,1.2,1.2,1.4,1.0
2025-12-02,GD,1.0,1.2,1.4,1.0
2025-12-03,GD,1.0,1.2,1.4,1.0
2025-12-04,GD,1.4,1.2,1.4,1.0
2025-12-05,GD,1.3,1.2,1.4,1.0
2025-12-01,GDDY,1.5,1.6,1.9,1.2
2025-12-02,GDDY,1.9,1.6,1.9,1.2
2025-12-03,GDDY,1.9,1.6,1.9,1.2
2025-12-04,GDDY,1.3,1.6,1.9,1.2
2025-12-05,GDDY,1.2,1.6,1.9,1.2
2025-12-01,GDX,20.5,18.7,23.5,13.8
2025-12-02,GDX,25.5,18.7,23.5,13.8
2025-12-03,GDX,17.6,18.7,23.5,13.8
2025-12-04,GDX,12.3,18.7,23.5,13.8
2025-12-05,GDX,17.6,18.7,23.5,13.8
2025-12-01,GDXJ,3.9,3.8,4.8,2.7
2025-12-02,GDXJ,4.7,3.8,4.8,2.7
2025-12-03,GDXJ,4.7,3.8,4.8,2.7
2025-12-04,GDXJ,2.1,3.8,4.8,2.7
2025-12-05,GDXJ,3.5,3.8,4.8,2.7
2025-12-01,GE,3.8,4.3,4.8,3.8
2025-12-02,GE,4.3,4.3,4.8,3.8
2025-12-03,GE,4.1,4.3,4.8,3.8
2025-12-04,GE,4.2,4.3,4.8,3.8
2025-12-05,GE,5.2,4.3,4.8,3.8
2025-12-01,GEHC,2.5,3.6,4.8,2.3
2025-12-02,GEHC,2.4,3.6,4.8,2.3
2025-12-03,GEHC,5.3,3.6,4.8,2.3
2025-12-04,GEHC,3.3,3.6,4.8,2.3
2025-12-05,GEHC,4.4,3.6,4.8,2.3
2025-12-01,GEN,3.8,3.7,3.9,3.5
2025-12-02,GEN,3.4,3.7,3.9,3.5
2025-12-03,GEN,3.5,3.7,3.9,3.5
2025-12-04,GEN,3.7,3.7,3.9,3.5
2025-12-05,GEN,4.0,3.7,3.9,3.5
2025-12-01,GEOS,0.5,0.3,0.4,0.2
2025-12-02,GEOS,0.2,0.3,0.4,0.2
2025-12-03,GEOS,0.2,0.3,0.4,0.2
2025-12-04,GEOS,0.3,0.3,0.4,0.2
2025-12-05,GEOS,0.2,0.3,0.4,0.2
2025-12-01,GEV,2.3,2.8,3.4,2.2
2025-12-02,GEV,2.9,2.8,3.4,2.2
2025-12-03,GEV,2.8,2.8,3.4,2.2
2025-12-04,GEV,3.7,2.8,3.4,2.2
2025-12-05,GEV,2.4,2.8,3.4,2.2
2025-12-01,GGB,13.7,13.9,23.8,4.1
2025-12-02,GGB,6.9,13.9,23.8,4.1
2025-12-03,GGB,11.2,13.9,23.8,4.1
2025-12-04,GGB,7.2,13.9,23.8,4.1
2025-12-05,GGB,30.8,13.9,23.8,4.1
2025-12-01,GILD,5.0,6.2,8.6,3.8
2025-12-02,GILD,5.1,6.2,8.6,3.8
2025-12-03,GILD,5.3,6.2,8.6,3.8
2025-12-04,GILD,5.2,6.2,8.6,3.8
2025-12-05,GILD,10.4,6.2,8.6,3.8
2025-12-01,GIS,5.6,6.0,6.6,5.4
2025-12-02,GIS,7.0,6.0,6.6,5.4
2025-12-03,GIS,5.8,6.0,6.6,5.4
2025-12-04,GIS,6.1,6.0,6.6,5.4
2025-12-05,GIS,5.5,6.0,6.6,5.4
2025-12-01,GL,0.5,0.5,0.6,0.4
2025-12-02,GL,0.6,0.5,0.6,0.4
2025-12-03,GL,0.6,0.5,0.6,0.4
2025-12-04,GL,0.3,0.5,0.6,0.4
2025-12-05,GL,0.5,0.5,0.6,0.4
2025-12-01,GLATF,0.3,0.5,0.6,0.3
2025-12-02,GLATF,0.6,0.5,0.6,0.3
2025-12-03,GLATF,0.5,0.5,0.6,0.3
2025-12-04,GLATF,0.6,0.5,0.6,0.3
2025-12-05,GLATF,0.3,0.5,0.6,0.3
2025-12-01,GLD,11.2,8.7,10.4,7.0
2025-12-02,GLD,8.1,8.7,10.4,7.0
2025-12-03,GLD,7.9,8.7,10.4,7.0
2025-12-04,GLD,6.8,8.7,10.4,7.0
2025-12-05,GLD,9.5,8.7,10.4,7.0
2025-12-01,GLW,3.6,5.3,7.0,3.6
2025-12-02,GLW,4.7,5.3,7.0,3.6
2025-12-03,GLW,4.7,5.3,7.0,3.6
2025-12-04,GLW,8.2,5.3,7.0,3.6
2025-12-05,GLW,5.3,5.3,7.0,3.6
2025-12-01,GM,9.8,9.7,11.5,8.0
2025-12-02,GM,9.0,9.7,11.5,8.0
2025-12-03,GM,8.4,9.7,11.5,8.0
2025-12-04,GM,12.7,9.7,11.5,8.0
2025-12-05,GM,8.8,9.7,11.5,8.0
2025-12-01,GNK,0.7,0.5,0.7,0.4
2025-12-02,GNK,0.4,0.5,0.7,0.4
2025-12-03,GNK,0.6,0.5,0.7,0.4
2025-12-04,GNK,0.5,0.5,0.7,0.4
2025-12-05,GNK,0.5,0.5,0.7,0.4
2025-12-01,GNRC,0.5,0.8,1.2,0.5
2025-12-02,GNRC,1.4,0.8,1.2,0.5
2025-12-03,GNRC,0.8,0.8,1.2,0.5
2025-12-04,GNRC,0.7,0.8,1.2,0.5
2025-12-05,GNRC,0.8,0.8,1.2,0.5
2025-12-01,GOOGL,41.2,35.8,41.6,30.0
2025-12-02,GOOGL,35.9,35.8,41.6,30.0
2025-12-03,GOOGL,41.8,35.8,41.6,30.0
2025-12-04,GOOGL,31.2,35.8,41.6,30.0
2025-12-05,GOOGL,28.9,35.8,41.6,30.0
2025-12-01,GPC,0.9,0.9,1.0,0.8
2025-12-02,GPC,0.9,0.9,1.0,0.8
2025-12-03,GPC,1.1,0.9,1.0,0.8
2025-12-04,GPC,0.8,0.9,1.0,0.8
2025-12-05,GPC,0.9,0.9,1.0,0.8
2025-12-01,GPN,2.4,2.7,3.4,2.0
2025-12-02,GPN,3.8,2.7,3.4,2.0
2025-12-03,GPN,2.2,2.7,3.4,2.0
2025-12-04,GPN,3.0,2.7,3.4,2.0
2025-12-05,GPN,2.2,2.7,3.4,2.0
2025-12-01,GREK,0.1,0.1,0.1,0.0
2025-12-02,GREK,0.1,0.1,0.1,0.0
2025-12-03,GREK,0.1,0.1,0.1,0.0
2025-12-04,GREK,0.1,0.1,0.1,0.0
2025-12-05,GREK,0.2,0.1,0.1,0.0
2025-12-01,GRMN,1.1,1.1,1.3,1.0
2025-12-02,GRMN,1.2,1.1,1.3,1.0
2025-12-03,GRMN,1.0,1.1,1.3,1.0
2025-12-04,GRMN,1.4,1.1,1.3,1.0
2025-12-05,GRMN,1.0,1.1,1.3,1.0
2025-12-01,GS,2.1,2.1,2.4,1.9
2025-12-02,GS,2.3,2.1,2.4,1.9
2025-12-03,GS,2.4,2.1,2.4,1.9
2025-12-04,GS,1.7,2.1,2.4,1.9
2025-12-05,GS,2.3,2.1,2.4,1.9
2025-12-01,GWW,0.3,0.3,0.3,0.2
2025-12-02,GWW,0.3,0.3,0.3,0.2
2025-12-03,GWW,0.2,0.3,0.3,0.2
2025-12-04,GWW,0.3,0.3,0.3,0.2
2025-12-05,GWW,0.2,0.3,0.3,0.2
2025-12-01,HAL,10.5,11.1,12.6,9.5
2025-12-02,HAL,11.3,11.1,12.6,9.5
2025-12-03,HAL,10.5,11.1,12.6,9.5
2025-12-04,HAL,9.5,11.1,12.6,9.5
2025-12-05,HAL,13.6,11.1,12.6,9.5
2025-12-01,HAS,1.6,1.3,1.5,1.0
2025-12-02,HAS,1.2,1.3,1.5,1.0
2025-12-03,HAS,1.4,1.3,1.5,1.0
2025-12-04,HAS,1.0,1.3,1.5,1.0
2025-12-05,HAS,1.1,1.3,1.5,1.0
2025-12-01,HBAN,27.8,26.5,29.1,23.9
2025-12-02,HBAN,29.2,26.5,29.1,23.9
2025-12-03,HBAN,27.8,26.5,29.1,23.9
2025-12-04,HBAN,22.7,26.5,29.1,23.9
2025-12-05,HBAN,25.2,26.5,29.1,23.9
2025-12-01,HCA,1.1,1.4,1.8,1.0
2025-12-02,HCA,1.2,1.4,1.8,1.0
2025-12-03,HCA,2.0,1.4,1.8,1.0
2025-12-04,HCA,1.6,1.4,1.8,1.0
2025-12-05,HCA,1.0,1.4,1.8,1.0
2025-12-01,HD,5.1,4.6,5.5,3.8
2025-12-02,HD,4.0,4.6,5.5,3.8
2025-12-03,HD,4.2,4.6,5.5,3.8
2025-12-04,HD,4.0,4.6,5.5,3.8
2025-12-05,HD,6.0,4.6,5.5,3.8
2025-12-01,HIG,1.7,1.8,2.0,1.6
2025-12-02,HIG,1.8,1.8,2.0,1.6
2025-12-03,HIG,1.8,1.8,2.0,1.6
2025-12-04,HIG,1.6,1.8,2.0,1.6
2025-12-05,HIG,2.1,1.8,2.0,1.6
2025-12-01,HII,0.4,0.4,0.5,0.3
2025-12-02,HII,0.3,0.4,0.5,0.3
2025-12-03,HII,0.4,0.4,0.5,0.3
2025-12-04,HII,0.4,0.4,0.5,0.3
2025-12-05,HII,0.6,0.4,0.5,0.3
2025-12-01,HLT,1.9,1.6,2.0,1.3
2025-12-02,HLT,2.0,1.6,2.0,1.3
2025-12-03,HLT,1.3,1.6,2.0,1.3
2025-12-04,HLT,1.5,1.6,2.0,1.3
2025-12-05,HLT,1.3,1.6,2.0,1.3
2025-12-01,HLX,1.1,1.8,2.4,1.2
2025-12-02,HLX,2.6,1.8,2.4,1.2
2025-12-03,HLX,1.7,1.8,2.4,1.2
2025-12-04,HLX,2.3,1.8,2.4,1.2
2025-12-05,HLX,1.5,1.8,2.4,1.2
2025-12-01,HOLX,2.0,2.1,3.0,1.2
2025-12-02,HOLX,2.0,2.1,3.0,1.2
2025-12-03,HOLX,1.3,2.1,3.0,1.2
2025-12-04,HOLX,3.6,2.1,3.0,1.2
2025-12-05,HOLX,1.7,2.1,3.0,1.2
2025-12-01,HON,3.2,4.0,4.5,3.5
2025-12-02,HON,4.5,4.0,4.5,3.5
2025-12-03,HON,4.2,4.0,4.5,3.5
2025-12-04,HON,4.0,4.0,4.5,3.5
2025-12-05,HON,4.3,4.0,4.5,3.5
2025-12-01,HOOD,31.5,25.1,29.1,21.1
2025-12-02,HOOD,25.4,25.1,29.1,21.1
2025-12-03,HOOD,25.0,25.1,29.1,21.1
2025-12-04,HOOD,20.6,25.1,29.1,21.1
2025-12-05,HOOD,23.1,25.1,29.1,21.1
2025-12-01,HPE,25.2,28.4,40.9,16.0
2025-12-02,HPE,16.8,28.4,40.9,16.0
2025-12-03,HPE,19.1,28.4,40.9,16.0
2025-12-04,HPE,33.7,28.4,40.9,16.0
2025-12-05,HPE,47.4,28.4,40.9,16.0
2025-12-01,HPQ,14.2,12.7,14.8,10.6
2025-12-02,HPQ,15.6,12.7,14.8,10.6
2025-12-03,HPQ,12.0,12.7,14.8,10.6
2025-12-04,HPQ,11.7,12.7,14.8,10.6
2025-12-05,HPQ,10.2,12.7,14.8,10.6
2025-12-01,HRL,6.7,7.3,9.1,5.5
2025-12-02,HRL,6.4,7.3,9.1,5.5
2025-12-03,HRL,6.9,7.3,9.1,5.5
2025-12-04,HRL,10.5,7.3,9.1,5.5
2025-12-05,HRL,6.2,7.3,9.1,5.5
2025-12-01,HSIC,1.5,1.4,1.7,1.1
2025-12-02,HSIC,1.6,1.4,1.7,1.1
2025-12-03,HSIC,1.7,1.4,1.7,1.1
2025-12-04,HSIC,1.1,1.4,1.7,1.1
2025-12-05,HSIC,1.1,1.4,1.7,1.1
2025-12-01,HST,6.6,7.2,8.8,5.5
2025-12-02,HST,9.3,7.2,8.8,5.5
2025-12-03,HST,5.6,7.2,8.8,5.5
2025-12-04,HST,5.7,7.2,8.8,5.5
2025-12-05,HST,8.6,7.2,8.8,5.5
2025-12-01,HSY,1.3,1.4,1.6,1.1
2025-12-02,HSY,1.7,1.4,1.6,1.1
2025-12-03,HSY,1.4,1.4,1.6,1.1
2025-12-04,HSY,1.3,1.4,1.6,1.1
2025-12-05,HSY,1.1,1.4,1.6,1.1
2025-12-01,HUBB,0.4,0.4,0.4,0.3
2025-12-02,HUBB,0.5,0.4,0.4,0.3
2025-12-03,HUBB,0.3,0.4,0.4,0.3
2025-12-04,HUBB,0.4,0.4,0.4,0.3
2025-12-05,HUBB,0.4,0.4,0.4,0.3
2025-12-01,HUM,1.6,1.9,2.3,1.5
2025-12-02,HUM,1.7,1.9,2.3,1.5
2025-12-03,HUM,2.5,1.9,2.3,1.5
2025-12-04,HUM,2.1,1.9,2.3,1.5
2025-12-05,HUM,1.6,1.9,2.3,1.5
2025-12-01,HWM,1.8,2.2,2.6,1.8
2025-12-02,HWM,2.6,2.2,2.6,1.8
2025-12-03,HWM,1.9,2.2,2.6,1.8
2025-12-04,HWM,2.0,2.2,2.6,1.8
2025-12-05,HWM,2.8,2.2,2.6,1.8
2025-12-01,HYD,0.6,0.9,1.2,0.5
2025-12-02,HYD,0.8,0.9,1.2,0.5
2025-12-03,HYD,0.9,0.9,1.2,0.5
2025-12-04,HYD,0.5,0.9,1.2,0.5
2025-12-05,HYD,1.4,0.9,1.2,0.5
2025-12-01,HYG,45.3,36.9,42.4,31.3
2025-12-02,HYG,38.8,36.9,42.4,31.3
2025-12-03,HYG,35.0,36.9,42.4,31.3
2025-12-04,HYG,34.8,36.9,42.4,31.3
2025-12-05,HYG,30.5,36.9,42.4,31.3
2025-12-01,IBKR,6.0,4.1,5.7,2.4
2025-12-02,IBKR,5.7,4.1,5.7,2.4
2025-12-03,IBKR,2.4,4.1,5.7,2.4
2025-12-04,IBKR,3.1,4.1,5.7,2.4
2025-12-05,IBKR,3.2,4.1,5.7,2.4
2025-12-01,IBM,3.2,3.3,4.1,2.6
2025-12-02,IBM,4.3,3.3,4.1,2.6
2025-12-03,IBM,4.0,3.3,4.1,2.6
2025-12-04,IBM,3.0,3.3,4.1,2.6
2025-12-05,IBM,2.3,3.3,4.1,2.6
2025-12-01,ICE,2.8,3.6,4.4,2.8
2025-12-02,ICE,4.8,3.6,4.4,2.8
2025-12-03,ICE,2.9,3.6,4.4,2.8
2025-12-04,ICE,3.8,3.6,4.4,2.8
2025-12-05,ICE,3.9,3.6,4.4,2.8
2025-12-01,ICL,0.7,0.9,1.3,0.6
2025-12-02,ICL,0.6,0.9,1.3,0.6
2025-12-03,ICL,1.5,0.9,1.3,0.6
2025-12-04,ICL,0.7,0.9,1.3,0.6
2025-12-05,ICL,1.1,0.9,1.3,0.6
2025-12-01,IDXX,0.8,0.6,0.8,0.4
2025-12-02,IDXX,0.8,0.6,0.8,0.4
2025-12-03,IDXX,0.5,0.6,0.8,0.4
2025-12-04,IDXX,0.5,0.6,0.8,0.4
2025-12-05,IDXX,0.4,0.6,0.8,0.4
2025-12-01,IEF,9.9,8.4,9.7,7.1
2025-12-02,IEF,7.3,8.4,9.7,7.1
2025-12-03,IEF,6.9,8.4,9.7,7.1
2025-12-04,IEF,8.9,8.4,9.7,7.1
2025-12-05,IEF,9.1,8.4,9.7,7.1
2025-12-01,IEX,0.8,0.6,0.8,0.4
2025-12-02,IEX,0.5,0.6,0.8,0.4
2025-12-03,IEX,0.5,0.6,0.8,0.4
2025-12-04,IEX,0.9,0.6,0.8,0.4
2025-12-05,IEX,0.6,0.6,0.8,0.4
2025-12-01,IFF,1.4,1.8,2.1,1.5
2025-12-02,IFF,1.8,1.8,2.1,1.5
2025-12-03,IFF,2.0,1.8,2.1,1.5
2025-12-04,IFF,1.8,1.8,2.1,1.5
2025-12-05,IFF,2.1,1.8,2.1,1.5
2025-12-01,INCY,2.3,2.2,2.4,2.0
2025-12-02,INCY,2.4,2.2,2.4,2.0
2025-12-03,INCY,1.9,2.2,2.4,2.0
2025-12-04,INCY,2.1,2.2,2.4,2.0
2025-12-05,INCY,2.4,2.2,2.4,2.0
2025-12-01,INDA,3.6,4.9,6.7,3.1
2025-12-02,INDA,6.0,4.9,6.7,3.1
2025-12-03,INDA,7.4,4.9,6.7,3.1
2025-12-04,INDA,4.6,4.9,6.7,3.1
2025-12-05,INDA,3.0,4.9,6.7,3.1
2025-12-01,INTC,74.5,108.9,143.9,73.9
2025-12-02,INTC,167.2,108.9,143.9,73.9
2025-12-03,INTC,92.0,108.9,143.9,73.9
2025-12-04,INTC,107.9,108.9,143.9,73.9
2025-12-05,INTC,103.0,108.9,143.9,73.9
2025-12-01,INTU,1.9,1.9,2.3,1.6
2025-12-02,INTU,1.5,1.9,2.3,1.6
2025-12-03,INTU,1.8,1.9,2.3,1.6
2025-12-04,INTU,2.2,1.9,2.3,1.6
2025-12-05,INTU,2.4,1.9,2.3,1.6
2025-12-01,INVH,5.7,4.3,5.5,3.2
2025-12-02,INVH,5.5,4.3,5.5,3.2
2025-12-03,INVH,3.3,4.3,5.5,3.2
2025-12-04,INVH,3.6,4.3,5.5,3.2
2025-12-05,INVH,3.5,4.3,5.5,3.2
2025-12-01,IP,3.2,4.4,5.7,3.2
2025-12-02,IP,6.2,4.4,5.7,3.2
2025-12-03,IP,5.0,4.4,5.7,3.2
2025-12-04,IP,4.4,4.4,5.7,3.2
2025-12-05,IP,3.4,4.4,5.7,3.2
2025-12-01,IQV,1.3,1.8,2.7,1.0
2025-12-02,IQV,1.6,1.8,2.7,1.0
2025-12-03,IQV,1.2,1.8,2.7,1.0
2025-12-04,IQV,3.3,1.8,2.7,1.0
2025-12-05,IQV,1.7,1.8,2.7,1.0
2025-12-01,IR,2.2,1.9,2.2,1.6
2025-12-02,IR,2.1,1.9,2.2,1.6
2025-12-03,IR,1.5,1.9,2.2,1.6
2025-12-04,IR,2.1,1.9,2.2,1.6
2025-12-05,IR,1.6,1.9,2.2,1.6
2025-12-01,IRM,2.0,1.6,1.8,1.4
2025-12-02,IRM,1.4,1.6,1.8,1.4
2025-12-03,IRM,1.5,1.6,1.8,1.4
2025-12-04,IRM,1.6,1.6,1.8,1.4
2025-12-05,IRM,1.5,1.6,1.8,1.4
2025-12-01,ISRG,1.2,1.3,1.5,1.0
2025-12-02,ISRG,1.8,1.3,1.5,1.0
2025-12-03,ISRG,1.1,1.3,1.5,1.0
2025-12-04,ISRG,1.2,1.3,1.5,1.0
2025-12-05,ISRG,1.1,1.3,1.5,1.0
2025-12-01,IT,1.0,0.8,1.0,0.6
2025-12-02,IT,1.1,0.8,1.0,0.6
2025-12-03,IT,0.7,0.8,1.0,0.6
2025-12-04,IT,0.7,0.8,1.0,0.6
2025-12-05,IT,0.7,0.8,1.0,0.6
2025-12-01,ITW,1.1,1.0,1.1,0.8
2025-12-02,ITW,0.8,1.0,1.1,0.8
2025-12-03,ITW,1.1,1.0,1.1,0.8
2025-12-04,ITW,1.0,1.0,1.1,0.8
2025-12-05,ITW,0.8,1.0,1.1,0.8
2025-12-01,IVZ,7.9,8.2,10.6,5.8
2025-12-02,IVZ,5.9,8.2,10.6,5.8
2025-12-03,IVZ,6.3,8.2,10.6,5.8
2025-12-04,IVZ,8.7,8.2,10.6,5.8
2025-12-05,IVZ,11.9,8.2,10.6,5.8
2025-12-01,IWD,3.5,4.3,5.9,2.6
2025-12-02,IWD,3.5,4.3,5.9,2.6
2025-12-03,IWD,3.3,4.3,5.9,2.6
2025-12-04,IWD,3.9,4.3,5.9,2.6
2025-12-05,IWD,7.2,4.3,5.9,2.6
2025-12-01,IWF,2.3,2.5,3.3,1.7
2025-12-02,IWF,2.0,2.5,3.3,1.7
2025-12-03,IWF,3.5,2.5,3.3,1.7
2025-12-04,IWF,1.7,2.5,3.3,1.7
2025-12-05,IWF,3.0,2.5,3.3,1.7
2025-12-01,IWM,36.9,35.8,39.2,32.4
2025-12-02,IWM,31.9,35.8,39.2,32.4
2025-12-03,IWM,32.9,35.8,39.2,32.4
2025-12-04,IWM,40.3,35.8,39.2,32.4
2025-12-05,IWM,37.0,35.8,39.2,32.4
2025-12-01,J,1.6,1.3,1.7,1.0
2025-12-02,J,1.0,1.3,1.7,1.0
2025-12-03,J,1.0,1.3,1.7,1.0
2025-12-04,J,1.5,1.3,1.7,1.0
2025-12-05,J,1.7,1.3,1.7,1.0
2025-12-01,JBHT,1.7,1.7,2.4,1.1
2025-12-02,JBHT,2.6,1.7,2.4,1.1
2025-12-03,JBHT,1.9,1.7,2.4,1.1
2025-12-04,JBHT,1.6,1.7,2.4,1.1
2025-12-05,JBHT,0.8,1.7,2.4,1.1
2025-12-01,JBL,1.1,1.0,1.3,0.7
2025-12-02,JBL,1.0,1.0,1.3,0.7
2025-12-03,JBL,1.4,1.0,1.3,0.7
2025-12-04,JBL,0.6,1.0,1.3,0.7
2025-12-05,JBL,0.8,1.0,1.3,0.7
2025-12-01,JCI,3.5,4.2,4.8,3.6
2025-12-02,JCI,3.9,4.2,4.8,3.6
2025-12-03,JCI,5.1,4.2,4.8,3.6
2025-12-04,JCI,4.5,4.2,4.8,3.6
2025-12-05,JCI,4.3,4.2,4.8,3.6
2025-12-01,JKHY,0.8,0.9,1.0,0.8
2025-12-02,JKHY,1.0,0.9,1.0,0.8
2025-12-03,JKHY,1.0,0.9,1.0,0.8
2025-12-04,JKHY,1.1,0.9,1.0,0.8
2025-12-05,JKHY,0.8,0.9,1.0,0.8
2025-12-01,JNJ,8.5,8.4,8.9,8.0
2025-12-02,JNJ,8.4,8.4,8.9,8.0
2025-12-03,JNJ,8.4,8.4,8.9,8.0
2025-12-04,JNJ,9.1,8.4,8.9,8.0
2025-12-05,JNJ,7.8,8.4,8.9,8.0
2025-12-01,JNK,5.2,5.0,6.9,3.1
2025-12-02,JNK,4.0,5.0,6.9,3.1
2025-12-03,JNK,4.0,5.0,6.9,3.1
2025-12-04,JNK,8.3,5.0,6.9,3.1
2025-12-05,JNK,3.6,5.0,6.9,3.1
2025-12-01,JPM,7.7,7.9,9.1,6.7
2025-12-02,JPM,7.3,7.9,9.1,6.7
2025-12-03,JPM,8.5,7.9,9.1,6.7
2025-12-04,JPM,9.6,7.9,9.1,6.7
2025-12-05,JPM,6.5,7.9,9.1,6.7
2025-12-01,K,3.2,3.1,4.3,1.9
2025-12-02,K,3.0,3.1,4.3,1.9
2025-12-03,K,1.7,3.1,4.3,1.9
2025-12-04,K,2.7,3.1,4.3,1.9
2025-12-05,K,4.9,3.1,4.3,1.9
2025-12-01,KDP,12.7,14.5,16.6,12.3
2025-12-02,KDP,11.6,14.5,16.6,12.3
2025-12-03,KDP,16.8,14.5,16.6,12.3
2025-12-04,KDP,15.5,14.5,16.6,12.3
2025-12-05,KDP,15.7,14.5,16.6,12.3
2025-12-01,KEY,13.9,19.7,31.3,8.1
2025-12-02,KEY,12.2,19.7,31.3,8.1
2025-12-03,KEY,15.5,19.7,31.3,8.1
2025-12-04,KEY,16.6,19.7,31.3,8.1
2025-12-05,KEY,40.2,19.7,31.3,8.1
2025-12-01,KEYS,1.0,1.2,1.3,1.0
2025-12-02,KEYS,1.4,1.2,1.3,1.0
2025-12-03,KEYS,1.2,1.2,1.3,1.0
2025-12-04,KEYS,1.1,1.2,1.3,1.0
2025-12-05,KEYS,1.2,1.2,1.3,1.0
2025-12-01,KHC,13.0,12.3,14.5,10.2
2025-12-02,KHC,14.9,12.3,14.5,10.2
2025-12-03,KHC,13.4,12.3,14.5,10.2
2025-12-04,KHC,11.0,12.3,14.5,10.2
2025-12-05,KHC,9.4,12.3,14.5,10.2
2025-12-01,KIM,4.2,4.2,5.1,3.2
2025-12-02,KIM,5.6,4.2,5.1,3.2
2025-12-03,KIM,3.9,4.2,5.1,3.2
2025-12-04,KIM,4.0,4.2,5.1,3.2
2025-12-05,KIM,3.1,4.2,5.1,3.2
2025-12-01,KKR,2.6,2.8,3.0,2.5
2025-12-02,KKR,2.4,2.8,3.0,2.5
2025-12-03,KKR,3.1,2.8,3.0,2.5
2025-12-04,KKR,2.9,2.8,3.0,2.5
2025-12-05,KKR,2.8,2.8,3.0,2.5
2025-12-01,KLAC,0.6,0.8,0.9,0.6
2025-12-02,KLAC,1.0,0.8,0.9,0.6
2025-12-03,KLAC,0.8,0.8,0.9,0.6
2025-12-04,KLAC,0.7,0.8,0.9,0.6
2025-12-05,KLAC,0.7,0.8,0.9,0.6
2025-12-01,KMB,5.9,6.2,7.1,5.4
2025-12-02,KMB,7.4,6.2,7.1,5.4
2025-12-03,KMB,6.9,6.2,7.1,5.4
2025-12-04,KMB,5.7,6.2,7.1,5.4
2025-12-05,KMB,5.5,6.2,7.1,5.4
2025-12-01,KMI,13.0,12.2,13.7,10.8
2025-12-02,KMI,11.2,12.2,13.7,10.8
2025-12-03,KMI,10.8,12.2,13.7,10.8
2025-12-04,KMI,11.9,12.2,13.7,10.8
2025-12-05,KMI,14.3,12.2,13.7,10.8
2025-12-01,KMX,2.7,3.0,3.5,2.4
2025-12-02,KMX,3.8,3.0,3.5,2.4
2025-12-03,KMX,2.8,3.0,3.5,2.4
2025-12-04,KMX,2.4,3.0,3.5,2.4
2025-12-05,KMX,3.2,3.0,3.5,2.4
2025-12-01,KO,14.4,16.6,19.0,14.1
2025-12-02,KO,19.9,16.6,19.0,14.1
2025-12-03,KO,17.0,16.6,19.0,14.1
2025-12-04,KO,17.7,16.6,19.0,14.1
2025-12-05,KO,14.0,16.6,19.0,14.1
2025-12-01,KR,7.1,10.6,17.4,3.7
2025-12-02,KR,6.7,10.6,17.4,3.7
2025-12-03,KR,7.3,10.6,17.4,3.7
2025-12-04,KR,22.8,10.6,17.4,3.7
2025-12-05,KR,8.9,10.6,17.4,3.7
2025-12-01,KVUE,26.7,31.7,40.0,23.4
2025-12-02,KVUE,31.0,31.7,40.0,23.4
2025-12-03,KVUE,41.6,31.7,40.0,23.4
2025-12-04,KVUE,38.2,31.7,40.0,23.4
2025-12-05,KVUE,21.2,31.7,40.0,23.4
2025-12-01,L,0.9,0.8,0.9,0.8
2025-12-02,L,0.7,0.8,0.9,0.8
2025-12-03,L,0.8,0.8,0.9,0.8
2025-12-04,L,0.9,0.8,0.9,0.8
2025-12-05,L,0.9,0.8,0.9,0.8
2025-12-01,LDOS,0.8,0.8,0.9,0.6
2025-12-02,LDOS,0.8,0.8,0.9,0.6
2025-12-03,LDOS,0.6,0.8,0.9,0.6
2025-12-04,LDOS,0.8,0.8,0.9,0.6
2025-12-05,LDOS,0.9,0.8,0.9,0.6
2025-12-01,LEN,20.1,10.6,16.6,4.5
2025-12-02,LEN,13.1,10.6,16.6,4.5
2025-12-03,LEN,6.0,10.6,16.6,4.5
2025-12-04,LEN,7.4,10.6,16.6,4.5
2025-12-05,LEN,6.2,10.6,16.6,4.5
2025-12-01,LH,0.8,0.7,0.8,0.7
2025-12-02,LH,0.7,0.7,0.8,0.7
2025-12-03,LH,0.7,0.7,0.8,0.7
2025-12-04,LH,0.9,0.7,0.8,0.7
2025-12-05,LH,0.7,0.7,0.8,0.7
2025-12-01,LHX,1.1,1.0,1.2,0.8
2025-12-02,LHX,1.1,1.0,1.2,0.8
2025-12-03,LHX,0.9,1.0,1.2,0.8
2025-12-04,LHX,1.2,1.0,1.2,0.8
2025-12-05,LHX,0.7,1.0,1.2,0.8
2025-12-01,LII,0.5,0.6,0.7,0.4
2025-12-02,LII,0.5,0.6,0.7,0.4
2025-12-03,LII,0.8,0.6,0.7,0.4
2025-12-04,LII,0.7,0.6,0.7,0.4
2025-12-05,LII,0.4,0.6,0.7,0.4
2025-12-01,LIN,2.1,2.4,3.0,1.9
2025-12-02,LIN,2.1,2.4,3.0,1.9
2025-12-03,LIN,2.0,2.4,3.0,1.9
2025-12-04,LIN,2.9,2.4,3.0,1.9
2025-12-05,LIN,3.2,2.4,3.0,1.9
2025-12-01,LKQ,2.1,2.7,3.0,2.3
2025-12-02,LKQ,2.9,2.7,3.0,2.3
2025-12-03,LKQ,2.8,2.7,3.0,2.3
2025-12-04,LKQ,3.0,2.7,3.0,2.3
2025-12-05,LKQ,2.6,2.7,3.0,2.3
2025-12-01,LLY,3.1,3.2,3.7,2.7
2025-12-02,LLY,3.3,3.2,3.7,2.7
2025-12-03,LLY,3.5,3.2,3.7,2.7
2025-12-04,LLY,3.9,3.2,3.7,2.7
2025-12-05,LLY,2.5,3.2,3.7,2.7
2025-12-01,LMT,1.7,1.5,1.7,1.3
2025-12-02,LMT,1.5,1.5,1.7,1.3
2025-12-03,LMT,1.8,1.5,1.7,1.3
2025-12-04,LMT,1.3,1.5,1.7,1.3
2025-12-05,LMT,1.3,1.5,1.7,1.3
2025-12-01,LNT,2.2,2.1,2.7,1.5
2025-12-02,LNT,1.9,2.1,2.7,1.5
2025-12-03,LNT,2.3,2.1,2.7,1.5
2025-12-04,LNT,2.8,2.1,2.7,1.5
2025-12-05,LNT,1.3,2.1,2.7,1.5
2025-12-01,LOW,4.1,3.6,4.2,3.0
2025-12-02,LOW,3.9,3.6,4.2,3.0
2025-12-03,LOW,3.3,3.6,4.2,3.0
2025-12-04,LOW,4.1,3.6,4.2,3.0
2025-12-05,LOW,2.6,3.6,4.2,3.0
2025-12-01,LQD,24.6,27.2,32.5,21.8
2025-12-02,LQD,35.0,27.2,32.5,21.8
2025-12-03,LQD,21.0,27.2,32.5,21.8
2025-12-04,LQD,29.9,27.2,32.5,21.8
2025-12-05,LQD,25.5,27.2,32.5,21.8
2025-12-01,LRCX,7.4,9.0,10.3,7.6
2025-12-02,LRCX,10.7,9.0,10.3,7.6
2025-12-03,LRCX,10.0,9.0,10.3,7.6
2025-12-04,LRCX,8.8,9.0,10.3,7.6
2025-12-05,LRCX,7.8,9.0,10.3,7.6
2025-12-01,LULU,4.2,3.4,4.4,2.4
2025-12-02,LULU,2.4,3.4,4.4,2.4
2025-12-03,LULU,2.7,3.4,4.4,2.4
2025-12-04,LULU,3.0,3.4,4.4,2.4
2025-12-05,LULU,4.6,3.4,4.4,2.4
2025-12-01,LUV,6.7,9.3,13.1,5.6
2025-12-02,LUV,7.2,9.3,13.1,5.6
2025-12-03,LUV,6.5,9.3,13.1,5.6
2025-12-04,LUV,10.9,9.3,13.1,5.6
2025-12-05,LUV,15.2,9.3,13.1,5.6
2025-12-01,LVS,4.8,5.5,6.4,4.6
2025-12-02,LVS,6.1,5.5,6.4,4.6
2025-12-03,LVS,6.4,5.5,6.4,4.6
2025-12-04,LVS,6.0,5.5,6.4,4.6
2025-12-05,LVS,4.4,5.5,6.4,4.6
2025-12-01,LW,1.0,0.9,1.0,0.8
2025-12-02,LW,0.7,0.9,1.0,0.8
2025-12-03,LW,1.0,0.9,1.0,0.8
2025-12-04,LW,1.0,0.9,1.0,0.8
2025-12-05,LW,1.0,0.9,1.0,0.8
2025-12-01,LYB,6.4,7.0,8.5,5.5
2025-12-02,LYB,5.6,7.0,8.5,5.5
2025-12-03,LYB,7.1,7.0,8.5,5.5
2025-12-04,LYB,9.5,7.0,8.5,5.5
2025-12-05,LYB,6.3,7.0,8.5,5.5
2025-12-01,LYV,1.9,3.7,5.1,2.3
2025-12-02,LYV,2.6,3.7,5.1,2.3
2025-12-03,LYV,5.1,3.7,5.1,2.3
2025-12-04,LYV,4.1,3.7,5.1,2.3
2025-12-05,LYV,4.8,3.7,5.1,2.3
2025-12-01,MA,2.2,2.6,3.0,2.2
2025-12-02,MA,3.1,2.6,3.0,2.2
2025-12-03,MA,2.7,2.6,3.0,2.2
2025-12-04,MA,2.9,2.6,3.0,2.2
2025-12-05,MA,2.1,2.6,3.0,2.2
2025-12-01,MAA,0.9,0.8,0.9,0.8
2025-12-02,MAA,1.0,0.8,0.9,0.8
2025-12-03,MAA,0.7,0.8,0.9,0.8
2025-12-04,MAA,0.8,0.8,0.9,0.8
2025-12-05,MAA,0.9,0.8,0.9,0.8
2025-12-01,MAR,1.4,1.6,2.0,1.2
2025-12-02,MAR,1.1,1.6,2.0,1.2
2025-12-03,MAR,1.5,1.6,2.0,1.2
2025-12-04,MAR,2.3,1.6,2.0,1.2
2025-12-05,MAR,1.6,1.6,2.0,1.2
2025-12-01,MAS,1.9,2.6,3.7,1.6
2025-12-02,MAS,2.7,2.6,3.7,1.6
2025-12-03,MAS,1.6,2.6,3.7,1.6
2025-12-04,MAS,2.8,2.6,3.7,1.6
2025-12-05,MAS,4.3,2.6,3.7,1.6
2025-12-01,MCD,3.4,4.0,4.8,3.2
2025-12-02,MCD,4.0,4.0,4.8,3.2
2025-12-03,MCD,5.0,4.0,4.8,3.2
2025-12-04,MCD,4.6,4.0,4.8,3.2
2025-12-05,MCD,3.2,4.0,4.8,3.2
2025-12-01,MCHI,2.3,2.8,3.4,2.2
2025-12-02,MCHI,2.1,2.8,3.4,2.2
2025-12-03,MCHI,3.2,2.8,3.4,2.2
2025-12-04,MCHI,3.3,2.8,3.4,2.2
2025-12-05,MCHI,3.3,2.8,3.4,2.2
2025-12-01,MCHP,5.6,12.9,19.2,6.6
2025-12-02,MCHP,12.0,12.9,19.2,6.6
2025-12-03,MCHP,22.9,12.9,19.2,6.6
2025-12-04,MCHP,12.6,12.9,19.2,6.6
2025-12-05,MCHP,11.4,12.9,19.2,6.6
2025-12-01,MCK,0.8,1.0,1.4,0.7
2025-12-02,MCK,1.3,1.0,1.4,0.7
2025-12-03,MCK,1.5,1.0,1.4,0.7
2025-12-04,MCK,0.9,1.0,1.4,0.7
2025-12-05,MCK,0.6,1.0,1.4,0.7
2025-12-01,MCO,1.0,0.7,0.9,0.4
2025-12-02,MCO,0.7,0.7,0.9,0.4
2025-12-03,MCO,0.6,0.7,0.9,0.4
2025-12-04,MCO,0.5,0.7,0.9,0.4
2025-12-05,MCO,0.6,0.7,0.9,0.4
2025-12-01,MDLZ,12.9,10.4,11.9,8.8
2025-12-02,MDLZ,8.6,10.4,11.9,8.8
2025-12-03,MDLZ,10.1,10.4,11.9,8.8
2025-12-04,MDLZ,9.8,10.4,11.9,8.8
2025-12-05,MDLZ,10.4,10.4,11.9,8.8
2025-12-01,MDT,6.7,5.3,6.3,4.2
2025-12-02,MDT,5.8,5.3,6.3,4.2
2025-12-03,MDT,4.2,5.3,6.3,4.2
2025-12-04,MDT,4.5,5.3,6.3,4.2
2025-12-05,MDT,5.2,5.3,6.3,4.2
2025-12-01,MDY,1.0,0.9,1.1,0.7
2025-12-02,MDY,0.8,0.9,1.1,0.7
2025-12-03,MDY,0.8,0.9,1.1,0.7
2025-12-04,MDY,0.8,0.9,1.1,0.7
2025-12-05,MDY,1.1,0.9,1.1,0.7
2025-12-01,MET,2.4,3.4,4.0,2.7
2025-12-02,MET,3.2,3.4,4.0,2.7
2025-12-03,MET,3.4,3.4,4.0,2.7
2025-12-04,MET,4.2,3.4,4.0,2.7
2025-12-05,MET,3.6,3.4,4.0,2.7
2025-12-01,META,13.0,17.4,25.5,9.3
2025-12-02,META,11.6,17.4,25.5,9.3
2025-12-03,META,11.1,17.4,25.5,9.3
2025-12-04,META,29.9,17.4,25.5,9.3
2025-12-05,META,21.2,17.4,25.5,9.3
2025-12-01,MGM,4.8,4.2,5.8,2.6
2025-12-02,MGM,3.6,4.2,5.8,2.6
2025-12-03,MGM,2.5,4.2,5.8,2.6
2025-12-04,MGM,3.4,4.2,5.8,2.6
2025-12-05,MGM,6.6,4.2,5.8,2.6
2025-12-01,MHK,0.8,0.8,1.0,0.6
2025-12-02,MHK,0.6,0.8,1.0,0.6
2025-12-03,MHK,0.7,0.8,1.0,0.6
2025-12-04,MHK,0.8,0.8,1.0,0.6
2025-12-05,MHK,1.1,0.8,1.0,0.6
2025-12-01,MKC,2.6,2.4,2.5,2.2
2025-12-02,MKC,2.3,2.4,2.5,2.2
2025-12-03,MKC,2.3,2.4,2.5,2.2
2025-12-04,MKC,2.2,2.4,2.5,2.2
2025-12-05,MKC,2.4,2.4,2.5,2.2
2025-12-01,MLM,0.4,0.3,0.4,0.3
2025-12-02,MLM,0.3,0.3,0.4,0.3
2025-12-03,MLM,0.3,0.3,0.4,0.3
2025-12-04,MLM,0.3,0.3,0.4,0.3
2025-12-05,MLM,0.4,0.3,0.4,0.3
2025-12-01,MMC,3.1,2.8,3.1,2.4
2025-12-02,MMC,2.4,2.8,3.1,2.4
2025-12-03,MMC,2.4,2.8,3.1,2.4
2025-12-04,MMC,3.1,2.8,3.1,2.4
2025-12-05,MMC,2.8,2.8,3.1,2.4
2025-12-01,MMM,2.2,2.6,3.1,2.1
2025-12-02,MMM,1.9,2.6,3.1,2.1
2025-12-03,MMM,2.9,2.6,3.1,2.1
2025-12-04,MMM,2.9,2.6,3.1,2.1
2025-12-05,MMM,3.0,2.6,3.1,2.1
2025-12-01,MNST,6.3,5.2,6.4,3.9
2025-12-02,MNST,6.5,5.2,6.4,3.9
2025-12-03,MNST,5.0,5.2,6.4,3.9
2025-12-04,MNST,4.5,5.2,6.4,3.9
2025-12-05,MNST,3.5,5.2,6.4,3.9
2025-12-01,MO,7.8,7.6,9.0,6.2
2025-12-02,MO,8.3,7.6,9.0,6.2
2025-12-03,MO,9.3,7.6,9.0,6.2
2025-12-04,MO,6.7,7.6,9.0,6.2
2025-12-05,MO,5.8,7.6,9.0,6.2
2025-12-01,MOH,1.6,1.3,1.7,1.0
2025-12-02,MOH,1.8,1.3,1.7,1.0
2025-12-03,MOH,1.2,1.3,1.7,1.0
2025-12-04,MOH,1.1,1.3,1.7,1.0
2025-12-05,MOH,1.0,1.3,1.7,1.0
2025-12-01,MOS,7.4,6.1,7.4,4.9
2025-12-02,MOS,6.5,6.1,7.4,4.9
2025-12-03,MOS,4.8,6.1,7.4,4.9
2025-12-04,MOS,4.8,6.1,7.4,4.9
2025-12-05,MOS,7.3,6.1,7.4,4.9
2025-12-01,MP,5.7,7.1,8.6,5.7
2025-12-02,MP,6.4,7.1,8.6,5.7
2025-12-03,MP,6.5,7.1,8.6,5.7
2025-12-04,MP,7.9,7.1,8.6,5.7
2025-12-05,MP,9.3,7.1,8.6,5.7
2025-12-01,MPC,1.7,1.9,2.3,1.5
2025-12-02,MPC,1.9,1.9,2.3,1.5
2025-12-03,MPC,2.4,1.9,2.3,1.5
2025-12-04,MPC,2.1,1.9,2.3,1.5
2025-12-05,MPC,1.4,1.9,2.3,1.5
2025-12-01,MPWR,0.5,0.5,0.6,0.4
2025-12-02,MPWR,0.6,0.5,0.6,0.4
2025-12-03,MPWR,0.5,0.5,0.6,0.4
2025-12-04,MPWR,0.5,0.5,0.6,0.4
2025-12-05,MPWR,0.4,0.5,0.6,0.4
2025-12-01,MRK,14.2,13.5,15.4,11.7
2025-12-02,MRK,11.8,13.5,15.4,11.7
2025-12-03,MRK,12.5,13.5,15.4,11.7
2025-12-04,MRK,12.8,13.5,15.4,11.7
2025-12-05,MRK,16.4,13.5,15.4,11.7
2025-12-01,MRNA,9.6,10.6,14.0,7.1
2025-12-02,MRNA,10.4,10.6,14.0,7.1
2025-12-03,MRNA,7.8,10.6,14.0,7.1
2025-12-04,MRNA,8.5,10.6,14.0,7.1
2025-12-05,MRNA,16.5,10.6,14.0,7.1
2025-12-01,MS,4.4,4.9,5.7,4.1
2025-12-02,MS,4.3,4.9,5.7,4.1
2025-12-03,MS,6.2,4.9,5.7,4.1
2025-12-04,MS,4.8,4.9,5.7,4.1
2025-12-05,MS,4.6,4.9,5.7,4.1
2025-12-01,MSCI,0.7,0.8,0.9,0.7
2025-12-02,MSCI,0.8,0.8,0.9,0.7
2025-12-03,MSCI,1.0,0.8,0.9,0.7
2025-12-04,MSCI,0.8,0.8,0.9,0.7
2025-12-05,MSCI,0.8,0.8,0.9,0.7
2025-12-01,MSFT,24.0,24.6,30.4,18.8
2025-12-02,MSFT,19.6,24.6,30.4,18.8
2025-12-03,MSFT,34.6,24.6,30.4,18.8
2025-12-04,MSFT,22.3,24.6,30.4,18.8
2025-12-05,MSFT,22.6,24.6,30.4,18.8
2025-12-01,MSI,1.8,1.8,2.0,1.5
2025-12-02,MSI,1.7,1.8,2.0,1.5
2025-12-03,MSI,2.0,1.8,2.0,1.5
2025-12-04,MSI,1.4,1.8,2.0,1.5
2025-12-05,MSI,1.9,1.8,2.0,1.5
2025-12-01,MTB,1.0,0.8,0.9,0.6
2025-12-02,MTB,0.9,0.8,0.9,0.6
2025-12-03,MTB,0.7,0.8,0.9,0.6
2025-12-04,MTB,0.6,0.8,0.9,0.6
2025-12-05,MTB,0.8,0.8,0.9,0.6
2025-12-01,MTCH,3.3,2.9,3.4,2.5
2025-12-02,MTCH,3.5,2.9,3.4,2.5
2025-12-03,MTCH,2.8,2.9,3.4,2.5
2025-12-04,MTCH,2.5,2.9,3.4,2.5
2025-12-05,MTCH,2.6,2.9,3.4,2.5
2025-12-01,MTD,0.1,0.1,0.2,0.1
2025-12-02,MTD,0.2,0.1,0.2,0.1
2025-12-03,MTD,0.2,0.1,0.2,0.1
2025-12-04,MTD,0.1,0.1,0.2,0.1
2025-12-05,MTD,0.1,0.1,0.2,0.1
2025-12-01,MTUM,0.7,0.5,0.7,0.4
2025-12-02,MTUM,0.7,0.5,0.7,0.4
2025-12-03,MTUM,0.4,0.5,0.7,0.4
2025-12-04,MTUM,0.5,0.5,0.7,0.4
2025-12-05,MTUM,0.3,0.5,0.7,0.4
2025-12-01,MU,18.2,20.1,22.3,17.8
2025-12-02,MU,18.2,20.1,22.3,17.8
2025-12-03,MU,19.2,20.1,22.3,17.8
2025-12-04,MU,23.5,20.1,22.3,17.8
2025-12-05,MU,21.2,20.1,22.3,17.8
2025-12-01,MUB,3.4,3.3,3.8,2.8
2025-12-02,MUB,2.7,3.3,3.8,2.8
2025-12-03,MUB,4.0,3.3,3.8,2.8
2025-12-04,MUB,3.0,3.3,3.8,2.8
2025-12-05,MUB,3.3,3.3,3.8,2.8
2025-12-01,NCLH,12.7,14.0,15.4,12.6
2025-12-02,NCLH,13.5,14.0,15.4,12.6
2025-12-03,NCLH,15.2,14.0,15.4,12.6
2025-12-04,NCLH,15.7,14.0,15.4,12.6
2025-12-05,NCLH,12.8,14.0,15.4,12.6
2025-12-01,NDAQ,3.7,3.5,4.4,2.6
2025-12-02,NDAQ,3.5,3.5,4.4,2.6
2025-12-03,NDAQ,2.2,3.5,4.4,2.6
2025-12-04,NDAQ,4.6,3.5,4.4,2.6
2025-12-05,NDAQ,3.5,3.5,4.4,2.6
2025-12-01,NDSN,0.4,0.3,0.4,0.3
2025-12-02,NDSN,0.3,0.3,0.4,0.3
2025-12-03,NDSN,0.3,0.3,0.4,0.3
2025-12-04,NDSN,0.4,0.3,0.4,0.3
2025-12-05,NDSN,0.4,0.3,0.4,0.3
2025-12-01,NEE,8.0,9.1,11.2,7.0
2025-12-02,NEE,7.1,9.1,11.2,7.0
2025-12-03,NEE,9.6,9.1,11.2,7.0
2025-12-04,NEE,12.5,9.1,11.2,7.0
2025-12-05,NEE,8.2,9.1,11.2,7.0
2025-12-01,NEM,7.7,7.8,8.9,6.7
2025-12-02,NEM,9.0,7.8,8.9,6.7
2025-12-03,NEM,8.7,7.8,8.9,6.7
2025-12-04,NEM,7.0,7.8,8.9,6.7
2025-12-05,NEM,6.5,7.8,8.9,6.7
2025-12-01,NFLX,24.9,57.9,102.2,13.5
2025-12-02,NFLX,25.8,57.9,102.2,13.5
2025-12-03,NFLX,53.6,57.9,102.2,13.5
2025-12-04,NFLX,51.8,57.9,102.2,13.5
2025-12-05,NFLX,133.4,57.9,102.2,13.5
2025-12-01,NI,3.5,3.7,5.2,2.3
2025-12-02,NI,2.2,3.7,5.2,2.3
2025-12-03,NI,4.3,3.7,5.2,2.3
2025-12-04,NI,5.9,3.7,5.2,2.3
2025-12-05,NI,2.8,3.7,5.2,2.3
2025-12-01,NKE,12.1,10.9,12.2,9.7
2025-12-02,NKE,9.1,10.9,12.2,9.7
2025-12-03,NKE,12.0,10.9,12.2,9.7
2025-12-04,NKE,10.6,10.9,12.2,9.7
2025-12-05,NKE,10.9,10.9,12.2,9.7
2025-12-01,NOC,0.8,0.8,0.9,0.7
2025-12-02,NOC,0.8,0.8,0.9,0.7
2025-12-03,NOC,0.9,0.8,0.9,0.7
2025-12-04,NOC,0.8,0.8,0.9,0.7
2025-12-05,NOC,0.8,0.8,0.9,0.7
2025-12-01,NORW,0.0,0.0,0.0,0.0
2025-12-02,NORW,0.0,0.0,0.0,0.0
2025-12-03,NORW,0.0,0.0,0.0,0.0
2025-12-01,NOV,3.9,3.6,5.0,2.3
2025-12-02,NOV,2.7,3.6,5.0,2.3
2025-12-03,NOV,5.7,3.6,5.0,2.3
2025-12-04,NOV,3.5,3.6,5.0,2.3
2025-12-05,NOV,2.4,3.6,5.0,2.3
2025-12-01,NOW,1.4,1.2,1.4,1.0
2025-12-02,NOW,1.3,1.2,1.4,1.0
2025-12-03,NOW,0.9,1.2,1.4,1.0
2025-12-04,NOW,1.1,1.2,1.4,1.0
2025-12-05,NOW,1.3,1.2,1.4,1.0
2025-12-01,NRG,1.3,1.4,1.7,1.2
2025-12-02,NRG,1.4,1.4,1.7,1.2
2025-12-03,NRG,1.3,1.4,1.7,1.2
2025-12-04,NRG,1.4,1.4,1.7,1.2
2025-12-05,NRG,1.9,1.4,1.7,1.2
2025-12-01,NSC,1.6,1.6,2.1,1.1
2025-12-02,NSC,2.4,1.6,2.1,1.1
2025-12-03,NSC,1.5,1.6,2.1,1.1
2025-12-04,NSC,1.6,1.6,2.1,1.1
2025-12-05,NSC,1.1,1.6,2.1,1.1
2025-12-01,NTAP,2.4,2.0,2.8,1.3
2025-12-02,NTAP,3.1,2.0,2.8,1.3
2025-12-03,NTAP,1.7,2.0,2.8,1.3
2025-12-04,NTAP,1.4,2.0,2.8,1.3
2025-12-05,NTAP,1.6,2.0,2.8,1.3
2025-12-01,NTRS,0.9,0.9,0.9,0.8
2025-12-02,NTRS,0.8,0.9,0.9,0.8
2025-12-03,NTRS,1.0,0.9,0.9,0.8
2025-12-04,NTRS,0.8,0.9,0.9,0.8
2025-12-05,NTRS,0.8,0.9,0.9,0.8
2025-12-01,NUE,1.1,1.5,2.1,1.0
2025-12-02,NUE,1.0,1.5,2.1,1.0
2025-12-03,NUE,2.2,1.5,2.1,1.0
2025-12-04,NUE,1.5,1.5,2.1,1.0
2025-12-05,NUE,2.0,1.5,2.1,1.0
2025-12-01,NVDA,188.1,169.4,186.7,152.2
2025-12-02,NVDA,182.6,169.4,186.7,152.2
2025-12-03,NVDA,165.1,169.4,186.7,152.2
2025-12-04,NVDA,167.4,169.4,186.7,152.2
2025-12-05,NVDA,144.0,169.4,186.7,152.2
2025-12-01,NVR,0.0,0.0,0.0,0.0
2025-12-02,NVR,0.0,0.0,0.0,0.0
2025-12-03,NVR,0.0,0.0,0.0,0.0
2025-12-04,NVR,0.0,0.0,0.0,0.0
2025-12-05,NVR,0.0,0.0,0.0,0.0
2025-12-01,NWSA,2.7,2.8,3.4,2.2
2025-12-02,NWSA,3.0,2.8,3.4,2.2
2025-12-03,NWSA,2.2,2.8,3.4,2.2
2025-12-04,NWSA,2.5,2.8,3.4,2.2
2025-12-05,NWSA,3.8,2.8,3.4,2.2
2025-12-01,NXPI,3.4,4.0,5.5,2.5
2025-12-02,NXPI,6.2,4.0,5.5,2.5
2025-12-03,NXPI,4.6,4.0,5.5,2.5
2025-12-04,NXPI,3.6,4.0,5.5,2.5
2025-12-05,NXPI,2.2,4.0,5.5,2.5
2025-12-01,O,4.6,5.5,6.3,4.6
2025-12-02,O,4.7,5.5,6.3,4.6
2025-12-03,O,6.6,5.5,6.3,4.6
2025-12-04,O,6.1,5.5,6.3,4.6
2025-12-05,O,5.4,5.5,6.3,4.6
2025-12-01,ODFL,2.6,3.4,4.5,2.3
2025-12-02,ODFL,2.3,3.4,4.5,2.3
2025-12-03,ODFL,4.5,3.4,4.5,2.3
2025-12-04,ODFL,4.6,3.4,4.5,2.3
2025-12-05,ODFL,2.8,3.4,4.5,2.3
2025-12-01,OEF,0.4,0.4,0.4,0.3
2025-12-02,OEF,0.4,0.4,0.4,0.3
2025-12-03,OEF,0.3,0.4,0.4,0.3
2025-12-04,OEF,0.3,0.4,0.4,0.3
2025-12-05,OEF,0.4,0.4,0.4,0.3
2025-12-01,OKE,4.8,4.2,5.0,3.4
2025-12-02,OKE,4.9,4.2,5.0,3.4
2025-12-03,OKE,4.7,4.2,5.0,3.4
2025-12-04,OKE,3.3,4.2,5.0,3.4
2025-12-05,OKE,3.3,4.2,5.0,3.4
2025-12-01,OMC,7.7,6.8,7.9,5.7
2025-12-02,OMC,6.0,6.8,7.9,5.7
2025-12-03,OMC,6.5,6.8,7.9,5.7
2025-12-04,OMC,5.6,6.8,7.9,5.7
2025-12-05,OMC,8.1,6.8,7.9,5.7
2025-12-01,ON,6.5,10.1,13.2,7.0
2025-12-02,ON,12.0,10.1,13.2,7.0
2025-12-03,ON,13.6,10.1,13.2,7.0
2025-12-04,ON,11.2,10.1,13.2,7.0
2025-12-05,ON,7.2,10.1,13.2,7.0
2025-12-01,ORCL,13.5,19.9,24.2,15.7
2025-12-02,ORCL,19.7,19.9,24.2,15.7
2025-12-03,ORCL,19.1,19.9,24.2,15.7
2025-12-04,ORCL,23.3,19.9,24.2,15.7
2025-12-05,ORCL,24.2,19.9,24.2,15.7
2025-12-01,ORLY,4.6,4.4,4.7,4.1
2025-12-02,ORLY,4.7,4.4,4.7,4.1
2025-12-03,ORLY,4.4,4.4,4.7,4.1
2025-12-04,ORLY,4.0,4.4,4.7,4.1
2025-12-05,ORLY,4.5,4.4,4.7,4.1
2025-12-01,OTIS,2.1,2.3,2.5,2.1
2025-12-02,OTIS,2.2,2.3,2.5,2.1
2025-12-03,OTIS,2.2,2.3,2.5,2.1
2025-12-04,OTIS,2.3,2.3,2.5,2.1
2025-12-05,OTIS,2.7,2.3,2.5,2.1
2025-12-01,OXY,7.5,7.5,9.3,5.7
2025-12-02,OXY,8.0,7.5,9.3,5.7
2025-12-03,OXY,7.1,7.5,9.3,5.7
2025-12-04,OXY,4.9,7.5,9.3,5.7
2025-12-05,OXY,10.0,7.5,9.3,5.7
2025-12-01,PAM,0.2,0.2,0.2,0.2
2025-12-02,PAM,0.2,0.2,0.2,0.2
2025-12-03,PAM,0.2,0.2,0.2,0.2
2025-12-04,PAM,0.2,0.2,0.2,0.2
2025-12-05,PAM,0.2,0.2,0.2,0.2
2025-12-01,PANW,6.7,5.4,6.4,4.4
2025-12-02,PANW,5.9,5.4,6.4,4.4
2025-12-03,PANW,5.5,5.4,6.4,4.4
2025-12-04,PANW,4.2,5.4,6.4,4.4
2025-12-05,PANW,4.6,5.4,6.4,4.4
2025-12-01,PAYC,0.8,0.7,0.8,0.5
2025-12-02,PAYC,0.6,0.7,0.8,0.5
2025-12-03,PAYC,0.5,0.7,0.8,0.5
2025-12-04,PAYC,0.7,0.7,0.8,0.5
2025-12-05,PAYC,0.8,0.7,0.8,0.5
2025-12-01,PAYX,5.2,3.6,4.9,2.3
2025-12-02,PAYX,4.1,3.6,4.9,2.3
2025-12-03,PAYX,4.3,3.6,4.9,2.3
2025-12-04,PAYX,2.2,3.6,4.9,2.3
2025-12-05,PAYX,2.5,3.6,4.9,2.3
2025-12-01,PBR,13.7,18.8,31.4,6.1
2025-12-02,PBR,15.9,18.8,31.4,6.1
2025-12-03,PBR,10.9,18.8,31.4,6.1
2025-12-04,PBR,12.3,18.8,31.4,6.1
2025-12-05,PBR,41.2,18.8,31.4,6.1
2025-12-01,PCAR,3.5,3.5,4.1,3.0
2025-12-02,PCAR,3.1,3.5,4.1,3.0
2025-12-03,PCAR,3.7,3.5,4.1,3.0
2025-12-04,PCAR,4.4,3.5,4.1,3.0
2025-12-05,PCAR,3.1,3.5,4.1,3.0
2025-12-01,PCG,18.8,22.3,28.9,15.7
2025-12-02,PCG,25.7,22.3,28.9,15.7
2025-12-03,PCG,32.3,22.3,28.9,15.7
2025-12-04,PCG,16.0,22.3,28.9,15.7
2025-12-05,PCG,18.9,22.3,28.9,15.7
2025-12-01,PEG,2.9,3.1,4.1,2.2
2025-12-02,PEG,2.9,3.1,4.1,2.2
2025-12-03,PEG,3.3,3.1,4.1,2.2
2025-12-04,PEG,2.1,3.1,4.1,2.2
2025-12-05,PEG,4.6,3.1,4.1,2.2
2025-12-01,PEP,7.6,6.5,7.4,5.5
2025-12-02,PEP,6.8,6.5,7.4,5.5
2025-12-03,PEP,5.1,6.5,7.4,5.5
2025-12-04,PEP,6.8,6.5,7.4,5.5
2025-12-05,PEP,6.0,6.5,7.4,5.5
2025-12-01,PFE,53.2,47.2,55.3,39.1
2025-12-02,PFE,43.8,47.2,55.3,39.1
2025-12-03,PFE,56.1,47.2,55.3,39.1
2025-12-04,PFE,35.5,47.2,55.3,39.1
2025-12-05,PFE,47.4,47.2,55.3,39.1
2025-12-01,PFF,3.5,3.8,4.2,3.5
2025-12-02,PFF,3.8,3.8,4.2,3.5
2025-12-03,PFF,4.1,3.8,4.2,3.5
2025-12-04,PFF,3.5,3.8,4.2,3.5
2025-12-05,PFF,4.2,3.8,4.2,3.5
2025-12-01,PFG,1.0,1.1,1.3,0.9
2025-12-02,PFG,0.9,1.1,1.3,0.9
2025-12-03,PFG,1.2,1.1,1.3,0.9
2025-12-04,PFG,0.9,1.1,1.3,0.9
2025-12-05,PFG,1.3,1.1,1.3,0.9
2025-12-01,PG,8.2,11.4,14.7,8.1
2025-12-02,PG,16.4,11.4,14.7,8.1
2025-12-03,PG,9.1,11.4,14.7,8.1
2025-12-04,PG,10.5,11.4,14.7,8.1
2025-12-05,PG,12.8,11.4,14.7,8.1
2025-12-01,PGR,3.5,2.9,3.7,2.0
2025-12-02,PGR,4.0,2.9,3.7,2.0
2025-12-03,PGR,3.0,2.9,3.7,2.0
2025-12-04,PGR,2.0,2.9,3.7,2.0
2025-12-05,PGR,2.1,2.9,3.7,2.0
2025-12-01,PH,0.5,0.5,0.5,0.4
2025-12-02,PH,0.5,0.5,0.5,0.4
2025-12-03,PH,0.5,0.5,0.5,0.4
2025-12-04,PH,0.4,0.5,0.5,0.4
2025-12-05,PH,0.6,0.5,0.5,0.4
2025-12-01,PHM,1.4,1.5,1.7,1.3
2025-12-02,PHM,1.8,1.5,1.7,1.3
2025-12-03,PHM,1.5,1.5,1.7,1.3
2025-12-04,PHM,1.6,1.5,1.7,1.3
2025-12-05,PHM,1.2,1.5,1.7,1.3
2025-12-01,PKG,0.6,0.9,1.2,0.6
2025-12-02,PKG,1.3,0.9,1.2,0.6
2025-12-03,PKG,1.0,0.9,1.2,0.6
2025-12-04,PKG,0.7,0.9,1.2,0.6
2025-12-05,PKG,0.9,0.9,1.2,0.6
2025-12-01,PLD,2.7,3.3,3.7,2.9
2025-12-02,PLD,3.5,3.3,3.7,2.9
2025-12-03,PLD,3.3,3.3,3.7,2.9
2025-12-04,PLD,3.9,3.3,3.7,2.9
2025-12-05,PLD,3.2,3.3,3.7,2.9
2025-12-01,PLTR,27.8,31.0,33.9,28.1
2025-12-02,PLTR,35.4,31.0,33.9,28.1
2025-12-03,PLTR,30.5,31.0,33.9,28.1
2025-12-04,PLTR,29.2,31.0,33.9,28.1
2025-12-05,PLTR,32.1,31.0,33.9,28.1
2025-12-01,PM,3.5,5.2,7.2,3.2
2025-12-02,PM,4.8,5.2,7.2,3.2
2025-12-03,PM,3.8,5.2,7.2,3.2
2025-12-04,PM,8.6,5.2,7.2,3.2
2025-12-05,PM,5.5,5.2,7.2,3.2
2025-12-01,PNC,1.4,1.6,1.9,1.3
2025-12-02,PNC,1.3,1.6,1.9,1.3
2025-12-03,PNC,1.8,1.6,1.9,1.3
2025-12-04,PNC,1.9,1.6,1.9,1.3
2025-12-05,PNC,1.4,1.6,1.9,1.3
2025-12-01,PNR,1.5,1.1,1.4,0.8
2025-12-02,PNR,1.0,1.1,1.4,0.8
2025-12-03,PNR,0.9,1.1,1.4,0.8
2025-12-04,PNR,1.2,1.1,1.4,0.8
2025-12-05,PNR,0.8,1.1,1.4,0.8
2025-12-01,PNW,1.0,1.2,1.5,1.0
2025-12-02,PNW,1.2,1.2,1.5,1.0
2025-12-03,PNW,1.1,1.2,1.5,1.0
2025-12-04,PNW,1.7,1.2,1.5,1.0
2025-12-05,PNW,1.2,1.2,1.5,1.0
2025-12-01,PODD,0.9,0.8,0.9,0.6
2025-12-02,PODD,0.8,0.8,0.9,0.6
2025-12-03,PODD,0.9,0.8,0.9,0.6
2025-12-04,PODD,0.8,0.8,0.9,0.6
2025-12-05,PODD,0.5,0.8,0.9,0.6
2025-12-01,POOL,0.6,0.6,0.7,0.5
2025-12-02,POOL,0.7,0.6,0.7,0.5
2025-12-03,POOL,0.5,0.6,0.7,0.5
2025-12-04,POOL,0.5,0.6,0.7,0.5
2025-12-05,POOL,0.7,0.6,0.7,0.5
2025-12-04,POWA,0.0,0.0,0.0,-0.0
2025-12-01,PPG,2.3,2.0,2.4,1.7
2025-12-02,PPG,1.8,2.0,2.4,1.7
2025-12-03,PPG,1.7,2.0,2.4,1.7
2025-12-04,PPG,2.0,2.0,2.4,1.7
2025-12-05,PPG,2.5,2.0,2.4,1.7
2025-12-01,PPL,5.4,8.4,10.4,6.3
2025-12-02,PPL,7.1,8.4,10.4,6.3
2025-12-03,PPL,10.2,8.4,10.4,6.3
2025-12-04,PPL,10.0,8.4,10.4,6.3
2025-12-05,PPL,9.1,8.4,10.4,6.3
2025-12-01,PPLT,0.5,0.3,0.5,0.2
2025-12-02,PPLT,0.5,0.3,0.5,0.2
2025-12-03,PPLT,0.3,0.3,0.5,0.2
2025-12-04,PPLT,0.4,0.3,0.5,0.2
2025-12-05,PPLT,0.1,0.3,0.5,0.2
2025-12-01,PRU,1.5,1.6,1.8,1.4
2025-12-02,PRU,1.4,1.6,1.8,1.4
2025-12-03,PRU,1.7,1.6,1.8,1.4
2025-12-04,PRU,1.7,1.6,1.8,1.4
2025-12-05,PRU,1.8,1.6,1.8,1.4
2025-12-01,PSA,1.1,0.9,1.1,0.8
2025-12-02,PSA,0.8,0.9,1.1,0.8
2025-12-03,PSA,1.2,0.9,1.1,0.8
2025-12-04,PSA,0.9,0.9,1.1,0.8
2025-12-05,PSA,0.8,0.9,1.1,0.8
2025-12-01,PSKY,4.6,11.1,20.2,1.9
2025-12-02,PSKY,6.5,11.1,20.2,1.9
2025-12-03,PSKY,9.6,11.1,20.2,1.9
2025-12-04,PSKY,7.5,11.1,20.2,1.9
2025-12-05,PSKY,27.1,11.1,20.2,1.9
2025-12-01,PSX,2.1,2.2,2.3,2.0
2025-12-02,PSX,2.0,2.2,2.3,2.0
2025-12-03,PSX,2.2,2.2,2.3,2.0
2025-12-04,PSX,2.2,2.2,2.3,2.0
2025-12-05,PSX,2.4,2.2,2.3,2.0
2025-12-01,PTC,0.8,0.8,1.1,0.5
2025-12-02,PTC,0.6,0.8,1.1,0.5
2025-12-03,PTC,0.5,0.8,1.1,0.5
2025-12-04,PTC,0.8,0.8,1.1,0.5
2025-12-05,PTC,1.4,0.8,1.1,0.5
2025-12-01,PWR,0.8,0.8,0.9,0.7
2025-12-02,PWR,0.8,0.8,0.9,0.7
2025-12-03,PWR,0.7,0.8,0.9,0.7
2025-12-04,PWR,0.9,0.8,0.9,0.7
2025-12-05,PWR,0.7,0.8,0.9,0.7
2025-12-01,PYPL,10.9,14.7,20.5,8.8
2025-12-02,PYPL,10.8,14.7,20.5,8.8
2025-12-03,PYPL,24.4,14.7,20.5,8.8
2025-12-04,PYPL,16.0,14.7,20.5,8.8
2025-12-05,PYPL,11.2,14.7,20.5,8.8
2025-12-02,QAT,0.0,0.0,0.0,-0.0
2025-12-03,QAT,0.0,0.0,0.0,-0.0
2025-12-01,QCOM,6.8,7.9,8.8,6.9
2025-12-02,QCOM,9.2,7.9,8.8,6.9
2025-12-03,QCOM,7.6,7.9,8.8,6.9
2025-12-04,QCOM,7.3,7.9,8.8,6.9
2025-12-05,QCOM,8.4,7.9,8.8,6.9
2025-12-01,QQQ,41.0,48.8,54.3,43.3
2025-12-02,QQQ,54.5,48.8,54.3,43.3
2025-12-03,QQQ,47.8,48.8,54.3,43.3
2025-12-04,QQQ,47.1,48.8,54.3,43.3
2025-12-05,QQQ,53.6,48.8,54.3,43.3
2025-12-01,QUAL,1.5,1.5,1.6,1.4
2025-12-02,QUAL,1.6,1.5,1.6,1.4
2025-12-03,QUAL,1.6,1.5,1.6,1.4
2025-12-04,QUAL,1.4,1.5,1.6,1.4
2025-12-05,QUAL,1.4,1.5,1.6,1.4
2025-12-01,RCL,1.5,2.0,2.5,1.5
2025-12-02,RCL,2.1,2.0,2.5,1.5
2025-12-03,RCL,1.5,2.0,2.5,1.5
2025-12-04,RCL,2.6,2.0,2.5,1.5
2025-12-05,RCL,2.4,2.0,2.5,1.5
2025-12-01,REG,0.9,1.0,1.2,0.7
2025-12-02,REG,0.7,1.0,1.2,0.7
2025-12-03,REG,0.8,1.0,1.2,0.7
2025-12-04,REG,1.4,1.0,1.2,0.7
2025-12-05,REG,1.0,1.0,1.2,0.7
2025-12-01,REGN,1.0,1.0,1.2,0.8
2025-12-02,REGN,0.9,1.0,1.2,0.8
2025-12-03,REGN,1.2,1.0,1.2,0.8
2025-12-04,REGN,1.1,1.0,1.2,0.8
2025-12-05,REGN,0.8,1.0,1.2,0.8
2025-12-01,RF,12.0,10.7,12.0,9.5
2025-12-02,RF,9.9,10.7,12.0,9.5
2025-12-03,RF,12.2,10.7,12.0,9.5
2025-12-04,RF,9.8,10.7,12.0,9.5
2025-12-05,RF,9.9,10.7,12.0,9.5
2025-12-01,RIG,32.9,27.1,32.5,21.7
2025-12-02,RIG,27.4,27.1,32.5,21.7
2025-12-03,RIG,31.7,27.1,32.5,21.7
2025-12-04,RIG,22.8,27.1,32.5,21.7
2025-12-05,RIG,20.6,27.1,32.5,21.7
2025-12-01,RJF,1.6,1.2,1.5,1.0
2025-12-02,RJF,1.2,1.2,1.5,1.0
2025-12-03,RJF,0.9,1.2,1.5,1.0
2025-12-04,RJF,1.3,1.2,1.5,1.0
2025-12-05,RJF,1.1,1.2,1.5,1.0
2025-12-01,RL,0.8,0.7,0.8,0.6
2025-12-02,RL,0.8,0.7,0.8,0.6
2025-12-03,RL,0.7,0.7,0.8,0.6
2025-12-04,RL,0.5,0.7,0.8,0.6
2025-12-05,RL,0.9,0.7,0.8,0.6
2025-12-01,RMD,1.3,0.8,1.2,0.5
2025-12-02,RMD,1.1,0.8,1.2,0.5
2025-12-03,RMD,0.6,0.8,1.2,0.5
2025-12-04,RMD,0.5,0.8,1.2,0.5
2025-12-05,RMD,0.7,0.8,1.2,0.5
2025-12-01,ROK,0.9,0.9,1.1,0.7
2025-12-02,ROK,0.7,0.9,1.1,0.7
2025-12-03,ROK,0.8,0.9,1.1,0.7
2025-12-04,ROK,1.3,0.9,1.1,0.7
2025-12-05,ROK,0.8,0.9,1.1,0.7
2025-12-01,ROKU,2.2,3.6,4.7,2.4
2025-12-02,ROKU,2.7,3.6,4.7,2.4
2025-12-03,ROKU,4.5,3.6,4.7,2.4
2025-12-04,ROKU,3.4,3.6,4.7,2.4
2025-12-05,ROKU,5.0,3.6,4.7,2.4
2025-12-01,ROL,2.3,2.0,2.3,1.7
2025-12-02,ROL,1.7,2.0,2.3,1.7
2025-12-03,ROL,1.7,2.0,2.3,1.7
2025-12-04,ROL,2.0,2.0,2.3,1.7
2025-12-05,ROL,2.3,2.0,2.3,1.7
2025-12-01,ROP,0.9,0.7,0.8,0.6
2025-12-02,ROP,0.7,0.7,0.8,0.6
2025-12-03,ROP,0.6,0.7,0.8,0.6
2025-12-04,ROP,0.6,0.7,0.8,0.6
2025-12-05,ROP,0.8,0.7,0.8,0.6
2025-12-01,ROST,2.4,3.2,3.8,2.6
2025-12-02,ROST,4.0,3.2,3.8,2.6
2025-12-03,ROST,3.4,3.2,3.8,2.6
2025-12-04,ROST,3.4,3.2,3.8,2.6
2025-12-05,ROST,2.9,3.2,3.8,2.6
2025-12-01,RSG,1.6,1.4,1.6,1.3
2025-12-02,RSG,1.3,1.4,1.6,1.3
2025-12-03,RSG,1.2,1.4,1.6,1.3
2025-12-04,RSG,1.5,1.4,1.6,1.3
2025-12-05,RSG,1.4,1.4,1.6,1.3
2025-12-01,RSP,13.0,12.5,13.5,11.4
2025-12-02,RSP,11.7,12.5,13.5,11.4
2025-12-03,RSP,13.6,12.5,13.5,11.4
2025-12-04,RSP,11.1,12.5,13.5,11.4
2025-12-05,RSP,12.9,12.5,13.5,11.4
2025-12-01,RTX,4.9,5.0,6.7,3.3
2025-12-02,RTX,4.1,5.0,6.7,3.3
2025-12-03,RTX,5.5,5.0,6.7,3.3
2025-12-04,RTX,7.5,5.0,6.7,3.3
2025-12-05,RTX,3.0,5.0,6.7,3.3
2025-12-01,RVTY,1.2,1.1,1.2,0.9
2025-12-02,RVTY,1.2,1.1,1.2,0.9
2025-12-03,RVTY,1.0,1.1,1.2,0.9
2025-12-04,RVTY,1.1,1.1,1.2,0.9
2025-12-05,RVTY,0.8,1.1,1.2,0.9
2025-12-01,SBAC,0.9,0.8,0.9,0.6
2025-12-02,SBAC,0.6,0.8,0.9,0.6
2025-12-03,SBAC,0.8,0.8,0.9,0.6
2025-12-04,SBAC,0.8,0.8,0.9,0.6
2025-12-05,SBAC,0.7,0.8,0.9,0.6
2025-12-01,SBLK,1.5,1.5,1.7,1.3
2025-12-02,SBLK,1.3,1.5,1.7,1.3
2025-12-03,SBLK,1.8,1.5,1.7,1.3
2025-12-04,SBLK,1.7,1.5,1.7,1.3
2025-12-05,SBLK,1.4,1.5,1.7,1.3
2025-12-01,SBUX,8.8,9.4,10.1,8.7
2025-12-02,SBUX,9.0,9.4,10.1,8.7
2025-12-03,SBUX,9.3,9.4,10.1,8.7
2025-12-04,SBUX,10.6,9.4,10.1,8.7
2025-12-05,SBUX,9.4,9.4,10.1,8.7
2025-12-01,SCHP,4.8,5.2,7.2,3.2
2025-12-02,SCHP,2.6,5.2,7.2,3.2
2025-12-03,SCHP,6.9,5.2,7.2,3.2
2025-12-04,SCHP,7.5,5.2,7.2,3.2
2025-12-05,SCHP,4.3,5.2,7.2,3.2
2025-12-01,SCHW,8.0,9.1,10.2,8.1
2025-12-02,SCHW,10.6,9.1,10.2,8.1
2025-12-03,SCHW,9.7,9.1,10.2,8.1
2025-12-04,SCHW,8.4,9.1,10.2,8.1
2025-12-05,SCHW,9.0,9.1,10.2,8.1
2025-12-01,SD,0.5,0.4,0.5,0.3
2025-12-02,SD,0.3,0.4,0.5,0.3
2025-12-03,SD,0.5,0.4,0.5,0.3
2025-12-04,SD,0.4,0.4,0.5,0.3
2025-12-05,SD,0.3,0.4,0.5,0.3
2025-12-01,SDY,0.2,0.2,0.3,0.2
2025-12-02,SDY,0.2,0.2,0.3,0.2
2025-12-03,SDY,0.2,0.2,0.3,0.2
2025-12-04,SDY,0.3,0.2,0.3,0.2
2025-12-05,SDY,0.2,0.2,0.3,0.2
2025-12-01,SHW,1.7,1.5,1.8,1.2
2025-12-02,SHW,1.4,1.5,1.8,1.2
2025-12-03,SHW,1.3,1.5,1.8,1.2
2025-12-04,SHW,1.4,1.5,1.8,1.2
2025-12-05,SHW,2.0,1.5,1.8,1.2
2025-12-01,SHY,3.4,3.0,4.0,1.9
2025-12-02,SHY,4.7,3.0,4.0,1.9
2025-12-03,SHY,2.1,3.0,4.0,1.9
2025-12-04,SHY,2.5,3.0,4.0,1.9
2025-12-05,SHY,2.2,3.0,4.0,1.9
2025-12-01,SILJ,13.7,7.8,11.2,4.4
2025-12-02,SILJ,7.4,7.8,11.2,4.4
2025-12-03,SILJ,4.9,7.8,11.2,4.4
2025-12-04,SILJ,6.1,7.8,11.2,4.4
2025-12-05,SILJ,7.0,7.8,11.2,4.4
2025-12-01,SJM,1.9,1.5,1.9,1.1
2025-12-02,SJM,1.6,1.5,1.9,1.1
2025-12-03,SJM,1.9,1.5,1.9,1.1
2025-12-04,SJM,1.3,1.5,1.9,1.1
2025-12-05,SJM,0.9,1.5,1.9,1.1
2025-12-01,SLB,12.7,14.0,15.8,12.2
2025-12-02,SLB,12.8,14.0,15.8,12.2
2025-12-03,SLB,16.1,14.0,15.8,12.2
2025-12-04,SLB,15.9,14.0,15.8,12.2
2025-12-05,SLB,12.6,14.0,15.8,12.2
2025-12-01,SLV,66.1,47.2,59.1,35.4
2025-12-02,SLV,44.0,47.2,59.1,35.4
2025-12-03,SLV,33.8,47.2,59.1,35.4
2025-12-04,SLV,48.7,47.2,59.1,35.4
2025-12-05,SLV,43.6,47.2,59.1,35.4
2025-12-01,SMCI,21.0,18.7,20.5,16.8
2025-12-02,SMCI,19.4,18.7,20.5,16.8
2025-12-03,SMCI,16.3,18.7,20.5,16.8
2025-12-04,SMCI,17.2,18.7,20.5,16.8
2025-12-05,SMCI,19.4,18.7,20.5,16.8
2025-12-01,SMH,3.9,4.6,5.8,3.3
2025-12-02,SMH,6.7,4.6,5.8,3.3
2025-12-03,SMH,4.6,4.6,5.8,3.3
2025-12-04,SMH,4.0,4.6,5.8,3.3
2025-12-05,SMH,3.6,4.6,5.8,3.3
2025-12-01,SNA,0.3,0.3,0.3,0.2
2025-12-02,SNA,0.3,0.3,0.3,0.2
2025-12-03,SNA,0.2,0.3,0.3,0.2
2025-12-04,SNA,0.4,0.3,0.3,0.2
2025-12-05,SNA,0.2,0.3,0.3,0.2
2025-12-01,SNDK,10.3,10.4,11.8,9.0
2025-12-02,SNDK,11.1,10.4,11.8,9.0
2025-12-03,SNDK,9.9,10.4,11.8,9.0
2025-12-04,SNDK,12.2,10.4,11.8,9.0
2025-12-05,SNDK,8.5,10.4,11.8,9.0
2025-12-01,SNPS,5.3,2.7,4.3,1.2
2025-12-02,SNPS,2.7,2.7,4.3,1.2
2025-12-03,SNPS,2.6,2.7,4.3,1.2
2025-12-04,SNPS,1.5,2.7,4.3,1.2
2025-12-05,SNPS,1.5,2.7,4.3,1.2
2025-12-01,SO,5.8,7.5,9.6,5.4
2025-12-02,SO,5.8,7.5,9.6,5.4
2025-12-03,SO,10.9,7.5,9.6,5.4
2025-12-04,SO,7.7,7.5,9.6,5.4
2025-12-05,SO,7.3,7.5,9.6,5.4
2025-12-01,SOLV,1.2,1.1,1.2,1.0
2025-12-02,SOLV,1.2,1.1,1.2,1.0
2025-12-03,SOLV,1.2,1.1,1.2,1.0
2025-12-04,SOLV,0.9,1.1,1.2,1.0
2025-12-05,SOLV,1.1,1.1,1.2,1.0
2025-12-01,SOYB,0.2,0.2,0.3,0.0
2025-12-02,SOYB,0.1,0.2,0.3,0.0
2025-12-03,SOYB,0.4,0.2,0.3,0.0
2025-12-04,SOYB,0.1,0.2,0.3,0.0
2025-12-05,SOYB,0.2,0.2,0.3,0.0
2025-12-01,SPG,1.1,1.4,1.7,1.1
2025-12-02,SPG,1.2,1.4,1.7,1.1
2025-12-03,SPG,1.8,1.4,1.7,1.1
2025-12-04,SPG,1.3,1.4,1.7,1.1
2025-12-05,SPG,1.6,1.4,1.7,1.1
2025-12-01,SPGI,1.5,1.3,1.7,1.0
2025-12-02,SPGI,1.2,1.3,1.7,1.0
2025-12-03,SPGI,1.2,1.3,1.7,1.0
2025-12-04,SPGI,0.9,1.3,1.7,1.0
2025-12-05,SPGI,1.8,1.3,1.7,1.0
2025-12-01,SPHB,0.2,0.4,0.6,0.2
2025-12-02,SPHB,0.3,0.4,0.6,0.2
2025-12-03,SPHB,0.3,0.4,0.6,0.2
2025-12-04,SPHB,0.7,0.4,0.6,0.2
2025-12-05,SPHB,0.4,0.4,0.6,0.2
2025-12-01,SPLV,4.6,4.1,4.9,3.3
2025-12-02,SPLV,4.5,4.1,4.9,3.3
2025-12-03,SPLV,4.9,4.1,4.9,3.3
2025-12-04,SPLV,3.1,4.1,4.9,3.3
2025-12-05,SPLV,3.5,4.1,4.9,3.3
2025-12-01,SPY,61.2,64.5,73.0,56.0
2025-12-02,SPY,63.0,64.5,73.0,56.0
2025-12-03,SPY,57.2,64.5,73.0,56.0
2025-12-04,SPY,62.0,64.5,73.0,56.0
2025-12-05,SPY,79.2,64.5,73.0,56.0
2025-12-01,SRE,4.6,3.8,4.8,2.8
2025-12-02,SRE,3.4,3.8,4.8,2.8
2025-12-03,SRE,2.5,3.8,4.8,2.8
2025-12-04,SRE,5.0,3.8,4.8,2.8
2025-12-05,SRE,3.4,3.8,4.8,2.8
2025-12-01,STE,0.8,0.6,0.7,0.4
2025-12-02,STE,0.6,0.6,0.7,0.4
2025-12-03,STE,0.4,0.6,0.7,0.4
2025-12-04,STE,0.5,0.6,0.7,0.4
2025-12-05,STE,0.6,0.6,0.7,0.4
2025-12-01,STIP,0.6,0.9,1.4,0.4
2025-12-02,STIP,0.9,0.9,1.4,0.4
2025-12-03,STIP,0.6,0.9,1.4,0.4
2025-12-04,STIP,0.6,0.9,1.4,0.4
2025-12-05,STIP,1.8,0.9,1.4,0.4
2025-12-01,STLA,9.2,14.9,19.5,10.3
2025-12-02,STLA,21.9,14.9,19.5,10.3
2025-12-03,STLA,15.8,14.9,19.5,10.3
2025-12-04,STLA,13.7,14.9,19.5,10.3
2025-12-05,STLA,14.1,14.9,19.5,10.3
2025-12-01,STLD,0.9,1.3,1.6,1.0
2025-12-02,STLD,1.1,1.3,1.6,1.0
2025-12-03,STLD,1.5,1.3,1.6,1.0
2025-12-04,STLD,1.7,1.3,1.6,1.0
2025-12-05,STLD,1.4,1.3,1.6,1.0
2025-12-01,STNG,1.6,1.0,1.3,0.7
2025-12-02,STNG,1.0,1.0,1.3,0.7
2025-12-03,STNG,0.8,1.0,1.3,0.7
2025-12-04,STNG,0.7,1.0,1.3,0.7
2025-12-05,STNG,1.0,1.0,1.3,0.7
2025-12-01,STT,1.5,1.7,2.0,1.3
2025-12-02,STT,1.2,1.7,2.0,1.3
2025-12-03,STT,1.6,1.7,2.0,1.3
2025-12-04,STT,1.9,1.7,2.0,1.3
2025-12-05,STT,2.1,1.7,2.0,1.3
2025-12-01,STX,2.3,2.8,3.5,2.1
2025-12-02,STX,3.1,2.8,3.5,2.1
2025-12-03,STX,3.8,2.8,3.5,2.1
2025-12-04,STX,2.0,2.8,3.5,2.1
2025-12-05,STX,2.9,2.8,3.5,2.1
2025-12-01,STZ,2.7,2.5,2.8,2.1
2025-12-02,STZ,2.3,2.5,2.8,2.1
2025-12-03,STZ,2.2,2.5,2.8,2.1
2025-12-04,STZ,2.2,2.5,2.8,2.1
2025-12-05,STZ,3.0,2.5,2.8,2.1
2025-12-01,SW,6.1,6.1,6.8,5.5
2025-12-02,SW,5.5,6.1,6.8,5.5
2025-12-03,SW,7.1,6.1,6.8,5.5
2025-12-04,SW,6.4,6.1,6.8,5.5
2025-12-05,SW,5.6,6.1,6.8,5.5
2025-12-01,SWK,1.4,1.7,2.0,1.3
2025-12-02,SWK,1.3,1.7,2.0,1.3
2025-12-03,SWK,1.8,1.7,2.0,1.3
2025-12-04,SWK,2.2,1.7,2.0,1.3
2025-12-05,SWK,1.6,1.7,2.0,1.3
2025-12-01,SWKS,2.4,2.4,2.8,2.1
2025-12-02,SWKS,3.0,2.4,2.8,2.1
2025-12-03,SWKS,2.4,2.4,2.8,2.1
2025-12-04,SWKS,1.9,2.4,2.8,2.1
2025-12-05,SWKS,2.4,2.4,2.8,2.1
2025-12-01,SYF,3.4,2.8,3.5,2.2
2025-12-02,SYF,2.4,2.8,3.5,2.2
2025-12-03,SYF,3.7,2.8,3.5,2.2
2025-12-04,SYF,2.1,2.8,3.5,2.2
2025-12-05,SYF,2.6,2.8,3.5,2.2
2025-12-01,SYK,1.6,1.4,1.7,1.1
2025-12-02,SYK,1.6,1.4,1.7,1.1
2025-12-03,SYK,0.9,1.4,1.7,1.1
2025-12-04,SYK,1.6,1.4,1.7,1.1
2025-12-05,SYK,1.4,1.4,1.7,1.1
2025-12-01,SYY,3.8,3.7,4.4,3.0
2025-12-02,SYY,4.8,3.7,4.4,3.0
2025-12-03,SYY,3.8,3.7,4.4,3.0
2025-12-04,SYY,3.1,3.7,4.4,3.0
2025-12-05,SYY,3.2,3.7,4.4,3.0
2025-12-01,T,34.7,31.2,33.9,28.4
2025-12-02,T,30.8,31.2,33.9,28.4
2025-12-03,T,29.1,31.2,33.9,28.4
2025-12-04,T,33.0,31.2,33.9,28.4
2025-12-05,T,28.1,31.2,33.9,28.4
2025-12-01,TAP,3.0,3.7,4.8,2.6
2025-12-02,TAP,5.2,3.7,4.8,2.6
2025-12-03,TAP,4.5,3.7,4.8,2.6
2025-12-04,TAP,2.9,3.7,4.8,2.6
2025-12-05,TAP,2.9,3.7,4.8,2.6
2025-12-01,TDG,0.2,0.2,0.2,0.2
2025-12-02,TDG,0.2,0.2,0.2,0.2
2025-12-03,TDG,0.2,0.2,0.2,0.2
2025-12-04,TDG,0.2,0.2,0.2,0.2
2025-12-05,TDG,0.2,0.2,0.2,0.2
2025-12-01,TDW,0.5,0.7,0.9,0.4
2025-12-02,TDW,0.4,0.7,0.9,0.4
2025-12-03,TDW,1.0,0.7,0.9,0.4
2025-12-04,TDW,0.6,0.7,0.9,0.4
2025-12-05,TDW,0.6,0.7,0.9,0.4
2025-12-01,TDY,0.4,0.4,0.4,0.3
2025-12-02,TDY,0.3,0.4,0.4,0.3
2025-12-03,TDY,0.3,0.4,0.4,0.3
2025-12-04,TDY,0.4,0.4,0.4,0.3
2025-12-05,TDY,0.3,0.4,0.4,0.3
2025-12-01,TECH,1.7,1.6,1.8,1.4
2025-12-02,TECH,1.4,1.6,1.8,1.4
2025-12-03,TECH,1.8,1.6,1.8,1.4
2025-12-04,TECH,1.4,1.6,1.8,1.4
2025-12-05,TECH,1.8,1.6,1.8,1.4
2025-12-01,TECK,5.5,4.2,5.2,3.3
2025-12-02,TECK,2.9,4.2,5.2,3.3
2025-12-03,TECK,4.7,4.2,5.2,3.3
2025-12-04,TECK,3.8,4.2,5.2,3.3
2025-12-05,TECK,4.4,4.2,5.2,3.3
2025-12-01,TEL,1.9,2.1,2.7,1.6
2025-12-02,TEL,3.0,2.1,2.7,1.6
2025-12-03,TEL,2.3,2.1,2.7,1.6
2025-12-04,TEL,1.6,2.1,2.7,1.6
2025-12-05,TEL,1.8,2.1,2.7,1.6
2025-12-01,TER,2.8,3.4,4.0,2.7
2025-12-02,TER,3.7,3.4,4.0,2.7
2025-12-03,TER,3.3,3.4,4.0,2.7
2025-12-04,TER,4.3,3.4,4.0,2.7
2025-12-05,TER,2.7,3.4,4.0,2.7
2025-12-01,TFC,8.9,6.4,8.3,4.6
2025-12-02,TFC,4.7,6.4,8.3,4.6
2025-12-03,TFC,5.5,6.4,8.3,4.6
2025-12-04,TFC,7.9,6.4,8.3,4.6
2025-12-05,TFC,5.2,6.4,8.3,4.6
2025-12-01,TGT,6.6,6.5,7.1,5.9
2025-12-02,TGT,5.9,6.5,7.1,5.9
2025-12-03,TGT,7.3,6.5,7.1,5.9
2025-12-04,TGT,6.8,6.5,7.1,5.9
2025-12-05,TGT,5.9,6.5,7.1,5.9
2025-12-01,THD,0.2,0.1,0.3,-0.0
2025-12-02,THD,0.4,0.1,0.3,-0.0
2025-12-03,THD,0.1,0.1,0.3,-0.0
2025-12-04,THD,0.0,0.1,0.3,-0.0
2025-12-05,THD,0.0,0.1,0.3,-0.0
2025-12-01,TIP,3.2,3.1,3.9,2.4
2025-12-02,TIP,4.1,3.1,3.9,2.4
2025-12-03,TIP,2.5,3.1,3.9,2.4
2025-12-04,TIP,2.2,3.1,3.9,2.4
2025-12-05,TIP,3.7,3.1,3.9,2.4
2025-12-01,TJX,4.6,4.9,5.7,4.1
2025-12-02,TJX,5.3,4.9,5.7,4.1
2025-12-03,TJX,4.5,4.9,5.7,4.1
2025-12-04,TJX,4.1,4.9,5.7,4.1
2025-12-05,TJX,6.1,4.9,5.7,4.1
2025-12-01,TKO,0.8,0.9,1.2,0.7
2025-12-02,TKO,1.0,0.9,1.2,0.7
2025-12-03,TKO,1.3,0.9,1.2,0.7
2025-12-04,TKO,0.7,0.9,1.2,0.7
2025-12-05,TKO,0.8,0.9,1.2,0.7
2025-12-01,TLT,47.1,31.3,40.8,21.7
2025-12-02,TLT,27.6,31.3,40.8,21.7
2025-12-03,TLT,23.3,31.3,40.8,21.7
2025-12-04,TLT,25.5,31.3,40.8,21.7
2025-12-05,TLT,32.8,31.3,40.8,21.7
2025-12-01,TMO,1.8,1.7,2.1,1.4
2025-12-02,TMO,1.9,1.7,2.1,1.4
2025-12-03,TMO,1.2,1.7,2.1,1.4
2025-12-04,TMO,2.0,1.7,2.1,1.4
2025-12-05,TMO,1.9,1.7,2.1,1.4
2025-12-01,TMUS,3.0,3.7,4.1,3.2
2025-12-02,TMUS,4.1,3.7,4.1,3.2
2025-12-03,TMUS,4.0,3.7,4.1,3.2
2025-12-04,TMUS,3.7,3.7,4.1,3.2
2025-12-05,TMUS,3.5,3.7,4.1,3.2
2025-12-01,TPL,0.1,0.1,0.1,0.1
2025-12-02,TPL,0.2,0.1,0.1,0.1
2025-12-03,TPL,0.1,0.1,0.1,0.1
2025-12-04,TPL,0.1,0.1,0.1,0.1
2025-12-05,TPL,0.1,0.1,0.1,0.1
2025-12-01,TPR,2.9,2.8,3.3,2.2
2025-12-02,TPR,3.2,2.8,3.3,2.2
2025-12-03,TPR,2.3,2.8,3.3,2.2
2025-12-04,TPR,3.4,2.8,3.3,2.2
2025-12-05,TPR,2.1,2.8,3.3,2.2
2025-12-01,TRGP,1.4,1.5,1.5,1.4
2025-12-02,TRGP,1.5,1.5,1.5,1.4
2025-12-03,TRGP,1.6,1.5,1.5,1.4
2025-12-04,TRGP,1.3,1.5,1.5,1.4
2025-12-05,TRGP,1.5,1.5,1.5,1.4
2025-12-01,TRMB,1.2,1.2,1.4,1.1
2025-12-02,TRMB,1.1,1.2,1.4,1.1
2025-12-03,TRMB,1.3,1.2,1.4,1.1
2025-12-04,TRMB,1.4,1.2,1.4,1.1
2025-12-05,TRMB,1.2,1.2,1.4,1.1
2025-12-01,TROW,2.0,1.7,2.0,1.5
2025-12-02,TROW,1.7,1.7,2.0,1.5
2025-12-03,TROW,2.0,1.7,2.0,1.5
2025-12-04,TROW,1.4,1.7,2.0,1.5
2025-12-05,TROW,1.5,1.7,2.0,1.5
2025-12-01,TRV,1.0,1.3,1.6,1.1
2025-12-02,TRV,1.3,1.3,1.6,1.1
2025-12-03,TRV,1.8,1.3,1.6,1.1
2025-12-04,TRV,1.3,1.3,1.6,1.1
2025-12-05,TRV,1.3,1.3,1.6,1.1
2025-12-01,TS,1.1,0.9,1.0,0.8
2025-12-02,TS,0.9,0.9,1.0,0.8
2025-12-03,TS,1.0,0.9,1.0,0.8
2025-12-04,TS,0.9,0.9,1.0,0.8
2025-12-05,TS,0.8,0.9,1.0,0.8
2025-12-01,TSCO,5.8,4.9,5.8,4.0
2025-12-02,TSCO,4.4,4.9,5.8,4.0
2025-12-03,TSCO,5.6,4.9,5.8,4.0
2025-12-04,TSCO,5.1,4.9,5.8,4.0
2025-12-05,TSCO,3.6,4.9,5.8,4.0
2025-12-01,TSLA,57.5,68.5,81.2,55.9
2025-12-02,TSLA,69.3,68.5,81.2,55.9
2025-12-03,TSLA,87.5,68.5,81.2,55.9
2025-12-04,TSLA,71.9,68.5,81.2,55.9
2025-12-05,TSLA,56.4,68.5,81.2,55.9
2025-12-01,TSN,3.7,3.2,3.8,2.7
2025-12-02,TSN,3.2,3.2,3.8,2.7
2025-12-03,TSN,3.5,3.2,3.8,2.7
2025-12-04,TSN,2.3,3.2,3.8,2.7
2025-12-05,TSN,3.4,3.2,3.8,2.7
2025-12-01,TT,1.6,1.2,1.4,1.0
2025-12-02,TT,1.2,1.2,1.4,1.0
2025-12-03,TT,1.2,1.2,1.4,1.0
2025-12-04,TT,1.0,1.2,1.4,1.0
2025-12-05,TT,1.2,1.2,1.4,1.0
2025-12-01,TTD,11.1,11.5,13.0,10.0
2025-12-02,TTD,9.4,11.5,13.0,10.0
2025-12-03,TTD,12.9,11.5,13.0,10.0
2025-12-04,TTD,13.0,11.5,13.0,10.0
2025-12-05,TTD,11.3,11.5,13.0,10.0
2025-12-01,TTWO,1.7,1.3,1.6,0.9
2025-12-02,TTWO,1.3,1.3,1.6,0.9
2025-12-03,TTWO,0.9,1.3,1.6,0.9
2025-12-04,TTWO,1.0,1.3,1.6,0.9
2025-12-05,TTWO,1.4,1.3,1.6,0.9
2025-12-01,TUR,0.2,0.1,0.2,0.1
2025-12-02,TUR,0.2,0.1,0.2,0.1
2025-12-03,TUR,0.1,0.1,0.2,0.1
2025-12-04,TUR,0.2,0.1,0.2,0.1
2025-12-05,TUR,0.1,0.1,0.2,0.1
2025-12-01,TXN,6.2,7.6,9.2,6.1
2025-12-02,TXN,9.4,7.6,9.2,6.1
2025-12-03,TXN,9.3,7.6,9.2,6.1
2025-12-04,TXN,6.7,7.6,9.2,6.1
2025-12-05,TXN,6.6,7.6,9.2,6.1
2025-12-01,TXT,1.0,1.4,1.8,0.9
2025-12-02,TXT,1.0,1.4,1.8,0.9
2025-12-03,TXT,1.0,1.4,1.8,0.9
2025-12-04,TXT,1.8,1.4,1.8,0.9
2025-12-05,TXT,1.9,1.4,1.8,0.9
2025-12-01,TYL,0.4,0.3,0.3,0.3
2025-12-02,TYL,0.3,0.3,0.3,0.3
2025-12-03,TYL,0.3,0.3,0.3,0.3
2025-12-04,TYL,0.3,0.3,0.3,0.3
2025-12-05,TYL,0.3,0.3,0.3,0.3
2025-12-01,UAL,3.7,6.2,7.7,4.7
2025-12-02,UAL,7.1,6.2,7.7,4.7
2025-12-03,UAL,6.3,6.2,7.7,4.7
2025-12-04,UAL,7.5,6.2,7.7,4.7
2025-12-05,UAL,6.4,6.2,7.7,4.7
2025-12-01,UBER,17.5,16.4,20.6,12.2
2025-12-02,UBER,18.9,16.4,20.6,12.2
2025-12-03,UBER,21.3,16.4,20.6,12.2
2025-12-04,UBER,13.2,16.4,20.6,12.2
2025-12-05,UBER,11.2,16.4,20.6,12.2
2025-12-01,UDR,2.6,2.6,3.0,2.2
2025-12-02,UDR,3.0,2.6,3.0,2.2
2025-12-03,UDR,2.8,2.6,3.0,2.2
2025-12-04,UDR,2.5,2.6,3.0,2.2
2025-12-05,UDR,2.1,2.6,3.0,2.2
2025-12-01,UHS,0.9,0.6,0.9,0.4
2025-12-02,UHS,0.9,0.6,0.9,0.4
2025-12-03,UHS,0.6,0.6,0.9,0.4
2025-12-04,UHS,0.5,0.6,0.9,0.4
2025-12-05,UHS,0.4,0.6,0.9,0.4
2025-12-01,ULTA,0.7,1.5,2.7,0.2
2025-12-02,ULTA,0.6,1.5,2.7,0.2
2025-12-03,ULTA,0.6,1.5,2.7,0.2
2025-12-04,ULTA,2.1,1.5,2.7,0.2
2025-12-05,ULTA,3.4,1.5,2.7,0.2
2025-12-01,UNG,12.2,14.1,20.0,8.3
2025-12-02,UNG,10.2,14.1,20.0,8.3
2025-12-03,UNG,11.1,14.1,20.0,8.3
2025-12-04,UNG,12.8,14.1,20.0,8.3
2025-12-05,UNG,24.5,14.1,20.0,8.3
2025-12-01,UNH,6.2,7.6,9.2,6.0
2025-12-02,UNH,8.0,7.6,9.2,6.0
2025-12-03,UNH,9.8,7.6,9.2,6.0
2025-12-04,UNH,8.1,7.6,9.2,6.0
2025-12-05,UNH,5.9,7.6,9.2,6.0
2025-12-01,UNP,3.5,3.6,4.6,2.6
2025-12-02,UNP,5.2,3.6,4.6,2.6
2025-12-03,UNP,3.6,3.6,4.6,2.6
2025-12-04,UNP,3.2,3.6,4.6,2.6
2025-12-05,UNP,2.5,3.6,4.6,2.6
2025-12-01,UPS,4.8,6.4,8.4,4.4
2025-12-02,UPS,4.9,6.4,8.4,4.4
2025-12-03,UPS,7.3,6.4,8.4,4.4
2025-12-04,UPS,9.5,6.4,8.4,4.4
2025-12-05,UPS,5.5,6.4,8.4,4.4
2025-12-01,URA,2.6,3.9,5.5,2.4
2025-12-02,URA,3.0,3.9,5.5,2.4
2025-12-03,URA,3.1,3.9,5.5,2.4
2025-12-04,URA,6.3,3.9,5.5,2.4
2025-12-05,URA,4.8,3.9,5.5,2.4
2025-12-01,URI,0.6,0.7,0.8,0.6
2025-12-02,URI,0.5,0.7,0.8,0.6
2025-12-03,URI,0.8,0.7,0.8,0.6
2025-12-04,URI,0.9,0.7,0.8,0.6
2025-12-05,URI,0.7,0.7,0.8,0.6
2025-12-01,URNM,0.7,0.5,0.7,0.3
2025-12-02,URNM,0.4,0.5,0.7,0.3
2025-12-03,URNM,0.4,0.5,0.7,0.3
2025-12-04,URNM,0.8,0.5,0.7,0.3
2025-12-05,URNM,0.5,0.5,0.7,0.3
2025-12-01,USB,9.0,9.0,10.3,7.7
2025-12-02,USB,10.8,9.0,10.3,7.7
2025-12-03,USB,9.6,9.0,10.3,7.7
2025-12-04,USB,7.9,9.0,10.3,7.7
2025-12-05,USB,7.7,9.0,10.3,7.7
2025-12-01,USO,4.5,4.5,5.6,3.3
2025-12-02,USO,6.3,4.5,5.6,3.3
2025-12-03,USO,3.2,4.5,5.6,3.3
2025-12-04,USO,4.0,4.5,5.6,3.3
2025-12-05,USO,4.3,4.5,5.6,3.3
2025-12-01,UUP,3.0,1.9,2.6,1.3
2025-12-02,UUP,1.5,1.9,2.6,1.3
2025-12-03,UUP,2.0,1.9,2.6,1.3
2025-12-04,UUP,1.5,1.9,2.6,1.3
2025-12-05,UUP,1.6,1.9,2.6,1.3
2025-12-01,V,7.1,6.6,7.7,5.5
2025-12-02,V,8.2,6.6,7.7,5.5
2025-12-03,V,6.3,6.6,7.7,5.5
2025-12-04,V,6.3,6.6,7.7,5.5
2025-12-05,V,5.3,6.6,7.7,5.5
2025-12-01,VAL,0.9,1.1,1.4,0.8
2025-12-02,VAL,0.7,1.1,1.4,0.8
2025-12-03,VAL,1.5,1.1,1.4,0.8
2025-12-04,VAL,1.1,1.1,1.4,0.8
2025-12-05,VAL,1.1,1.1,1.4,0.8
2025-12-01,VICI,14.8,16.1,20.5,11.8
2025-12-02,VICI,23.5,16.1,20.5,11.8
2025-12-03,VICI,12.2,16.1,20.5,11.8
2025-12-04,VICI,13.8,16.1,20.5,11.8
2025-12-05,VICI,16.4,16.1,20.5,11.8
2025-12-01,VLO,2.6,2.9,3.4,2.4
2025-12-02,VLO,3.2,2.9,3.4,2.4
2025-12-03,VLO,3.1,2.9,3.4,2.4
2025-12-04,VLO,3.3,2.9,3.4,2.4
2025-12-05,VLO,2.2,2.9,3.4,2.4
2025-12-01,VLTO,1.4,1.5,2.0,1.0
2025-12-02,VLTO,2.0,1.5,2.0,1.0
2025-12-03,VLTO,1.1,1.5,2.0,1.0
2025-12-04,VLTO,2.0,1.5,2.0,1.0
2025-12-05,VLTO,1.0,1.5,2.0,1.0
2025-12-01,VMC,0.7,0.8,0.9,0.7
2025-12-02,VMC,1.0,0.8,0.9,0.7
2025-12-03,VMC,0.9,0.8,0.9,0.7
2025-12-04,VMC,0.8,0.8,0.9,0.7
2025-12-05,VMC,0.9,0.8,0.9,0.7
2025-12-01,VNM,0.7,0.8,1.1,0.5
2025-12-02,VNM,1.2,0.8,1.1,0.5
2025-12-03,VNM,0.7,0.8,1.1,0.5
2025-12-04,VNM,0.8,0.8,1.1,0.5
2025-12-05,VNM,0.6,0.8,1.1,0.5
2025-12-01,VRSK,1.2,1.2,1.3,1.1
2025-12-02,VRSK,1.1,1.2,1.3,1.1
2025-12-03,VRSK,1.4,1.2,1.3,1.1
2025-12-04,VRSK,1.2,1.2,1.3,1.1
2025-12-05,VRSK,1.2,1.2,1.3,1.1
2025-12-01,VRSN,1.0,0.9,1.2,0.5
2025-12-02,VRSN,0.6,0.9,1.2,0.5
2025-12-03,VRSN,1.4,0.9,1.2,0.5
2025-12-04,VRSN,0.8,0.9,1.2,0.5
2025-12-05,VRSN,0.5,0.9,1.2,0.5
2025-12-01,VRTX,1.2,1.5,2.1,0.9
2025-12-02,VRTX,1.4,1.5,2.1,0.9
2025-12-03,VRTX,2.5,1.5,2.1,0.9
2025-12-04,VRTX,1.5,1.5,2.1,0.9
2025-12-05,VRTX,0.9,1.5,2.1,0.9
2025-12-01,VST,3.3,3.3,4.1,2.6
2025-12-02,VST,3.0,3.3,4.1,2.6
2025-12-03,VST,2.5,3.3,4.1,2.6
2025-12-04,VST,3.4,3.3,4.1,2.6
2025-12-05,VST,4.5,3.3,4.1,2.6
2025-12-01,VTR,3.7,3.0,3.6,2.5
2025-12-02,VTR,3.1,3.0,3.6,2.5
2025-12-03,VTR,2.8,3.0,3.6,2.5
2025-12-04,VTR,3.3,3.0,3.6,2.5
2025-12-05,VTR,2.3,3.0,3.6,2.5
2025-12-01,VTRS,6.4,6.6,8.6,4.7
2025-12-02,VTRS,10.1,6.6,8.6,4.7
2025-12-03,VTRS,5.6,6.6,8.6,4.7
2025-12-04,VTRS,5.2,6.6,8.6,4.7
2025-12-05,VTRS,5.9,6.6,8.6,4.7
2025-12-01,VZ,19.7,23.8,28.0,19.6
2025-12-02,VZ,23.2,23.8,28.0,19.6
2025-12-03,VZ,19.9,23.8,28.0,19.6
2025-12-04,VZ,28.4,23.8,28.0,19.6
2025-12-05,VZ,27.8,23.8,28.0,19.6
2025-12-01,WAB,1.0,0.8,1.0,0.6
2025-12-02,WAB,0.8,0.8,1.0,0.6
2025-12-03,WAB,0.9,0.8,1.0,0.6
2025-12-04,WAB,0.6,0.8,1.0,0.6
2025-12-05,WAB,0.5,0.8,1.0,0.6
2025-12-01,WAT,0.4,0.5,0.6,0.4
2025-12-02,WAT,0.4,0.5,0.6,0.4
2025-12-03,WAT,0.5,0.5,0.6,0.4
2025-12-04,WAT,0.6,0.5,0.6,0.4
2025-12-05,WAT,0.5,0.5,0.6,0.4
2025-12-01,WBD,36.0,68.5,141.9,-4.9
2025-12-02,WBD,46.6,68.5,141.9,-4.9
2025-12-03,WBD,22.8,68.5,141.9,-4.9
2025-12-04,WBD,38.3,68.5,141.9,-4.9
2025-12-05,WBD,198.9,68.5,141.9,-4.9
2025-12-01,WDAY,3.8,2.9,3.6,2.2
2025-12-02,WDAY,3.6,2.9,3.6,2.2
2025-12-03,WDAY,2.2,2.9,3.6,2.2
2025-12-04,WDAY,2.7,2.9,3.6,2.2
2025-12-05,WDAY,2.4,2.9,3.6,2.2
2025-12-01,WDC,7.9,6.9,7.8,6.0
2025-12-02,WDC,7.7,6.9,7.8,6.0
2025-12-03,WDC,6.8,6.9,7.8,6.0
2025-12-04,WDC,6.3,6.9,7.8,6.0
2025-12-05,WDC,5.8,6.9,7.8,6.0
2025-12-01,WEAT,0.1,0.2,0.5,-0.1
2025-12-02,WEAT,0.1,0.2,0.5,-0.1
2025-12-03,WEAT,0.1,0.2,0.5,-0.1
2025-12-04,WEAT,0.1,0.2,0.5,-0.1
2025-12-05,WEAT,0.7,0.2,0.5,-0.1
2025-12-01,WEC,2.2,2.3,2.6,2.0
2025-12-02,WEC,2.5,2.3,2.6,2.0
2025-12-03,WEC,1.9,2.3,2.6,2.0
2025-12-04,WEC,2.4,2.3,2.6,2.0
2025-12-05,WEC,2.5,2.3,2.6,2.0
2025-12-01,WELL,2.6,2.6,2.7,2.5
2025-12-02,WELL,2.6,2.6,2.7,2.5
2025-12-03,WELL,2.6,2.6,2.7,2.5
2025-12-04,WELL,2.5,2.6,2.7,2.5
2025-12-05,WELL,2.7,2.6,2.7,2.5
2025-12-01,WFC,9.8,11.7,13.9,9.5
2025-12-02,WFC,9.5,11.7,13.9,9.5
2025-12-03,WFC,14.4,11.7,13.9,9.5
2025-12-04,WFC,13.4,11.7,13.9,9.5
2025-12-05,WFC,11.2,11.7,13.9,9.5
2025-12-01,WM,2.8,2.0,2.6,1.4
2025-12-02,WM,1.9,2.0,2.6,1.4
2025-12-03,WM,1.6,2.0,2.6,1.4
2025-12-04,WM,2.4,2.0,2.6,1.4
2025-12-05,WM,1.3,2.0,2.6,1.4
2025-12-01,WMB,5.3,7.4,9.9,4.8
2025-12-02,WMB,5.0,7.4,9.9,4.8
2025-12-03,WMB,7.6,7.4,9.9,4.8
2025-12-04,WMB,11.3,7.4,9.9,4.8
2025-12-05,WMB,7.6,7.4,9.9,4.8
2025-12-01,WMT,17.2,22.1,25.9,18.2
2025-12-02,WMT,18.7,22.1,25.9,18.2
2025-12-03,WMT,24.5,22.1,25.9,18.2
2025-12-04,WMT,25.9,22.1,25.9,18.2
2025-12-05,WMT,24.0,22.1,25.9,18.2
2025-12-01,WRB,4.3,6.6,11.7,1.5
2025-12-02,WRB,4.0,6.6,11.7,1.5
2025-12-03,WRB,3.5,6.6,11.7,1.5
2025-12-04,WRB,5.7,6.6,11.7,1.5
2025-12-05,WRB,15.7,6.6,11.7,1.5
2025-12-01,WSM,1.2,1.2,1.3,1.1
2025-12-02,WSM,1.4,1.2,1.3,1.1
2025-12-03,WSM,1.2,1.2,1.3,1.1
2025-12-04,WSM,1.1,1.2,1.3,1.1
2025-12-05,WSM,1.0,1.2,1.3,1.1
2025-12-01,WST,0.6,0.7,0.8,0.5
2025-12-02,WST,0.6,0.7,0.8,0.5
2025-12-03,WST,0.9,0.7,0.8,0.5
2025-12-04,WST,0.8,0.7,0.8,0.5
2025-12-05,WST,0.7,0.7,0.8,0.5
2025-12-01,WTW,0.7,0.6,0.7,0.5
2025-12-02,WTW,0.7,0.6,0.7,0.5
2025-12-03,WTW,0.6,0.6,0.7,0.5
2025-12-04,WTW,0.5,0.6,0.7,0.5
2025-12-05,WTW,0.6,0.6,0.7,0.5
2025-12-01,WY,7.1,5.8,7.1,4.6
2025-12-02,WY,5.2,5.8,7.1,4.6
2025-12-03,WY,4.8,5.8,7.1,4.6
2025-12-04,WY,4.7,5.8,7.1,4.6
2025-12-05,WY,7.3,5.8,7.1,4.6
2025-12-01,WYNN,2.8,1.7,2.6,0.8
2025-12-02,WYNN,1.2,1.7,2.6,0.8
2025-12-03,WYNN,1.1,1.7,2.6,0.8
2025-12-04,WYNN,2.6,1.7,2.6,0.8
2025-12-05,WYNN,0.9,1.7,2.6,0.8
2025-12-01,XEL,3.9,4.5,5.8,3.2
2025-12-02,XEL,4.6,4.5,5.8,3.2
2025-12-03,XEL,3.6,4.5,5.8,3.2
2025-12-04,XEL,6.8,4.5,5.8,3.2
2025-12-05,XEL,3.6,4.5,5.8,3.2
2025-12-01,XES,0.1,0.1,0.1,0.1
2025-12-02,XES,0.1,0.1,0.1,0.1
2025-12-03,XES,0.1,0.1,0.1,0.1
2025-12-04,XES,0.1,0.1,0.1,0.1
2025-12-05,XES,0.2,0.1,0.1,0.1
2025-12-01,XLB,13.4,11.0,13.6,8.5
2025-12-02,XLB,12.9,11.0,13.6,8.5
2025-12-03,XLB,11.8,11.0,13.6,8.5
2025-12-04,XLB,9.9,11.0,13.6,8.5
2025-12-05,XLB,7.1,11.0,13.6,8.5
2025-12-01,XLC,5.2,5.1,5.7,4.5
2025-12-02,XLC,4.8,5.1,5.7,4.5
2025-12-03,XLC,4.9,5.1,5.7,4.5
2025-12-04,XLC,4.7,5.1,5.7,4.5
2025-12-05,XLC,6.1,5.1,5.7,4.5
2025-12-01,XLE,31.2,28.1,33.0,23.3
2025-12-02,XLE,33.3,28.1,33.0,23.3
2025-12-03,XLE,30.2,28.1,33.0,23.3
2025-12-04,XLE,23.8,28.1,33.0,23.3
2025-12-05,XLE,22.2,28.1,33.0,23.3
2025-12-01,XLF,29.3,30.7,32.8,28.5
2025-12-02,XLF,29.8,30.7,32.8,28.5
2025-12-03,XLF,32.0,30.7,32.8,28.5
2025-12-04,XLF,33.7,30.7,32.8,28.5
2025-12-05,XLF,28.5,30.7,32.8,28.5
2025-12-01,XLI,10.7,9.4,10.3,8.5
2025-12-02,XLI,9.7,9.4,10.3,8.5
2025-12-03,XLI,9.1,9.4,10.3,8.5
2025-12-04,XLI,9.3,9.4,10.3,8.5
2025-12-05,XLI,8.2,9.4,10.3,8.5
2025-12-01,XLK,12.9,11.4,14.7,8.0
2025-12-02,XLK,15.7,11.4,14.7,8.0
2025-12-03,XLK,11.6,11.4,14.7,8.0
2025-12-04,XLK,10.0,11.4,14.7,8.0
2025-12-05,XLK,6.6,11.4,14.7,8.0
2025-12-01,XLP,16.9,16.4,19.2,13.6
2025-12-02,XLP,20.6,16.4,19.2,13.6
2025-12-03,XLP,16.8,16.4,19.2,13.6
2025-12-04,XLP,14.3,16.4,19.2,13.6
2025-12-05,XLP,13.3,16.4,19.2,13.6
2025-12-01,XLRE,6.0,5.6,6.8,4.4
2025-12-02,XLRE,5.4,5.6,6.8,4.4
2025-12-03,XLRE,4.5,5.6,6.8,4.4
2025-12-04,XLRE,7.4,5.6,6.8,4.4
2025-12-05,XLRE,4.6,5.6,6.8,4.4
2025-12-01,XLU,26.3,18.9,24.1,13.7
2025-12-02,XLU,17.4,18.9,24.1,13.7
2025-12-03,XLU,21.7,18.9,24.1,13.7
2025-12-04,XLU,15.5,18.9,24.1,13.7
2025-12-05,XLU,13.5,18.9,24.1,13.7
2025-12-01,XLV,17.3,13.7,17.0,10.5
2025-12-02,XLV,16.2,13.7,17.0,10.5
2025-12-03,XLV,12.7,13.7,17.0,10.5
2025-12-04,XLV,13.7,13.7,17.0,10.5
2025-12-05,XLV,8.9,13.7,17.0,10.5
2025-12-01,XLY,11.6,9.7,12.7,6.7
2025-12-02,XLY,11.1,9.7,12.7,6.7
2025-12-03,XLY,9.4,9.7,12.7,6.7
2025-12-04,XLY,11.8,9.7,12.7,6.7
2025-12-05,XLY,4.6,9.7,12.7,6.7
2025-12-01,XOM,12.7,14.1,15.8,12.3
2025-12-02,XOM,14.6,14.1,15.8,12.3
2025-12-03,XOM,16.8,14.1,15.8,12.3
2025-12-04,XOM,13.7,14.1,15.8,12.3
2025-12-05,XOM,12.5,14.1,15.8,12.3
2025-12-01,XOP,2.2,2.1,2.5,1.6
2025-12-02,XOP,1.8,2.1,2.5,1.6
2025-12-03,XOP,2.2,2.1,2.5,1.6
2025-12-04,XOP,1.5,2.1,2.5,1.6
2025-12-05,XOP,2.7,2.1,2.5,1.6
2025-12-01,XYL,1.4,1.3,1.5,1.1
2025-12-02,XYL,1.2,1.3,1.5,1.1
2025-12-03,XYL,1.3,1.3,1.5,1.1
2025-12-04,XYL,1.0,1.3,1.5,1.1
2025-12-05,XYL,1.6,1.3,1.5,1.1
2025-12-01,XYZ,8.1,11.2,17.1,5.2
2025-12-02,XYZ,20.7,11.2,17.1,5.2
2025-12-03,XYZ,13.3,11.2,17.1,5.2
2025-12-04,XYZ,7.0,11.2,17.1,5.2
2025-12-05,XYZ,6.7,11.2,17.1,5.2
2025-12-01,YUM,3.5,2.5,3.1,1.8
2025-12-02,YUM,1.8,2.5,3.1,1.8
2025-12-03,YUM,2.3,2.5,3.1,1.8
2025-12-04,YUM,2.4,2.5,3.1,1.8
2025-12-05,YUM,2.5,2.5,3.1,1.8
2025-12-01,ZBH,2.6,2.1,2.5,1.7
2025-12-02,ZBH,1.5,2.1,2.5,1.7
2025-12-03,ZBH,2.0,2.1,2.5,1.7
2025-12-04,ZBH,2.2,2.1,2.5,1.7
2025-12-05,ZBH,2.3,2.1,2.5,1.7
2025-12-01,ZBRA,0.5,0.5,0.6,0.5
2025-12-02,ZBRA,0.5,0.5,0.6,0.5
2025-12-03,ZBRA,0.6,0.5,0.6,0.5
2025-12-04,ZBRA,0.5,0.5,0.6,0.5
2025-12-05,ZBRA,0.5,0.5,0.6,0.5
2025-12-01,ZTS,4.2,5.1,6.2,4.0
2025-12-02,ZTS,6.9,5.1,6.2,4.0
2025-12-03,ZTS,5.0,5.1,6.2,4.0
2025-12-04,ZTS,4.9,5.1,6.2,4.0
2025-12-05,ZTS,4.3,5.1,6.2,4.0
