Date,Ticker,Ticker_name,Category,Close,day_pct_change,week_pct_change,month_pct_change,quarter_pct_change,Sharpe_Rank,Sharpe_Rank_daily_change,Sharpe_Rank_wtd_change,Sharpe_Rank_mtd_change,Sharpe_Rank_qtd_change,MM_Score,MM_Score_daily_change,MM_Score_wtd_change,MM_Score_mtd_change,MM_Score_qtd_change,st_trend,mt_trend,lt_trend,st_trend_change,mt_trend_change,lt_trend_change,Tape_Bias,Volatility_Spread_Quadrant
2025-10-28,A,"AGILENT TECHNOLOGIES, INC.",Health Care,145.85,-0.005048093321509017,-0.014726744578801632,0.13634592910011678,0.13634592910011678,93.5,-4.299999999999997,-5.5,38.3,38.3,-59.0,0.0,0.0,-65.0,-65.0,0.01464889,0.0624345,0.01377701,-0.00299001,0.0045343,0.02968308,Neutral,Crowded Long
2025-10-28,AAPL,APPLE INC.,Information Technology,269.0,0.0007068189427477112,0.023514192222814145,0.05643482700388791,0.05643482700388791,69.6,-0.20000000000000284,11.899999999999991,-19.10000000000001,-19.10000000000001,-19.0,0.0,-9.0,60.0,60.0,0.00969668,0.0299321,0.02377081,0.00257505,0.0130299,0.00882852,Leaning Bullish,Mean Reversion Upside Bias
2025-10-28,ABBV,ABBVIE INC.,Health Care,227.54,-0.0021488400649037898,-0.001973770779420181,-0.017275632720048395,-0.017275632720048395,31.9,-18.9,-27.0,-53.6,-53.6,11.0,-8.0,-24.0,28.0,28.0,-0.00635008,0.0578133,0.04672268,0.00098595,-0.0022607,0.01346563,Neutral,Crowded Long
2025-10-28,ABNB,"AIRBNB, INC.",Consumer Discretionary,128.01,-0.008212597815139056,0.00015626220798492518,0.054274419370778926,0.054274419370778926,84.1,1.0,14.099999999999994,79.89999999999999,79.89999999999999,-17.0,16.0,11.0,46.0,46.0,0.0151025,-0.0315947,-0.03100998,0.00169528,0.012048,0.00836853,Leaning Bullish,Crowded Short
2025-10-28,ABT,ABBOTT LABORATORIES,Health Care,126.61,-0.004481836766787262,-0.001891998423334651,-0.054725996714946934,-0.054725996714946934,5.2,-4.3,-1.7000000000000002,-54.099999999999994,-54.099999999999994,62.0,25.0,71.0,33.0,33.0,-0.02721405,0.0032362,0.02951784,0.00115699,0.0021807,0.00676835,Buy Bias,Crowded Short
2025-10-28,ACGL,ARCH CAPITAL GROUP LTD.,Financials,84.72,-0.01419595066325341,-0.027882960413081026,-0.06624049377273233,-0.06624049377273233,11.3,-13.5,-14.5,-43.3,-43.3,-6.0,32.0,-17.0,-27.0,-27.0,-0.0257635,0.0049048,0.00856964,-0.01168402,-0.0021862,-0.01061492,Sell Bias,Mean Reversion Upside Bias
2025-10-28,ACN,ACCENTURE PUBLIC LIMITED COMPANY,Information Technology,253.35,0.010288311999042898,0.023016353725015204,0.027372262773722733,0.027372262773722733,79.2,4.200000000000003,-1.3999999999999915,36.1,36.1,-46.0,-52.0,-29.0,-32.0,-32.0,0.00640209,-0.0210551,-0.02670637,-0.00090921,0.0187712,0.00180438,Topping,Mean Reversion Upside Bias
2025-10-28,ADBE,ADOBE INC.,Information Technology,359.91,0.005897149245388533,0.01807535641547875,0.020297661233168007,0.020297661233168007,73.6,9.299999999999997,16.699999999999996,0.5999999999999943,0.5999999999999943,6.0,-9.0,-9.0,68.0,68.0,0.00928166,-0.0055049,-0.05274283,0.00188401,0.0054269,-0.00202563,Buy Bias,Crowded Short
2025-10-28,ADI,"ANALOG DEVICES, INC.",Information Technology,239.35,-0.015061108596354011,0.005630015545565303,-0.02584452584452579,-0.02584452584452579,47.2,-6.799999999999997,10.5,33.7,33.7,74.0,96.0,30.0,112.0,112.0,-0.00906784,0.0106659,0.01687312,0.00396688,0.005846,0.00543354,Buy Bias,Crowded Short
2025-10-28,ADM,ARCHER-DANIELS-MIDLAND COMPANY.,Consumer Staples,61.37,-0.00920245398773012,-0.030948997315648152,0.027284901238700865,0.027284901238700865,64.3,-0.20000000000000284,-9.100000000000009,40.3,40.3,17.0,0.0,34.0,-3.0,-3.0,-0.0001294,0.0197097,-0.04526095,-0.00453601,0.0028117,0.01042377,Neutral,Mean Reversion Upside Bias
2025-10-28,ADP,"AUTOMATIC DATA PROCESSING, INC.",Industrials,279.63,-0.003208213025344797,-0.00466291734890012,-0.04725724020442934,-0.04725724020442934,0.2,0.0,-1.2,-28.2,-28.2,12.0,0.0,0.0,44.0,44.0,-0.00578359,-0.0184072,0.01528198,0.00079414,-0.0066164,0.01149325,Neutral,Mean Reversion Upside Bias
2025-10-28,ADSK,"AUTODESK, INC.",Information Technology,311.08,-0.007814244250948787,-0.005753004346714441,-0.02074479806088092,-0.02074479806088092,26.6,3.200000000000003,4.800000000000001,9.5,9.5,54.0,54.0,0.0,105.0,105.0,-0.00674772,0.0087569,0.02956422,0.00303845,-0.0017975,0.00220536,Bottoming,Crowded Short
2025-10-28,AEE,AMEREN ,Utilities,103.32,-0.014216200744203933,-0.009205983889528313,-0.01015520214600496,-0.01015520214600496,16.1,-22.0,-36.3,-62.699999999999996,-62.699999999999996,6.0,2.0,-28.0,-13.0,-13.0,0.00017383,0.0015431,0.04273497,-0.00312778,-0.0085419,0.01226977,Sell Bias,Mean Reversion Upside Bias
2025-10-28,AEP,"AMERICAN ELECTRIC POWER COMPANY, INC.",Utilities,115.11,-0.010997508377008303,-0.007501293326435676,0.023199999999999887,0.023199999999999887,55.6,-25.699999999999996,-27.1,-6.899999999999999,-6.899999999999999,4.0,16.0,39.0,-28.0,-28.0,0.00262499,0.0011257,0.0453533,-0.00730081,-0.0119295,0.01144971,Leaning Bearish,Mean Reversion Upside Bias
2025-10-28,AES,THE AES ,Utilities,14.46,-0.0020703933747411307,-0.006185567010309256,0.09878419452887544,0.09878419452887544,76.6,-0.20000000000000284,-0.4000000000000057,33.3,33.3,-5.0,0.0,0.0,-22.0,-22.0,-0.00142024,0.0289079,-0.0049551,-0.00022985,-0.0004202,0.04703304,Neutral,Mean Reversion Downside Bias
2025-10-28,AFL,AFLAC INC.,Financials,106.68,-0.008089260808926024,-0.004665049449524172,-0.0449418084153983,-0.0449418084153983,6.5,-3.4000000000000004,-5.199999999999999,-88.5,-88.5,28.0,0.0,-33.0,71.0,71.0,-0.0157729,0.0037094,0.04305544,-0.00263072,0.0084242,-0.00087081,Bottoming,Crowded Short
2025-10-28,AIG,"AMERICAN INTERNATIONAL GROUP, INC.",Financials,78.39,-0.011600050435001896,-0.007721518987341747,-0.0019098548510313451,-0.0019098548510313451,53.6,-9.699999999999996,-6.299999999999997,25.8,25.8,44.0,0.0,0.0,-21.0,-21.0,-0.01361727,0.0059939,0.02933048,-0.00521188,0.0050034,0.00106911,Bottoming,Crowded Short
2025-10-28,AIZ,"ASSURANT, INC.",Financials,207.89,-0.020264856967811884,-0.018738789766827302,-0.04021237303785785,-0.04021237303785785,24.4,-19.800000000000004,-15.899999999999999,-30.200000000000003,-30.200000000000003,67.0,12.0,54.0,77.0,77.0,-0.01274167,0.0361034,0.03000639,-0.00335654,0.0005846,-0.00134077,Leaning Bullish,Crowded Short
2025-10-28,AJG,ARTHUR J. GALLAGHER & CO.,Financials,267.5,-0.04121863799283154,-0.04712713283225878,-0.13637244140246663,-0.13637244140246663,1.8,-3.6000000000000005,-8.299999999999999,-63.5,-63.5,14.0,-14.0,-42.0,26.0,26.0,-0.04150247,-0.0127648,0.02937324,-0.00594579,0.018889,-0.00538893,Bottoming,Mean Reversion Downside Bias
2025-10-28,AKAM,"AKAMAI TECHNOLOGIES, INC.",Information Technology,75.75,0.0034441647900385064,0.009327115256495766,-0.00013199577613520752,-0.00013199577613520752,54.4,9.399999999999999,12.100000000000001,20.299999999999997,20.299999999999997,-20.0,0.0,27.0,-10.0,-10.0,-0.01243506,-0.0289732,-0.04475868,-0.00110717,0.0066191,-0.00122774,Topping,Mean Reversion Upside Bias
2025-10-28,ALB,ALBEMARLE ,Materials,96.68,0.004676296373272493,-0.08481635744036342,0.1924025653675383,0.1924025653675383,86.5,13.700000000000003,-4.0,28.200000000000003,28.200000000000003,-35.0,-30.0,25.0,-20.0,-20.0,0.04357135,0.0495379,-0.07125543,-0.00465173,0.0287569,0.04799595,Neutral,Mean Reversion Downside Bias
2025-10-28,ALGN,"ALIGN TECHNOLOGY, INC.",Health Care,133.14,-0.018503501658680532,-0.015309518526736343,0.06324868231911829,0.06324868231911829,79.4,-4.699999999999989,-3.6999999999999886,58.800000000000004,58.800000000000004,-12.0,12.0,22.0,26.0,26.0,0.00397029,0.0319209,-0.09805695,-0.0028182,0.1283834,0.06681038,Neutral,Crowded Short
2025-10-28,ALL,THE ALLSTATE ,Financials,190.85,-0.012163561076604545,-0.012112428179512413,-0.11087817377125553,-0.11087817377125553,1.0,-2.4,-1.7999999999999998,-80.2,-80.2,-20.0,-44.0,-26.0,5.0,5.0,-0.02715217,-0.0078734,0.05826646,-0.00215222,-0.0116904,-0.01608705,Sell Bias,Mean Reversion Upside Bias
2025-10-28,ALLE,ALLEGION PUBLIC LIMITED COMPANY,Industrials,169.08,-0.010881010881010789,0.010639569635385593,-0.04663095573724263,-0.04663095573724263,17.5,-9.5,3.1999999999999993,-57.5,-57.5,61.0,0.0,69.0,72.0,72.0,-0.0199598,0.017074,0.06256739,-0.00072215,0.0049086,0.00707384,Bottoming,Crowded Short
2025-10-28,AMAT,"APPLIED MATERIALS, INC.",Information Technology,227.64,-0.01595123849046831,-0.004852459016393529,0.11184917456286003,0.11184917456286003,72.8,-3.4000000000000057,-2.200000000000003,-27.0,-27.0,-36.0,-24.0,0.0,17.0,17.0,0.00437542,0.0746048,0.03651625,0.00347915,0.0177077,0.00993223,Leaning Bullish,Mean Reversion Downside Bias
2025-10-28,AMCR,AMCOR PLC,Materials,8.35,0.0096735187424426,0.025798525798525596,0.020782396088019572,0.020782396088019572,72.8,2.799999999999997,5.5,50.599999999999994,50.599999999999994,5.0,0.0,19.0,-35.0,-35.0,0.0051773,-0.0226036,-0.01470865,0.00610699,0.0041362,0.00215619,Leaning Bullish,Crowded Short
2025-10-28,AMD,"ADVANCED MICRO DEVICES, INC.",Information Technology,258.01,-0.006392729233257732,0.020124940692709092,0.5947215526299525,0.5947215526299525,94.0,-0.5999999999999943,0.0,42.2,42.2,-69.0,0.0,-9.0,-95.0,-95.0,0.08415311,0.1165208,0.09204411,-0.01202055,-0.0024559,0.04366989,Leaning Bearish,Mean Reversion Downside Bias
2025-10-28,AME,"AMETEK, INC.",Industrials,185.1,-0.008835341365461824,-0.01090092978518753,-0.015425531914893598,-0.015425531914893598,35.1,-10.899999999999999,-17.1,-21.1,-21.1,3.0,0.0,0.0,13.0,13.0,0.00238546,-0.0011375,0.00220567,0.00031118,-0.0069301,0.0065233,Neutral,Crowded Short
2025-10-28,AMGN,AMGEN INC.,Health Care,292.09,0.0031941200714382667,0.0011310666301069805,0.03504606661941878,0.03504606661941878,67.9,-10.699999999999989,-13.099999999999994,9.800000000000004,9.800000000000004,-20.0,0.0,25.0,-23.0,-23.0,-0.00305725,-0.0078528,0.01310034,-0.00099428,-5.96e-05,-0.00284703,Neutral,Mean Reversion Upside Bias
2025-10-28,AMP,"AMERIPRISE FINANCIAL, INC.",Financials,484.54,-0.00018570868497613802,0.011185775700154554,-0.01365903307888039,-0.01365903307888039,42.3,12.299999999999997,22.499999999999996,20.699999999999996,20.699999999999996,3.0,0.0,-28.0,-1.0,-1.0,-0.00893013,-0.0184352,0.01674061,-0.00033344,-6.27e-05,0.00081575,Neutral,Crowded Short
2025-10-28,AMT,AMERICAN TOWER ,Real Estate,182.72,-0.036947240815896176,-0.04594820384294074,-0.04991680532445919,-0.04991680532445919,26.0,-6.899999999999999,-13.100000000000001,0.6000000000000014,0.6000000000000014,41.0,3.0,45.0,13.0,13.0,-0.01044069,-0.017115,0.00137562,-0.01222585,0.016896,-0.00203489,Neutral,Crowded Short
2025-10-28,AMZN,"AMAZON.COM, INC.",Consumer Discretionary,229.25,0.01004538044675507,0.022478926006868516,0.04408616842009394,0.04408616842009394,58.9,12.699999999999996,12.5,38.7,38.7,3.0,0.0,0.0,1.0,1.0,0.01097255,-0.0004959,0.04560898,0.00408914,0.0138963,0.00198048,Leaning Bullish,Crowded Short
2025-10-28,ANET,"ARISTA NETWORKS, INC.",Information Technology,156.77,-0.00025508577259103493,0.01917826030425185,0.07590419326058617,0.07590419326058617,59.9,-5.399999999999999,-1.6000000000000014,4.899999999999999,4.899999999999999,37.0,8.0,0.0,21.0,21.0,0.02418858,0.0843865,0.14010795,0.00441721,-0.0128425,0.00948419,Bottoming,Crowded Short
2025-10-28,AON,AON PLC,Financials,329.96,-0.020512363819871204,-0.02300654368874555,-0.07465365415895453,-0.07465365415895453,7.9,-6.6,-6.799999999999999,-8.6,-8.6,-13.0,-54.0,-31.0,-78.0,-78.0,-0.03194076,-0.0268938,0.00222979,-0.00579545,-0.0046906,0.00034438,Sell Bias,Crowded Short
2025-10-28,AOS,A. O. SMITH ,Industrials,66.84,-0.02579798863139482,-0.02989840348330919,-0.08949734368614626,-0.08949734368614626,17.3,-7.300000000000001,-10.5,-61.3,-61.3,15.0,-33.0,13.0,29.0,29.0,-0.0281906,-0.0154993,0.02490945,-0.00283556,-0.0050596,-0.00393677,Sell Bias,Crowded Short
2025-10-28,APA,APA ,Energy,22.73,-0.0261353898886032,-0.046160302140159426,-0.06383855024711704,-0.06383855024711704,36.5,-7.5,-8.899999999999999,-15.700000000000003,-15.700000000000003,8.0,36.0,36.0,35.0,35.0,-0.02617618,0.0416479,-0.09796125,-0.00788853,0.0008754,0.0076751,Neutral,Mean Reversion Downside Bias
2025-10-28,APD,"AIR PRODUCTS AND CHEMICALS, INC.",Materials,254.43,-0.0052001876759461,-0.0018830175356007173,-0.06706512173657975,-0.06706512173657975,10.1,-4.800000000000001,-8.000000000000002,-3.4000000000000004,-3.4000000000000004,58.0,14.0,29.0,11.0,11.0,-0.01965877,-0.0192684,-0.02700872,0.00051462,0.0042132,-0.003201,Leaning Bullish,Mean Reversion Upside Bias
2025-10-28,APH,AMPHENOL ,Information Technology,137.29,0.010153778235597155,0.025930354207143846,0.10941414141414141,0.10941414141414141,73.4,-4.3999999999999915,9.500000000000007,-11.5,-11.5,24.0,7.0,-1.0,74.0,74.0,0.03163229,0.0412807,0.09969557,0.00128845,-0.0086182,0.01532934,Bottoming,Crowded Short
2025-10-28,APO,"APOLLO GLOBAL MANAGEMENT, INC.",Financials,124.47,-0.01503521405396857,-0.0042400000000000215,-0.06603136489832684,-0.06603136489832684,31.9,7.099999999999998,10.099999999999998,-5.600000000000001,-5.600000000000001,23.0,-10.0,9.0,41.0,41.0,-0.01110469,-0.0238685,0.01592655,0.00090478,0.0116953,-0.0038158,Leaning Bullish,Crowded Short
2025-10-28,APP,APPLOVIN CORP,Communication Services,626.82,-0.02531488104493851,0.01100000000000012,-0.12764773011940866,-0.12764773011940866,11.7,-4.200000000000001,-8.3,-86.5,-86.5,74.0,-33.0,19.0,102.0,102.0,0.00231788,0.1044244,0.34196386,0.02216857,0.0030064,0.01470874,Buy Bias,Mean Reversion Downside Bias
2025-10-28,APTV,APTIV PLC,Consumer Discretionary,86.64,0.006154918127975861,0.00522102332057095,0.004871259568545616,0.004871259568545616,32.9,0.7999999999999972,2.099999999999998,-56.199999999999996,-56.199999999999996,13.0,11.0,11.0,65.0,65.0,-0.00544115,0.0334684,-0.04521386,0.00449424,0.0106727,0.0132314,Leaning Bullish,Crowded Short
2025-10-28,ARE,"ALEXANDRIA REAL ESTATE EQUITIES, INC.",Real Estate,62.94,-0.19172980608706824,-0.18692675364939926,-0.24478041756659474,-0.24478041756659474,24.0,-2.0,-0.8000000000000007,-49.8,-49.8,22.0,-25.0,48.0,63.0,63.0,-0.06037272,-0.0613262,-0.047762,-0.04032784,-0.0320839,-0.00444206,Leaning Bearish,Mean Reversion Downside Bias
2025-10-28,ASC,ARDMORE SHIPPING ,MR Discretion,12.63,0.02682926829268295,0.03439803439803435,0.06402695871946107,0.06402695871946107,73.8,11.899999999999999,28.599999999999994,19.599999999999994,19.599999999999994,-22.0,-4.0,-17.0,-4.0,-4.0,0.02024135,0.0180507,-0.00498875,0.00821192,-0.0030625,-0.00036761,Topping,Crowded Short
2025-10-28,ATO,ATMOS ENERGY ,Utilities,174.49,-0.010547207258293056,-0.008185073608821702,0.02190336749633981,0.02190336749633981,49.8,-21.799999999999997,-25.0,-13.300000000000004,-13.300000000000004,42.0,26.0,33.0,14.0,14.0,0.00592449,0.0254395,0.06294844,-0.00387768,0.0007545,0.01328756,Bottoming,Mean Reversion Upside Bias
2025-10-28,AVB,"AVALONBAY COMMUNITIES, INC.",Real Estate,184.12,-0.022561979083718264,-0.0280314628094811,-0.04684992493658424,-0.04684992493658424,2.6,-1.1999999999999997,-5.300000000000001,-78.0,-78.0,-20.0,-16.0,1.0,31.0,31.0,-0.00236122,0.024924,0.00141075,0.00031806,0.0305676,0.00613531,Neutral,Mean Reversion Upside Bias
2025-10-28,AVGO,BROADCOM INC.,Information Technology,372.97,0.030161579892280077,0.05320080196538002,0.13052044496984028,0.13052044496984028,70.0,8.100000000000001,18.0,12.100000000000001,12.100000000000001,0.0,-44.0,-16.0,19.0,19.0,0.02020573,0.0462159,0.14856432,0.01155504,-0.0019707,0.00734458,Bottoming,Crowded Short
2025-10-28,AVY,AVERY DENNISON ,Materials,179.17,-0.007203413309691431,-0.013326725039925158,0.10482826663377942,0.10482826663377942,98.2,-0.7999999999999972,-1.2000000000000028,74.4,74.4,-60.0,0.0,-25.0,-64.0,-64.0,0.05275756,0.0293415,-0.01148518,0.00218335,-0.0199534,0.01220628,Topping,Mean Reversion Downside Bias
2025-10-28,AWK,"AMERICAN WATER WORKS COMPANY, INC.",Utilities,134.81,-0.023045148199144938,-0.0478847376227135,-0.031467777857604684,-0.031467777857604684,31.9,-26.4,-47.9,-1.3999999999999986,-1.3999999999999986,3.0,-21.0,-14.0,-27.0,-27.0,-0.01055842,-0.010647,0.01617116,-0.01255538,-0.0069557,0.00673877,Leaning Bearish,Mean Reversion Downside Bias
2025-10-28,AXON,"AXON ENTERPRISE, INC.",Industrials,755.0,0.008010680907877266,0.02588491065969145,0.052059528454378334,0.052059528454378334,60.5,3.3999999999999986,4.700000000000003,36.1,36.1,-5.0,0.0,-67.0,-5.0,-5.0,0.0033416,-0.0069871,0.14600864,0.0058232,-0.007339,-0.01252889,Neutral,Mean Reversion Upside Bias
2025-10-28,AXP,AMERICAN EXPRESS COMPANY,Financials,361.03,-0.001769568944065103,0.009704664951336817,0.08691594412331383,0.08691594412331383,79.0,12.900000000000006,15.5,48.2,48.2,-10.0,0.0,-27.0,8.0,8.0,0.02198322,0.0314665,0.06163468,0.00214135,0.011871,0.00999304,Buy Bias,Mean Reversion Downside Bias
2025-10-28,AZO,"AUTOZONE, INC.",Consumer Discretionary,3803.0,-0.0029390096507533325,-0.0006726999442919768,-0.11356940404266425,-0.11356940404266425,0.2,0.0,-1.0,-51.199999999999996,-51.199999999999996,0.0,0.0,11.0,-25.0,-25.0,-0.03478872,0.0200143,0.06018914,0.00136758,-0.0031303,-0.00152375,Bottoming,Crowded Short
2025-10-28,BA,THE BOEING COMPANY,Industrials,223.33,0.0014798206278028303,0.008945109555003494,0.03474957142195256,0.03474957142195256,61.9,2.6000000000000014,22.199999999999996,60.5,60.5,-5.0,0.0,2.0,7.0,7.0,0.00303334,-0.0040493,-0.02017478,-0.00020458,0.0037567,0.00698458,Neutral,Mean Reversion Upside Bias
2025-10-28,BAC,BANK OF AMERICA ,Financials,52.87,-0.0028291210863825578,0.005706676811869871,0.02481100988563667,0.02481100988563667,53.2,5.400000000000006,6.400000000000006,10.900000000000006,10.900000000000006,18.0,-15.0,15.0,70.0,70.0,0.01652587,0.0154287,0.04183661,0.002895,0.0036083,0.00997921,Leaning Bullish,Mean Reversion Downside Bias
2025-10-28,BALL,BALL ,Materials,49.09,-0.015245737211634913,-0.014850491671683619,-0.026378421261404217,-0.026378421261404217,33.9,-25.6,-28.0,-20.700000000000003,-20.700000000000003,12.0,6.0,22.0,17.0,17.0,0.00086542,-0.0334375,-0.01125797,0.00573907,0.0028449,0.00648471,Leaning Bullish,Mean Reversion Upside Bias
2025-10-28,BAX,BAXTER INTERNATIONAL INC.,Health Care,22.86,-0.013379369874838232,-0.0069504778453518545,0.0039525691699604515,0.0039525691699604515,68.1,-9.5,-13.800000000000011,27.199999999999996,27.199999999999996,-16.0,4.0,31.0,-3.0,-3.0,-0.00933664,-0.0036321,-0.08165485,0.00059586,0.0760866,0.01991244,Leaning Bullish,Mean Reversion Upside Bias
2025-10-28,BBY,"BEST BUY CO., INC.",Consumer Discretionary,83.86,0.011824324324324342,0.007206341580590747,0.10896588204178781,0.10896588204178781,88.3,2.799999999999997,3.3999999999999915,20.0,20.0,-41.0,0.0,0.0,-21.0,-21.0,0.00686271,0.0283015,-0.03274546,0.00135962,0.0122137,0.0124309,Leaning Bullish,Mean Reversion Downside Bias
2025-10-28,BDX,"BECTON, DICKINSON AND COMPANY",Health Care,184.21,-0.015130453378956243,-0.008717645159554421,-0.015814500186995706,-0.015814500186995706,40.1,-30.300000000000004,-23.999999999999993,-14.899999999999999,-14.899999999999999,-16.0,46.0,36.0,15.0,15.0,-0.01264471,-0.0242476,-0.04124212,-0.00167832,-0.0006901,0.0039902,Sell Bias,Mean Reversion Upside Bias
2025-10-28,BEN,"FRANKLIN RESOURCES, INC.",Financials,23.32,-0.0025662959794695572,0.021015761821365997,0.008214440121054878,0.008214440121054878,51.2,4.200000000000003,10.700000000000003,50.800000000000004,50.800000000000004,-5.0,0.0,8.0,-8.0,-8.0,-0.00123181,-0.0166924,-0.01223166,0.00379382,0.0141042,0.00541596,Leaning Bullish,Mean Reversion Downside Bias
2025-10-28,BF.B,BROWN-FORMAN ,Consumer Staples,28.22,-0.009824561403508847,0.009660107334525936,0.04209748892171339,0.04209748892171339,77.4,-3.8999999999999915,7.200000000000003,46.800000000000004,46.800000000000004,-22.0,2.0,40.0,-27.0,-27.0,-0.00430084,-0.0170665,-0.093487,0.00087951,-0.0038024,0.0038104,Topping,Crowded Short
2025-10-28,BG,BUNGE LIMITED,Consumer Staples,96.37,-0.000518564613150807,-0.01462167689161542,0.18609230769230778,0.18609230769230778,96.2,0.0,-1.2000000000000028,36.900000000000006,36.900000000000006,-92.0,-32.0,-32.0,-89.0,-89.0,0.05330744,0.0398456,-0.02032209,-0.0025248,-0.0037047,0.02275892,Sell Bias,Mean Reversion Downside Bias
2025-10-28,BIIB,BIOGEN INC.,Health Care,149.13,-0.008641893239380471,-0.005070384948962503,0.06460593946316373,0.06460593946316373,84.3,-5.400000000000006,-7.799999999999997,18.0,18.0,-7.0,9.0,27.0,-4.0,-4.0,-0.01519023,0.0598858,-0.08400623,0.00079564,0.0008141,0.0146065,Leaning Bullish,Mean Reversion Upside Bias
2025-10-28,BK,THE BANK OF NEW YORK MELLON ,Financials,108.45,0.00808700501952031,0.0042596536716363875,-0.004680616740088017,-0.004680616740088017,26.2,10.5,7.399999999999999,-26.599999999999998,-26.599999999999998,59.0,-2.0,22.0,30.0,30.0,0.00314203,0.0155775,0.09279476,0.00129126,-0.0039155,0.0064804,Bottoming,Crowded Short
2025-10-28,BKNG,BOOKING HOLDINGS INC.,Consumer Discretionary,5120.57,-0.025470082216808798,-0.004972639793554889,-0.051618089112046794,-0.051618089112046794,32.5,-5.0,12.7,10.5,10.5,57.0,45.0,32.0,60.0,60.0,-0.01124382,-0.0135193,0.03481777,0.00262622,0.0100671,-0.00255746,Leaning Bullish,Crowded Short
2025-10-28,BKR,BAKER HUGHES COMPANY,Energy,47.86,0.027038626609442007,0.01183932346723049,-0.01765188834154352,-0.01765188834154352,34.1,23.6,19.400000000000002,-38.9,-38.9,-34.0,-8.0,-61.0,-39.0,-39.0,-0.00630605,0.0246086,0.03860167,-0.00229959,-0.005573,0.00725693,Sell Bias,Mean Reversion Downside Bias
2025-10-28,BLDR,"BUILDERS FIRSTSOURCE, INC.",Industrials,119.35,-0.031171361311794765,-0.03796550056424319,-0.015670103092783605,-0.015670103092783605,55.6,-13.999999999999993,-18.6,32.0,32.0,-25.0,10.0,10.0,-31.0,-31.0,-0.01728064,-0.0081468,-0.00899488,-0.00366187,-0.0023411,0.00686976,Leaning Bearish,Mean Reversion Upside Bias
2025-10-28,BLK,"BLACKROCK, INC.",Financials,1124.95,-0.005621801274628413,-0.010275991307637566,-0.035098252806916586,-0.035098252806916586,19.2,0.1999999999999993,-12.7,-50.8,-50.8,37.0,0.0,15.0,49.0,49.0,-0.00509708,0.0244356,0.04568297,-0.0017124,0.0048186,0.00862135,Bottoming,Mean Reversion Downside Bias
2025-10-28,BMY,BRISTOL-MYERS SQUIBB COMPANY,Health Care,42.82,-0.013136667434892835,-0.02304357745836183,-0.05055432372505542,-0.05055432372505542,26.2,-19.000000000000004,-27.8,13.5,13.5,47.0,13.0,17.0,-24.0,-24.0,-0.0102074,-0.0023303,-0.02124522,-0.00131066,0.0145053,0.01551089,Neutral,Mean Reversion Upside Bias
2025-10-28,BR,"BROADRIDGE FINANCIAL SOLUTIONS, INC.",Industrials,229.8,-0.00914108313211437,-0.010719359421412777,-0.03514296510895565,-0.03514296510895565,15.9,-5.499999999999998,-10.9,10.5,10.5,25.0,-23.0,11.0,25.0,25.0,-0.00568927,-0.0272519,0.03850245,-0.00267611,-0.0064188,0.00626671,Leaning Bearish,Crowded Short
2025-10-28,BRK.B,"BERKSHIRE HATHAWAY INC.,",Financials,481.44,-0.013584117032392928,-0.021662263767527,-0.04236782432271158,-0.04236782432271158,6.9,-9.799999999999999,-17.5,-31.6,-31.6,25.0,-31.0,57.0,30.0,30.0,-0.01152208,0.0001248,0.05436845,-0.00198607,0.0019423,0.00620584,Bottoming,Crowded Short
2025-10-28,BRO,"BROWN & BROWN, INC.",Financials,82.38,-0.061303555150410305,-0.06386363636363646,-0.12165476063546232,-0.12165476063546232,15.1,-16.6,-14.299999999999999,-21.199999999999996,-21.199999999999996,53.0,7.0,28.0,50.0,50.0,-0.03399207,-0.0116152,0.03098295,-0.01426094,0.01938,-0.00592201,Bottoming,Mean Reversion Downside Bias
2025-10-28,BSX,BOSTON SCIENTIFIC ,Health Care,100.97,-0.014253636629893651,-0.001384630600336223,0.03421079586192777,0.03421079586192777,73.6,-6.800000000000011,2.0,73.39999999999999,73.39999999999999,-31.0,21.0,-24.0,-31.0,-31.0,0.02488972,-0.0245854,0.05950901,-0.00195142,-0.0003693,-0.00515548,Neutral,Mean Reversion Downside Bias
2025-10-28,BTC=F,BITCOIN FUTURES,Futures,113140.0,-0.007543859649122853,0.01937111451482121,-0.013256584685156114,-0.013256584685156114,30.8,-1.9000000000000021,-14.2,-13.999999999999996,-13.999999999999996,45.0,54.0,54.0,-14.0,-14.0,-0.0382431,-0.000915,0.14515741,0.00278043,-0.0013069,-0.0144612,Bottoming,
2025-10-28,BTI,BRITISH AMERICAN TOBACCO P.L.C.,MR Discretion,52.46,0.007103090804376988,0.007489917418859182,-0.011680482290881589,-0.011680482290881589,25.2,2.0,2.3999999999999986,6.399999999999999,6.399999999999999,47.0,-7.0,-14.0,0.0,0.0,-0.00046737,-0.0016469,0.06922476,0.0019404,-0.0043721,0.00401457,Neutral,Crowded Short
2025-10-28,BTU,PEABODY ENERGY ,MR Discretion,27.47,-0.031040564373897794,-0.0527586206896552,0.035822021116138636,0.035822021116138636,56.3,-4.400000000000006,-24.299999999999997,-43.10000000000001,-43.10000000000001,35.0,0.0,62.0,95.0,95.0,-0.03697587,0.151631,0.00704936,-0.01440007,0.0014873,0.02444118,Leaning Bullish,Mean Reversion Downside Bias
2025-10-28,BX,BLACKSTONE INC,Financials,151.69,-0.014039649008774746,-0.018822768434670123,-0.11214515657009072,-0.11214515657009072,13.3,3.6000000000000014,2.200000000000001,-27.599999999999998,-27.599999999999998,-12.0,1.0,-46.0,-25.0,-25.0,-0.02951731,-0.0240273,0.04820367,-0.00166407,-0.0051664,0.00439854,Sell Bias,Mean Reversion Downside Bias
2025-10-28,BXP,"BOSTON PROPERTIES, INC.",Real Estate,74.09,-0.005903662954514943,-0.001213265031005717,-0.003362927091740686,-0.003362927091740686,50.4,5.399999999999999,3.3999999999999986,-16.500000000000007,-16.500000000000007,12.0,0.0,10.0,24.0,24.0,-0.00836669,0.0242704,0.01283943,0.00400369,0.020642,0.01404611,Leaning Bullish,Mean Reversion Upside Bias
2025-10-28,C,CITIGROUP INC.,Financials,101.39,0.003960788196851306,0.026422352702976326,-0.0010837438423645374,-0.0010837438423645374,32.9,8.099999999999998,18.0,-33.6,-33.6,63.0,-21.0,27.0,89.0,89.0,0.00499508,0.0187753,0.07950586,0.00342937,0.0032778,0.00594481,Buy Bias,Crowded Short
2025-10-28,CAG,"CONAGRA BRANDS, INC.",Consumer Staples,18.08,-0.022702702702702804,-0.011481683980317126,-0.012561441835062803,-0.012561441835062803,71.6,-19.700000000000003,-11.700000000000003,9.099999999999994,9.099999999999994,25.0,52.0,23.0,9.0,9.0,-0.01287778,-0.0058176,-0.05368961,-0.00144792,0.0041583,0.0078827,Neutral,Crowded Short
2025-10-28,CAH,"CARDINAL HEALTH, INC.",Health Care,162.79,-0.006166056166056255,0.0055593304095373774,0.03714322120285418,0.03714322120285418,56.5,-20.099999999999994,-12.5,-11.400000000000006,-11.400000000000006,6.0,22.0,9.0,26.0,26.0,0.01228343,-0.0168959,0.05902237,0.00185899,0.0090343,0.00282519,Leaning Bullish,Mean Reversion Upside Bias
2025-10-28,CARR,CARRIER GLOBAL ,Industrials,58.74,0.00772002058672161,0.01556016597510368,-0.016080402010050232,-0.016080402010050232,62.3,-0.6000000000000014,0.19999999999999574,50.199999999999996,50.199999999999996,3.0,12.0,38.0,-10.0,-10.0,0.00105484,-0.0051975,0.01438601,0.0036596,0.022136,0.00501492,Leaning Bullish,Crowded Short
2025-10-28,CAT,CATERPILLAR INC.,Industrials,524.47,-0.004932931109719818,0.0033286782851567054,0.09917216808131624,0.09917216808131624,71.4,-3.3999999999999915,-5.599999999999994,-25.599999999999994,-25.599999999999994,-5.0,41.0,23.0,72.0,72.0,0.0131267,0.0646099,0.0655705,0.00170591,-0.0018702,0.0346617,Bottoming,Crowded Short
2025-10-28,CB,CHUBB LTD,Financials,275.58,-0.021655779608065973,-0.02255799106192813,-0.02363153232949522,-0.02363153232949522,41.5,-26.200000000000003,-23.0,-24.200000000000003,-24.200000000000003,-2.0,19.0,-7.0,17.0,17.0,-0.00543988,-0.0070523,0.0246841,-0.00310267,-0.0011317,-0.00189454,Leaning Bearish,Mean Reversion Downside Bias
2025-10-28,CBOE,"CBOE GLOBAL MARKETS, INC.",Financials,238.53,0.00109119905989008,-0.0009214659685863325,-0.0274006116207951,-0.0274006116207951,18.7,2.3999999999999986,-4.699999999999999,-69.2,-69.2,48.0,-8.0,-8.0,33.0,33.0,-0.00205403,-0.0023653,0.06200429,0.00091532,-0.0033479,-0.00539897,Neutral,Crowded Short
2025-10-28,CBRE,"CBRE GROUP, INC.",Real Estate,159.44,-0.010488425494942,-0.021600392734413387,0.011931962427012,0.011931962427012,37.3,-0.6000000000000014,-11.900000000000006,14.699999999999996,14.699999999999996,24.0,0.0,-29.0,9.0,9.0,0.02676855,0.0134023,0.08908171,0.00158937,-0.0214074,0.01305537,Neutral,Mean Reversion Upside Bias
2025-10-28,CCI,CROWN CASTLE INC.,Real Estate,94.58,-0.03094262295081962,-0.039699461874301956,-0.019794797388330343,-0.019794797388330343,35.3,-19.5,-37.10000000000001,-6.600000000000001,-6.600000000000001,28.0,29.0,19.0,24.0,24.0,-0.00978869,-0.0285346,0.00056645,-0.01526606,-0.0132459,0.00404122,Leaning Bearish,Crowded Short
2025-10-28,CCJ,CAMECO ,MR Discretion,106.91,0.23424151466174092,0.2130942925224102,0.2748628666825661,0.2748628666825661,79.0,32.8,31.6,16.5,16.5,-17.0,-59.0,-59.0,26.0,26.0,0.04415167,0.0791461,0.0825682,0.03414155,0.0484242,0.01748632,Buy Bias,Mean Reversion Downside Bias
2025-10-28,CCL,CARNIVAL CORP,Consumer Discretionary,27.86,-0.05302515295717203,-0.052380952380952306,-0.03631961259079908,-0.03631961259079908,27.0,-11.899999999999999,3.8000000000000007,20.8,20.8,71.0,-3.0,-13.0,89.0,89.0,0.00211866,0.0098425,0.06304302,-0.00355534,0.0014756,0.02116828,Bottoming,Crowded Short
2025-10-28,CDNS,"CADENCE DESIGN SYSTEMS, INC.",Information Technology,341.3,-0.028742174160500733,-0.01101130107215298,-0.028355064624494664,-0.028355064624494664,25.8,-17.999999999999996,-5.399999999999999,-24.8,-24.8,4.0,19.0,9.0,17.0,17.0,-0.00613435,-0.0032246,0.02668245,-0.00018952,-0.0194914,-0.00635212,Neutral,Mean Reversion Upside Bias
2025-10-28,CDW,CDW ,Information Technology,156.16,-0.01928028637819501,-0.01264542235710675,-0.019588146659969885,-0.019588146659969885,59.1,-0.19999999999999574,3.1000000000000014,0.20000000000000284,0.20000000000000284,12.0,35.0,33.0,30.0,30.0,-0.00713601,-0.0469785,-0.02533234,0.0019743,0.0079429,-0.00807168,Leaning Bullish,Mean Reversion Upside Bias
2025-10-28,CEG,CONSTELLATION ENERGY .,Utilities,384.95,-0.015850696663683994,-0.010894421747732475,0.16981189412586994,0.16981189412586994,82.7,-0.7999999999999972,-1.7999999999999972,15.799999999999997,15.799999999999997,-11.0,-1.0,42.0,-22.0,-22.0,0.02206324,0.0204155,0.128064,0.00403547,-0.0051601,0.00749552,Neutral,Crowded Short
2025-10-28,CF,"CF INDUSTRIES HOLDINGS, INC.",Materials,86.1,-0.003356870008102808,-0.00427894067306589,-0.04013377926421413,-0.04013377926421413,32.9,3.5,10.7,-25.6,-25.6,26.0,-10.0,-10.0,29.0,29.0,-0.0161937,-0.0252946,0.00763755,-0.00153207,0.0023079,-0.00191298,Neutral,Mean Reversion Upside Bias
2025-10-28,CFG,"CITIZENS FINANCIAL GROUP, INC.",Financials,51.33,-0.011173184357541888,-0.016289766193944066,-0.03442437923250563,-0.03442437923250563,39.1,0.20000000000000284,-2.3999999999999986,-9.100000000000001,-9.100000000000001,39.0,13.0,13.0,53.0,53.0,-0.01853453,0.0107528,0.07522532,-0.00104275,0.0056788,0.01165335,Bottoming,Mean Reversion Downside Bias
2025-10-28,CHD,"CHURCH & DWIGHT CO., INC.",Consumer Staples,84.26,-0.01611396543671173,-0.018977762254045794,-0.03845714937806677,-0.03845714937806677,19.4,-31.200000000000003,-29.200000000000003,-6.0,-6.0,40.0,11.0,33.0,12.0,12.0,-0.00745609,-0.0254241,0.00888888,-0.00615618,0.0049802,0.00338841,Neutral,Mean Reversion Upside Bias
2025-10-28,CHRW,"C.H. ROBINSON WORLDWIDE, INC.",Industrials,128.07,-0.00767085076708518,0.015944788196097015,-0.032703927492447216,-0.032703927492447216,27.8,-8.7,11.100000000000001,-28.499999999999996,-28.499999999999996,59.0,16.0,5.0,60.0,60.0,-0.01895913,0.0087519,0.04539734,0.00243565,-0.0280462,0.01014934,Bottoming,Crowded Short
2025-10-28,CHTR,"CHARTER COMMUNICATIONS, INC.",Communication Services,248.88,0.014015645371577623,0.01916461916461909,-0.09531079607415494,-0.09531079607415494,11.1,4.199999999999999,2.4000000000000004,-63.1,-63.1,31.0,44.0,44.0,67.0,67.0,-0.04354818,-0.0085256,-0.04324229,-0.00220162,0.0298791,0.00240954,Leaning Bullish,Crowded Short
2025-10-28,CI,THE CIGNA GROUP,Health Care,308.41,-0.0024904586325117384,0.021969646762542316,0.06993928881179534,0.06993928881179534,87.1,-2.6000000000000085,8.099999999999994,73.19999999999999,73.19999999999999,-33.0,0.0,5.0,-70.0,-70.0,-0.00128977,0.012129,-0.02608451,-0.00045783,0.0332485,-0.00224643,Neutral,Crowded Short
2025-10-28,CINF,CINCINNATI FINANCIAL ,Financials,151.75,-0.037363613296117704,-0.03140358715771996,-0.04016445287792536,-0.04016445287792536,16.7,-28.099999999999998,-19.2,-50.0,-50.0,-10.0,-2.0,-21.0,-8.0,-8.0,-0.01907279,0.0089187,0.05788503,-0.00520359,-0.0037076,0.00928763,Sell Bias,Mean Reversion Downside Bias
2025-10-28,CIVI,"CIVITAS RESOURCES, INC.",MR Discretion,28.23,-0.012246326102169247,-0.010861948142957156,-0.13138461538461532,-0.13138461538461532,25.0,-6.199999999999999,1.6000000000000014,6.699999999999999,6.699999999999999,-2.0,-17.0,0.0,-27.0,-27.0,-0.05528798,-0.003806,-0.12227538,0.0012132,-0.0048263,5.3e-05,Leaning Bearish,Mean Reversion Downside Bias
2025-10-28,CL,COLGATE-PALMOLIVE COMPANY,Consumer Staples,77.14,-0.008865476037517639,-0.011025641025640964,-0.035026269702276625,-0.035026269702276625,32.7,-2.5999999999999943,-14.5,8.500000000000004,8.500000000000004,-3.0,-17.0,-17.0,-51.0,-51.0,0.00164396,-0.0202476,0.02038628,-3e-07,0.0073445,0.00213717,Neutral,Mean Reversion Upside Bias
2025-10-28,CLX,THE CLOROX COMPANY,Consumer Staples,115.22,-0.00242424242424244,-0.005438066465256797,-0.06553122465531225,-0.06553122465531225,10.5,-3.8000000000000007,-1.4000000000000004,-79.0,-79.0,75.0,32.0,61.0,112.0,112.0,-0.01183822,-0.0133767,-0.02757675,0.00278196,0.0023071,0.00771928,Buy Bias,Mean Reversion Upside Bias
2025-10-28,CMBT,CMB.TECH NV,MR Discretion,9.11,-0.0065430752453653485,-0.023579849946409492,-0.029818956336528313,-0.029818956336528313,45.0,6.100000000000001,10.5,-39.3,-39.3,-15.0,0.0,-38.0,19.0,19.0,0.00272581,-0.0084058,-0.09442318,-0.00112986,0.0015074,0.00396668,Topping,Mean Reversion Upside Bias
2025-10-28,CMCSA,COMCAST ,Communication Services,29.28,-0.0047586675730795225,0.0,-0.06810948440483766,-0.06810948440483766,14.3,-0.5999999999999996,4.200000000000001,14.100000000000001,14.100000000000001,-32.0,-35.0,-84.0,-1.0,-1.0,-0.01530795,-0.0364216,-0.05083601,-0.00111397,-0.0005037,0.01028792,Sell Bias,Crowded Short
2025-10-28,CME,CME GROUP INC.,Financials,266.33,-0.017558744328451725,-0.01190917860057894,-0.014286243014175248,-0.014286243014175248,24.2,-7.100000000000001,-8.900000000000002,-25.400000000000002,-25.400000000000002,47.0,44.0,37.0,35.0,35.0,0.00725791,0.0021076,0.02835242,0.00031584,-0.0024015,-0.00466278,Neutral,Crowded Short
2025-10-28,CMG,"CHIPOTLE MEXICAN GRILL, INC.",Consumer Discretionary,40.26,-0.019483682415976755,-0.022578295702840534,0.027302883388619525,0.027302883388619525,72.0,-2.0,-0.5999999999999943,54.9,54.9,-7.0,16.0,16.0,-21.0,-21.0,-0.00292931,-0.0092672,0.01491656,-0.00579763,0.0034846,2.812e-05,Neutral,Crowded Short
2025-10-28,CMI,CUMMINS INC.,Industrials,414.3,-0.016054719042416732,-0.01696523905564118,-0.01910647063001636,-0.01910647063001636,30.6,-8.899999999999999,-11.699999999999996,-37.49999999999999,-37.49999999999999,5.0,0.0,0.0,22.0,22.0,-0.02313201,0.0307323,0.06086539,-0.00160916,-0.0024471,0.00761504,Sell Bias,Crowded Short
2025-10-28,CMRE,COSTAMARE INC.,MR Discretion,11.86,0.02772963604852685,0.038528896672504365,-0.004198152812762479,-0.004198152812762479,53.0,21.3,31.6,-9.100000000000001,-9.100000000000001,3.0,-32.0,-44.0,52.0,52.0,-0.00228566,0.0195528,0.00981348,0.00864983,-0.0050245,0.00646958,Neutral,Crowded Short
2025-10-28,CMS,CMS ENERGY ,Utilities,73.44,-0.01541761630245353,-0.017525083612040193,0.002457002457002311,0.002457002457002311,44.6,-25.199999999999996,-36.6,-31.999999999999993,-31.999999999999993,16.0,24.0,10.0,7.0,7.0,0.00630252,-0.0038883,0.03208408,-0.00850387,-0.0057571,0.00920217,Leaning Bearish,Mean Reversion Upside Bias
2025-10-28,CNC,CENTENE ,Health Care,33.19,0.0012066365007541435,-0.025829175227472967,-0.06978699551569512,-0.06978699551569512,34.1,-2.6000000000000014,-13.100000000000001,-62.300000000000004,-62.300000000000004,-5.0,0.0,5.0,41.0,41.0,-0.05191839,0.0751642,-0.14511161,-0.01021683,0.008177,0.01056254,Neutral,Mean Reversion Upside Bias
2025-10-28,CNP,"CENTERPOINT ENERGY, INC.",Utilities,39.52,-0.005535983895319507,-0.0002529724260055266,0.01855670103092799,0.01855670103092799,41.3,2.3999999999999986,-0.4000000000000057,-2.4000000000000057,-2.4000000000000057,4.0,11.0,-18.0,-33.0,-33.0,0.00567556,0.0050189,0.04891669,-0.00151526,-0.0064719,0.00767467,Leaning Bearish,Mean Reversion Upside Bias
2025-10-28,CNR,"CORE NATURAL RESOURCES, INC.",MR Discretion,80.33,-0.018930141670737588,-0.032867806405008526,-0.03773358888356504,-0.03773358888356504,42.9,0.19999999999999574,-16.4,-47.6,-47.6,27.0,-28.0,14.0,62.0,62.0,-0.02802783,0.053831,-0.01080613,-0.01119685,0.0033099,0.00813594,Leaning Bullish,Mean Reversion Downside Bias
2025-10-28,COF,CAPITAL ONE FINANCIAL ,Financials,220.99,-0.011186182826972146,-0.017865872627883084,0.03956157681813899,0.03956157681813899,57.3,11.299999999999997,10.299999999999997,47.599999999999994,47.599999999999994,7.0,-16.0,-16.0,17.0,17.0,0.00936106,-0.0010357,0.07719727,-0.00027733,0.0040582,0.00546434,Neutral,Mean Reversion Downside Bias
2025-10-28,COIN,"COINBASE GLOBAL, INC.",Financials,355.22,-0.017181750269761764,0.002144106528240375,0.05253488992266453,0.05253488992266453,51.0,-5.200000000000003,-12.299999999999997,-12.100000000000001,-12.100000000000001,74.0,30.0,87.0,48.0,48.0,-0.02192896,0.0111897,0.17227481,0.00263231,0.049207,0.00980473,Buy Bias,Crowded Short
2025-10-28,COO,"THE COOPER COMPANIES, INC.",Health Care,71.75,-0.015099519560741181,-0.0239423207726841,0.04652858809801641,0.04652858809801641,86.1,-7.0,-9.700000000000003,-5.200000000000003,-5.200000000000003,-26.0,20.0,20.0,11.0,11.0,0.00925533,-0.0065262,-0.03026349,-0.00438376,0.0038498,0.01172687,Topping,Crowded Short
2025-10-28,COP,CONOCOPHILLIPS,Energy,86.79,-0.021422933814409628,-0.014086107008974169,-0.08246114811290828,-0.08246114811290828,10.3,-2.0,2.8000000000000007,-13.7,-13.7,17.0,13.0,21.0,36.0,36.0,-0.01973954,-0.0077564,-0.04608964,-0.00101505,-0.0040102,-0.00627971,Leaning Bearish,Mean Reversion Upside Bias
2025-10-28,COR,"CENCORA, INC.",Health Care,335.64,-0.0012200565392055385,0.00880646809533836,0.07394490128947617,0.07394490128947617,85.7,-10.099999999999994,-4.0,9.100000000000009,9.100000000000009,-16.0,3.0,-14.0,37.0,37.0,0.02987752,0.034167,0.06108509,0.00253403,0.0079438,0.00612682,Buy Bias,Mean Reversion Upside Bias
2025-10-28,COST,COSTCO WHOLESALE ,Consumer Staples,924.16,-0.00611926654836803,-0.008560945780676787,-0.001588107559175933,-0.001588107559175933,49.8,-9.700000000000003,-11.900000000000006,10.5,10.5,4.0,0.0,25.0,-11.0,-11.0,0.01316138,-0.0135946,0.05668852,-0.00098061,0.0018445,-0.00175178,Neutral,Crowded Short
2025-10-28,CPAY,"FLEETCOR TECHNOLOGIES, INC.",Financials,285.59,0.004749507458485569,0.004254870244039699,-0.008574602513365392,-0.008574602513365392,52.4,23.599999999999998,23.799999999999997,46.6,46.6,3.0,-9.0,-9.0,14.0,14.0,-0.0166232,-0.0637248,0.00247895,-0.00065437,0.0035625,0.00597412,Neutral,Crowded Short
2025-10-28,CPB,CAMPBELL SOUP COMPANY,Consumer Staples,30.94,-0.014335775724753086,0.00032331070158431174,-0.020265991133628813,-0.020265991133628813,60.7,-20.099999999999994,5.5,-20.299999999999997,-20.299999999999997,26.0,44.0,42.0,52.0,52.0,-0.00368563,-0.0143677,-0.0295936,0.00204584,5.93e-05,0.00287872,Neutral,Mean Reversion Upside Bias
2025-10-28,CPER,UNITED STATES COPPER IDX,Commodities,31.99,0.0028213166144199775,0.012662234884457169,0.06633333333333336,0.06633333333333336,72.2,8.300000000000004,-3.5999999999999943,3.9000000000000057,3.9000000000000057,-5.0,-10.0,44.0,-9.0,-9.0,0.00207925,0.0629889,0.06686058,-0.00167455,0.0822616,0.01047291,Bottoming,Crowded Short
2025-10-28,CPRT,"COPART, INC.",Industrials,44.07,-0.0020380434782607537,-0.01321092700403037,-0.020013342228152098,-0.020013342228152098,47.2,-5.599999999999994,-7.799999999999997,22.400000000000002,22.400000000000002,3.0,0.0,23.0,1.0,1.0,-0.00435341,0.0032834,0.04129346,-0.00159659,0.0009225,-0.00429516,Bottoming,Crowded Short
2025-10-28,CPT,CAMDEN PROPERTY TRUST,Real Estate,101.42,-0.026305683563748072,-0.034646868456120306,-0.050196666042329974,-0.050196666042329974,5.0,-1.9000000000000004,-7.5,-38.1,-38.1,37.0,-1.0,-27.0,11.0,11.0,-0.00393136,0.0016706,0.007305,-0.00220436,0.0051647,0.01611415,Bottoming,Crowded Short
2025-10-28,CRESY,CRESUD INC.,MR Discretion,12.1,0.01851851851851838,0.29135538954108875,0.3152173913043479,0.3152173913043479,89.3,1.3999999999999915,33.699999999999996,56.199999999999996,56.199999999999996,-32.0,0.0,-39.0,-36.0,-36.0,0.0991484,0.0333402,0.03964962,0.011919,0.0706629,0.01818498,Leaning Bullish,Mean Reversion Downside Bias
2025-10-28,CRL,CHARLES RIVER LABORATORIES,Health Care,187.93,-0.03763826300696438,-0.04623426715387735,0.20113767097021595,0.20113767097021595,94.0,-5.400000000000006,-5.799999999999997,48.6,48.6,-70.0,-27.0,-17.0,-85.0,-85.0,0.03218001,0.0297062,-0.06248232,-0.00051013,-0.0002861,0.02949733,Neutral,Crowded Long
2025-10-28,CRM,"SALESFORCE, INC.",Information Technology,254.26,-0.0047363682624183,-0.002236785307852429,0.07282700421940924,0.07282700421940924,83.1,5.5,2.8999999999999915,53.099999999999994,53.099999999999994,-54.0,20.0,3.0,-36.0,-36.0,0.02588042,-0.0063969,0.00115035,-0.00237079,-0.0021998,0.00519194,Leaning Bearish,Crowded Short
2025-10-28,CRWD,"CROWDSTRIKE HOLDINGS, INC.",Information Technology,546.94,0.032546724561072216,0.03720700902677687,0.1153391247603901,0.1153391247603901,75.6,14.299999999999997,8.699999999999989,-13.5,-13.5,-2.0,-25.0,11.0,77.0,77.0,0.02639839,0.0530889,0.10150491,0.01194314,0.0139887,0.00279599,Buy Bias,Mean Reversion Upside Bias
2025-10-28,CSCO,"CISCO SYSTEMS, INC.",Information Technology,72.62,0.017229303824064957,0.028174996460427648,0.06138555977784277,0.06138555977784277,80.2,6.799999999999997,9.600000000000009,44.1,44.1,-11.0,1.0,1.0,-6.0,-6.0,0.00777104,0.0265393,0.00749772,0.00225921,0.0050901,0.0031215,Leaning Bullish,Crowded Short
2025-10-28,CSGP,"COSTAR GROUP, INC.",Real Estate,78.23,0.0014080901177675464,0.0043651303119784934,-0.07277468294417444,-0.07277468294417444,11.5,0.1999999999999993,-0.5999999999999996,0.8000000000000007,0.8000000000000007,41.0,0.0,41.0,-13.0,-13.0,-0.01904663,-0.0612068,0.01587012,0.00507675,-0.0092144,0.00100205,Neutral,Crowded Short
2025-10-28,CSX,CSX ,Industrials,35.68,-0.008888888888888946,-0.012455023526155573,0.004787383835539227,0.004787383835539227,42.3,-3.1000000000000014,-33.3,-50.8,-50.8,-44.0,5.0,-11.0,-35.0,-35.0,-0.00040197,0.0172183,0.01194779,-0.00356527,-0.0027797,0.004022,Leaning Bearish,Mean Reversion Upside Bias
2025-10-28,CTAS,CINTAS ,Industrials,189.89,0.006412974348102507,-0.004925850233192031,-0.07488063918932086,-0.07488063918932086,15.5,2.1999999999999993,-5.100000000000001,-19.0,-19.0,48.0,23.0,60.0,51.0,51.0,-0.01328558,-0.0295873,0.04883076,0.00010299,-0.0013698,-0.00712608,Neutral,Crowded Short
2025-10-28,CTRA,COTERRA ENERGY INC.,Energy,23.38,-0.012251795521757591,-0.00721868365180478,-0.011416490486257924,-0.011416490486257924,55.6,-6.699999999999996,2.6000000000000014,43.7,43.7,-39.0,-36.0,-77.0,-51.0,-51.0,-0.00162663,-0.0074283,-0.01304266,-0.00535434,-0.0022043,-0.00085717,Sell Bias,Crowded Short
2025-10-28,CTSH,COGNIZANT TECHNOLOGY SOLUTIONS ,Information Technology,67.82,-0.0033798677443057645,-0.000589448865310982,0.01118234680184882,0.01118234680184882,69.2,-1.5999999999999943,-1.3999999999999915,47.2,47.2,-14.0,17.0,13.0,-61.0,-61.0,-0.00019,-0.0283391,-0.01336405,-0.00187972,0.0099112,0.00183636,Neutral,Mean Reversion Upside Bias
2025-10-28,CTVA,"CORTEVA, INC.",Materials,63.46,-0.007351791021429688,-0.003141690229343297,-0.061659027058997395,-0.061659027058997395,40.3,-1.4000000000000057,2.0,31.799999999999997,31.799999999999997,13.0,-17.0,-9.0,25.0,25.0,0.0005962,-0.0453705,0.01373507,-0.0003183,0.0057489,-0.00342013,Neutral,Crowded Long
2025-10-28,CVS,CVS HEALTH ,Health Care,82.2,-0.003032140691328067,0.003295496155254485,0.09033028253083963,0.09033028253083963,85.3,-1.6000000000000085,6.099999999999994,42.4,42.4,-6.0,28.0,11.0,-19.0,-19.0,0.01856791,0.0566374,-0.02148489,0.00127575,0.0048674,0.00946749,Leaning Bullish,Mean Reversion Upside Bias
2025-10-28,CVX,CHEVRON ,Energy,154.13,-0.007405976300875916,-0.009192594497300144,-0.007469895035095653,-0.007469895035095653,21.0,-5.600000000000001,9.7,10.5,10.5,20.0,-11.0,-28.0,0.0,0.0,0.00546121,-0.0085786,0.00886043,0.00052918,-0.0006279,0.0077247,Neutral,Mean Reversion Upside Bias
2025-10-28,D,"DOMINION ENERGY, INC.",Utilities,59.62,-0.019407894736842124,-0.02358336062888966,-0.025339218571195143,-0.025339218571195143,9.1,-11.299999999999999,-24.0,-60.300000000000004,-60.300000000000004,-16.0,-11.0,-14.0,-33.0,-33.0,-0.0055911,0.0030468,0.02684438,-0.00373222,-0.0066923,0.01439717,Sell Bias,Mean Reversion Upside Bias
2025-10-28,DAL,"DELTA AIR LINES, INC.",Industrials,57.86,-0.042845326716294485,-0.05069729286300251,0.019559471365638847,0.019559471365638847,48.4,-5.399999999999999,-11.700000000000003,41.9,41.9,8.0,30.0,30.0,-1.0,-1.0,0.02156483,0.0207934,0.03131281,-0.0047037,0.0155597,0.02205369,Neutral,Mean Reversion Downside Bias
2025-10-28,DASH,"DOORDASH, INC.",Consumer Discretionary,261.42,-0.007328650085437705,0.01266705403835,-0.038861722857457925,-0.038861722857457925,8.1,-4.4,-11.299999999999999,-69.9,-69.9,-10.0,-28.0,-28.0,-2.0,-2.0,-0.02036959,0.0325426,0.13682301,-0.0053513,-0.0030321,0.0086268,Sell Bias,Crowded Short
2025-10-28,DAY,CERIDIAN HCM HOLDING INC.,Industrials,68.4,-0.0007304601899196239,-0.001168224299065379,-0.007112788503411127,-0.007112788503411127,1.4,-0.40000000000000013,0.0,-0.40000000000000013,-0.40000000000000013,-21.0,0.0,0.0,6.0,6.0,-0.0033015,0.0283617,-0.03240811,-0.00016409,0.001096,0.00311339,Neutral,Mean Reversion Upside Bias
2025-10-28,DBB,INVESCO DB MS BMTL,Commodities,21.81,0.0,0.009722222222222188,0.06183057448880236,0.06183057448880236,99.0,0.7999999999999972,-0.7999999999999972,20.400000000000006,20.400000000000006,-35.0,-15.0,0.0,-7.0,-7.0,0.01178462,0.0186273,0.01182696,-0.00047308,0.048347,0.00846598,Neutral,Crowded Short
2025-10-28,DD,"DUPONT DE NEMOURS, INC.",Materials,81.9,0.006389776357827559,0.010986297987902738,0.051347881899871606,0.051347881899871606,75.2,-2.5999999999999943,-4.799999999999997,13.5,13.5,-12.0,16.0,63.0,25.0,25.0,-0.00607256,0.0071232,-0.04239591,0.00237222,0.0175557,0.0060447,Leaning Bullish,Crowded Short
2025-10-28,DDOG,"DATADOG, INC.",Information Technology,157.27,-0.002220530389544395,0.005112801175944259,0.10442415730337085,0.10442415730337085,63.9,5.600000000000001,-4.199999999999996,7.899999999999999,7.899999999999999,-3.0,-7.0,51.0,57.0,57.0,0.00516636,0.0399171,0.04445724,0.00038071,0.005026,0.01585142,Neutral,Crowded Short
2025-10-28,DE,DEERE & COMPANY,Industrials,468.19,-0.020727881196402453,-0.009666638463491029,0.023903249792240677,0.023903249792240677,68.1,-0.4000000000000057,1.3999999999999915,62.3,62.3,-28.0,0.0,-33.0,-32.0,-32.0,0.0048229,-0.034458,0.00449275,-0.00083769,-0.0044658,-0.00192936,Leaning Bearish,Crowded Short
2025-10-28,DECK,DECKERS OUTDOOR ,Consumer Discretionary,87.61,-0.03161268928926719,0.007706464228203425,-0.13574035710762555,-0.13574035710762555,29.8,-2.099999999999998,9.0,25.6,25.6,-37.0,5.0,0.0,25.0,25.0,-0.0424413,-0.0527342,0.00780527,-0.00690508,-0.0139841,-0.01258423,Leaning Bearish,Mean Reversion Downside Bias
2025-10-28,DELL,DELL TECHNOLOGIES INC.,Information Technology,164.88,0.01658548615820954,0.039334341906202885,0.1630105099809549,0.1630105099809549,78.4,-7.8999999999999915,-8.099999999999994,-16.599999999999994,-16.599999999999994,-20.0,-21.0,31.0,-11.0,-11.0,0.03365658,0.0587828,0.0750359,0.00496112,0.0026883,0.0068949,Buy Bias,Mean Reversion Downside Bias
2025-10-28,DG,DOLLAR GENERAL ,Consumer Staples,101.92,-0.0082708961759268,-0.0006863417982154729,-0.01383647798742127,-0.01383647798742127,41.9,-3.5,-4.899999999999999,25.799999999999997,25.799999999999997,66.0,44.0,41.0,38.0,38.0,0.01480616,-0.0047392,-0.01138333,0.0031718,0.0041662,0.00301665,Buy Bias,Mean Reversion Upside Bias
2025-10-28,DGX,QUEST DIAGNOSTICS INC.,Health Care,178.28,-0.010984134028625303,-0.021407399275441885,-0.06453982579494177,-0.06453982579494177,10.9,-5.999999999999998,-13.299999999999999,-78.6,-78.6,37.0,-26.0,-35.0,43.0,43.0,0.00547366,0.0320656,0.04301667,-0.00324999,0.0058055,0.00857779,Bottoming,Mean Reversion Downside Bias
2025-10-28,DHI,"D.R. HORTON, INC.",Consumer Discretionary,153.75,-0.03216668764950281,-0.026590693257359854,-0.09275978049212252,-0.09275978049212252,24.2,-9.3,-11.3,-27.599999999999998,-27.599999999999998,21.0,29.0,29.0,16.0,16.0,-0.03191075,0.0108912,0.05033061,-0.00012799,-0.0042524,0.00337527,Neutral,Mean Reversion Downside Bias
2025-10-28,DHR,DANAHER ,Health Care,216.9,-0.01859644359983703,-0.027397874534774158,0.09401795621910636,0.09401795621910636,92.3,-6.700000000000003,-7.1000000000000085,41.9,41.9,-46.0,23.0,5.0,-44.0,-44.0,0.02141596,0.036491,-0.0105448,-0.00178789,-0.0015024,0.03345114,Leaning Bearish,Mean Reversion Downside Bias
2025-10-28,DHT,"DHT HOLDINGS, INC.",MR Discretion,12.9,0.01335428122545168,0.03200000000000003,0.07949790794979084,0.07949790794979084,81.9,5.700000000000003,22.60000000000001,28.900000000000006,28.900000000000006,-33.0,-6.0,-32.0,-24.0,-24.0,0.02853755,0.0133754,0.02238384,0.00770804,-0.0005971,-0.00919766,Neutral,Crowded Short
2025-10-28,DIA,SPDR DOW JONES INDUS AVG,Sector & Style ETFs,477.15,0.0037866834963709017,0.01046144723745801,0.028917065597101832,0.028917065597101832,67.9,2.200000000000003,7.400000000000006,24.200000000000003,24.200000000000003,-12.0,-17.0,-9.0,15.0,15.0,-0.00422057,0.0155573,0.01072669,0.00301124,0.0077038,0.00528207,Leaning Bullish,Crowded Short
2025-10-28,DIS,THE WALT DISNEY COMPANY,Communication Services,111.65,-0.006142068719957261,-0.0002686246418338589,-0.024890829694323102,-0.024890829694323102,31.0,-1.7000000000000028,-4.899999999999999,19.9,19.9,40.0,0.0,-21.0,4.0,4.0,-0.00447249,-0.0262882,0.01506738,-0.00033584,0.0049468,-3.792e-05,Neutral,Crowded Short
2025-10-28,DJI,DOW JONES INDUSTRIAL AVERAGE INDEX,Indices,47706.37,0.0034029115411262634,0.0105757351857092,0.02820128242900699,0.02820128242900699,67.9,2.0,8.000000000000007,20.900000000000006,20.900000000000006,-27.0,-17.0,-9.0,7.0,7.0,-0.00394311,0.0153869,0.01089864,0.00298502,0.0073331,0.0053603,Leaning Bullish,
2025-10-28,DLR,"DIGITAL REALTY TRUST, INC.",Real Estate,174.06,-0.022903334456045754,-0.029116465863453844,0.006825543729754857,0.006825543729754857,54.4,-16.199999999999996,-15.000000000000007,-20.6,-20.6,3.0,39.0,39.0,15.0,15.0,0.00182855,-0.0020862,0.02710134,-0.00103621,-0.0004255,0.00533561,Neutral,Crowded Short
2025-10-28,DLTR,"DOLLAR TREE, INC.",Consumer Staples,102.7,0.0010722292621112572,0.03685007571933374,0.08826957719614281,0.08826957719614281,70.6,-0.20000000000000284,21.199999999999996,63.89999999999999,63.89999999999999,-24.0,0.0,-13.0,-12.0,-12.0,0.05316375,-0.0335961,-0.05660524,0.00769461,-9e-06,-0.00770897,Neutral,Crowded Short
2025-10-28,DOC,"HEALTHDOC PROPERTIES, INC.",Real Estate,18.03,-0.05403987408184663,-0.038912579957356086,-0.058485639686683966,-0.058485639686683966,24.2,-34.099999999999994,-19.3,-69.8,-69.8,69.0,23.0,8.0,122.0,122.0,-0.01815938,0.0148617,0.00611954,-0.00328976,0.0153676,0.02470325,Leaning Bullish,Crowded Short
2025-10-28,DOV,DOVER ,Industrials,179.71,0.009833670487749968,0.01285013808262403,0.07720433974704788,0.07720433974704788,84.7,3.200000000000003,7.5,68.2,68.2,-41.0,0.0,2.0,-81.0,-81.0,0.02626278,-0.0043571,-0.00209611,0.00281512,0.0041196,0.00318476,Leaning Bullish,Mean Reversion Downside Bias
2025-10-28,DOW,DOW INC.,Materials,25.38,-0.013602798289933937,0.022974607013301007,0.10684692542520713,0.10684692542520713,94.2,-2.0,1.9000000000000057,52.5,52.5,-27.0,0.0,0.0,25.0,25.0,0.02580052,0.0053887,-0.12522573,0.01038361,0.0431129,0.00786564,Buy Bias,Mean Reversion Downside Bias
2025-10-28,DPZ,"DOMINO'S PIZZA, INC.",Consumer Discretionary,410.97,-0.004191906954203906,-0.00937665718555658,-0.048041509346551936,-0.048041509346551936,23.0,1.8000000000000007,-3.6000000000000014,19.8,19.8,48.0,23.0,30.0,39.0,39.0,-0.00662854,-0.0420348,0.00254374,0.00379362,-0.0023165,0.0071935,Neutral,Crowded Short
2025-10-28,DRI,"DARDEN RESTAURANTS, INC.",Consumer Discretionary,181.33,-0.012525186516364362,-0.018883237744832693,-0.047436436226097944,-0.047436436226097944,7.3,-2.2,-13.899999999999999,-6.2,-6.2,27.0,0.0,-29.0,27.0,27.0,-0.0186079,-0.0249586,0.02517738,-0.00207825,-0.0001458,0.00097249,Neutral,Mean Reversion Upside Bias
2025-10-28,DTE,DTE ENERGY COMPANY,Utilities,139.64,-0.014050695474122743,-0.015510434292160258,-0.01265643781375958,-0.01265643781375958,20.6,-13.5,-30.0,-59.4,-59.4,6.0,20.0,-23.0,-10.0,-10.0,0.0006567,0.0082766,0.03461587,-0.00450777,-0.0017974,0.01179375,Sell Bias,Mean Reversion Upside Bias
2025-10-28,DUK,DUKE ENERGY ,Utilities,125.65,-0.01443250451015754,-0.01350396482688232,0.015353535353535452,0.015353535353535452,54.0,-24.0,-22.799999999999997,8.399999999999999,8.399999999999999,11.0,13.0,-6.0,10.0,10.0,0.01361483,0.0043113,0.04640926,-0.00477222,-0.0050744,0.00570931,Leaning Bearish,Crowded Short
2025-10-28,DVA,DAVITA INC.,Health Care,129.61,0.00046314164415295345,0.003251025621178183,-0.024535260028599293,-0.024535260028599293,35.9,-12.899999999999999,-9.700000000000003,4.0,4.0,12.0,13.0,30.0,17.0,17.0,-0.00370939,-0.049155,0.03296679,0.00228666,0.0045396,0.03071851,Leaning Bullish,Mean Reversion Upside Bias
2025-10-28,DVN,DEVON ENERGY ,Energy,32.01,-0.027938050409960558,-0.0291173794358508,-0.08699372504278391,-0.08699372504278391,13.9,-3.5999999999999996,1.0,-20.800000000000004,-20.800000000000004,-14.0,-28.0,0.0,24.0,24.0,-0.01966502,0.0076651,-0.08464473,-0.00131467,-0.0015764,0.00573557,Leaning Bearish,Crowded Long
2025-10-28,DXCM,"DEXCOM, INC.",Health Care,69.23,-0.019821605550049415,-0.01564055168491385,0.028830435428741197,0.028830435428741197,60.7,-15.899999999999991,-10.299999999999997,38.300000000000004,38.300000000000004,-5.0,27.0,-6.0,-69.0,-69.0,0.00955461,-0.0498809,-0.08191175,-0.01067359,-0.0004927,0.00767923,Neutral,Mean Reversion Upside Bias
2025-10-28,EA,ELECTRONIC ARTS INC.,Communication Services,200.3,-0.0009975062344138586,-0.0026887074287990087,-0.006941001487357323,-0.006941001487357323,0.2,-20.0,-54.0,-80.8,-80.8,7.0,10.0,18.0,47.0,47.0,-0.0003126,0.0366269,0.03084431,0.00074721,0.0005244,-0.00463585,Leaning Bullish,Mean Reversion Upside Bias
2025-10-28,EBAY,EBAY INC.,Consumer Discretionary,99.58,0.016018773594531188,0.024485596707818802,0.09488730071467844,0.09488730071467844,80.8,5.3999999999999915,8.399999999999991,43.5,43.5,13.0,-4.0,-9.0,14.0,14.0,0.02336327,-0.0019149,0.09807558,0.00094748,-0.0238886,0.01091779,Neutral,Crowded Short
2025-10-28,EC,ECOPETROL SA,MR Discretion,9.22,-0.009667024704618665,0.00875273522975939,0.0010857763300760048,0.0010857763300760048,47.8,-6.800000000000004,14.5,5.899999999999999,5.899999999999999,-11.0,-9.0,-10.0,2.0,2.0,0.00224625,0.0057788,-0.03590471,0.00326705,0.0077451,0.00137001,Leaning Bullish,Mean Reversion Downside Bias
2025-10-28,ECH,ISHARES:MSCI CHILE,Foreign,34.63,0.001156403584851029,0.007564736688973062,0.05066747572815533,0.05066747572815533,72.0,-1.4000000000000057,7.5,26.799999999999997,26.799999999999997,4.0,0.0,0.0,-21.0,-21.0,0.01439586,0.027229,0.02594255,0.00204489,0.0060163,0.01033562,Leaning Bullish,Crowded Short
2025-10-28,ECL,ECOLAB INC.,Materials,268.28,-0.0408637517428766,-0.03228366338419375,-0.02037537427882874,-0.02037537427882874,47.8,-17.299999999999997,-17.10000000000001,4.899999999999999,4.899999999999999,34.0,46.0,31.0,31.0,31.0,-0.0036791,-0.0024679,0.04313768,-0.0071282,0.0021061,0.00775279,Bottoming,Mean Reversion Downside Bias
2025-10-28,ED,"CONSOLIDATED EDISON, INC.",Utilities,98.55,-0.016663340650568736,-0.014894042383046924,-0.019598089932351792,-0.019598089932351792,42.5,-10.5,-9.299999999999997,-27.700000000000003,-27.700000000000003,11.0,7.0,-19.0,8.0,8.0,0.00576136,-0.0132159,0.02263305,-0.00280478,-0.0060756,0.00645738,Leaning Bearish,Crowded Short
2025-10-28,EDEN,ISHARES:MSCI DENMARK,Foreign,110.86,-0.00018037518037516964,0.002260193472561234,0.016877637130801704,0.016877637130801704,62.9,-2.6000000000000014,-2.8000000000000043,17.299999999999997,17.299999999999997,4.0,9.0,47.0,17.0,17.0,-0.00600933,0.0145146,-0.00092567,0.00084788,0.0221969,0.00672246,Leaning Bullish,
2025-10-28,EDV,VANGUARD EXT DUR T;ETF,Bonds,71.16,0.004659042778483613,0.011082693947144007,0.039590942293644904,0.039590942293644904,81.9,10.700000000000003,3.3000000000000114,-17.099999999999994,-17.099999999999994,-29.0,10.0,-16.0,23.0,23.0,0.01262185,0.0099685,0.00202455,0.00142842,-0.0044668,0.01331576,Topping,Mean Reversion Upside Bias
2025-10-28,EFNL,ISHARES:MSCI FINLAND,Foreign,46.6,0.021257944334867496,0.028924707440936226,0.08878504672897214,0.08878504672897214,92.1,3.0,5.599999999999994,26.599999999999994,26.599999999999994,-29.0,-17.0,-17.0,-6.0,-6.0,0.02697947,0.0169697,0.02815844,0.00653351,0.0079985,0.0131302,Leaning Bullish,
2025-10-28,EFX,EQUIFAX INC.,Industrials,224.16,-0.02122085407388008,-0.04123182207014553,-0.12618407203835802,-0.12618407203835802,8.3,-8.8,-17.7,-85.5,-85.5,-2.0,-47.0,-29.0,89.0,89.0,-0.01242084,-0.0238508,-0.00674902,-0.00241775,0.0078841,0.0064032,Neutral,Crowded Long
2025-10-28,EG,"EVEREST GROUP, LTD.",Financials,304.91,-0.11358218501075645,-0.12618215165931101,-0.12940067955343626,-0.12940067955343626,15.3,-35.5,-39.3,-53.400000000000006,-53.400000000000006,-1.0,23.0,2.0,48.0,48.0,-0.04688101,-0.045333,-0.02761621,-0.03467669,-0.060792,-0.01137906,Sell Bias,Mean Reversion Downside Bias
2025-10-28,EIDO,ISHARES:MSCI INDONESIA,Foreign,18.05,-0.002211166390270858,-0.013661202185792365,0.028490028490028463,0.028490028490028463,76.2,0.20000000000000284,-6.299999999999997,17.900000000000006,17.900000000000006,-12.0,0.0,-13.0,-17.0,-17.0,0.01373525,0.0077672,-0.03647237,-0.0004632,0.0015451,0.00512464,Neutral,Crowded Short
2025-10-28,EIRL,ISHARES:MSCI IRELAND,Foreign,68.37,-0.00364325269600696,0.000585394409483575,0.013489475244589544,0.013489475244589544,50.8,-23.60000000000001,-15.100000000000009,-0.8000000000000043,-0.8000000000000043,16.0,10.0,43.0,12.0,12.0,0.00053727,0.0114517,0.01409564,0.00137239,0.0015971,0.00704367,Buy Bias,
2025-10-28,EIS,ISHARES:MSCI ISRAEL,Foreign,101.27,-0.002364299083834176,0.009973072703699959,0.00967098703888336,0.00967098703888336,31.7,-13.900000000000002,-35.0,-48.099999999999994,-48.099999999999994,59.0,5.0,39.0,80.0,80.0,0.00213301,0.0218062,0.05526682,0.00187516,0.0108759,0.02962296,Buy Bias,
2025-10-28,EIX,EDISON INTERNATIONAL,Utilities,56.05,-0.01511157968722543,-0.030444559764746693,0.013929088277858215,0.013929088277858215,63.5,-11.5,-18.0,15.5,15.5,-32.0,22.0,1.0,-6.0,-6.0,0.01266243,0.0021863,-0.01768047,0.00207993,-0.001008,0.00929974,Topping,Mean Reversion Downside Bias
2025-10-28,EL,THE ESTEE LAUDER COMPANIES INC.,Consumer Staples,98.76,-0.01692215807286468,-0.03328112764291302,0.12074443940081703,0.12074443940081703,67.9,-2.0999999999999943,-16.799999999999997,35.2,35.2,-46.0,-36.0,-18.0,-55.0,-55.0,0.03097199,0.0141414,-0.08509902,-0.00641248,-0.0053635,0.01976076,Sell Bias,Crowded Short
2025-10-28,ELV,"ELEVANCE HEALTH, INC.",Health Care,339.4,-0.009022161230984982,-0.008616912516430708,0.05038375835602871,0.05038375835602871,75.0,-5.400000000000006,-6.299999999999997,8.700000000000003,8.700000000000003,-41.0,20.0,-17.0,-13.0,-13.0,-0.0125264,0.0388126,-0.06320154,-0.00449499,-0.005042,0.00952373,Leaning Bearish,Mean Reversion Upside Bias
2025-10-28,EME,"EMCOR GROUP, INC.",Industrials,751.44,-0.00451745379876789,0.004276702662247445,0.15688025371801606,0.15688025371801606,75.6,-7.1000000000000085,-4.200000000000003,23.199999999999996,23.199999999999996,5.0,4.0,0.0,-21.0,-21.0,0.01638107,0.025347,0.13361331,0.00202675,-0.0189663,0.01790901,Bottoming,Crowded Short
2025-10-28,EMN,EASTMAN CHEMICAL COMPANY,Materials,63.36,-0.006585136406397019,0.010526315789473717,0.004916732751784281,0.004916732751784281,70.4,-4.799999999999997,1.4000000000000057,45.400000000000006,45.400000000000006,-19.0,27.0,12.0,-2.0,-2.0,-0.01191126,0.0135082,-0.04951952,0.00204327,0.1090692,0.00627009,Leaning Bullish,Mean Reversion Upside Bias
2025-10-28,EMR,EMERSON ELECTRIC CO.,Industrials,134.52,0.00044622936189209206,0.0138679529695509,0.025461198353407655,0.025461198353407655,59.9,-3.200000000000003,-1.2000000000000028,14.899999999999999,14.899999999999999,-5.0,0.0,-10.0,-40.0,-40.0,-0.00460562,-0.0395895,0.02377638,0.00148506,0.0002138,0.00448378,Neutral,Mean Reversion Upside Bias
2025-10-28,ENZL,ISHARES:MSCI NEW ZLND,Foreign,45.84,-0.0032615786040443018,0.005042753782065423,-0.0019595035924231397,-0.0019595035924231397,46.8,-17.700000000000003,-9.200000000000003,-19.900000000000006,-19.900000000000006,45.0,0.0,26.0,47.0,47.0,-0.01071105,0.0142117,-0.00521136,0.00115777,0.0031006,0.00741634,Leaning Bullish,Mean Reversion Upside Bias
2025-10-28,EOG,"EOG RESOURCES, INC.",Energy,105.9,-0.00824124367859147,-0.004512126339537459,-0.055476275419193755,-0.055476275419193755,12.9,-2.799999999999999,6.7,6.0,6.0,40.0,0.0,28.0,66.0,66.0,-0.0072071,-0.0360438,-0.02410102,0.00076177,-0.0040997,-0.00068388,Neutral,Mean Reversion Upside Bias
2025-10-28,EPAM,"EPAM SYSTEMS, INC.",Information Technology,161.9,-0.0033856571252691703,0.015683814303638632,0.07367862590357466,0.07367862590357466,75.2,2.799999999999997,3.200000000000003,58.300000000000004,58.300000000000004,23.0,0.0,0.0,-3.0,-3.0,0.01114163,-0.0246201,-0.06594886,0.00432717,0.0159301,0.00464562,Buy Bias,Crowded Short
2025-10-28,EPHE,ISHARES:MSCI PHILIPPINES,Foreign,24.44,0.0016393442622952836,-0.010526315789473606,-0.01610305958132041,-0.01610305958132041,49.8,10.699999999999996,3.0,20.799999999999997,20.799999999999997,40.0,0.0,43.0,-26.0,-26.0,-0.01053689,0.0068105,0.0024099,-0.00276076,0.0021266,0.00020028,Leaning Bullish,
2025-10-28,EPOL,ISHARES:MSCI POLAND,Foreign,34.85,0.01900584795321625,0.027720436449425012,0.08229813664596275,0.08229813664596275,81.3,6.8999999999999915,13.200000000000003,24.599999999999994,24.599999999999994,-14.0,-12.0,3.0,-40.0,-40.0,0.01556018,0.0088032,0.05199386,0.00447589,0.0083759,0.00988529,Leaning Bullish,Crowded Short
2025-10-28,EPU,ISHARES:MSCI PERU,Foreign,62.53,0.015922014622258285,0.01476793248945163,0.016747967479674886,0.016747967479674886,49.0,2.0,-12.700000000000003,-47.599999999999994,-47.599999999999994,27.0,-8.0,35.0,41.0,41.0,-0.00319726,0.0571116,0.08201686,0.00020406,0.0066006,0.01056706,Neutral,
2025-10-28,EQIX,"EQUINIX, INC.",Real Estate,816.13,-0.031610047818503295,-0.027826418420707877,0.04199223737296354,0.04199223737296354,80.6,-15.200000000000003,-11.300000000000011,19.89999999999999,19.89999999999999,-33.0,10.0,-11.0,12.0,12.0,0.01865703,-0.004052,-0.00711729,-0.00490226,-0.0002367,0.00903008,Neutral,Crowded Short
2025-10-28,EQR,EQUITY RESIDENTIAL,Real Estate,61.46,-0.029221292054967596,-0.030905077262693204,-0.050517534373551776,-0.050517534373551776,5.4,-13.999999999999998,-12.499999999999998,-68.8,-68.8,39.0,17.0,-1.0,72.0,72.0,-0.00050418,0.0125229,0.00184403,-0.00174167,0.0109899,0.00917407,Leaning Bullish,Crowded Short
2025-10-28,EQT,EQT ,Energy,52.18,-0.029209302325581388,-0.02830540037243956,-0.04133749770347239,-0.04133749770347239,20.4,-13.899999999999999,-19.5,-33.6,-33.6,33.0,-2.0,-11.0,27.0,27.0,-0.01935561,-0.005153,0.03408683,-0.00307989,3.17e-05,0.00514148,Neutral,Mean Reversion Downside Bias
2025-10-28,ERIE,ERIE INDEMNITY COMPANY,Financials,320.34,-0.029184471315574334,-0.013336618720547144,0.006851898415891178,0.006851898415891178,70.2,-22.5,-11.099999999999994,38.5,38.5,-23.0,-2.0,33.0,-17.0,-17.0,0.010873,-0.0353244,0.02046858,-0.00103321,0.0017688,-0.01010915,Neutral,Crowded Short
2025-10-28,ES,EVERSOURCE ENERGY,Utilities,74.88,0.0022754651318430685,0.0028123744475692103,0.05257239246556078,0.05257239246556078,76.0,-3.0,-7.900000000000006,-21.200000000000003,-21.200000000000003,-17.0,-16.0,-23.0,34.0,34.0,0.00745906,0.0289146,0.0014946,0.00018295,0.0024564,0.01605115,Neutral,Mean Reversion Upside Bias
2025-10-28,ES=F,E-MINI S&P 500 FUTURES,Futures,6927.25,0.0020975733246537676,0.014944507527196782,0.030150940590378372,0.030150940590378372,72.0,-0.20000000000000284,3.9000000000000057,-11.5,-11.5,-10.0,0.0,17.0,38.0,38.0,-0.0056202,0.012008,0.01492879,0.00259007,0.003452,0.00573614,Buy Bias,
2025-10-28,ESS,"ESSEX PROPERTY TRUST, INC.",Real Estate,256.15,-0.02352089051540107,-0.03215446232902608,-0.0430023163715163,-0.0430023163715163,2.0,-8.1,-11.7,-73.8,-73.8,-3.0,-25.0,-14.0,17.0,17.0,-0.00604073,0.0416774,0.01996335,-0.00196276,0.0481355,0.00603895,Leaning Bullish,Mean Reversion Upside Bias
2025-10-28,ETN,EATON  PUBLIC LIMITED COMPANY,Industrials,376.01,-0.009822510138515872,-0.0007441069387972288,0.004702738810955287,0.004702738810955287,46.2,-12.099999999999994,-10.299999999999997,-31.0,-31.0,10.0,49.0,7.0,27.0,27.0,-0.01925696,0.0065881,0.04877391,0.00105534,-0.0046983,0.00937363,Bottoming,Crowded Short
2025-10-28,ETR,ENTERGY ,Utilities,95.02,-0.024034511092851263,-0.016152412507765557,0.019637300139499825,0.019637300139499825,49.8,-11.5,-13.900000000000006,-30.799999999999997,-30.799999999999997,-2.0,23.0,12.0,-22.0,-22.0,0.00265963,0.0140599,0.10342231,-0.00298947,-0.0080148,0.0116685,Sell Bias,Mean Reversion Upside Bias
2025-10-28,EVRG,"EVERGY, INC.",Utilities,77.68,-0.008044949559443126,-0.0035915854284246373,0.021836358852933557,0.021836358852933557,47.6,-24.4,-31.999999999999993,-44.9,-44.9,-21.0,0.0,-38.0,-34.0,-34.0,0.00730675,0.0204271,0.05329938,-0.00281597,-0.0037584,0.01502116,Sell Bias,Mean Reversion Downside Bias
2025-10-28,EW,EDWARDS LIFESCIENCES ,Health Care,82.19,0.016951249690670744,0.08002628120893562,0.0568342548540568,0.0568342548540568,85.9,4.6000000000000085,52.60000000000001,80.5,80.5,1.0,0.0,-33.0,-8.0,-8.0,0.0191366,0.0104583,-0.01011323,0.00393861,0.0236835,0.01495671,Buy Bias,Crowded Short
2025-10-28,EWA,ISHARES:MSCI AUSTRALIA,Foreign,27.52,0.005480453050785483,0.012509197939661432,0.01925925925925931,0.01925925925925931,60.7,5.900000000000006,-0.19999999999999574,11.700000000000003,11.700000000000003,6.0,16.0,37.0,-9.0,-9.0,-0.0046546,0.0115576,-0.00511941,0.00256446,0.000841,0.00262465,Leaning Bullish,Mean Reversion Upside Bias
2025-10-28,EWC,ISHARES:MSCI CANADA,Foreign,51.41,0.012207127387280803,0.011211644374508056,0.017012858555885302,0.017012858555885302,47.4,10.699999999999996,0.6000000000000014,-26.800000000000004,-26.800000000000004,33.0,14.0,7.0,53.0,53.0,-0.00469428,0.02458,0.02782974,0.00174773,0.0045215,0.00712558,Buy Bias,Mean Reversion Downside Bias
2025-10-28,EWD,ISHARES:MSCI SWEDEN,Foreign,49.07,-0.0032500507820434343,0.004297994269341077,0.03961864406779658,0.03961864406779658,75.2,-3.3999999999999915,6.900000000000006,16.700000000000003,16.700000000000003,1.0,29.0,18.0,5.0,5.0,0.00288799,0.0153092,0.02644569,0.00117312,0.0088783,0.00693216,Buy Bias,Mean Reversion Upside Bias
2025-10-28,EWG,ISHARES:MSCI GERMANY,Foreign,41.72,-0.0014360938247965915,0.0031257513825437844,0.002643595289593792,0.002643595289593792,27.8,-9.7,-9.099999999999998,-11.900000000000002,-11.900000000000002,64.0,42.0,78.0,-10.0,-10.0,-0.00576809,0.0057611,0.03787304,0.00115233,0.0071114,0.00511602,Buy Bias,Mean Reversion Upside Bias
2025-10-28,EWH,ISHARES:MSCI HONG KONG,Foreign,21.88,0.012025901942645634,0.021952358710882747,0.015313225058004587,0.015313225058004587,58.1,8.300000000000004,0.20000000000000284,24.800000000000004,24.800000000000004,32.0,18.0,18.0,-5.0,-5.0,-0.00349094,0.0072932,0.02861407,0.00572704,-0.0021993,0.00226721,Bottoming,Crowded Short
2025-10-28,EWI,ISHARES:MSCI ITALY,Foreign,52.18,0.004814172925091453,0.0177491710551978,0.004427333974975856,0.004427333974975856,38.1,-2.799999999999997,10.5,-16.299999999999997,-16.299999999999997,38.0,-36.0,38.0,48.0,48.0,-0.00731227,0.0204166,0.04090269,0.00399168,0.0017483,0.00292282,Buy Bias,Crowded Short
2025-10-28,EWJ,ISHARES:MSCI JAPAN,Foreign,83.93,0.004788698671136293,0.017333333333333423,0.04637825707517784,0.04637825707517784,85.9,3.6000000000000085,12.300000000000011,25.400000000000006,25.400000000000006,-41.0,-17.0,17.0,3.0,3.0,-0.00345219,0.0174362,9.06e-05,0.00073011,0.001008,0.00490134,Leaning Bullish,Mean Reversion Downside Bias
2025-10-28,EWK,ISHARES:MSCI BELGIUM,Foreign,23.81,-0.007503126302626062,-0.00501462599247815,0.025409130060292773,0.025409130060292773,52.8,-23.200000000000003,-42.0,-8.100000000000001,-8.100000000000001,17.0,8.0,36.0,2.0,2.0,0.00308336,0.0187757,0.02336012,1.014e-05,0.00346,0.00907733,Neutral,Mean Reversion Upside Bias
2025-10-28,EWL,ISHARES:MSCI SWITZERLAND,Foreign,56.17,-0.013523006673691551,-0.016631652661064367,0.016835626357711853,0.016835626357711853,51.8,-25.799999999999997,-35.900000000000006,-0.20000000000000284,-0.20000000000000284,34.0,47.0,58.0,1.0,1.0,-0.00039968,0.0098905,0.01059168,-0.00238501,0.0080867,0.00654079,Bottoming,Mean Reversion Upside Bias
2025-10-28,EWM,ISHARES:MSCI MALAYSIA,Foreign,26.01,0.0019260400616332163,0.01245620864149477,0.003472222222222321,0.003472222222222321,51.2,-7.299999999999997,2.6000000000000014,-39.7,-39.7,-10.0,-5.0,-23.0,33.0,33.0,-0.00408444,0.0344645,0.0238359,0.00303082,-0.0017395,0.00331496,Neutral,Mean Reversion Upside Bias
2025-10-28,EWN,ISHARES:MSCI NETHERLANDS,Foreign,59.01,-0.00923438549361999,0.0016975046681377837,0.017238407171177306,0.017238407171177306,53.2,-14.700000000000003,-14.099999999999994,-45.0,-45.0,18.0,28.0,-6.0,61.0,61.0,-0.0046995,0.036993,0.02655844,0.00227055,0.011695,0.00748594,Leaning Bullish,Mean Reversion Downside Bias
2025-10-28,EWO,ISHARES:MSCI AUSTRIA,Foreign,31.02,0.0,0.0071428571428571175,0.0009680542110359625,0.0009680542110359625,32.3,-0.20000000000000284,10.299999999999997,-7.200000000000003,-7.200000000000003,46.0,31.0,47.0,24.0,24.0,-0.00383479,0.0176767,0.04965454,0.00175466,0.0027265,0.00446035,Buy Bias,
2025-10-28,EWP,ISHARES:MSCI SPAIN,Foreign,50.6,0.007366115867011747,0.01810865191146882,0.022222222222222143,0.022222222222222143,42.1,-2.5,8.800000000000004,-23.800000000000004,-23.800000000000004,58.0,-5.0,21.0,42.0,42.0,0.00279783,0.0308874,0.05668304,0.00416443,0.0019664,0.00630011,Buy Bias,Crowded Short
2025-10-28,EWQ,ISHARES:MSCI FRANCE,Foreign,45.14,-0.004191484667990242,0.0006650410108623994,0.027543819713180095,0.027543819713180095,63.9,-9.699999999999996,-8.100000000000001,-12.100000000000001,-12.100000000000001,15.0,10.0,48.0,35.0,35.0,0.0024155,0.013404,0.00495757,0.00191498,0.007145,0.00643706,Leaning Bullish,Crowded Short
2025-10-28,EWS,ISHARES:MSCI SINGAPORE,Foreign,28.81,0.0038327526132404532,0.015867418899858876,0.016584333098094595,0.016584333098094595,46.8,3.0999999999999943,17.599999999999998,22.799999999999997,22.799999999999997,37.0,0.0,23.0,56.0,56.0,-0.01101712,0.0213735,0.02360403,-0.00087358,0.0023721,0.00419793,Bottoming,Crowded Short
2025-10-28,EWT,ISHARES:MSCI TAIWAN,Foreign,67.09,0.0016422812779934848,0.009175691937424846,0.05454259666771466,0.05454259666771466,77.2,-1.5999999999999943,-1.3999999999999915,-19.799999999999997,-19.799999999999997,-28.0,25.0,9.0,70.0,70.0,-0.00848459,0.0135357,0.00205201,-0.00033544,0.0025276,0.00744989,Neutral,Crowded Short
2025-10-28,EWU,ISHARES:MSCI UK,Foreign,42.92,-0.0013959981386690856,0.0032725572697522853,0.02263521563021209,0.02263521563021209,55.2,-10.899999999999991,-6.5,-4.299999999999997,-4.299999999999997,-10.0,10.0,-7.0,7.0,7.0,0.00065964,0.0152366,0.00756175,0.00100432,0.0004078,0.00463559,Neutral,Mean Reversion Upside Bias
2025-10-28,EWW,ISHARES:MSCI MEXICO,Foreign,67.1,0.011608623548921893,0.026464739176992325,-0.01627327371353171,-0.01627327371353171,29.0,0.6000000000000014,4.199999999999999,-65.4,-65.4,55.0,5.0,-14.0,98.0,98.0,0.00483847,0.0222368,0.00445881,0.00291608,0.0005108,0.01474368,Leaning Bullish,Crowded Short
2025-10-28,EWY,ISHARES:MSCI S KOREA,Foreign,94.45,0.0014844661223625266,0.02607278652906042,0.1791510611735332,0.1791510611735332,93.8,0.5,2.5,1.8999999999999915,1.8999999999999915,-2.0,21.0,35.0,41.0,41.0,0.02575894,0.0394233,0.04193902,0.00296097,0.0135025,0.02605257,Buy Bias,Crowded Short
2025-10-28,EWZ,ISHARES:MSCI BRAZIL,Foreign,30.92,0.004874878128046767,0.014435695538057791,-0.002580645161290307,-0.002580645161290307,45.4,1.8999999999999986,3.6999999999999957,-39.1,-39.1,15.0,0.0,0.0,97.0,97.0,0.00235502,0.0197429,-0.02688183,0.00378755,0.0114656,0.00567431,Leaning Bullish,Crowded Short
2025-10-28,EXC,EXELON ,Utilities,47.7,-0.007697108383607154,-0.006870705808869393,0.059764496778493825,0.059764496778493825,82.9,-10.599999999999994,-12.299999999999997,13.100000000000009,13.100000000000009,-32.0,9.0,9.0,-36.0,-36.0,0.01397032,0.0066575,0.03244141,-0.00687704,-0.0044067,0.01348553,Leaning Bearish,Crowded Short
2025-10-28,EXE,EXPAND ENERGY ,Energy,101.0,-0.02772429726607617,-0.026693649416979826,-0.04932228915662651,-0.04932228915662651,27.6,-6.100000000000001,-10.5,-51.4,-51.4,54.0,38.0,38.0,66.0,66.0,-0.01861376,0.0091505,0.01027306,-0.0027902,0.0062354,0.00335179,Bottoming,Crowded Short
2025-10-28,EXPD,EXPEDITORS INTERNATIONAL OF WASHINGTON,Industrials,119.4,-0.0020894274968658033,0.013496307613954706,-0.02602169834407375,-0.02602169834407375,29.2,-1.6000000000000014,4.399999999999999,-20.2,-20.2,50.0,40.0,23.0,60.0,60.0,-0.01903195,-0.0127678,-0.00633284,0.0015458,0.0019084,0.0025518,Buy Bias,Crowded Short
2025-10-28,EXPE,"EXPEDIA GROUP, INC.",Consumer Discretionary,225.3,0.012584269662921477,0.0294722412611379,0.054035087719298325,0.054035087719298325,58.5,17.4,29.7,30.7,30.7,63.0,26.0,63.0,63.0,63.0,0.01010113,0.0489483,0.05961813,0.0028106,0.0100656,0.01012968,Buy Bias,Crowded Short
2025-10-28,EXR,EXTRA SPACE STORAGE INC.,Real Estate,146.92,-0.01732325596950035,-0.022228137894316546,0.04242940258265926,0.04242940258265926,84.1,-6.0,-12.100000000000009,27.799999999999997,27.799999999999997,6.0,29.0,29.0,32.0,32.0,0.01638402,0.0479172,-0.00469768,-0.00301004,0.0235429,0.02052491,Neutral,Mean Reversion Upside Bias
2025-10-28,F,FORD MOTOR COMPANY,Consumer Discretionary,13.13,-0.009803921568627416,-0.05130057803468202,0.09782608695652173,0.09782608695652173,83.5,-0.20000000000000284,-8.400000000000006,35.1,35.1,-53.0,0.0,-16.0,-22.0,-22.0,0.04074113,0.0456028,0.02359996,0.00955729,-0.0005112,0.03495091,Leaning Bearish,Mean Reversion Downside Bias
2025-10-28,FANG,"DIAMONDBACK ENERGY, INC.",Energy,141.14,-0.022576177285318688,-0.032359797065679596,-0.013696715583508046,-0.013696715583508046,41.3,-17.6,0.19999999999999574,15.099999999999998,15.099999999999998,-26.0,22.0,14.0,-22.0,-22.0,-0.00579609,0.0113825,-0.04728739,-0.00467302,-0.0044611,-0.00480054,Leaning Bearish,Mean Reversion Upside Bias
2025-10-28,FAST,FASTENAL COMPANY,Industrials,41.63,-0.021391631405735745,-0.028924655936552246,-0.15110114192495916,-0.15110114192495916,8.9,-0.7999999999999989,-1.1999999999999993,-17.700000000000003,-17.700000000000003,-0.0,-0.0,-0.0,-46.0,-46.0,-0.04261644,-0.0250542,0.0621979,-0.00183134,-0.0032422,-0.01161466,Sell Bias,Mean Reversion Downside Bias
2025-10-28,FCX,FREEPORT-MCMORAN INC.,Materials,41.17,0.0017031630170316614,-0.004834421078075746,0.0497195308516063,0.0497195308516063,67.9,-17.19999999999999,-25.0,28.400000000000006,28.400000000000006,-10.0,5.0,28.0,-10.0,-10.0,0.01144041,-0.0489555,-0.01338063,-0.00305997,0.0300349,0.00793104,Neutral,Crowded Long
2025-10-28,FDS,FACTSET RESEARCH SYSTEMS INC.,Financials,288.4,-0.006647607894464946,0.010865755345250472,0.0066668993682150735,0.0066668993682150735,74.6,5.3999999999999915,12.699999999999996,62.099999999999994,62.099999999999994,3.0,0.0,8.0,3.0,3.0,0.00841101,-0.0951649,-0.05894037,0.00217261,0.0124024,0.0099418,Leaning Bullish,Mean Reversion Upside Bias
2025-10-28,FDX,FEDEX ,Industrials,249.55,0.008935069135602935,0.03483309143686508,0.05826724905644376,0.05826724905644376,83.3,3.0999999999999943,20.799999999999997,-1.2000000000000028,-1.2000000000000028,-41.0,-8.0,-38.0,41.0,41.0,-0.00623204,0.0221014,-0.01167727,0.00390057,0.0131667,0.01364425,Leaning Bullish,Mean Reversion Downside Bias
2025-10-28,FE,FIRSTENERGY CORP.,Utilities,46.16,-0.006029285099052539,-0.010291595197255643,0.007420340462680031,0.007420340462680031,45.0,-13.5,-19.900000000000006,-43.099999999999994,-43.099999999999994,-2.0,16.0,-32.0,12.0,12.0,0.00426614,0.0231739,0.02607514,-0.00231505,-0.0094433,0.01286619,Sell Bias,Mean Reversion Upside Bias
2025-10-28,FFIV,"F5, INC.",Information Technology,267.58,-0.078612995420268,-0.10310384125494398,-0.17206596738760482,-0.17206596738760482,8.5,-6.199999999999999,-8.600000000000001,-50.4,-50.4,-29.0,-47.0,-66.0,-20.0,-20.0,-0.05741483,-0.0337377,0.07375195,-0.01837782,-0.0477598,-0.01003162,Sell Bias,Mean Reversion Downside Bias
2025-10-28,FI,"FISERV, INC.",Financials,126.17,-0.0029239766081872176,0.0079891347767036,-0.021406965019778235,-0.021406965019778235,49.6,6.300000000000004,9.5,46.800000000000004,46.800000000000004,9.0,6.0,0.0,22.0,22.0,-0.00527952,-0.0306153,0.01565561,0.00317218,0.0169968,-0.00313786,Leaning Bullish,Crowded Short
2025-10-28,FICO,FAIR ISAAC ,Information Technology,1666.64,-0.010948970084683762,-0.00021595680863817357,0.11366962239313616,0.11366962239313616,74.6,0.5999999999999943,0.5999999999999943,28.199999999999996,28.199999999999996,2.0,27.0,76.0,17.0,17.0,-0.03615446,0.0777615,0.09203987,0.00102452,0.0222151,0.02302667,Buy Bias,Mean Reversion Downside Bias
2025-10-28,FIS,FIDELITY NATIONAL INFORMATION SERVICES,Financials,65.93,-0.009018487900195327,-0.0274376751733294,-0.00015165301789488161,-0.00015165301789488161,57.7,-8.0,-30.39999999999999,18.200000000000003,18.200000000000003,5.0,40.0,29.0,-9.0,-9.0,-0.00201904,-0.0502223,0.00024707,-0.00709854,-0.0023474,0.01114706,Leaning Bearish,Mean Reversion Upside Bias
2025-10-28,FITB,FIFTH THIRD BANCORP,Financials,42.27,-0.004240282685512353,-0.008444757213230125,-0.0511784511784511,-0.0511784511784511,41.7,5.600000000000001,3.6000000000000014,20.300000000000004,20.300000000000004,64.0,10.0,0.0,71.0,71.0,-0.01786753,-0.0041033,0.04562436,0.00063091,0.0061922,0.00211787,Buy Bias,Mean Reversion Downside Bias
2025-10-28,FOXA,FOX ,Communication Services,61.11,-0.002611392198465845,0.029134388683058177,-0.030922930542340632,-0.030922930542340632,12.7,-6.699999999999999,-2.0,-41.5,-41.5,64.0,0.0,-15.0,46.0,46.0,-0.00648974,0.0158272,0.08218045,0.00578137,0.0076051,0.00754514,Buy Bias,Mean Reversion Upside Bias
2025-10-28,FRO,FRONTLINE PLC,MR Discretion,24.23,0.016359060402684644,0.02931180968564151,0.06318560772268556,0.06318560772268556,68.3,6.799999999999997,14.699999999999996,-9.100000000000009,-9.100000000000009,-10.0,-25.0,-25.0,-7.0,-7.0,0.01473476,0.0530917,0.0078216,0.0089618,0.0025045,-0.00864048,Leaning Bullish,Mean Reversion Downside Bias
2025-10-28,FRT,FEDERAL REALTY INVESTMENT TRUST,Real Estate,98.0,-0.029606891771462474,-0.03257650542941759,-0.032671996841378004,-0.032671996841378004,18.8,-40.7,-50.0,-55.2,-55.2,12.0,14.0,31.0,48.0,48.0,0.00188398,0.024946,-0.01812147,-0.00244498,0.0115536,0.00481093,Neutral,Crowded Short
2025-10-28,FSLR,"FIRST SOLAR, INC.",Information Technology,239.6,-0.03266179498566757,-0.007497618159976849,0.08647349566952345,0.08647349566952345,73.2,-6.3999999999999915,-5.200000000000003,-24.599999999999994,-24.599999999999994,-5.0,0.0,0.0,38.0,38.0,0.01066873,0.072524,0.08542092,0.00612562,-0.0032624,0.03001931,Bottoming,Crowded Short
2025-10-28,FTI,TECHNIPFMC PLC,MR Discretion,41.14,0.01530108588351431,0.04178272980501396,0.042839036755386584,0.042839036755386584,50.2,8.100000000000001,14.900000000000006,-0.19999999999999574,-0.19999999999999574,-44.0,0.0,-55.0,17.0,17.0,0.03014786,0.0345955,0.03856626,0.00512706,5.37e-05,-0.00286857,Neutral,Mean Reversion Downside Bias
2025-10-28,FTNT,"FORTINET, INC.",Information Technology,85.87,0.006800328291710622,0.0036231884057971175,0.021289248334919186,0.021289248334919186,45.0,8.899999999999999,1.8999999999999986,-39.3,-39.3,-10.0,0.0,21.0,25.0,25.0,-0.00742052,-0.0845182,0.00131588,0.00200497,0.0070803,0.00138307,Leaning Bullish,Mean Reversion Upside Bias
2025-10-28,FTV,FORTIVE ,Industrials,49.16,-0.006266424095411449,-0.006266424095411449,0.003470095937946338,0.003470095937946338,58.3,-6.6000000000000085,-12.299999999999997,-16.700000000000003,-16.700000000000003,-10.0,0.0,20.0,-8.0,-8.0,-0.00950627,0.0047049,-0.02039641,0.00011623,0.0156049,0.01919297,Neutral,Mean Reversion Upside Bias
2025-10-28,FVX,5 YR TSY YLD NDX,Yields,3.61,0.0,0.002777777777777768,-0.03217158176943702,-0.03217158176943702,16.5,1.0,10.2,-24.200000000000003,-24.200000000000003,-19.0,-10.0,15.0,-18.0,-18.0,-0.00625995,-0.0192295,-0.04766263,-0.00083293,0.0051496,-0.00855846,Topping,
2025-10-28,FXA,INVESCO:AU DOLLAR,Currencies,65.2,0.004313000616142926,0.011323096013649891,-0.004884004884004756,-0.004884004884004756,27.4,-1.2000000000000028,4.799999999999997,-37.300000000000004,-37.300000000000004,7.0,-5.0,-29.0,35.0,35.0,-0.00201847,0.008014,-0.00286268,0.0034076,0.0003772,0.00081217,Neutral,Crowded Short
2025-10-28,FXB,INVESCO:GBP STERLING,Currencies,127.73,-0.004597880299251789,-0.002576917070123419,-0.013134512864096393,-0.013134512864096393,5.0,-4.1,-5.9,-51.7,-51.7,9.0,12.0,-22.0,-26.0,-26.0,-0.00356719,-0.0026103,0.00599628,0.0001451,0.0051977,0.0014167,Neutral,Mean Reversion Upside Bias
2025-10-28,FXC,INVESCO:CANADIAN DOLLAR,Currencies,70.09,0.004010886692450866,0.004154727793696411,-0.0025615483136472994,-0.0025615483136472994,14.3,7.800000000000001,7.200000000000001,-3.3999999999999986,-3.3999999999999986,22.0,43.0,43.0,-14.0,-14.0,0.00060927,-0.0018253,0.0003695,0.0017464,0.0047058,0.00038138,Leaning Bullish,Mean Reversion Upside Bias
2025-10-28,FXE,INVESCO:EURO,Currencies,107.54,0.0001860119047620845,0.0016766020864382725,-0.007658946202823591,-0.007658946202823591,3.8,-1.6000000000000005,-2.7,-45.0,-45.0,40.0,13.0,20.0,41.0,41.0,-0.00066824,0.0015479,0.01658423,0.0015359,0.00485,0.00120353,Buy Bias,Mean Reversion Upside Bias
2025-10-28,FXY,INVESCO:JAPANESE YEN,Currencies,60.45,0.00465348180156222,0.004152823920265725,-0.028291271499758852,-0.028291271499758852,20.6,-1.1999999999999993,-8.2,-17.299999999999997,-17.299999999999997,69.0,6.0,38.0,39.0,39.0,-0.00686928,-0.0084908,-0.00175653,0.00533152,0.0031963,-0.00016299,Leaning Bullish,Crowded Short
2025-10-28,GD,GENERAL DYNAMICS ,Industrials,346.68,-0.02004126975153342,-0.011660062148986405,0.016656891495601123,0.016656891495601123,54.6,-31.499999999999993,-29.699999999999996,-27.1,-27.1,7.0,36.0,10.0,1.0,1.0,0.01046865,0.0265633,0.05232744,-0.00020229,-0.0037145,0.00335832,Neutral,Mean Reversion Downside Bias
2025-10-28,GDDY,GODADDY INC.,Information Technology,130.85,-0.007810130421595396,-0.0006873377119291924,-0.043703866111233,-0.043703866111233,39.7,19.700000000000003,22.400000000000002,10.100000000000001,10.100000000000001,-3.0,-9.0,-28.0,13.0,13.0,-0.01079293,-0.1009972,0.06588576,-0.003447,0.0023615,-0.00357895,Neutral,Mean Reversion Upside Bias
2025-10-28,GDX,VANECK:GOLD MINERS,Commodities,71.02,0.01587755685881853,-0.024450549450549475,-0.0704188481675394,-0.0704188481675394,21.0,2.3000000000000007,-6.800000000000001,-68.5,-68.5,47.0,0.0,46.0,56.0,56.0,-0.02802276,0.0875002,0.12829672,-0.0052525,0.02167,0.02103843,Bottoming,Mean Reversion Downside Bias
2025-10-28,GDXJ,VANECK:JR GOLD MINERS,Commodities,92.95,0.018183809836783915,-0.02023822072309478,-0.06139553670604869,-0.06139553670604869,23.8,1.1999999999999993,-7.399999999999999,-66.5,-66.5,47.0,0.0,54.0,34.0,34.0,-0.02845943,0.0933373,0.13823819,-0.00607741,0.0219138,0.02385241,Bottoming,Mean Reversion Downside Bias
2025-10-28,GE,GENERAL ELECTRIC COMPANY,Industrials,309.79,-0.009749392660784895,0.01948201533550531,0.029818496110631143,0.029818496110631143,51.2,-13.099999999999994,-0.5999999999999943,-18.599999999999994,-18.599999999999994,44.0,0.0,9.0,51.0,51.0,0.01359928,0.0365507,0.12083028,0.00112539,-0.0007694,0.00962606,Bottoming,Crowded Short
2025-10-28,GEHC,GE HEALTHCARE TECHNOLOGIES INC.,Health Care,79.4,0.013401403956605051,0.016124904018428587,0.05725699067909473,0.05725699067909473,81.9,-5.3999999999999915,-9.0,6.900000000000006,6.900000000000006,-23.0,0.0,20.0,10.0,10.0,0.00236585,0.0226129,-0.00507227,0.0043378,0.0159149,0.00560924,Leaning Bullish,Mean Reversion Upside Bias
2025-10-28,GEN,GEN DIGITAL INC.,Information Technology,26.71,-0.004843517138599096,-0.018736223365172555,-0.05917576611482911,-0.05917576611482911,14.3,3.6000000000000014,-1.1999999999999993,0.8000000000000007,0.8000000000000007,83.0,35.0,35.0,51.0,51.0,-0.00933212,-0.0384232,0.0147432,0.0014895,0.0028231,-0.00035113,Leaning Bullish,Crowded Short
2025-10-28,GEOS,GEOSPACE TECHNOLOGIES ,MR Discretion,27.74,0.016862170087976525,0.07021604938271597,0.46308016877637126,0.46308016877637126,94.2,1.9000000000000057,8.700000000000003,35.7,35.7,-56.0,-37.0,-57.0,-90.0,-90.0,0.08140909,0.1399474,0.11891843,-0.00284142,-0.0216829,0.01665634,Leaning Bearish,Crowded Short
2025-10-28,GEV,GE VERNOVA INC.,Industrials,570.98,-0.02294700456886667,-0.02294700456886667,-0.07142624817043419,-0.07142624817043419,11.3,-5.800000000000001,-4.6,-31.8,-31.8,38.0,-23.0,-23.0,33.0,33.0,-0.01380827,-0.0318244,0.30992238,-0.00085988,-0.0135128,-0.02553444,Leaning Bearish,Crowded Short
2025-10-28,GGB,GERDAU SA,MR Discretion,3.46,0.020648967551622377,0.026706231454005858,0.11612903225806437,0.11612903225806437,98.6,3.3999999999999915,1.3999999999999915,53.99999999999999,53.99999999999999,-20.0,15.0,36.0,11.0,11.0,0.01601777,0.0237002,-0.03921555,0.0013559,0.0055162,0.01810932,Leaning Bullish,Crowded Short
2025-10-28,GILD,"GILEAD SCIENCES, INC.",Health Care,117.88,-0.02149912841371293,-0.025301802546717433,0.061981981981982015,0.061981981981982015,76.0,-3.200000000000003,-9.700000000000003,54.0,54.0,-16.0,36.0,4.0,-63.0,-63.0,0.01313601,0.0220122,0.05026665,-0.0065359,-0.0018032,0.00143871,Sell Bias,Crowded Short
2025-10-28,GIS,"GENERAL MILLS, INC.",Consumer Staples,48.05,-0.004969973079312573,0.013499261759122527,-0.04700515668385574,-0.04700515668385574,32.1,-21.5,5.100000000000001,-59.199999999999996,-59.199999999999996,-11.0,-27.0,-51.0,66.0,66.0,-0.01416911,-0.0211913,-0.02680042,-0.00140337,0.0018808,0.00643603,Topping,Crowded Long
2025-10-28,GL,GLOBE LIFE INC.,Financials,134.37,-0.004592932809837746,0.0056129321957791856,-0.06015247954116243,-0.06015247954116243,4.2,-0.20000000000000018,2.8000000000000003,-41.199999999999996,-41.199999999999996,6.0,5.0,10.0,26.0,26.0,-0.00321,-0.0085134,-0.1922384,0.00194966,-0.0153654,-0.00192344,Topping,Crowded Short
2025-10-28,GLATF,GLOBAL ATOMIC ,MR Discretion,0.35,0.02941176470588225,0.0,-0.35185185185185197,-0.35185185185185197,11.3,0.6000000000000014,-1.3999999999999986,-85.9,-85.9,47.0,0.0,23.0,91.0,91.0,-0.13837942,-0.0815485,-0.1997162,-5.66e-06,0.0093837,-0.01610927,Neutral,
2025-10-28,GLD,SPDR GOLD,Commodities,364.38,-0.007166017274733649,-0.034806102987921084,0.02506540636340615,0.02506540636340615,56.3,-5.400000000000006,-16.5,-37.400000000000006,-37.400000000000006,39.0,2.0,11.0,51.0,51.0,0.0105319,0.0740189,0.12239026,-0.00719176,0.0061979,0.02544328,Bottoming,Mean Reversion Downside Bias
2025-10-28,GLW,CORNING INC.,Information Technology,86.43,-0.03289694528365217,-0.011211531861342938,0.05363891259295395,0.05363891259295395,48.8,-21.200000000000003,-19.700000000000003,-49.0,-49.0,5.0,9.0,13.0,35.0,35.0,-0.00204301,0.0652442,0.12618469,-0.00700472,-0.0506594,0.03577203,Sell Bias,Crowded Short
2025-10-28,GM,GENERAL MOTORS COMPANY,Consumer Discretionary,69.87,0.007062554050158765,0.003014642549526325,0.14597342955551929,0.14597342955551929,81.3,2.5,1.7000000000000028,21.0,21.0,-40.0,-17.0,-31.0,-37.0,-37.0,0.06278475,0.0477105,0.07197731,0.00893757,-0.0255039,0.02518294,Neutral,Mean Reversion Downside Bias
2025-10-28,GNK,GENCO SHIPPING & TRADING LIMITED,MR Discretion,16.44,0.00982800982800991,0.02621722846441954,-0.07640449438202246,-0.07640449438202246,20.8,2.1000000000000014,7.5,-47.10000000000001,-47.10000000000001,56.0,-15.0,-15.0,58.0,58.0,-0.0189337,-0.002259,0.0127738,0.00731425,-0.0014776,-0.00210747,Bottoming,Crowded Short
2025-10-28,GNRC,GENERAC HOLDINGS INC.,Industrials,190.15,-0.001365474502389552,-0.00937744204219837,0.13590203106332144,0.13590203106332144,78.0,-4.5,-1.2000000000000028,37.5,37.5,-17.0,3.0,-29.0,-22.0,-22.0,0.04046493,-0.0126086,0.0577326,0.00162064,-0.0539757,0.01844916,Neutral,Mean Reversion Upside Bias
2025-10-28,GOOGL,ALPHABET INC.,Communication Services,267.47,-0.006684740223567243,0.029047399199753743,0.10024681201151808,0.10024681201151808,78.8,-0.6000000000000085,20.699999999999996,-4.5,-4.5,19.0,0.0,-5.0,98.0,98.0,0.01918465,0.0594823,0.08316618,0.00375658,0.0022862,0.01368601,Buy Bias,Crowded Short
2025-10-28,GPC,GENUINE PARTS COMPANY,Consumer Discretionary,131.66,0.001826206056916746,0.005575498357901054,-0.050072150072150046,-0.050072150072150046,10.1,0.7999999999999989,-2.8000000000000007,-46.6,-46.6,47.0,36.0,12.0,67.0,67.0,-0.01734186,-0.007896,-0.01277918,0.00231934,-0.005101,0.01723909,Neutral,Mean Reversion Upside Bias
2025-10-28,GPN,GLOBAL PAYMENTS INC.,Financials,85.63,-0.013365595114644635,-0.019803113553113594,0.030693307655272006,0.030693307655272006,70.2,9.100000000000001,-2.0,44.800000000000004,44.800000000000004,-12.0,-9.0,42.0,10.0,10.0,-0.00344781,0.0028161,-0.06596204,-0.00354491,0.0062454,0.01088688,Neutral,Crowded Short
2025-10-28,GREK,GLBL X MSCI GREECE,Foreign,62.89,-0.0022211645248294554,-0.006006006006006093,-0.023447204968944146,-0.023447204968944146,10.5,-2.5999999999999996,-8.5,-34.7,-34.7,15.0,0.0,0.0,-11.0,-11.0,-0.01236159,0.0061312,0.06758993,-0.00056778,-0.0024274,0.00935861,Sell Bias,Crowded Short
2025-10-28,GRMN,GARMIN LTD,Consumer Discretionary,248.09,-0.013244769708058213,-0.009423038530644745,0.007594833888392438,0.007594833888392438,30.0,-15.0,-28.700000000000003,-43.8,-43.8,-8.0,0.0,0.0,-22.0,-22.0,-0.01137417,0.0354837,0.08841843,-0.00360789,-0.001487,0.00702936,Sell Bias,Crowded Short
2025-10-28,GS,"THE GOLDMAN SACHS GROUP, INC.",Financials,792.09,0.002658261496981007,0.010473541868653458,-0.005349406667922385,-0.005349406667922385,33.3,4.099999999999998,6.099999999999998,-45.5,-45.5,37.0,14.0,14.0,78.0,78.0,-0.00361649,0.0076227,0.07933385,0.00215864,-0.0014953,0.00978163,Bottoming,Crowded Short
2025-10-28,GWW,"W.W. GRAINGER, INC.",Industrials,963.48,-0.015158794247222218,-0.005090818971303479,0.011039288112827395,0.011039288112827395,58.9,-10.500000000000007,2.6000000000000014,40.4,40.4,-21.0,3.0,0.0,-5.0,-5.0,-0.00061462,0.0131664,0.037035,-0.00042562,0.032986,-0.0006616,Neutral,Mean Reversion Upside Bias
2025-10-28,HAL,HALLIBURTON COMPANY,Energy,26.62,-0.006716417910447747,0.0026365348399246535,0.08211382113821131,0.08211382113821131,84.1,1.3999999999999915,6.299999999999997,-3.8000000000000114,-3.8000000000000114,-68.0,0.0,-40.0,-10.0,-10.0,0.03084631,0.0346339,-0.06908779,0.0027136,-0.0154186,0.01113351,Leaning Bearish,Mean Reversion Downside Bias
2025-10-28,HAS,"HASBRO, INC.",Consumer Discretionary,77.94,-0.0019208605455244276,0.016166883963494083,0.027554383651944736,0.027554383651944736,59.1,4.899999999999999,4.700000000000003,32.5,32.5,30.0,0.0,-30.0,-17.0,-17.0,-0.00614312,-0.014936,0.04851533,0.00145439,-0.0053618,0.0499363,Neutral,Crowded Short
2025-10-28,HBAN,HUNTINGTON BANCSHARES INC.,Financials,15.54,-0.006393861892583175,-0.03298070939639086,-0.10017371163867983,-0.10017371163867983,22.8,0.1999999999999993,-7.399999999999999,6.300000000000001,6.300000000000001,42.0,-11.0,-22.0,50.0,50.0,-0.03531147,-0.0143768,0.0329427,-0.00100687,0.004937,0.00122279,Bottoming,Mean Reversion Downside Bias
2025-10-28,HCA,"HCA HEALTHCARE, INC.",Health Care,466.46,-0.002992348138332046,0.043441302791696446,0.09446269357109327,0.09446269357109327,86.3,-4.799999999999997,5.5,11.299999999999997,11.299999999999997,-14.0,-27.0,-50.0,-37.0,-37.0,0.01839369,0.0538919,0.06884811,0.00041531,0.0103791,0.02474451,Neutral,Crowded Short
2025-10-28,HD,"THE HOME DEPOT, INC.",Consumer Discretionary,385.75,0.0012458795130687594,-0.002405089479673106,-0.04797749204077095,-0.04797749204077095,17.1,3.0000000000000018,4.400000000000002,-11.299999999999997,-11.299999999999997,47.0,0.0,6.0,55.0,55.0,-0.00399948,0.0054247,0.02944655,0.00198442,-0.0027874,0.00944293,Bottoming,Crowded Short
2025-10-28,HIG,THE HARTFORD FINANCIAL SERVICES GROUP,Financials,122.69,-0.018244378650876247,-0.019342978179202275,-0.08021590823899838,-0.08021590823899838,5.0,-4.5,-3.5,-36.7,-36.7,-0.0,-0.0,-0.0,-29.0,-29.0,-0.02385371,-0.0027125,0.06975649,-0.00446882,-0.0063906,-0.00267573,Sell Bias,Crowded Short
2025-10-28,HII,"HUNTINGTON INGALLS INDUSTRIES, INC.",Industrials,299.14,-0.008452384898405718,-0.002567436897736086,0.03900524469452238,0.03900524469452238,56.7,-23.099999999999994,-19.700000000000003,-21.299999999999997,-21.299999999999997,-20.0,4.0,8.0,18.0,18.0,0.02060022,0.0260918,0.00994407,0.0013491,-0.0356171,0.00981211,Leaning Bearish,Crowded Short
2025-10-28,HLT,HILTON WORLDWIDE HOLDINGS INC.,Consumer Discretionary,260.9,-0.019983472316129736,-0.025656346864846746,0.0056275053962380195,0.0056275053962380195,50.8,-5.400000000000006,-8.5,45.599999999999994,45.599999999999994,11.0,8.0,16.0,-16.0,-16.0,0.01167703,0.0077743,0.0540138,-0.00452834,0.0075528,-0.00067914,Neutral,Mean Reversion Downside Bias
2025-10-28,HLX,"HELIX ENERGY SOLUTIONS GROUP, INC.",MR Discretion,6.73,0.005979073243647326,-0.03857142857142848,0.025914634146341653,0.025914634146341653,71.4,13.300000000000004,8.100000000000009,11.700000000000003,11.700000000000003,-46.0,-24.0,-44.0,-61.0,-61.0,0.04574835,0.0688132,-0.06256909,-0.00237822,0.0076111,0.01814609,Neutral,Crowded Long
2025-10-28,HOLX,"HOLOGIC, INC.",Health Care,74.01,0.0008113590263691961,0.0002703067982161578,0.09660690472662625,0.09660690472662625,96.2,-1.7999999999999972,-1.0,13.700000000000003,13.700000000000003,-70.0,0.0,0.0,-8.0,-8.0,0.02460728,0.0313803,-0.02489725,7.142e-05,-0.0037917,0.01418953,Neutral,Crowded Long
2025-10-28,HON,HONEYWELL INTERNATIONAL INC.,Industrials,214.41,-0.003068768307992742,-0.008004071435180893,0.018574821852731516,0.018574821852731516,72.8,-2.799999999999997,-4.6000000000000085,70.2,70.2,-27.0,0.0,-17.0,-6.0,-6.0,0.01835457,0.002572,-0.00450903,0.00072106,0.0004071,0.00174295,Neutral,Mean Reversion Downside Bias
2025-10-28,HOOD,"ROBINHOOD MARKETS, INC.",Financials,146.25,0.002673796791443861,0.046212175405966116,0.02144154211482041,0.02144154211482041,20.8,-13.099999999999998,-23.999999999999996,-66.5,-66.5,77.0,15.0,48.0,98.0,98.0,-0.01575885,0.0681501,0.23890837,0.00670044,0.0158978,0.01839778,Buy Bias,Mean Reversion Upside Bias
2025-10-28,HPE,HEWLETT PACKARD ENTERPRISE COMPANY,Information Technology,24.25,0.0028949545078578165,0.03191489361702127,-0.0126221498371335,-0.0126221498371335,39.1,-6.100000000000001,3.3999999999999986,-34.9,-34.9,27.0,0.0,-15.0,84.0,84.0,-0.01721397,0.0412222,0.01280269,0.00184733,0.005947,0.01384639,Leaning Bullish,Mean Reversion Downside Bias
2025-10-28,HPQ,HP INC.,Information Technology,28.07,0.005372492836676068,0.014822848879248118,0.03084832904884327,0.03084832904884327,76.2,-2.799999999999997,-2.3999999999999915,64.7,64.7,-20.0,0.0,11.0,-3.0,-3.0,0.00776321,0.0183637,-0.01587167,0.00126397,0.0025963,0.00090373,Leaning Bullish,Mean Reversion Downside Bias
2025-10-28,HRL,HORMEL FOODS ,Consumer Staples,23.65,-0.0037910699241785473,-0.007553503986571508,-0.0440582053354891,-0.0440582053354891,3.4,-2.9,-4.300000000000001,-53.9,-53.9,23.0,15.0,15.0,-17.0,-17.0,-0.00921245,-0.0662401,-0.04339975,0.0044193,0.0049517,0.0217627,Leaning Bullish,Mean Reversion Upside Bias
2025-10-28,HSIC,"HENRY SCHEIN, INC.",Health Care,63.21,-0.005193578847969782,-0.009868421052631637,-0.047611872834111835,-0.047611872834111835,6.9,-7.199999999999999,-12.1,-29.6,-29.6,10.0,-10.0,-10.0,-3.0,-3.0,-0.01492502,-0.0398683,-0.02378085,0.00010534,0.0029914,0.00969869,Neutral,Mean Reversion Upside Bias
2025-10-28,HST,"HOST HOTELS & RESORTS, INC.",Real Estate,16.31,-0.019831730769230838,-0.01091570648878104,-0.041715628672150507,-0.041715628672150507,30.2,4.599999999999998,14.5,-6.699999999999999,-6.699999999999999,55.0,24.0,-16.0,86.0,86.0,-0.00717178,0.0065215,-0.02008189,0.00054489,0.0115948,0.00129216,Leaning Bullish,Crowded Short
2025-10-28,HSY,THE HERSHEY COMPANY,Consumer Staples,180.25,-0.006613392119040995,0.00485003902330261,-0.03635391606522331,-0.03635391606522331,18.1,-16.799999999999997,0.40000000000000213,-39.8,-39.8,8.0,20.0,-20.0,32.0,32.0,-0.02305796,-0.0043272,-0.0042412,-0.00372036,-0.0211581,0.01033606,Sell Bias,Mean Reversion Upside Bias
2025-10-28,HUBB,HUBBELL INC.,Industrials,455.34,0.04921885801188974,0.04822855038099405,0.058167367711649653,0.058167367711649653,78.2,21.5,18.1,46.7,46.7,-12.0,-38.0,-15.0,6.0,6.0,0.00969442,0.0063336,0.03879359,0.00219369,0.0069361,0.0219671,Leaning Bullish,Crowded Short
2025-10-28,HUM,HUMANA INC.,Health Care,294.8,0.008414859410275755,0.014278341648030324,0.13310527731867627,0.13310527731867627,78.8,-3.1000000000000085,-2.0,68.89999999999999,68.89999999999999,-84.0,-12.0,-33.0,-69.0,-69.0,0.00625583,0.0267505,-0.10611221,-0.00405891,-0.0185578,-0.00685757,Leaning Bearish,Crowded Long
2025-10-28,HWM,HOWMET AEROSPACE INC.,Industrials,201.04,-0.003963535473642588,0.012744949876580591,0.024512052183662147,0.024512052183662147,42.7,-11.899999999999999,-1.6999999999999957,-45.2,-45.2,63.0,0.0,0.0,74.0,74.0,0.01354657,0.0222723,0.15206524,0.0019646,0.005885,0.01124042,Buy Bias,Crowded Short
2025-10-28,HYG,ISHARES:IBOXX $HY CORP,Bonds,81.2,-0.0009842519685039353,0.0014800197335964604,0.00012316787781752048,0.00012316787781752048,48.6,-2.6000000000000014,-0.3999999999999986,5.899999999999999,5.899999999999999,15.0,0.0,18.0,25.0,25.0,-0.00351738,-0.010526,0.00245219,0.00058389,0.0014355,0.00191702,Leaning Bullish,Crowded Short
2025-10-28,IBKR,"INTERACTIVE BROKERS GROUP, INC.",Financials,68.65,-0.012088070225931613,-0.001454545454545375,-0.0023252434239209308,-0.0023252434239209308,33.1,-3.6000000000000014,-12.899999999999999,-18.9,-18.9,51.0,27.0,22.0,41.0,41.0,-0.01255376,0.0189821,0.11264225,0.00363148,-0.0019964,0.01300189,Bottoming,Crowded Short
2025-10-28,IBM,INTERNATIONAL BUSINESS MACHINES ,Information Technology,312.57,-0.0016608642882237623,0.01662004813634299,0.10777573008222263,0.10777573008222263,72.6,-2.8000000000000114,9.299999999999997,-26.0,-26.0,-31.0,-50.0,-59.0,4.0,4.0,0.00468527,0.0434015,0.09245739,0.00023987,0.0131977,0.01579391,Neutral,Mean Reversion Downside Bias
2025-10-28,ICE,"INTERCONTINENTAL EXCHANGE, INC.",Financials,157.27,-0.01607857857857853,-0.002410402790992694,-0.06653608736942063,-0.06653608736942063,24.8,-4.399999999999999,0.1999999999999993,13.100000000000001,13.100000000000001,48.0,34.0,0.0,8.0,8.0,-0.00441466,-0.0438195,0.02858308,0.00227231,-0.005951,-0.00667795,Neutral,Crowded Short
2025-10-28,ICL,ICL GROUP LTD,MR Discretion,6.64,0.0,0.012195121951219523,0.067524115755627,0.067524115755627,65.5,5.600000000000001,-3.299999999999997,38.5,38.5,-5.0,-31.0,0.0,-52.0,-52.0,0.02970915,0.021246,0.03134023,0.00015887,0.0275352,0.02239509,Neutral,Mean Reversion Downside Bias
2025-10-28,IDXX,"IDEXX LABORATORIES, INC.",Health Care,634.36,-0.02014210688909479,-0.01012717484590775,-0.0070904224514392045,-0.0070904224514392045,35.7,-23.199999999999996,-15.099999999999994,-8.099999999999994,-8.099999999999994,4.0,-7.0,-7.0,-22.0,-22.0,0.00947622,0.0472161,0.02260771,-0.00082253,-0.0073839,0.01335694,Leaning Bearish,Mean Reversion Upside Bias
2025-10-28,IEF,ISHARES:7-10 TRS BD ETF,Bonds,97.58,0.0009231716073443419,0.0009231716073443419,0.011611030478954953,0.011611030478954953,28.8,1.8000000000000007,-8.7,-15.599999999999998,-15.599999999999998,26.0,0.0,9.0,-8.0,-8.0,0.00232012,0.0024431,0.00987967,0.00023937,-0.0022982,0.00331455,Neutral,Mean Reversion Upside Bias
2025-10-28,IEX,IDEX ,Industrials,166.95,-0.0038782816229117056,-0.005954153021732633,0.02574342590317036,0.02574342590317036,68.8,-2.6000000000000085,-7.6000000000000085,6.899999999999999,6.899999999999999,-36.0,0.0,10.0,1.0,1.0,-0.00311294,0.0156822,-0.03255307,-0.0012472,0.0298888,0.01327199,Neutral,Mean Reversion Upside Bias
2025-10-28,IFF,INTERNATIONAL FLAVORS & FRAGRANCES INC.,Materials,64.88,-0.006279675294838527,-0.01562737065695652,0.054273643158921026,0.054273643158921026,96.2,-2.3999999999999915,-3.5999999999999943,80.3,80.3,-43.0,13.0,13.0,-83.0,-83.0,0.01624911,-0.0346926,-0.02315676,-0.00102949,0.01316,-0.00171179,Neutral,Mean Reversion Upside Bias
2025-10-28,INCY,INCYTE ,Health Care,91.65,-0.015363128491620026,0.004053461875547892,0.08065086664308452,0.08065086664308452,79.2,-11.299999999999997,-10.899999999999991,56.0,56.0,-26.0,-24.0,-48.0,-97.0,-97.0,0.01459978,0.0315762,0.06644853,-0.00811778,-0.0247485,0.02423204,Sell Bias,Mean Reversion Upside Bias
2025-10-28,INDA,ISHARES:MSCI INDIA,Foreign,54.54,-0.003289473684210509,0.0005503577325260967,0.047637341529005006,0.047637341529005006,92.9,-1.5,2.6000000000000085,59.60000000000001,59.60000000000001,-30.0,5.0,-10.0,28.0,28.0,0.01480797,0.0138162,0.0189857,-0.00207054,0.0008468,0.00258669,Neutral,Crowded Short
2025-10-28,INTC,INTEL ,Information Technology,41.53,0.050328780981284904,0.08490073145245569,0.23785394932935922,0.23785394932935922,94.4,10.700000000000003,30.30000000000001,-3.5999999999999943,-3.5999999999999943,-22.0,-2.0,-28.0,15.0,15.0,0.02732817,0.1897669,-0.01591679,0.00727823,0.0328911,0.01378848,Leaning Bullish,Mean Reversion Upside Bias
2025-10-28,INTU,INTUIT INC.,Information Technology,678.93,-0.006526288063916752,-0.006089973502759638,-0.005828000761447405,-0.005828000761447405,36.7,5.5000000000000036,8.500000000000004,-29.599999999999994,-29.599999999999994,-21.0,6.0,-20.0,31.0,31.0,0.00555256,-0.0502253,0.01555543,0.00429381,-0.005262,0.00228671,Neutral,Mean Reversion Upside Bias
2025-10-28,INVH,INVITATION HOMES INC.,Real Estate,28.19,-0.023891966759002736,-0.023553862140630377,-0.03886805318786213,-0.03886805318786213,15.3,-24.599999999999998,-21.400000000000002,-25.2,-25.2,22.0,27.0,27.0,27.0,27.0,0.00205859,-0.0208851,-0.01721274,0.00072717,0.0116172,0.00722815,Leaning Bullish,Mean Reversion Upside Bias
2025-10-28,IP,INTERNATIONAL PAPER COMPANY,Materials,47.13,-0.021996264785225095,-0.03560466543891949,0.01573275862068968,0.01573275862068968,61.3,-12.700000000000003,-23.400000000000006,51.199999999999996,51.199999999999996,3.0,4.0,36.0,-8.0,-8.0,0.01465057,0.0058722,0.02381903,0.0001861,0.0242451,0.00140188,Neutral,Crowded Short
2025-10-28,IPG,THE INTERPUBLIC GROUP,Communication Services,26.35,-0.02803393581704161,-0.026237989652623694,-0.055893944822644204,-0.055893944822644204,32.9,-28.6,-43.1,-55.800000000000004,-55.800000000000004,8.0,36.0,41.0,76.0,76.0,0.00452239,0.0262702,-0.01382632,-0.00522911,-0.0004209,0.00873547,Neutral,Mean Reversion Downside Bias
2025-10-28,IQV,IQVIA HOLDINGS INC,Health Care,218.13,0.0032194269420042776,-0.010838019227281004,0.14841528903864387,0.14841528903864387,94.2,-4.3999999999999915,-5.200000000000003,16.60000000000001,16.60000000000001,-77.0,-23.0,-23.0,-82.0,-82.0,0.01760823,0.0376929,-0.01361811,-0.00794296,-0.0021597,0.02739009,Leaning Bearish,Crowded Long
2025-10-28,IR,INGERSOLL RAND INC.,Industrials,78.85,-0.01732303090727816,-0.01165705690649299,-0.045630597918179694,-0.045630597918179694,27.0,-11.700000000000003,-11.5,-52.2,-52.2,37.0,29.0,29.0,73.0,73.0,-0.01815801,0.0111655,0.01048942,0.00058232,0.0390981,0.00623228,Leaning Bullish,Crowded Short
2025-10-28,IRM,IRON MOUNTAIN INC.,Real Estate,104.05,-0.022637610370092043,-0.011213532262662751,0.020698450068667773,0.020698450068667773,62.9,-17.9,-10.100000000000001,-31.699999999999996,-31.699999999999996,2.0,36.0,38.0,62.0,62.0,-0.004942,0.0175383,0.04056387,-0.00215007,0.0062849,0.00878255,Bottoming,Mean Reversion Upside Bias
2025-10-28,ISRG,"INTUITIVE SURGICAL, INC.",Health Care,545.39,-0.010630385487528371,-0.0020493678066275667,0.21948438163808315,0.21948438163808315,94.6,-2.0,-1.4000000000000057,51.699999999999996,51.699999999999996,-50.0,0.0,-33.0,-54.0,-54.0,0.07249196,0.0255483,0.04645673,0.00133153,-0.0300634,0.01579605,Neutral,Mean Reversion Downside Bias
2025-10-28,IT,"GARTNER, INC.",Information Technology,252.7,-0.011268487362078528,0.009951640621877589,-0.03868832502758024,-0.03868832502758024,62.3,-4.6000000000000085,3.0,-21.0,-21.0,-2.0,10.0,0.0,33.0,33.0,0.01188486,-0.0987176,-0.07004181,0.00364116,0.0116209,-0.00192174,Leaning Bullish,Crowded Short
2025-10-28,ITW,ILLINOIS TOOL WORKS INC.,Industrials,245.87,-0.007828578346313675,0.0004883011190233155,-0.0571023163061819,-0.0571023163061819,19.8,-1.5999999999999979,-0.1999999999999993,1.3000000000000007,1.3000000000000007,37.0,9.0,-18.0,33.0,33.0,-0.01575699,-0.0034005,0.01261168,-0.0003422,0.0022912,0.00045181,Neutral,Mean Reversion Downside Bias
2025-10-28,IVZ,INVESCO LTD.,Financials,23.96,0.021312872975277175,0.04173913043478272,0.04446381865736693,0.04446381865736693,64.1,10.899999999999991,14.099999999999994,-8.300000000000011,-8.300000000000011,58.0,12.0,53.0,75.0,75.0,-0.02440956,0.0205815,0.04178714,0.00797011,0.0018617,0.01576947,Buy Bias,Crowded Short
2025-10-28,IWD,ISHARES:RUSS 1000 VL ETF,Sector & Style ETFs,206.1,-0.006746987951807282,-0.0009694619486185774,0.012328699837909518,0.012328699837909518,54.6,-12.300000000000004,-4.699999999999996,19.9,19.9,-3.0,9.0,67.0,24.0,24.0,-0.00661626,0.0118017,0.0085843,0.00030459,0.0054595,0.00689334,Neutral,Crowded Short
2025-10-28,IWF,ISHARES:RUSS 1000 GR ETF,Sector & Style ETFs,489.51,0.009257350212362292,0.025817808420126154,0.045046006703528985,0.045046006703528985,75.0,6.0,22.200000000000003,-12.700000000000003,-12.700000000000003,-28.0,-16.0,-38.0,12.0,12.0,0.003324,0.0186181,0.04039409,0.0056415,0.0001727,0.00663761,Neutral,Crowded Short
2025-10-28,IWM,ISHARES:RUSS 2000 ETF,Sector & Style ETFs,248.96,-0.005353575709149072,-0.0018842961953253745,0.028930401719292398,0.028930401719292398,58.9,-5.0,-2.8000000000000043,-0.3999999999999986,-0.3999999999999986,6.0,34.0,76.0,58.0,58.0,0.00048498,0.0255685,0.02948367,0.00051574,0.0110476,0.01126178,Buy Bias,Mean Reversion Downside Bias
2025-10-28,J,JACOBS SOLUTIONS INC.,Industrials,158.31,-0.016708074534161454,-0.008020552666207159,0.05638596022954756,0.05638596022954756,72.4,-11.699999999999989,-9.899999999999991,15.300000000000004,15.300000000000004,20.0,36.0,30.0,16.0,16.0,0.01294385,0.0205119,0.03462434,-0.00194048,0.0001197,0.0071803,Neutral,Crowded Short
2025-10-28,JBHT,"J. B. HUNT TRANSPORT SERVICES, INC.",Industrials,166.56,-0.007212254872742463,0.00878202410514195,0.24141015130058885,0.24141015130058885,94.0,-1.2000000000000028,0.20000000000000284,83.1,83.1,-60.0,0.0,32.0,-43.0,-43.0,0.06781883,0.0191495,-0.0390582,-0.00400366,0.0123913,0.02472971,Topping,Mean Reversion Downside Bias
2025-10-28,JBL,JABIL INC.,Information Technology,214.52,0.015575439094825727,0.00979099981171161,-0.012202422065662688,-0.012202422065662688,35.9,0.6000000000000014,0.7999999999999972,-16.300000000000004,-16.300000000000004,26.0,27.0,-8.0,39.0,39.0,0.00551882,-0.005427,0.05277081,0.00821423,-0.0081091,-0.01475921,Neutral,Mean Reversion Upside Bias
2025-10-28,JCI,JOHNSON CONTROLS INTERNATIONAL PLC,Industrials,112.21,-0.007430340557275539,-0.006463608995927128,0.02055479763528867,0.02055479763528867,54.0,-12.099999999999994,-16.799999999999997,-1.2000000000000028,-1.2000000000000028,47.0,9.0,21.0,25.0,25.0,0.00412414,0.0002384,0.0765166,0.00141533,0.0031934,0.00893481,Leaning Bullish,Crowded Short
2025-10-28,JKHY,"JACK HENRY & ASSOCIATES, INC.",Financials,154.3,-0.012795905310300726,-0.009818391837258522,0.03605720808433488,0.03605720808433488,85.3,1.2000000000000028,-4.400000000000006,72.39999999999999,72.39999999999999,-24.0,0.0,-4.0,-65.0,-65.0,0.01820743,-0.0300415,-0.01288721,-0.00135391,0.0060698,0.00011597,Neutral,Mean Reversion Upside Bias
2025-10-28,JNJ,JOHNSON & JOHNSON,Health Care,186.93,-0.017708880714661035,-0.018224789915966433,0.00814367382159431,0.00814367382159431,44.6,-25.4,-35.4,-26.4,-26.4,22.0,57.0,60.0,34.0,34.0,0.00025253,0.0364128,0.01012761,0.00102808,-0.0006601,0.01299032,Neutral,Mean Reversion Upside Bias
2025-10-28,JPM,JPMORGAN CHASE & CO.,Financials,305.36,0.003978300180832006,0.016375981893223424,-0.03192467425419265,-0.03192467425419265,16.9,1.1999999999999993,7.399999999999999,-40.6,-40.6,47.0,0.0,3.0,57.0,57.0,-0.00911643,-0.0034485,0.07028504,0.00477082,-0.0003148,0.00651846,Neutral,Crowded Short
2025-10-28,K,KELLANOVA,Consumer Staples,83.09,-0.0003609239653513674,0.0007226303745635487,0.013045598634479516,0.013045598634479516,51.2,-40.7,-46.599999999999994,-48.599999999999994,-48.599999999999994,42.0,45.0,45.0,15.0,15.0,0.00586009,0.0174865,0.04807098,-0.00092,0.0005822,0.02389446,Bottoming,Mean Reversion Upside Bias
2025-10-28,KDP,KEURIG DR PEPPER INC.,Consumer Staples,28.85,-0.01300034211426615,0.062223858615611194,0.13092904743237943,0.13092904743237943,99.4,-0.3999999999999915,2.200000000000003,87.9,87.9,-43.0,0.0,-9.0,-96.0,-96.0,0.04829419,-0.0503618,-0.01861696,0.00556575,0.0090828,0.01183429,Leaning Bullish,Mean Reversion Downside Bias
2025-10-28,KEY,KEYCORP,Financials,17.59,-0.0011357183418512218,-0.01290684624017957,-0.058855002675227475,-0.058855002675227475,34.5,3.3000000000000007,-0.20000000000000284,11.7,11.7,62.0,28.0,28.0,70.0,70.0,-0.02605906,-0.0125843,0.0442527,-0.00056678,0.0066571,0.00017862,Bottoming,Crowded Short
2025-10-28,KEYS,"KEYSIGHT TECHNOLOGIES, INC.",Information Technology,170.04,0.013530428562913421,0.0033634271552487327,-0.027898467871026678,-0.027898467871026678,37.7,0.8000000000000043,-1.3999999999999986,-48.8,-48.8,63.0,33.0,26.0,101.0,101.0,-0.02047575,-0.0084946,0.01446599,0.00297282,0.0038641,0.00542925,Buy Bias,Crowded Short
2025-10-28,KHC,THE KRAFT HEINZ COMPANY,Consumer Staples,25.52,-0.0027354435326299997,0.010693069306930703,-0.019969278033794113,-0.019969278033794113,41.5,-22.200000000000003,9.0,-38.7,-38.7,-15.0,0.0,1.0,-3.0,-3.0,0.0008492,-0.0318651,-0.03513928,0.00448424,-0.0049891,0.00138732,Topping,Mean Reversion Upside Bias
2025-10-28,KIM,KIMCO REALTY .,Real Estate,21.79,-0.025927581582476655,-0.02461951656222028,-0.0027459954233410855,-0.0027459954233410855,45.6,-28.6,-32.800000000000004,30.1,30.1,30.0,36.0,36.0,-16.0,-16.0,0.00533142,-0.0040466,0.03270138,-0.00222111,0.0058704,0.00589996,Neutral,Crowded Short
2025-10-28,KKR,KKR & CO. INC.,Financials,120.61,-0.01349582856208087,-0.0051963048498845366,-0.071873797614467,-0.071873797614467,29.0,7.600000000000001,10.3,7.800000000000001,7.800000000000001,21.0,0.0,0.0,19.0,19.0,-0.01413019,-0.0348543,0.06243969,9.574e-05,-0.0051001,0.00061495,Neutral,Mean Reversion Downside Bias
2025-10-28,KLAC,KLA ,Information Technology,1206.04,-0.007480681079390816,0.01963105121658404,0.11815316150565547,0.11815316150565547,69.2,-6.599999999999994,0.5,-30.599999999999994,-30.599999999999994,-3.0,0.0,0.0,40.0,40.0,0.01083079,0.0574231,0.09008291,0.00643258,0.0121938,0.0161707,Buy Bias,Mean Reversion Downside Bias
2025-10-28,KMB,KIMBERLY-CLARK ,Consumer Staples,120.66,0.0003316199635217121,0.014546371815353565,-0.02959626829660611,-0.02959626829660611,38.5,-7.5,1.0,6.800000000000001,6.800000000000001,29.0,-9.0,0.0,29.0,29.0,-0.00425423,-0.0193885,0.00667894,0.00353478,-0.0062554,0.00136338,Neutral,Mean Reversion Upside Bias
2025-10-28,KMI,"KINDER MORGAN, INC.",Energy,26.08,-0.0026768642447418944,0.008507347254447017,-0.07877075238431652,-0.07877075238431652,1.0,0.0,0.4,-75.8,-75.8,41.0,0.0,54.0,55.0,55.0,-0.02209802,-0.0020412,0.07678091,-0.00116305,0.0053881,0.00428662,Bottoming,Crowded Short
2025-10-28,KMX,"CARMAX, INC.",Consumer Discretionary,44.45,-0.013975155279502993,0.004292815183009502,-0.009360374414976502,-0.009360374414976502,55.2,-3.0999999999999943,2.4000000000000057,36.7,36.7,34.0,52.0,5.0,34.0,34.0,-0.01360482,-0.1004028,-0.04063136,0.00079291,0.0155848,0.01333768,Leaning Bullish,Mean Reversion Upside Bias
2025-10-28,KO,THE COCA-COLA COMPANY,Consumer Staples,70.16,0.0014273479874391537,0.006455314875914553,0.0579010856453559,0.0579010856453559,89.3,-1.0,-1.6000000000000085,81.2,81.2,-26.0,3.0,3.0,-38.0,-38.0,0.02195726,0.0121044,0.03681499,0.00039737,-9.3e-06,0.0103332,Neutral,Mean Reversion Downside Bias
2025-10-28,KR,THE KROGER CO.,Consumer Staples,67.69,-0.004997795090401325,0.008642527194158811,0.004153686396677125,0.004153686396677125,43.7,-13.599999999999994,-13.799999999999997,26.400000000000002,26.400000000000002,47.0,0.0,58.0,-11.0,-11.0,0.00344069,-0.0057328,0.0548682,0.00113525,0.0046799,0.00327874,Leaning Bullish,Crowded Short
2025-10-28,KVUE,KENVUE INC.,Consumer Staples,14.51,-0.037798408488063706,-0.03266666666666673,-0.10597658656808384,-0.10597658656808384,51.8,-4.900000000000006,-2.6000000000000014,36.099999999999994,36.099999999999994,-14.0,-25.0,-25.0,-14.0,-14.0,-0.04298745,-0.1337105,-0.04109602,-0.00720263,-0.006854,-0.00602899,Leaning Bearish,Mean Reversion Downside Bias
2025-10-28,L,LOEWS ,Financials,98.37,-0.016889866080351812,-0.016791604197900933,-0.02012152604841111,-0.02012152604841111,10.3,-14.099999999999998,-10.099999999999998,-69.7,-69.7,61.0,15.0,15.0,71.0,71.0,-0.00752218,0.0176805,0.05014187,-0.00317928,0.0018944,0.00330376,Bottoming,Crowded Short
2025-10-28,LDOS,"LEIDOS HOLDINGS, INC.",Industrials,187.81,-0.006874305959494564,-0.011318172246788882,-0.006085944115156727,-0.006085944115156727,33.3,-16.300000000000004,-19.700000000000003,-24.0,-24.0,52.0,1.0,9.0,20.0,20.0,-0.01356204,0.0338426,0.10645704,-0.00327067,0.0044747,0.00912535,Bottoming,Crowded Short
2025-10-28,LEN,LENNAR ,Consumer Discretionary,128.22,-0.003884400248601594,0.005095241828016128,0.017296096477308787,0.017296096477308787,69.2,5.300000000000004,4.1000000000000085,30.300000000000004,30.300000000000004,-10.0,-5.0,4.0,-23.0,-23.0,0.00093052,0.0318337,0.02449133,0.00273222,0.0014027,0.0045662,Leaning Bullish,Mean Reversion Upside Bias
2025-10-28,LH,LABORATORY  OF AMERICA HOLDINGS,Health Care,259.69,-0.05793368642530661,-0.07084332176464281,-0.09534592071343972,-0.09534592071343972,12.5,-9.5,-18.5,-57.099999999999994,-57.099999999999994,1.0,-32.0,-10.0,11.0,11.0,-0.02498005,-0.0111786,0.01863015,-0.028838,-0.0382854,0.00116717,Sell Bias,Mean Reversion Downside Bias
2025-10-28,LHX,"L3HARRIS TECHNOLOGIES, INC.",Industrials,287.38,-0.012914748918046226,-0.01984993178717598,-0.05903539504272959,-0.05903539504272959,20.4,-7.800000000000001,-18.1,-76.19999999999999,-76.19999999999999,-8.0,-61.0,-34.0,-6.0,-6.0,-0.00778758,0.0049637,0.06149378,-0.00240041,-0.0020421,0.01058328,Sell Bias,Mean Reversion Downside Bias
2025-10-28,LII,LENNOX INTERNATIONAL INC.,Industrials,501.16,-0.0021106288080920965,0.009914557472190832,-0.053271875472268415,-0.053271875472268415,41.7,-9.299999999999997,-1.1999999999999957,6.200000000000003,6.200000000000003,-33.0,0.0,-30.0,-34.0,-34.0,-0.02054147,-0.0294312,0.05238388,-0.00229162,-0.0043476,-0.00466775,Leaning Bearish,Mean Reversion Downside Bias
2025-10-28,LIN,LINDE PUBLIC LIMITED COMPANY,Materials,442.72,-0.004721010745919574,-0.007354260089685982,-0.067957894736842,-0.067957894736842,5.6,-1.1000000000000005,-2.1000000000000005,-45.199999999999996,-45.199999999999996,17.0,8.0,8.0,14.0,14.0,-0.01743377,-0.0094978,0.01733419,-0.00106449,0.0021665,-0.00114131,Bottoming,Mean Reversion Upside Bias
2025-10-28,LKQ,LKQ ,Consumer Discretionary,30.96,-0.016518424396442133,0.005521273140630223,0.013752455795677854,0.013752455795677854,61.7,-16.299999999999997,-0.5999999999999943,45.6,45.6,15.0,5.0,18.0,16.0,16.0,-0.00256876,0.0111075,-0.05347178,0.00615391,0.0208618,0.0165485,Leaning Bullish,Crowded Short
2025-10-28,LLY,ELI LILLY AND COMPANY,Health Care,820.1,-0.007635435195605056,-0.006481313223090424,0.07483617300131074,0.07483617300131074,77.6,-12.5,-13.300000000000011,5.799999999999997,5.799999999999997,-46.0,-3.0,10.0,-27.0,-27.0,-0.00853093,-0.0301526,0.02396051,0.00089098,0.0039738,0.00213188,Leaning Bullish,Crowded Long
2025-10-28,LMT,LOCKHEED MARTIN ,Industrials,485.77,-0.002341295105871777,0.0007416410869161005,-0.02692253760942287,-0.02692253760942287,25.6,-13.299999999999997,-19.6,-74.19999999999999,-74.19999999999999,20.0,31.0,-3.0,29.0,29.0,-0.01697414,0.0356318,0.02114741,-0.0025315,-0.0163223,0.01122531,Leaning Bearish,Crowded Short
2025-10-28,LNT,ALLIANT ENERGY ,Utilities,67.98,-0.012779552715654896,-0.014354066985645897,0.008455718736092743,0.008455718736092743,41.9,-24.6,-35.50000000000001,-38.1,-38.1,-8.0,18.0,-25.0,-16.0,-16.0,0.00440658,0.0132231,0.0369219,-0.00332327,-0.0008455,0.01105875,Sell Bias,Crowded Short
2025-10-28,LOW,"LOWE'S COMPANIES, INC.",Consumer Discretionary,244.07,0.0017237841165604895,0.005603394998145772,-0.02880904062711398,-0.02880904062711398,27.6,4.200000000000003,12.900000000000002,4.600000000000001,4.600000000000001,47.0,0.0,-26.0,18.0,18.0,-0.00294156,0.012665,0.0303512,0.00409771,-0.0021505,0.01332608,Bottoming,Crowded Short
2025-10-28,LQD,ISHARES:IBOXX $IG CORP,Bonds,112.92,8.856611460461572e-05,0.0017743080198722172,0.013007984210998469,0.013007984210998469,14.1,-0.5999999999999996,-3.4000000000000004,-76.2,-76.2,26.0,0.0,0.0,23.0,23.0,0.00433709,0.0028519,0.01170723,0.00037956,-0.0012317,0.00424828,Neutral,Mean Reversion Upside Bias
2025-10-28,LRCX,LAM RESEARCH ,Information Technology,155.62,-0.008158062460165705,0.02597573839662437,0.16221060492905148,0.16221060492905148,76.6,-4.200000000000003,-2.6000000000000085,-23.200000000000003,-23.200000000000003,-17.0,18.0,0.0,26.0,26.0,0.00060056,0.1152414,0.08059414,0.00572555,0.0202739,0.02285621,Leaning Bullish,Mean Reversion Downside Bias
2025-10-28,LULU,LULULEMON ATHLETICA INC.,Consumer Discretionary,179.98,-0.007773306135950175,0.010158837065723736,0.0115213848142528,0.0115213848142528,58.1,-0.7999999999999972,0.20000000000000284,12.300000000000004,12.300000000000004,-27.0,-34.0,-50.0,5.0,5.0,0.01161733,-0.037811,-0.08919824,0.00018498,0.0309521,-0.00812472,Neutral,Mean Reversion Upside Bias
2025-10-28,LUV,SOUTHWEST AIRLINES CO.,Industrials,31.09,-0.03596899224806205,-0.034472049689441064,-0.025697273581949287,-0.025697273581949287,37.1,-2.799999999999997,-4.799999999999997,0.8000000000000043,0.8000000000000043,38.0,3.0,-13.0,64.0,64.0,-0.01377758,0.0170852,0.01609947,-0.00344038,0.0249704,0.03139143,Leaning Bullish,Mean Reversion Downside Bias
2025-10-28,LVS,LAS VEGAS SANDS CORP.,Consumer Discretionary,58.2,-0.020861372812920553,0.01041666666666674,0.08198549916341324,0.08198549916341324,69.8,1.5,3.700000000000003,51.699999999999996,51.699999999999996,-37.0,16.0,-27.0,-66.0,-66.0,0.03502616,0.0083316,-0.01567947,0.00935546,-0.0178893,-0.00025754,Topping,Mean Reversion Downside Bias
2025-10-28,LW,"LAMB WESTON HOLDINGS, INC.",Consumer Staples,65.57,-0.015021781583295812,-0.01220247062368185,0.12896005509641872,0.12896005509641872,95.8,-3.6000000000000085,-3.6000000000000085,33.3,33.3,-70.0,-44.0,-6.0,-59.0,-59.0,0.01797347,0.0339301,-0.07648666,3.648e-05,0.0093235,0.01808626,Neutral,Crowded Long
2025-10-28,LYB,LYONDELLBASELL INDUSTRIES NV,Materials,47.61,-0.030148706457527097,0.0004202563563773243,-0.02915986949429039,-0.02915986949429039,60.9,-9.500000000000007,4.699999999999996,40.9,40.9,21.0,15.0,36.0,59.0,59.0,-0.0154067,-0.0496413,-0.11030512,0.00452971,0.0354306,0.00078449,Buy Bias,Crowded Short
2025-10-28,LYV,"LIVE NATION ENTERTAINMENT, INC.",Communication Services,151.07,-0.013710256577658786,-0.011710061494177859,-0.07545899632802944,-0.07545899632802944,11.3,-1.1999999999999993,-3.0,-7.899999999999999,-7.899999999999999,69.0,-29.0,0.0,22.0,22.0,-0.00769811,0.0234182,0.06581043,-0.00098043,0.0005118,0.00407191,Bottoming,Crowded Short
2025-10-28,MA,MASTERCARD INC..,Financials,565.93,-0.011234188273114953,-0.013492077326686114,-0.0050632021237320135,-0.0050632021237320135,34.3,-11.700000000000003,-22.400000000000006,28.299999999999997,28.299999999999997,-16.0,31.0,-11.0,-34.0,-34.0,-0.01042614,-0.0049291,0.02434795,-0.00246179,-0.0055001,0.00624088,Sell Bias,Mean Reversion Upside Bias
2025-10-28,MAA,"MID-AMERICA APARTMENT COMMUNITIES, INC.",Real Estate,130.71,-0.017291932937372967,-0.02447943876408687,-0.06455306662849769,-0.06455306662849769,1.4,-2.4,-3.0000000000000004,-42.1,-42.1,20.0,-6.0,10.0,36.0,36.0,-0.00890191,-0.0111548,0.01642422,-0.0021278,0.0098846,0.01195277,Neutral,Mean Reversion Upside Bias
2025-10-28,MAR,"MARRIOTT INTERNATIONAL, INC.",Consumer Discretionary,265.45,-0.02123815493528991,-0.02163496977738466,0.019236676393795005,0.019236676393795005,59.9,2.0,-4.199999999999996,31.299999999999997,31.299999999999997,10.0,7.0,7.0,6.0,6.0,0.00240162,0.002827,0.02135318,-0.00505028,0.017414,0.00442142,Bottoming,Crowded Short
2025-10-28,MAS,MASCO ,Industrials,68.43,0.0016100702576113957,0.004255943645435911,-0.02784486432731914,-0.02784486432731914,47.8,-0.4000000000000057,1.5999999999999943,7.299999999999997,7.299999999999997,3.0,0.0,-9.0,-2.0,-2.0,-0.00976438,-0.0152303,0.0202956,0.00058214,-0.0128841,0.00587064,Neutral,Crowded Short
2025-10-28,MCD,MCDONALD'S ,Consumer Discretionary,306.4,-0.011612903225806548,0.001994833055364742,0.008259567606699658,0.008259567606699658,53.0,-14.099999999999994,10.5,44.9,44.9,2.0,3.0,0.0,-13.0,-13.0,0.01095908,0.0043426,0.01893097,0.00171479,-0.0015536,0.00241952,Neutral,Crowded Short
2025-10-28,MCHI,ISHARES:MSCI CHINA,Foreign,65.12,-0.007165726482695534,0.009455898310339439,-0.011085801063021816,-0.011085801063021816,32.3,-9.600000000000001,-9.400000000000006,-38.5,-38.5,50.0,0.0,24.0,70.0,70.0,-0.02185176,0.0160164,0.05823203,0.00246118,0.0034469,0.0085895,Buy Bias,Mean Reversion Downside Bias
2025-10-28,MCHP,MICROCHIP TECHNOLOGY INC.,Information Technology,63.64,-0.014097598760650643,0.0074402406205476,-0.009031454375583947,-0.009031454375583947,62.1,-5.399999999999999,4.0,5.200000000000003,5.200000000000003,3.0,40.0,10.0,50.0,50.0,-0.03336462,-0.0231005,-0.06589516,-0.00152505,0.008752,0.00681441,Neutral,Crowded Short
2025-10-28,MCK,MCKESSON ,Health Care,804.59,-0.008441782510105522,0.003642396497312017,0.04148652496958105,0.04148652496958105,59.3,-17.700000000000003,-11.900000000000006,-28.799999999999997,-28.799999999999997,7.0,22.0,-7.0,64.0,64.0,0.02826295,0.0391387,0.05868168,0.00383953,0.0065389,0.00281275,Buy Bias,Mean Reversion Upside Bias
2025-10-28,MCO,MOODY'S ,Financials,490.76,-0.008725862486870795,-0.0001222444073183393,0.029969778374748124,0.029969778374748124,69.0,1.0999999999999943,0.9000000000000057,37.1,37.1,-41.0,-10.0,0.0,-52.0,-52.0,-0.00266562,-0.0103038,0.01604919,0.00096101,-0.0040604,0.00120189,Neutral,Crowded Long
2025-10-28,MDLZ,"MONDELEZ INTERNATIONAL, INC.",Consumer Staples,60.21,-0.023516055789815082,-0.009215073226921167,-0.03617736513526493,-0.03617736513526493,35.9,-11.5,5.299999999999997,-27.0,-27.0,35.0,40.0,46.0,33.0,33.0,-0.00444059,0.0099245,-0.01965858,6.75e-05,0.0141016,0.0138052,Neutral,Crowded Short
2025-10-28,MDT,MEDTRONIC PUBLIC LIMITED COMPANY,Health Care,93.23,-0.009561245086582293,-0.00469734173161096,-0.02110457790844178,-0.02110457790844178,21.2,-11.3,-6.800000000000001,-35.3,-35.3,69.0,18.0,63.0,100.0,100.0,-0.01598358,0.0083053,0.00521754,-0.0031442,0.004469,0.0163432,Leaning Bullish,Crowded Short
2025-10-28,MDY,SPDR S&P MIDCAP 400 ETF,Sector & Style ETFs,599.47,-0.008780052250405013,-0.004979501053994362,0.005771521567706328,0.005771521567706328,51.2,-8.099999999999994,-2.5999999999999943,17.300000000000004,17.300000000000004,38.0,41.0,66.0,48.0,48.0,-0.00703026,0.00213,0.00818125,0.00070827,0.005995,0.00618702,Buy Bias,Crowded Short
2025-10-28,MET,"METLIFE, INC.",Financials,78.75,-0.00152149106124011,0.000889679715302405,-0.043948039334709255,-0.043948039334709255,17.3,-2.099999999999998,-7.300000000000001,-42.8,-42.8,65.0,18.0,0.0,102.0,102.0,-0.00631969,0.0135626,-0.00223636,-0.00068303,0.0060799,0.00696517,Leaning Bullish,Crowded Short
2025-10-28,META,"META PLATFORMS, INC.",Communication Services,751.44,0.0008257638315440907,0.017714935803673004,0.0232304801329013,0.0232304801329013,52.2,2.0,14.300000000000004,28.000000000000004,28.000000000000004,-14.0,0.0,-37.0,-31.0,-31.0,0.01522591,-0.0104844,0.09423582,0.00280935,-0.0072428,-0.00441925,Neutral,Crowded Short
2025-10-28,MGM,MGM RESORTS INTERNATIONAL,Consumer Discretionary,31.95,-0.02917046490428432,-0.026211520877781225,-0.0781881130986728,-0.0781881130986728,21.6,6.300000000000001,-5.399999999999999,9.500000000000002,9.500000000000002,40.0,15.0,26.0,5.0,5.0,-0.01585634,-0.0268793,-0.02635795,-0.00034094,0.0055121,-0.00202447,Neutral,Mean Reversion Upside Bias
2025-10-28,MHK,"MOHAWK INDUSTRIES, INC.",Consumer Discretionary,118.76,-0.0036076852084905298,-0.009507923269391205,-0.0788085634502016,-0.0788085634502016,24.6,-3.599999999999998,-8.100000000000001,-26.799999999999997,-26.799999999999997,29.0,37.0,22.0,3.0,3.0,-0.0162312,0.0112975,0.05073696,0.00029833,-0.0034126,0.00926246,Neutral,Mean Reversion Downside Bias
2025-10-28,MKC,"MCCORMICK & COMPANY, INC.",Consumer Staples,66.01,-0.01668404588112604,-0.012565445026177846,-0.013450904199671099,-0.013450904199671099,61.7,-11.099999999999994,-15.899999999999991,6.5,6.5,-1.0,26.0,26.0,-75.0,-75.0,-0.00576393,-0.0229569,-0.00393086,0.00091366,-0.0032991,0.02811571,Neutral,Crowded Long
2025-10-28,MLM,"MARTIN MARIETTA MATERIALS, INC.",Materials,616.84,0.0,-0.007066625887352518,-0.02132385606397147,-0.02132385606397147,23.8,-3.8000000000000007,-18.099999999999998,-21.999999999999996,-21.999999999999996,56.0,0.0,65.0,83.0,83.0,0.0029736,0.0340782,0.0411104,-0.00264264,0.0018496,0.0096948,Bottoming,Crowded Short
2025-10-28,MMC,"MARSH & MCLENNAN COMPANIES, INC.",Financials,182.82,-0.025583626479053434,-0.019994639506834777,-0.0928397757157744,-0.0928397757157744,37.7,-11.299999999999997,-10.699999999999996,-5.599999999999994,-5.599999999999994,0.0,0.0,0.0,-20.0,-20.0,-0.03728075,-0.0075471,0.00670156,-0.0035604,0.0095062,-0.00503109,Bottoming,Mean Reversion Downside Bias
2025-10-28,MMM,3M COMPANY,Industrials,166.83,-0.009323040380047498,-0.009910979228486605,0.0750741074880783,0.0750741074880783,80.6,-5.300000000000011,-7.1000000000000085,34.39999999999999,34.39999999999999,-4.0,31.0,2.0,-33.0,-33.0,0.02188959,0.019633,0.08585796,-6.382e-05,-0.0097577,0.00848721,Neutral,Mean Reversion Downside Bias
2025-10-28,MNST,MONSTER BEVERAGE ,Consumer Staples,69.32,-0.005166475315729224,-0.00530922657483146,0.02986183330857206,0.02986183330857206,50.4,-9.300000000000004,-25.000000000000007,-32.1,-32.1,-9.0,-15.0,1.0,14.0,14.0,0.00717839,0.047315,0.0019105,-0.00166706,0.001424,0.01637323,Neutral,Mean Reversion Upside Bias
2025-10-28,MO,"ALTRIA GROUP, INC.",Consumer Staples,63.28,-0.007216818324443097,-0.021493737436214633,-0.04208295488949443,-0.04208295488949443,12.5,-2.8000000000000007,-9.3,-18.1,-18.1,6.0,-48.0,-2.0,-57.0,-57.0,-0.01052386,0.0060064,0.06910672,-0.00363146,-0.0152027,0.00820911,Sell Bias,Mean Reversion Upside Bias
2025-10-28,MOH,"MOLINA HEALTHCARE, INC.",Health Care,162.84,0.004007645354214162,-0.0029390154298309934,-0.14903846153846156,-0.14903846153846156,25.8,3.0,-0.8000000000000007,-50.8,-50.8,18.0,0.0,0.0,56.0,56.0,-0.0777907,-0.0022467,-0.11517971,-0.01001554,0.0036456,-0.00183557,Neutral,Mean Reversion Downside Bias
2025-10-28,MOS,THE MOSAIC COMPANY,Materials,29.38,-0.006089309878213767,-0.020013342228152098,-0.15282583621683965,-0.15282583621683965,2.6,-0.7999999999999998,-0.19999999999999973,-63.699999999999996,-63.699999999999996,-0.0,-0.0,-0.0,22.0,22.0,-0.06304788,-0.0504554,-0.04505922,-0.00355561,-0.0005829,0.00384477,Sell Bias,Mean Reversion Downside Bias
2025-10-28,MP,MP MATERIALS CORP,MR Discretion,64.94,-0.009608052463016548,-0.08289789577743267,-0.03175786491725052,-0.03175786491725052,27.2,1.3999999999999986,-14.099999999999998,1.0,1.0,-10.0,-2.0,6.0,-64.0,-64.0,-0.02440904,0.0784896,0.12545381,-0.0170243,-0.0138381,0.02115793,Sell Bias,Mean Reversion Downside Bias
2025-10-28,MPC,MARATHON PETROLEUM ,Energy,192.21,-0.020486164195077095,-0.02043624503108754,-0.0027498184082183075,-0.0027498184082183075,40.7,-0.19999999999999574,4.600000000000001,-36.099999999999994,-36.099999999999994,20.0,5.0,5.0,56.0,56.0,0.00107131,0.0331187,0.0168702,0.00349845,0.0102661,0.00325316,Leaning Bullish,Crowded Short
2025-10-28,MPWR,"MONOLITHIC POWER SYSTEMS, INC.",Information Technology,1086.36,-0.01691326184335551,0.0106520545906168,0.18000521376433776,0.18000521376433776,87.7,-8.299999999999997,-5.599999999999994,-6.0,-6.0,-8.0,22.0,15.0,19.0,19.0,0.03432273,0.0716145,0.07722186,0.00157159,-0.0086514,0.03126552,Bottoming,Crowded Short
2025-10-28,MRK,"MERCK & CO., INC.",Health Care,87.03,-0.01102272727272724,-0.00525774374214194,0.03693554152269751,0.03693554152269751,79.8,-16.400000000000006,-15.799999999999997,21.699999999999996,21.699999999999996,-30.0,23.0,14.0,-3.0,-3.0,-0.00406705,0.014506,-0.04015185,0.00074652,0.00684,0.00770546,Leaning Bullish,Crowded Long
2025-10-28,MRNA,"MODERNA, INC.",Health Care,25.35,-0.04913728432108022,-0.05198204936424822,-0.018583042973286723,-0.018583042973286723,51.8,-24.60000000000001,-34.3,-33.900000000000006,-33.900000000000006,-10.0,10.0,56.0,48.0,48.0,-0.01440434,-0.0055978,-0.16420387,-0.00320683,0.0258737,0.02667641,Neutral,Mean Reversion Upside Bias
2025-10-28,MS,MORGAN STANLEY,Financials,165.21,-0.004878930249367586,0.008238740388136101,0.03931806743834931,0.03931806743834931,50.6,2.6000000000000014,5.399999999999999,-10.5,-10.5,33.0,0.0,26.0,64.0,64.0,0.01731346,0.0269758,0.06782554,0.00276411,0.0011676,0.02152569,Buy Bias,Mean Reversion Downside Bias
2025-10-28,MSCI,MSCI INC.,Financials,593.76,0.08576235233880691,0.09491231628833297,0.046439082850143754,0.046439082850143754,89.9,75.60000000000001,78.4,18.10000000000001,18.10000000000001,-32.0,-54.0,-107.0,1.0,1.0,0.01579954,0.0203765,-0.00594846,0.02552898,0.0266334,0.00604074,Leaning Bullish,Mean Reversion Downside Bias
2025-10-28,MSFT,MICROSOFT ,Information Technology,542.07,0.01984873570138479,0.03525524722598883,0.04656820156385755,0.04656820156385755,72.4,10.100000000000009,21.000000000000007,17.60000000000001,17.60000000000001,-28.0,-23.0,-54.0,-31.0,-31.0,0.01016089,-0.0161058,0.05626335,0.01134432,-0.0092938,0.00248663,Neutral,Crowded Short
2025-10-28,MSI,"MOTOROLA SOLUTIONS, INC.",Information Technology,440.21,-0.008513705263632154,0.0028019499749418753,-0.037350477814953376,-0.037350477814953376,28.4,-8.300000000000004,1.0,14.299999999999999,14.299999999999999,15.0,25.0,0.0,-3.0,-3.0,-0.01290292,0.0061599,0.06713216,-0.00076354,-0.0058143,5.881e-05,Sell Bias,Crowded Short
2025-10-28,MTB,M&T BANK ,Financials,181.41,-0.008254974852394459,-0.020623009231765854,-0.08202611071753874,-0.08202611071753874,22.6,-2.599999999999998,-2.599999999999998,-5.799999999999997,-5.799999999999997,61.0,-37.0,-13.0,69.0,69.0,-0.02397798,-0.017555,0.05091891,0.00035294,0.0062288,0.00446441,Neutral,Crowded Short
2025-10-28,MTCH,"MATCH GROUP, INC.",Communication Services,32.68,-0.004265691651432091,0.0018393623543839777,-0.07474518686296716,-0.07474518686296716,8.3,4.9,4.700000000000001,-7.199999999999999,-7.199999999999999,23.0,-7.0,-7.0,-16.0,-16.0,-0.0221884,-0.0234588,-0.01766618,0.00394442,-0.0035705,0.00865685,Neutral,Mean Reversion Upside Bias
2025-10-28,MTD,METTLER-TOLEDO INTERNATIONAL INC.,Health Care,1404.58,-0.010657106028696073,-0.020734564114005205,0.1441581609794642,0.1441581609794642,97.2,-2.3999999999999915,-2.5999999999999943,68.0,68.0,-60.0,-21.0,-37.0,-74.0,-74.0,0.02451829,0.0232908,0.00720755,-0.00324837,0.0066811,0.02415954,Topping,Mean Reversion Downside Bias
2025-10-28,MTUM,ISHARES:MSCI USA MOM FCT,Sector & Style ETFs,257.95,0.00011631513647625269,0.009589041095890316,0.005849093390524418,0.005849093390524418,34.5,-5.0,3.5,-49.0,-49.0,4.0,0.0,-31.0,86.0,86.0,-3.284e-05,0.0056117,0.02832007,0.00270814,-0.0019216,0.00430352,Bottoming,Crowded Short
2025-10-28,MU,"MICRON TECHNOLOGY, INC.",Information Technology,221.91,0.008223534756928608,0.013195141996164672,0.32626105665790117,0.32626105665790117,79.8,-1.0,-5.900000000000006,-14.400000000000006,-14.400000000000006,-10.0,4.0,4.0,36.0,36.0,0.03747302,0.1504127,0.09743396,0.00197429,0.0218964,0.03288264,Leaning Bullish,Crowded Short
2025-10-28,NCLH,NORWEGIAN CRUISE LINE HOLDINGS LTD.,Consumer Discretionary,22.35,-0.04934070608251806,-0.047720494247976086,-0.09257003654080376,-0.09257003654080376,10.1,-5.6,-2.4000000000000004,-21.4,-21.4,8.0,-39.0,-39.0,-18.0,-18.0,-0.02069235,-0.006415,0.03850491,-0.00258022,-0.0264808,0.0108081,Sell Bias,Crowded Short
2025-10-28,NDAQ,"NASDAQ, INC.",Financials,87.96,-0.009236314485244534,-0.005427408412483126,-0.005539853024307595,-0.005539853024307595,37.9,-3.8000000000000043,-6.700000000000003,18.7,18.7,6.0,6.0,-18.0,6.0,6.0,0.01057908,-0.0116817,0.04813043,-0.00076633,-0.0056359,0.0008711,Leaning Bearish,Mean Reversion Upside Bias
2025-10-28,NDSN,NORDSON ,Industrials,235.32,-0.012712397734424119,-0.0024586689275116758,0.03688037012557843,0.03688037012557843,67.1,-14.200000000000003,-4.300000000000011,8.599999999999994,8.599999999999994,-36.0,17.0,0.0,12.0,12.0,0.00187079,0.0355257,-0.01996473,-0.00256315,0.0077939,0.00689401,Neutral,Mean Reversion Upside Bias
2025-10-28,NDX,NASDAQ 100 INDEX,Indices,26012.15,0.00738182153349487,0.025790120418831775,0.05397775849089026,0.05397775849089026,80.0,1.7999999999999972,11.900000000000006,-13.099999999999994,-13.099999999999994,-14.0,-4.0,13.0,37.0,37.0,0.00365223,0.0238715,0.03617729,0.00472283,0.0055118,0.00765474,Buy Bias,
2025-10-28,NEE,"NEXTERA ENERGY, INC.",Utilities,83.57,-0.02859467627571788,-0.009951427555976777,0.10703404424427077,0.10703404424427077,91.1,-3.9000000000000057,-2.0,10.899999999999991,10.899999999999991,3.0,5.0,-24.0,9.0,9.0,0.01199299,0.0447412,0.03809728,-0.00422271,0.0056869,0.03534715,Leaning Bullish,Mean Reversion Downside Bias
2025-10-28,NEM,NEWMONT ,Materials,79.34,0.00902963245580568,-0.04833873095837837,-0.058949116356304065,-0.058949116356304065,28.0,1.6000000000000014,-5.5,-51.0,-51.0,47.0,0.0,63.0,47.0,47.0,-0.02474379,0.0822308,0.10929759,-0.01187471,0.0275153,0.02137496,Bottoming,Mean Reversion Downside Bias
2025-10-28,NFLX,"NETFLIX, INC.",Communication Services,1102.5,0.007254056424499389,0.007134439887091171,-0.08042238014212799,-0.08042238014212799,17.3,3.6000000000000014,4.200000000000001,-0.1999999999999993,-0.1999999999999993,0.0,-53.0,-22.0,-25.0,-25.0,-0.01962021,0.0061572,0.09916496,-0.00450824,0.0230684,0.00279655,Bottoming,Mean Reversion Downside Bias
2025-10-28,NI,NISOURCE INC.,Utilities,43.39,-0.0077749828493024475,-0.005500802200320898,0.002078521939953948,0.002078521939953948,23.8,-18.099999999999998,-34.099999999999994,-45.60000000000001,-45.60000000000001,12.0,8.0,8.0,2.0,2.0,2.548e-05,-0.0224606,0.06992327,-0.001972,-0.0053341,0.01221213,Leaning Bearish,Mean Reversion Upside Bias
2025-10-28,NKE,"NIKE, INC.",Consumer Discretionary,67.43,-0.016912086309957663,-0.02430907249312675,-0.032984368277642284,-0.032984368277642284,44.4,-10.0,-12.5,25.7,25.7,13.0,15.0,26.0,-1.0,-1.0,-0.01620315,-0.025522,-0.04080859,0.00362346,-0.0099578,-0.00437439,Topping,Mean Reversion Downside Bias
2025-10-28,NOC,NORTHROP GRUMMAN ,Industrials,595.05,-0.0015101938082054955,-0.017388288913108285,-0.023419549661918393,-0.023419549661918393,36.3,-11.5,-18.5,-28.400000000000006,-28.400000000000006,-16.0,0.0,-46.0,-29.0,-29.0,-0.0146719,-0.0044753,0.02504282,-0.00500205,-0.002601,-0.00400048,Sell Bias,Mean Reversion Downside Bias
2025-10-28,NORW,GLBL X MSCI NORWAY ETF,Foreign,29.65,-0.01100733822548372,-0.001010781671159089,-0.018536908308507183,-0.018536908308507183,28.4,-6.899999999999999,1.3999999999999986,-24.800000000000004,-24.800000000000004,70.0,24.0,46.0,88.0,88.0,-0.00401131,0.0111931,0.01719537,0.00103512,0.0025002,0.00493318,Buy Bias,
2025-10-28,NOV,NOV INC.,MR Discretion,14.95,0.07168458781362008,0.0802023121387283,0.1283018867924528,0.1283018867924528,96.6,15.799999999999997,31.299999999999997,41.8,41.8,-43.0,-27.0,-33.0,-24.0,-24.0,0.01349925,0.0398661,-0.05633263,0.00868183,0.013624,0.01871101,Leaning Bullish,Mean Reversion Downside Bias
2025-10-28,NOW,"SERVICENOW, INC.",Information Technology,937.91,-0.008855636221454355,0.008321059591257507,0.019157213022123587,0.019157213022123587,59.1,5.300000000000004,12.5,9.700000000000003,9.700000000000003,3.0,5.0,17.0,42.0,42.0,0.0134635,0.002785,0.01914449,0.00124469,0.0051488,0.00227707,Leaning Bullish,Crowded Short
2025-10-28,NQ=F,NASDAQ 100 FUTURES,Futures,26179.25,0.0067103125390552965,0.026224752795444894,0.05404235616217745,0.05404235616217745,76.4,3.0,9.900000000000006,-16.299999999999997,-16.299999999999997,-10.0,0.0,17.0,41.0,41.0,0.00157857,0.0227309,0.03061306,0.00417292,0.0047982,0.00738637,Buy Bias,
2025-10-28,NRG,"NRG ENERGY, INC.",Utilities,172.76,0.0009849933368097918,0.014087814040854463,0.06674899660389011,0.06674899660389011,68.1,6.799999999999997,25.999999999999993,-11.900000000000006,-11.900000000000006,34.0,-10.0,43.0,35.0,35.0,0.00225485,0.0128278,0.1474589,0.00532817,-0.005119,0.00407575,Bottoming,Crowded Short
2025-10-28,NSC,NORFOLK SOUTHERN ,Industrials,280.4,-0.004402783695497847,-0.0003565062388592999,-0.0666089677440832,-0.0666089677440832,2.2,-0.7999999999999998,-0.7999999999999998,-95.8,-95.8,20.0,36.0,36.0,67.0,67.0,-0.02153813,0.0026662,0.02403083,6.301e-05,-0.0037077,0.00946108,Neutral,Mean Reversion Upside Bias
2025-10-28,NTAP,"NETAPP, INC.",Information Technology,115.91,-0.010922433654748653,-0.006258573388203015,-0.021526253587708877,-0.021526253587708877,42.3,-2.9000000000000057,3.3999999999999986,-5.700000000000003,-5.700000000000003,44.0,0.0,9.0,104.0,104.0,-0.01736177,0.023046,0.04902699,-0.00506811,0.0033665,0.00638775,Bottoming,Crowded Short
2025-10-28,NTRS,NORTHERN TRUST ,Financials,127.34,0.009033280507131591,0.0103943505514561,-0.053937592867756234,-0.053937592867756234,22.8,0.8000000000000007,0.6000000000000014,-32.2,-32.2,36.0,-1.0,-11.0,38.0,38.0,-0.02475661,-0.0084217,0.05225334,0.00094716,-0.0046903,0.00864891,Bottoming,Mean Reversion Downside Bias
2025-10-28,NUE,NUCOR ,Materials,151.99,0.054314650388457286,0.09581831290555165,0.12227719116886959,0.12227719116886959,86.1,13.099999999999994,36.699999999999996,72.0,72.0,1.0,-4.0,40.0,-22.0,-22.0,0.02787324,0.0139822,-0.02390465,0.01833237,0.031184,0.01006341,Buy Bias,Crowded Short
2025-10-28,NVDA,NVIDIA ,Information Technology,201.03,0.04981983393388689,0.07929775582519061,0.077446671668989,0.077446671668989,67.3,6.599999999999994,9.199999999999996,-0.20000000000000284,-0.20000000000000284,11.0,-27.0,8.0,28.0,28.0,0.01405909,0.0296931,0.15718623,0.01706464,0.0052657,0.00888486,Buy Bias,Crowded Short
2025-10-28,NVR,"NVR, INC.",Consumer Discretionary,7461.33,0.003092091907726635,0.004092360030790276,-0.07135709538424773,-0.07135709538424773,17.9,3.9999999999999982,0.1999999999999993,-16.6,-16.6,-17.0,0.0,0.0,-35.0,-35.0,-0.02799398,-0.0113617,0.03578825,-0.00083852,-0.0039454,0.00776693,Sell Bias,
2025-10-28,NWSA,NEWS CORP.,Communication Services,26.68,-0.0026168224299065734,0.013677811550151908,-0.13122761315532405,-0.13122761315532405,8.5,0.1999999999999993,0.40000000000000036,-72.3,-72.3,44.0,-27.0,44.0,77.0,77.0,-0.01981818,-0.0200198,0.01366452,0.00684395,0.0043784,-0.00927921,Leaning Bullish,Mean Reversion Upside Bias
2025-10-28,NXPI,NXP SEMICONDUCTORS NV,Information Technology,212.96,-0.03881567069868208,-0.02828983391129758,-0.06485750669652646,-0.06485750669652646,30.2,-19.400000000000002,-14.8,15.299999999999999,15.299999999999999,16.0,6.0,31.0,17.0,17.0,-0.02631638,-0.0159696,-0.00434864,-0.0012781,0.0048889,0.01095556,Bottoming,Mean Reversion Downside Bias
2025-10-28,O,REALTY INCOME ,Real Estate,59.21,-0.019701986754966816,-0.013002167027837963,-0.025991116960026317,-0.025991116960026317,18.1,-13.799999999999997,-10.099999999999998,-78.5,-78.5,53.0,28.0,13.0,76.0,76.0,-0.00161922,0.0054466,0.0141417,-0.00033095,0.0014083,0.01400013,Neutral,Crowded Short
2025-10-28,ODFL,"OLD DOMINION FREIGHT LINE, INC.",Industrials,136.09,-0.004680757697652194,-0.00022039377020277584,-0.0333143912487569,-0.0333143912487569,40.3,-3.4000000000000057,-10.900000000000006,21.999999999999996,21.999999999999996,3.0,-5.0,16.0,-1.0,-1.0,-0.00815432,-0.0250261,-0.02081827,-0.00248145,0.0295531,0.00404549,Neutral,Crowded Short
2025-10-28,OEF,ISHARES:S&P 100,Sector & Style ETFs,346.8,0.006238212679529953,0.021652673442333237,0.041942074269919694,0.041942074269919694,79.2,0.7999999999999972,16.5,-4.5,-4.5,-3.0,0.0,18.0,37.0,37.0,0.00066195,0.0238291,0.03174325,0.004673,0.0067064,0.00652805,Buy Bias,Mean Reversion Downside Bias
2025-10-28,OKE,"ONEOK, INC.",Energy,69.1,-0.0027420984269016513,0.007141816061798423,-0.05303549403864605,-0.05303549403864605,8.3,-0.3999999999999986,6.9,-25.999999999999996,-25.999999999999996,-20.0,21.0,0.0,-2.0,-2.0,-0.01435051,-0.0382532,0.0259475,-0.00036985,-0.0017978,-0.00600124,Neutral,Mean Reversion Upside Bias
2025-10-28,OMC,OMNICOM GROUP INC.,Communication Services,76.92,-0.028787878787878807,-0.026329113924050573,-0.05654360358150379,-0.05654360358150379,34.1,-35.1,-45.49999999999999,-58.6,-58.6,-22.0,9.0,31.0,34.0,34.0,0.00414174,0.0232004,0.00530048,-0.00517171,-8.15e-05,0.00475683,Neutral,Mean Reversion Downside Bias
2025-10-28,ON,ON SEMICONDUCTOR ,Information Technology,51.8,-0.016704631738800324,0.021494774206270773,0.05049685662137482,0.05049685662137482,75.6,-1.0,6.8999999999999915,14.899999999999991,14.899999999999991,-3.0,19.0,44.0,49.0,49.0,0.01278542,-0.0278805,-0.07291699,0.00080813,0.0053081,0.04262186,Buy Bias,Mean Reversion Downside Bias
2025-10-28,ORCL,ORACLE ,Information Technology,280.83,-0.002025586353944564,-0.00882363321921431,-0.0014578296117195855,-0.0014578296117195855,42.9,1.0,0.6000000000000014,-25.199999999999996,-25.199999999999996,45.0,8.0,32.0,69.0,69.0,8.31e-05,0.0690632,0.12458723,0.00701299,-0.0093839,0.0116038,Bottoming,Mean Reversion Upside Bias
2025-10-28,ORLY,"O'REILLY AUTOMOTIVE, INC.",Consumer Discretionary,96.3,0.005324146570623078,-0.009972242212398452,-0.10676189592802154,-0.10676189592802154,0.2,0.0,-1.2,-68.1,-68.1,0.0,0.0,0.0,5.0,5.0,-0.02844593,-0.0081717,0.05442547,0.00180367,0.0011025,0.00147197,Buy Bias,Crowded Short
2025-10-28,OTIS,OTIS WORLDWIDE ,Industrials,91.3,-0.008147745790331395,-0.007069059271343159,-0.001421852783550337,-0.001421852783550337,37.5,-12.299999999999997,-22.0,-55.2,-55.2,2.0,0.0,5.0,45.0,45.0,-0.00096574,0.0165394,0.01513136,0.00097767,-0.018698,0.01085166,Neutral,Crowded Short
2025-10-28,OXY,OCCIDENTAL PETROLEUM ,Energy,40.83,-0.034751773049645385,-0.04087385482734329,-0.13587301587301592,-0.13587301587301592,6.5,-3.8000000000000007,-9.8,-33.8,-33.8,8.0,-10.0,12.0,37.0,37.0,-0.02221975,0.0062382,-0.07592985,-0.00170165,-0.0004459,-0.00329243,Neutral,Mean Reversion Downside Bias
2025-10-28,PAM,PAMPA ENERGIA SA,MR Discretion,78.14,0.00838817911988654,0.24784413925263493,0.30103230103230105,0.30103230103230105,89.9,0.8000000000000114,35.900000000000006,54.60000000000001,54.60000000000001,-32.0,0.0,-61.0,-43.0,-43.0,0.09380535,0.0006922,0.02541016,0.01700434,0.0446332,0.00921519,Leaning Bullish,Mean Reversion Downside Bias
2025-10-28,PANW,"PALO ALTO NETWORKS, INC.",Information Technology,221.38,0.004948023060511231,0.01966744967988565,0.08722129456831351,0.08722129456831351,81.5,3.5,6.299999999999997,3.700000000000003,3.700000000000003,-17.0,11.0,32.0,2.0,2.0,0.01060829,0.0878093,0.0496928,0.00184195,0.0285777,0.00422519,Leaning Bullish,Crowded Short
2025-10-28,PAYC,"PAYCOM SOFTWARE, INC.",Industrials,198.5,-0.008689572512984411,-0.00506240288707327,-0.04631498030171999,-0.04631498030171999,30.6,17.700000000000003,17.5,10.600000000000001,10.600000000000001,-16.0,-16.0,-51.0,-23.0,-23.0,-0.00127592,-0.0363951,-0.04390014,-0.00087398,-0.0054197,0.00244849,Sell Bias,Mean Reversion Upside Bias
2025-10-28,PAYX,"PAYCHEX, INC.",Industrials,124.05,-0.007679385649148163,-0.004414125200641994,-0.021378983906595206,-0.021378983906595206,27.2,5.399999999999999,4.0,22.6,22.6,-17.0,-21.0,0.0,-6.0,-6.0,-0.00019667,-0.0596944,-0.00310074,-0.00618297,-0.0047487,0.00596511,Leaning Bearish,Mean Reversion Upside Bias
2025-10-28,PBR,BRAZILIAN PETROLEUM  - PETROBRAS,MR Discretion,11.87,0.0008431703204045959,0.011073253833049357,-0.06240126382306488,-0.06240126382306488,6.9,1.5,4.7,-53.0,-53.0,-42.0,0.0,-73.0,3.0,3.0,-0.01430013,-0.0073387,-0.02761573,0.00435854,-0.0013183,-0.01136986,Leaning Bearish,Mean Reversion Upside Bias
2025-10-28,PCAR,PACCAR INC,Industrials,99.17,-0.018895924020577715,-0.009587536202936175,0.008645240032546964,0.008645240032546964,53.4,-2.200000000000003,4.199999999999996,8.399999999999999,8.399999999999999,-48.0,-27.0,-17.0,-51.0,-51.0,0.01134117,-0.001292,0.03382112,0.00076134,-0.0033456,-0.00263345,Neutral,Crowded Long
2025-10-28,PCG,PG&E ,Utilities,16.12,-0.01886792452830177,-0.01707317073170722,0.06896551724137945,0.06896551724137945,82.3,-7.400000000000006,-7.6000000000000085,37.3,37.3,-45.0,16.0,16.0,-57.0,-57.0,0.01044509,0.0421835,-0.00725013,-0.00608811,-0.0016792,0.01414613,Leaning Bearish,Mean Reversion Upside Bias
2025-10-28,PEG,PUBLIC SERVICE ENTERPRISE GROUP INC.,Utilities,81.27,-0.026123427201917404,-0.022139333413548345,-0.02624011502516177,-0.02624011502516177,28.2,-24.400000000000002,-31.7,-34.5,-34.5,21.0,-9.0,-9.0,11.0,11.0,0.00885229,-0.0021213,0.05902105,-0.00052406,-0.0086931,0.0071227,Leaning Bearish,Crowded Short
2025-10-28,PEP,"PEPSICO, INC.",Consumer Staples,150.12,-0.0164449977068728,-0.009435829759155467,0.0689262318427799,0.0689262318427799,89.9,-7.099999999999994,-3.799999999999997,76.60000000000001,76.60000000000001,-35.0,2.0,20.0,-82.0,-82.0,0.02113325,0.0223947,0.00928014,-0.00047292,0.0004758,0.00753077,Neutral,Mean Reversion Downside Bias
2025-10-28,PFE,PFIZER INC.,Health Care,24.5,-0.010900282599919264,-0.010500807754442731,-0.038461538461538436,-0.038461538461538436,46.0,-35.900000000000006,-38.099999999999994,-27.0,-27.0,35.0,27.0,27.0,45.0,45.0,-0.02746861,0.0481092,-0.03928629,0.00195348,0.0171711,0.01793175,Leaning Bullish,Crowded Long
2025-10-28,PFG,"PRINCIPAL FINANCIAL GROUP, INC.",Financials,82.2,0.03305265803694879,0.03240391861341374,-0.008563502593173289,-0.008563502593173289,47.2,26.800000000000004,25.6,-14.899999999999999,-14.899999999999999,13.0,-42.0,-42.0,53.0,53.0,-0.01199159,0.0161528,0.00057586,0.00456803,0.0107642,0.01024,Leaning Bullish,Crowded Short
2025-10-28,PG,THE PROCTER & GAMBLE COMPANY,Consumer Staples,151.37,-0.002438381441940196,-0.007344743917633956,-0.01483891962251871,-0.01483891962251871,36.3,-4.400000000000006,-15.100000000000001,9.099999999999998,9.099999999999998,-5.0,-34.0,-17.0,-59.0,-59.0,0.00292877,0.0013185,-0.00077241,0.00047864,0.0029616,0.00180177,Neutral,Mean Reversion Upside Bias
2025-10-28,PGR,THE PROGRESSIVE ,Financials,211.91,-0.021607645782353746,-0.03277192021543662,-0.1418910710670176,-0.1418910710670176,1.0,-6.3,-12.3,-42.1,-42.1,0.0,0.0,0.0,5.0,5.0,-0.05064007,-0.0312972,0.04708106,-0.0023414,-0.0002645,-0.02866727,Neutral,Mean Reversion Downside Bias
2025-10-28,PH,PARKER-HANNIFIN ,Industrials,767.01,-0.009261412074711206,-0.006463730569948201,0.011686341752951357,0.011686341752951357,49.4,-7.700000000000003,-7.899999999999999,14.5,14.5,38.0,41.0,41.0,36.0,36.0,-0.00362407,0.0002579,0.03055727,0.00229728,0.0005362,0.00513145,Buy Bias,Crowded Short
2025-10-28,PHM,"PULTEGROUP, INC.",Consumer Discretionary,120.74,0.0036575228595179254,0.0017423048203766278,-0.08620298191175357,-0.08620298191175357,12.7,1.799999999999999,-3.400000000000002,-33.900000000000006,-33.900000000000006,53.0,54.0,81.0,100.0,100.0,-0.04428,0.0058434,0.05974178,0.0016989,-0.0042887,0.00176694,Bottoming,Crowded Short
2025-10-28,PKG,PACKAGING  OF AMERICA,Materials,206.16,-0.002178016552925932,0.006493189474197969,-0.05400816776029005,-0.05400816776029005,19.2,-10.8,-3.6000000000000014,-30.400000000000002,-30.400000000000002,52.0,48.0,-4.0,56.0,56.0,-0.00485907,0.0083355,0.03932196,0.00103917,0.0132271,-4.783e-05,Buy Bias,Crowded Short
2025-10-28,PLD,"PROLOGIS, INC.",Real Estate,125.72,-0.010701920050361968,-0.00561575575417228,0.097799511002445,0.097799511002445,87.3,-5.400000000000006,-3.799999999999997,16.099999999999994,16.099999999999994,-24.0,36.0,68.0,-4.0,-4.0,0.02744071,0.0111114,-0.02290038,0.00093261,0.0049458,0.02391867,Buy Bias,Mean Reversion Downside Bias
2025-10-28,PLTR,PALANTIR TECHNOLOGIES INC.,Information Technology,189.6,0.002220107833809104,0.026918702269403738,0.03935971932902094,0.03935971932902094,30.2,-6.699999999999999,0.1999999999999993,-45.599999999999994,-45.599999999999994,89.0,0.0,27.0,65.0,65.0,0.0038971,0.0425592,0.27587989,0.00421391,0.0019896,0.0049078,Buy Bias,Crowded Short
2025-10-28,PM,PHILIP MORRIS INTERNATIONAL INC.,Consumer Staples,149.81,-0.022191762939755888,-0.0495495495495496,-0.07638717632552394,-0.07638717632552394,10.9,-5.999999999999998,-10.499999999999998,-13.1,-13.1,11.0,-26.0,-27.0,-6.0,-6.0,-0.01818757,-0.0288847,0.05865696,-0.00326348,-0.0053149,-0.00949609,Leaning Bearish,Mean Reversion Downside Bias
2025-10-28,PNC,"THE PNC FINANCIAL SERVICES GROUP, INC.",Financials,182.84,-0.01092718814237803,-0.019309161124222207,-0.09003135420295627,-0.09003135420295627,22.8,-2.1999999999999993,-2.0,3.1999999999999993,3.1999999999999993,60.0,-3.0,19.0,21.0,21.0,-0.02463082,-0.0120123,0.04761876,0.00239735,0.0094187,-0.00201341,Buy Bias,Mean Reversion Downside Bias
2025-10-28,PNR,PENTAIR PUBLIC LIMITED COMPANY,Industrials,108.87,-0.002382479611472421,-0.007837419119657296,-0.017063921993499487,-0.017063921993499487,26.0,-6.299999999999997,-11.299999999999997,-36.9,-36.9,-8.0,8.0,-10.0,12.0,12.0,-0.01889024,0.0114168,0.04219874,-0.00083608,-0.0012789,0.01173365,Sell Bias,Mean Reversion Upside Bias
2025-10-28,PNW,PINNACLE WEST CAPITAL ,Utilities,90.68,-0.012200435729847414,-0.015631784628745038,0.011376310506357568,0.011376310506357568,52.0,-31.5,-41.099999999999994,0.20000000000000284,0.20000000000000284,22.0,42.0,63.0,-16.0,-16.0,0.00163812,-0.0048729,0.02550224,-0.00450353,-0.0001741,0.00689094,Neutral,Mean Reversion Upside Bias
2025-10-28,PODD,INSULET ,Health Care,324.34,-0.004481276856967531,0.010688354990495696,0.05056197972338272,0.05056197972338272,68.5,0.0,16.700000000000003,63.5,63.5,8.0,0.0,-26.0,18.0,18.0,0.01313516,0.0103869,0.05864038,-0.00147811,-0.0006431,0.01209189,Leaning Bearish,Mean Reversion Upside Bias
2025-10-28,POOL,POOL ,Consumer Discretionary,286.95,-0.022516691647363474,-0.023148936170212853,-0.0745638081723482,-0.0745638081723482,9.7,-3.200000000000001,-6.400000000000002,-58.2,-58.2,12.0,20.0,20.0,43.0,43.0,-0.00938802,-0.0150881,-0.03197254,0.00038506,-0.0013018,0.00489806,Neutral,Mean Reversion Upside Bias
2025-10-28,POWA,INVESCO BLOOMBERG PRICING POWER,Sector & Style ETFs,91.62,-0.005859374999999889,-0.004130434782608661,0.012152010605391173,0.012152010605391173,55.6,-22.4,-22.6,-3.1000000000000014,-3.1000000000000014,-10.0,10.0,10.0,-14.0,-14.0,0.00376434,-0.0069967,0.0128192,0.00042363,-0.0026979,0.00465172,Neutral,Mean Reversion Upside Bias
2025-10-28,PPG,"PPG INDUSTRIES, INC.",Materials,105.31,-0.001327643432906589,0.017487922705313963,0.001902768528208476,0.001902768528208476,61.5,-8.700000000000003,4.200000000000003,39.7,39.7,15.0,4.0,-18.0,11.0,11.0,0.00194015,-0.0110244,-0.05019763,0.00581609,0.0378086,0.00273881,Buy Bias,Crowded Short
2025-10-28,PPL,PPL ,Utilities,36.91,-0.014682327816337493,-0.01178045515394921,-0.006727664155005364,-0.006727664155005364,30.8,-9.499999999999996,-17.999999999999996,-22.2,-22.2,42.0,20.0,12.0,10.0,10.0,0.00224943,0.0041677,0.0554425,-0.00409479,0.0009318,0.0093794,Bottoming,Mean Reversion Upside Bias
2025-10-28,PRU,"PRUDENTIAL FINANCIAL, INC.",Financials,101.45,-0.007435671656393583,-0.007144255235858377,-0.02207441681125888,-0.02207441681125888,37.5,-6.299999999999997,-3.0,16.1,16.1,20.0,0.0,17.0,16.0,16.0,-0.01456646,-0.006178,-0.01138869,-0.00150289,0.0021791,0.00258725,Leaning Bullish,Crowded Short
2025-10-28,PSA,PUBLIC STORAGE.,Real Estate,298.04,-0.007657987614037243,-0.013896241397564846,0.03181582136056771,0.03181582136056771,78.4,-8.699999999999989,-15.799999999999997,19.700000000000003,19.700000000000003,30.0,50.0,53.0,15.0,15.0,0.00905094,0.0242313,0.0127979,-0.00437675,0.0074618,0.01727133,Leaning Bullish,Mean Reversion Upside Bias
2025-10-28,PSKY,PARAMOUNT SKYDANCE ,Communication Services,16.21,-0.021135265700482964,-0.030502392344497475,-0.14323467230443976,-0.14323467230443976,0.6,0.0,-2.4,-98.60000000000001,-98.60000000000001,39.0,0.0,37.0,84.0,84.0,-0.04897377,0.0638455,0.02948036,-0.00200361,0.0192722,0.0167415,Leaning Bullish,Mean Reversion Upside Bias
2025-10-28,PSX,PHILLIPS 66,Energy,133.66,-0.012996603160537523,-0.009779226552081743,-0.017350389648581155,-0.017350389648581155,31.5,-1.0,9.7,-12.700000000000003,-12.700000000000003,20.0,5.0,-5.0,39.0,39.0,0.00497441,0.016342,-0.01288205,0.00466074,0.0063694,0.00325755,Leaning Bullish,Crowded Short
2025-10-28,PTC,PTC INC.,Information Technology,202.46,-0.004033844942935794,-0.011474049118695318,-0.002758348931139798,-0.002758348931139798,40.1,0.20000000000000284,-8.699999999999996,29.6,29.6,-9.0,0.0,-47.0,-49.0,-49.0,-0.00065535,0.0073215,0.04084556,-0.00164658,-0.0158372,-0.00054005,Sell Bias,Crowded Short
2025-10-28,PWR,"QUANTA SERVICES, INC.",Industrials,439.57,-0.005092571635507692,-0.0030843898124419677,0.06068722552000372,0.06068722552000372,60.3,-4.6000000000000085,-5.200000000000003,-18.299999999999997,-18.299999999999997,-2.0,0.0,8.0,21.0,21.0,-0.00581206,0.0166178,0.07087431,0.00029544,-0.0082296,0.01891741,Neutral,Crowded Short
2025-10-28,PYPL,"PAYPAL HOLDINGS, INC.",Financials,73.02,0.03943060498220641,0.04658162534040411,0.0888756337608112,0.0888756337608112,85.5,25.4,15.099999999999994,57.9,57.9,6.0,-41.0,-5.0,-46.0,-46.0,0.01596962,0.0422242,0.01653151,0.01049999,0.0379076,0.01525287,Leaning Bullish,Mean Reversion Downside Bias
2025-10-28,QAT,ISHARES:MSCI QATAR,Foreign,19.19,0.0,-0.005184033177812242,-0.017409114183307706,-0.017409114183307706,2.2,-1.1999999999999997,-4.1,-26.8,-26.8,14.0,0.0,0.0,-4.0,-4.0,0.00149434,0.0078609,0.0069547,0.00146288,-0.0012005,0.01030866,Neutral,
2025-10-28,QCOM,QUALCOMM INC.,Information Technology,181.03,-0.03543265132139817,0.07156386882917021,0.0881822553498437,0.0881822553498437,80.4,-10.099999999999994,26.400000000000006,6.800000000000011,6.800000000000011,-16.0,21.0,-67.0,7.0,7.0,0.05033036,0.0774115,0.06496739,0.00166023,0.0762725,0.01912074,Leaning Bullish,Mean Reversion Downside Bias
2025-10-28,QQQ,INVESCO QQQ TRUST 1,Sector & Style ETFs,632.92,0.00768998073524485,0.025636039539782773,0.05421656645068862,0.05421656645068862,81.3,2.700000000000003,13.399999999999991,-10.799999999999997,-10.799999999999997,1.0,21.0,38.0,44.0,44.0,0.00381819,0.024845,0.03572161,0.00470649,0.0056976,0.00765698,Buy Bias,Crowded Short
2025-10-28,QUAL,ISHARES:MSCI USA QF,Sector & Style ETFs,199.13,-0.0002510292198012465,0.011531037285380297,0.02380462724935728,0.02380462724935728,72.0,-8.200000000000003,2.200000000000003,-9.5,-9.5,-37.0,-21.0,17.0,3.0,3.0,-0.00433734,0.0146069,0.01694439,0.00175369,0.000489,0.00516217,Neutral,Mean Reversion Downside Bias
2025-10-28,RCL,ROYAL CARIBBEAN CRUISES LTD.,Consumer Discretionary,292.95,-0.08527446449759568,-0.07426133670406065,-0.0946597441127387,-0.0946597441127387,22.8,-11.7,-6.199999999999999,19.0,19.0,42.0,-21.0,-12.0,7.0,7.0,-0.01486021,-0.0043443,0.12024485,-0.01374214,0.0186289,0.01178485,Bottoming,Mean Reversion Downside Bias
2025-10-28,REG,REGENCY CENTERS ,Real Estate,71.54,-0.02241049467067502,-0.01514317180616731,-0.01865569272976675,-0.01865569272976675,16.3,-35.099999999999994,-39.5,-32.900000000000006,-32.900000000000006,-10.0,17.0,-5.0,-22.0,-22.0,-0.00032996,-0.0027941,0.02016765,-0.0014698,-0.0074724,0.00318866,Leaning Bearish,Crowded Short
2025-10-28,REGN,"REGENERON PHARMACEUTICALS, INC.",Health Care,654.48,0.11817669269276121,0.13241629898780172,0.1639959450086259,0.1639959450086259,97.4,13.5,19.0,45.800000000000004,45.800000000000004,-35.0,-17.0,0.0,-17.0,-17.0,0.01907635,0.0395353,-0.0249588,0.03248615,0.0288933,0.00444297,Leaning Bullish,Mean Reversion Downside Bias
2025-10-28,RF,REGIONS FINANCIAL ,Financials,24.27,0.0012376237623763497,-0.012210012210012278,-0.07963594994311718,-0.07963594994311718,27.6,2.0,0.6000000000000014,7.0,7.0,63.0,26.0,16.0,51.0,51.0,-0.03737618,-0.0261644,0.03611767,0.00171174,0.0009502,0.01749244,Buy Bias,Mean Reversion Downside Bias
2025-10-28,RIG,TRANSOCEAN LTD,MR Discretion,3.75,-0.02849740932642486,-0.038461538461538436,0.20192307692307687,0.20192307692307687,92.3,-3.5,-2.9000000000000057,39.5,39.5,-64.0,0.0,-38.0,-66.0,-66.0,0.04499957,0.0652127,-0.11982185,-0.00243423,-0.015744,0.03339702,Leaning Bearish,Mean Reversion Upside Bias
2025-10-28,RJF,"RAYMOND JAMES FINANCIAL, INC.",Financials,159.69,-0.012552559980212763,-0.01692932775178524,-0.07479721900347625,-0.07479721900347625,11.7,2.3999999999999986,-1.200000000000001,-34.900000000000006,-34.900000000000006,8.0,-15.0,-14.0,-5.0,-5.0,-0.0060717,0.0035017,0.05933211,-0.00056218,-0.0060738,0.00611921,Sell Bias,Mean Reversion Upside Bias
2025-10-28,RL,RALPH LAUREN ,Consumer Discretionary,331.2,-0.018870160263056546,-0.01331665028152662,0.05625717566016064,0.05625717566016064,57.9,-21.500000000000007,-10.800000000000004,30.299999999999997,30.299999999999997,-14.0,-23.0,-28.0,-68.0,-68.0,0.01159984,0.0356396,0.10314265,-0.00179227,-0.0019343,0.00786145,Sell Bias,Mean Reversion Upside Bias
2025-10-28,RMD,RESMED INC.,Health Care,256.57,-0.0101847922533852,-0.011252842113376293,-0.0626895115624887,-0.0626895115624887,0.2,-2.0,-3.5999999999999996,-51.0,-51.0,-17.0,0.0,-2.0,-54.0,-54.0,-0.02355646,-0.004288,0.06612585,-0.00338096,-0.008633,-0.0049223,Sell Bias,Mean Reversion Upside Bias
2025-10-28,ROK,"ROCKWELL AUTOMATION, INC.",Industrials,361.98,0.0012447099825740882,0.015428635547576341,0.03561926014934347,0.03561926014934347,62.7,-9.299999999999997,-2.200000000000003,4.600000000000001,4.600000000000001,15.0,5.0,13.0,25.0,25.0,0.00298869,-0.028053,-0.01091583,0.0024635,0.0073944,0.00939104,Leaning Bullish,Crowded Short
2025-10-28,ROKU,"ROKU, INC.",MR Discretion,99.01,0.0020240866309078065,0.02824800083082346,-0.011185458903425483,-0.011185458903425483,29.4,2.0,11.099999999999998,-21.4,-21.4,65.0,0.0,18.0,92.0,92.0,-0.02052021,0.0215322,0.0080795,-0.00119485,0.042156,0.02603197,Leaning Bullish,Crowded Short
2025-10-28,ROL,"ROLLINS, INC.",Industrials,56.05,-0.0032011381824649243,-0.009717314487632578,-0.04579502894109644,-0.04579502894109644,9.1,-2.8000000000000007,-18.9,-60.699999999999996,-60.699999999999996,-26.0,-58.0,-70.0,27.0,27.0,-0.01193282,-0.0119158,0.03389355,-0.00212496,-0.0023908,0.01258675,Sell Bias,Mean Reversion Upside Bias
2025-10-28,ROP,"ROPER TECHNOLOGIES, INC.",Information Technology,456.16,-0.016324154141418523,-0.04728487886382615,-0.08528344261966347,-0.08528344261966347,24.8,-7.900000000000002,-22.999999999999996,6.300000000000001,6.300000000000001,34.0,8.0,36.0,28.0,28.0,-0.03572182,-0.0427769,-0.02912511,-0.00652805,0.0079941,-0.00859904,Neutral,Mean Reversion Downside Bias
2025-10-28,ROST,"ROSS STORES, INC.",Consumer Discretionary,160.7,-0.00018664841659932208,0.02519936204146722,0.05453113721372804,0.05453113721372804,68.7,-0.8999999999999915,5.800000000000004,11.0,11.0,-28.0,0.0,-4.0,-18.0,-18.0,0.01020873,0.0291493,0.01937211,0.0039008,-0.0040471,0.00539908,Neutral,Crowded Short
2025-10-28,RSG,"REPUBLIC SERVICES, INC.",Industrials,217.73,-0.014974665218964955,-0.02402617777578564,-0.051202719191214885,-0.051202719191214885,12.1,-6.6,-16.5,-7.9,-7.9,46.0,-18.0,32.0,21.0,21.0,-0.00261606,-0.0140631,0.05873514,-0.00563641,0.0056467,-0.00696178,Neutral,Crowded Short
2025-10-28,RSP,INVESCO S&P500 EWGHT,Sector & Style ETFs,190.46,-0.008588829316537483,-0.004182787828087342,0.004006325777543562,0.004006325777543562,45.0,-15.700000000000003,-15.899999999999999,4.299999999999997,4.299999999999997,-28.0,-25.0,17.0,-18.0,-18.0,-0.00677772,0.0031453,0.00643496,-3.718e-05,0.0035862,0.00609359,Neutral,Mean Reversion Downside Bias
2025-10-28,RTX,RTX ,Industrials,178.67,-0.0031800937290784592,0.00011195074167358321,0.06777027430825289,0.06777027430825289,70.6,-11.700000000000003,-11.5,-3.8000000000000114,-3.8000000000000114,-34.0,-34.0,-65.0,-38.0,-38.0,0.0210145,0.0220495,0.07805243,-0.00064578,-0.0101689,0.01714989,Sell Bias,Mean Reversion Downside Bias
2025-10-28,RUT,RUSSELL 2000 INDEX,Indices,2506.65,-0.00546732105236003,-0.0027094125229762955,0.028799743892829133,0.028799743892829133,58.5,-4.200000000000003,-2.799999999999997,-2.0,-2.0,-18.0,0.0,0.0,42.0,42.0,-0.00020419,0.0253579,0.02971004,0.00045347,0.0107768,0.01118405,Neutral,
2025-10-28,RVTY,"REVVITY, INC.",Health Care,96.45,-0.0073075339645943815,-0.024673880068763254,0.10039931545921266,0.10039931545921266,93.3,-5.700000000000003,-6.5,23.099999999999994,23.099999999999994,-23.0,22.0,22.0,-37.0,-37.0,0.01150908,0.0250409,-0.00914119,-0.00128928,0.0135125,0.05316471,Neutral,Mean Reversion Upside Bias
2025-10-28,SBAC,SBA COMMUNICATIONS ,Real Estate,193.4,-0.01976685250886978,-0.026575397624320485,0.00025859839669006845,0.00025859839669006845,54.4,-2.8999999999999986,-14.800000000000004,25.4,25.4,22.0,16.0,39.0,-34.0,-34.0,0.01019026,-0.0435626,-0.01211007,-0.00920094,0.0047424,0.00380002,Neutral,Crowded Short
2025-10-28,SBLK,STAR BULK CARRIERS CORP.,MR Discretion,18.22,0.01730876605248466,0.040548258138206617,-0.019903173749327596,-0.019903173749327596,33.1,5.300000000000001,18.8,-2.799999999999997,-2.799999999999997,12.0,-53.0,-28.0,-1.0,-1.0,-0.01597675,-0.0267466,-0.01316235,0.0063496,0.0051886,-0.01120391,Leaning Bullish,Mean Reversion Upside Bias
2025-10-28,SBUX,STARBUCKS ,Consumer Discretionary,85.43,-0.020522815867920152,-0.007666395632477618,0.009810874704491823,0.009810874704491823,58.3,-6.400000000000006,-12.5,39.099999999999994,39.099999999999994,33.0,18.0,87.0,39.0,39.0,0.01274591,-0.0276932,-0.04105782,0.00169413,0.0084054,-0.00185025,Buy Bias,Crowded Short
2025-10-28,SCHW,THE CHARLES SCHWAB ,Financials,93.85,-0.010438633487979798,-0.0060368565981784306,-0.01696868126112916,-0.01696868126112916,18.7,2.1999999999999993,-4.5,-18.400000000000002,-18.400000000000002,14.0,-22.0,-22.0,6.0,6.0,0.00623378,-0.0009805,0.0519565,-0.00183074,-0.0031398,0.0080419,Leaning Bearish,Mean Reversion Upside Bias
2025-10-28,SD,"SANDRIDGE ENERGY, INC.",MR Discretion,11.53,-0.011996572407883543,-0.021222410865874397,0.022163120567375794,0.022163120567375794,58.1,-5.999999999999993,1.3999999999999986,38.5,38.5,8.0,-21.0,36.0,-23.0,-23.0,-0.00919735,0.0416358,-0.06458777,-0.00369056,0.0032398,0.01279043,Neutral,Mean Reversion Downside Bias
2025-10-28,SDY,SPDR S&P DIVIDEND,Sector & Style ETFs,138.93,-0.010047028644719957,-0.004728132387706863,-0.007997143877186752,-0.007997143877186752,24.6,-16.299999999999997,-11.5,-0.1999999999999993,-0.1999999999999993,47.0,52.0,56.0,43.0,43.0,-0.0085295,0.0051953,0.01177897,-0.00047834,0.0067499,0.00264026,Neutral,Crowded Short
2025-10-28,SHW,THE SHERWIN-WILLIAMS COMPANY,Materials,354.45,0.05465960485598664,0.061227544910179565,0.02365274649107607,0.02365274649107607,74.2,42.300000000000004,46.400000000000006,50.800000000000004,50.800000000000004,-14.0,-46.0,-27.0,-60.0,-60.0,0.02120221,0.0289508,0.0311132,0.02809479,0.0217107,0.00711735,Buy Bias,Mean Reversion Downside Bias
2025-10-28,SHY,ISHARES:1-3 TRS BD ETF,Bonds,83.1,0.00012035142616428907,-0.00012032246420412562,0.0016875602700097136,0.0016875602700097136,18.1,-1.8999999999999986,-4.099999999999998,-15.399999999999999,-15.399999999999999,40.0,0.0,0.0,6.0,6.0,0.00469588,0.0065166,0.00823734,-5.808e-05,0.0018863,0.0004223,Neutral,Crowded Short
2025-10-28,SILJ,ETFMG PRIME JR SILVR MNR,Commodities,22.53,0.022232304900181576,-0.013572679509632146,-0.024252923343438648,-0.024252923343438648,32.5,3.5,-10.0,-59.599999999999994,-59.599999999999994,51.0,14.0,67.0,68.0,68.0,-0.01459153,0.1083352,0.11781553,-0.00380469,0.0186449,0.02734276,Bottoming,Crowded Short
2025-10-28,SJM,THE J. M. SMUCKER COMPANY,Consumer Staples,104.84,0.0006681301899398306,0.026434305854709184,-0.03462246777163891,-0.03462246777163891,21.0,-11.5,12.9,-36.9,-36.9,31.0,9.0,41.0,28.0,28.0,-0.01307902,-0.0371445,-0.02614219,0.00041151,-0.0042979,0.0043858,Neutral,Mean Reversion Upside Bias
2025-10-28,SLB,SCHLUMBERGER N.V.,Energy,35.86,-0.008296460176991038,0.0008372871895059308,0.043351760256037375,0.043351760256037375,77.2,5.200000000000003,12.900000000000006,60.900000000000006,60.900000000000006,-38.0,25.0,-28.0,-37.0,-37.0,0.01206222,0.0028963,-0.07587654,0.0011593,-0.0011036,2.273e-05,Topping,Crowded Short
2025-10-28,SLV,ISHARES:SILVER TRUST,Commodities,42.7,0.0070754716981134,-0.0293248465560354,0.007788529620014195,0.007788529620014195,46.6,3.5,-11.699999999999996,-51.199999999999996,-51.199999999999996,39.0,0.0,47.0,36.0,36.0,-0.00114594,0.0754934,0.12216218,-0.00370763,0.0126542,0.02711635,Bottoming,Mean Reversion Downside Bias
2025-10-28,SMCI,"SUPER MICRO COMPUTER, INC.",Information Technology,52.36,0.015318983905371342,0.08428246013667429,0.09219858156028371,0.09219858156028371,57.7,-3.0,4.900000000000006,-38.89999999999999,-38.89999999999999,-39.0,0.0,0.0,-1.0,-1.0,-0.02737935,-0.0116778,0.05604574,-0.00453793,-0.022941,0.01092186,Sell Bias,Crowded Short
2025-10-28,SNA,SNAP-ON INC.,Industrials,342.7,-0.010252707581227427,-0.003576309132672373,-0.011052434132686861,-0.011052434132686861,39.1,-9.5,-10.699999999999996,-45.99999999999999,-45.99999999999999,-5.0,-43.0,17.0,35.0,35.0,0.01085427,0.0061505,0.03462235,0.00562011,0.0022991,0.00554445,Leaning Bullish,Mean Reversion Downside Bias
2025-10-28,SNPS,"SYNOPSYS, INC.",Information Technology,456.83,-0.018435358071377972,-0.015834374596061962,-0.0740995966679503,-0.0740995966679503,21.6,-18.299999999999997,-14.100000000000001,-24.799999999999997,-24.799999999999997,-17.0,-12.0,15.0,-17.0,-17.0,-0.01213616,-0.1742115,-0.02747043,-0.00132493,-0.009684,-0.00621364,Leaning Bearish,Mean Reversion Upside Bias
2025-10-28,SO,THE SOUTHERN COMPANY,Utilities,93.91,-0.015618448637316651,-0.02054651647893202,-0.009074601667194204,-0.009074601667194204,33.5,-22.799999999999997,-19.700000000000003,-31.0,-31.0,26.0,2.0,-4.0,31.0,31.0,0.00075694,-0.0033952,0.0391241,-0.00689576,-0.0059861,0.0090361,Leaning Bearish,Crowded Short
2025-10-28,SOLV,SOLVENTUM ,Health Care,70.92,-0.01472631286468462,-0.007278835386338112,-0.028493150684931523,-0.028493150684931523,11.7,-20.0,-25.2,-46.400000000000006,-46.400000000000006,4.0,9.0,30.0,1.0,1.0,-0.0078434,-0.0110563,0.02287655,-0.00031882,0.0038838,-0.00163438,Neutral,Mean Reversion Upside Bias
2025-10-28,SPG,"SIMON PROPERTY GROUP, INC.",Real Estate,176.77,-0.016742685504505417,-0.0074119827053736875,-0.058080673522672654,-0.058080673522672654,1.0,-10.3,-6.9,-75.0,-75.0,27.0,-13.0,44.0,55.0,55.0,-0.00272819,-0.0038478,0.0544416,-2.509e-05,-0.000101,0.00651914,Neutral,Mean Reversion Upside Bias
2025-10-28,SPGI,S&P GLOBAL INC.,Financials,493.68,-0.005960051546391676,0.00864235366227395,0.014320642682500884,0.014320642682500884,58.3,1.3999999999999986,7.299999999999997,41.199999999999996,41.199999999999996,-5.0,0.0,0.0,-5.0,-5.0,0.01077131,-0.0262282,0.0177411,0.00176992,-0.0073173,0.00610785,Neutral,Mean Reversion Upside Bias
2025-10-28,SPHB,INVESCO S&P500 HI BE,Sector & Style ETFs,114.97,-0.006567009418474101,0.0033161706955231463,0.04708561020036428,0.04708561020036428,68.7,-1.7000000000000028,-0.5,-4.099999999999994,-4.099999999999994,-37.0,0.0,0.0,4.0,4.0,-0.00410775,0.0214415,0.01902449,0.00125736,-0.0008437,0.0120398,Neutral,Mean Reversion Downside Bias
2025-10-28,SPLV,INVESCO S&P500 LOWVL,Sector & Style ETFs,71.75,-0.011980170751859087,-0.008977900552486262,-0.023543821448013147,-0.023543821448013147,11.3,-6.199999999999999,-10.899999999999999,-31.599999999999998,-31.599999999999998,2.0,-29.0,-5.0,0.0,0.0,-0.00228415,0.0047856,0.0211934,-0.00164681,-0.0005707,0.00253928,Sell Bias,Crowded Short
2025-10-28,SPX,S&P 500 INDEX,Indices,6890.89,0.0022879467532392894,0.014607578684508127,0.03026556187822016,0.03026556187822016,74.2,-1.5999999999999943,9.700000000000003,-6.200000000000003,-6.200000000000003,-10.0,-16.0,8.0,38.0,38.0,-0.00309666,0.0139519,0.01918283,0.00302275,0.0026819,0.00577269,Buy Bias,
2025-10-28,SPY,SPDR S&P 500 ETF,Sector & Style ETFs,687.06,0.002656003735917345,0.014485049833886876,0.031342880302621,0.031342880302621,75.4,-1.3999999999999915,10.5,-4.199999999999989,-4.199999999999989,6.0,9.0,34.0,42.0,42.0,-0.00324234,0.0165096,0.01935721,0.00306704,0.0034113,0.00568335,Buy Bias,Mean Reversion Downside Bias
2025-10-28,SRE,SEMPRA,Utilities,92.55,-0.006654502522271177,-0.002478982539340424,0.02856190264503211,0.02856190264503211,57.7,-5.199999999999996,-8.599999999999994,-27.799999999999997,-27.799999999999997,-27.0,11.0,8.0,6.0,6.0,0.00626078,0.0322569,0.02712733,-0.00319586,-0.0028722,0.01454578,Leaning Bearish,Mean Reversion Upside Bias
2025-10-28,STE,STERIS PUBLIC LIMITED COMPANY,Health Care,241.2,0.0012037690423809533,0.0018275461040040408,-0.025218234723569433,-0.025218234723569433,22.6,-8.399999999999999,-2.0,-44.300000000000004,-44.300000000000004,4.0,9.0,0.0,61.0,61.0,-0.00230004,0.0051575,-0.01242517,-0.00100546,0.0003072,0.00371194,Neutral,Mean Reversion Upside Bias
2025-10-28,STIP,ISHARES:0-5 TIPS BD ETF,Bonds,103.39,-0.0002900792883387959,-0.0011593082793933673,0.00029024767801866247,0.00029024767801866247,5.0,0.0,0.40000000000000036,-43.6,-43.6,15.0,7.0,7.0,-7.0,-7.0,-0.0001743,0.0010176,0.00542289,0.00035434,0.0009721,0.00157239,Neutral,Crowded Short
2025-10-28,STLA,STELLANTIS NV,MR Discretion,11.31,0.033820840950639974,0.03952205882352944,0.21092077087794436,0.21092077087794436,99.0,2.200000000000003,1.4000000000000057,39.3,39.3,-60.0,10.0,-25.0,-57.0,-57.0,0.00324851,0.0344981,-0.0878876,-0.00373027,0.0145571,0.00825067,Neutral,Mean Reversion Downside Bias
2025-10-28,STLD,"STEEL DYNAMICS, INC.",Materials,161.07,0.019301354258954406,0.053089244851258544,0.15520332783475577,0.15520332783475577,98.4,3.200000000000003,13.700000000000003,20.80000000000001,20.80000000000001,-43.0,-23.0,-26.0,-15.0,-15.0,0.03498095,0.0543307,0.03057333,0.00586918,0.0171326,0.01658631,Leaning Bullish,Mean Reversion Downside Bias
2025-10-28,STNG,SCORPIO TANKERS INC.,MR Discretion,61.44,0.020767569363681737,0.01772403511677978,0.09616413916146294,0.09616413916146294,83.3,13.5,16.39999999999999,3.299999999999997,3.299999999999997,-40.0,-20.0,-37.0,-16.0,-16.0,0.03943367,0.0529899,0.01476073,0.01562047,-0.0002047,0.00273001,Neutral,Mean Reversion Upside Bias
2025-10-28,STT,STATE STREET ,Financials,118.68,0.014098948987439242,0.022046159145711286,0.023015257305404768,0.023015257305404768,60.3,19.4,14.099999999999994,14.299999999999997,14.299999999999997,19.0,10.0,12.0,28.0,28.0,-0.0147792,-0.0121944,0.03804583,0.00166519,-0.0069606,0.00100779,Bottoming,Mean Reversion Downside Bias
2025-10-28,STX,SEAGATE TECHNOLOGY HOLDINGS,Information Technology,223.0,-0.03178186870441124,-0.04749701008030072,-0.0553249173938829,-0.0553249173938829,38.5,-5.5,-16.5,-59.3,-59.3,60.0,0.0,9.0,90.0,90.0,-0.01132608,0.1197035,0.10862089,0.01354561,0.0159139,0.01933962,Leaning Bullish,Crowded Short
2025-10-28,STZ,"CONSTELLATION BRANDS, INC.",Consumer Staples,134.19,-0.027326761380110254,-0.03889127632144396,-0.0035642682111828305,-0.0035642682111828305,59.3,-8.799999999999997,-31.400000000000006,36.099999999999994,36.099999999999994,-47.0,9.0,38.0,-76.0,-76.0,-0.01210538,-0.0537928,-0.07357901,-0.01688138,-0.0044577,0.0039231,Sell Bias,Mean Reversion Upside Bias
2025-10-28,SW,SMURFIT WESTROCK PUBLIC LIMITED COMPANY,Materials,43.09,-0.0071428571428570065,0.00046436034362673517,0.01221517500587277,0.01221517500587277,58.9,-4.800000000000004,-3.200000000000003,58.3,58.3,3.0,0.0,25.0,-16.0,-16.0,0.01531065,-0.0230735,0.00826235,0.00333041,-0.0002171,0.00241332,Neutral,Crowded Short
2025-10-28,SWK,"STANLEY BLACK & DECKER, INC.",Industrials,71.88,-0.002774694783573839,0.02378578550064092,-0.03296111933270551,-0.03296111933270551,53.6,-2.0,5.200000000000003,-9.100000000000001,-9.100000000000001,-5.0,-25.0,-8.0,26.0,26.0,-0.03132538,-0.0255157,-0.05288983,0.00467721,0.0122137,0.00118636,Leaning Bullish,Mean Reversion Downside Bias
2025-10-28,SWKS,"SKYWORKS SOLUTIONS, INC.",Information Technology,80.26,0.05828059071729963,0.08400864397622909,0.04260846973239807,0.04260846973239807,71.8,22.199999999999996,44.0,-2.0,-2.0,-20.0,-40.0,-67.0,34.0,34.0,0.03842344,0.042726,-0.04597468,0.05255958,0.0664132,0.02037519,Leaning Bullish,Mean Reversion Downside Bias
2025-10-28,SYF,SYNCHRONY FINANCIAL,Financials,74.72,-0.0032017075773744796,-0.0016034206306788645,0.051653764954257664,0.051653764954257664,58.1,8.700000000000003,13.5,49.8,49.8,55.0,35.0,0.0,59.0,59.0,0.02054157,0.008421,0.07304408,0.00098379,0.0033188,0.00855639,Leaning Bullish,Crowded Short
2025-10-28,SYK,STRYKER ,Health Care,375.93,-0.020301261336391208,-0.015348751931690274,0.01693402223604834,0.01693402223604834,62.3,-11.700000000000003,-10.100000000000009,56.9,56.9,3.0,31.0,31.0,-9.0,-9.0,0.01772585,-0.0049831,0.01546089,-0.0025223,0.003305,0.00092869,Neutral,Crowded Short
2025-10-28,SYY,SYSCO ,Consumer Staples,75.89,-0.027051282051282044,-0.018875242404654102,-0.07833373815885358,-0.07833373815885358,6.9,-1.1999999999999993,-0.7999999999999998,-50.6,-50.6,5.0,-18.0,20.0,14.0,14.0,-0.017178,0.0007868,0.01865223,0.00068474,0.0001604,-0.00040046,Neutral,Mean Reversion Downside Bias
2025-10-28,T,AT&T INC.,Communication Services,25.7,0.006658832745789267,0.022275258552108212,-0.08994334277620397,-0.08994334277620397,11.9,0.8000000000000007,3.4000000000000004,5.6000000000000005,5.6000000000000005,0.0,0.0,0.0,17.0,17.0,-0.02732336,-0.0177936,0.05644173,0.00404804,-0.0013928,-0.02365547,Bottoming,Mean Reversion Downside Bias
2025-10-28,TAP,MOLSON COORS BEVERAGE COMPANY,Consumer Staples,45.23,-0.0008835873647008441,-0.004621478873239493,-0.00044198895027636187,-0.00044198895027636187,53.2,4.400000000000006,-11.700000000000003,41.5,41.5,-18.0,0.0,21.0,-43.0,-43.0,-0.00407298,-0.0291183,-0.02286128,-0.00180869,0.0018511,0.00487217,Neutral,Mean Reversion Upside Bias
2025-10-28,TDG,TRANSDIGM GROUP INC.,Industrials,1335.12,-0.014278753156239499,-0.017788567645111497,0.01297400646424185,0.01297400646424185,59.7,-23.39999999999999,-22.599999999999994,4.300000000000004,4.300000000000004,-39.0,-6.0,2.0,12.0,12.0,0.00693417,-0.0426467,0.06180024,0.00030812,-0.0007701,-0.00126211,Neutral,Mean Reversion Downside Bias
2025-10-28,TDW,TIDEWATER INC.,MR Discretion,48.67,-0.00020542317173377622,-0.01297911174204014,-0.08738046127882981,-0.08738046127882981,35.1,-1.0,15.5,12.5,12.5,-18.0,-22.0,-8.0,-1.0,-1.0,-0.03035794,-0.0067797,-0.05448089,-0.00413312,-0.0026794,-0.00852241,Leaning Bearish,Crowded Short
2025-10-28,TDY,TELEDYNE TECHNOLOGIES INC.,Information Technology,525.45,-0.005695795329826225,-0.012479091882952154,-0.10338884717766694,-0.10338884717766694,0.2,-2.4,-5.2,-92.1,-92.1,14.0,0.0,44.0,62.0,62.0,-0.03525468,0.0014303,0.02707012,-0.0041091,0.0122605,0.00564575,Bottoming,Mean Reversion Downside Bias
2025-10-28,TECH,BIO-TECHNE ,Health Care,63.94,-0.00482490272373548,-0.029742033383915123,0.1493798310264245,0.1493798310264245,94.6,-4.0,-4.800000000000011,15.199999999999989,15.199999999999989,-54.0,0.0,-17.0,-42.0,-42.0,0.0192731,0.0340757,-0.01729449,-0.00104577,-0.0031377,0.05107913,Leaning Bearish,Mean Reversion Upside Bias
2025-10-28,TECK,TECK RESOURCES LIMITED,MR Discretion,43.2,0.03349282296650724,0.016231474947071334,-0.015721120984278802,-0.015721120984278802,47.2,9.900000000000006,-19.5,-51.8,-51.8,6.0,0.0,52.0,52.0,52.0,-0.0121268,0.0761306,-0.0118238,0.00316655,0.0141314,0.01004196,Leaning Bullish,Mean Reversion Upside Bias
2025-10-28,TEL,TE CONNECTIVITY LTD,Information Technology,236.54,-0.0008448086508406893,0.003776787608741783,0.07748371520976627,0.07748371520976627,77.4,-7.699999999999989,-5.8999999999999915,-5.699999999999989,-5.699999999999989,-5.0,9.0,-18.0,15.0,15.0,0.0169164,0.0321427,0.05172539,0.00165716,-0.0127207,0.01205072,Bottoming,Crowded Short
2025-10-28,TER,"TERADYNE, INC.",Information Technology,144.38,-0.021152542372881333,0.0006930967563072432,0.04896832316187161,0.04896832316187161,46.4,-12.5,-3.6000000000000014,-33.800000000000004,-33.800000000000004,17.0,44.0,-16.0,34.0,34.0,-0.0079806,0.0828765,0.04725448,0.00096406,-0.0209443,0.02675617,Neutral,Mean Reversion Upside Bias
2025-10-28,TFC,TRUIST FINANCIAL ,Financials,44.33,-0.0067219359175443305,0.0031681375876895235,-0.030402449693788247,-0.030402449693788247,45.0,-0.20000000000000284,2.8999999999999986,18.6,18.6,38.0,0.0,24.0,-1.0,-1.0,-0.02069796,-0.0064069,0.03537004,0.0014793,0.0099371,-0.00125276,Buy Bias,Mean Reversion Downside Bias
2025-10-28,TGT,TARGET ,Consumer Staples,97.11,-0.006750536974531984,0.03023551877784847,0.08260869565217388,0.08260869565217388,95.0,-4.799999999999997,0.5999999999999943,68.0,68.0,4.0,0.0,33.0,10.0,10.0,0.01895419,-0.0192636,-0.04244245,0.00473108,0.0097069,0.00433712,Buy Bias,Crowded Short
2025-10-28,THD,ISHARES:MSCI THAI,Foreign,61.39,0.0029406959647115816,0.005898738325413655,0.04245202920699609,0.04245202920699609,82.9,6.900000000000006,6.1000000000000085,24.200000000000003,24.200000000000003,-11.0,9.0,22.0,20.0,20.0,0.00372944,0.0090938,-0.01763379,0.00038701,0.0010777,0.00657139,Neutral,Crowded Short
2025-10-28,TIP,ISHARES:TIPS BD ETF,Bonds,112.03,0.0008040021440056666,0.0005358578190586272,0.007282862794461442,0.007282862794461442,18.5,2.0,-1.3000000000000007,-16.200000000000003,-16.200000000000003,31.0,0.0,0.0,9.0,9.0,0.00114709,0.0078643,0.01026238,0.00041394,0.0008933,0.00203063,Neutral,Mean Reversion Upside Bias
2025-10-28,TJX,"THE TJX COMPANIES, INC.",Consumer Discretionary,144.03,0.0053046695051301995,0.014939045874145629,-0.0035284350352843274,-0.0035284350352843274,34.7,-0.7999999999999972,3.0000000000000036,-36.89999999999999,-36.89999999999999,44.0,0.0,-45.0,46.0,46.0,0.00134907,0.0475286,0.05459181,0.00254887,-0.0014445,0.00199477,Bottoming,Crowded Short
2025-10-28,TKO,"TKO GROUP HOLDINGS, INC.",Communication Services,187.45,-0.0003199829342435123,0.00321113192400313,-0.07184591008120433,-0.07184591008120433,1.4,-0.8000000000000003,-5.5,-68.8,-68.8,16.0,-37.0,-4.0,0.0,0.0,-0.02385076,0.0303238,0.11380848,-0.0037262,0.0013871,0.00238107,Bottoming,Mean Reversion Upside Bias
2025-10-28,TLT,ISHARES:20+ TRS BD ETF,Bonds,92.02,0.0026149487905862134,0.006012900404504196,0.029652008503972205,0.029652008503972205,80.6,10.399999999999991,-0.20000000000000284,-17.60000000000001,-17.60000000000001,-29.0,-38.0,-35.0,-13.0,-13.0,0.00760033,0.0064889,0.00638108,0.00086093,-0.0025692,0.00881628,Topping,Mean Reversion Upside Bias
2025-10-28,TMO,THERMO FISHER SCIENTIFIC INC.,Health Care,557.63,-0.010908510411862693,-0.025973799126637553,0.14970516679724555,0.14970516679724555,92.3,-6.700000000000003,-7.1000000000000085,29.0,29.0,-45.0,0.0,32.0,-60.0,-60.0,0.01877491,0.0365668,0.00696923,-0.00309764,0.0072623,0.03988652,Neutral,Crowded Long
2025-10-28,TMUS,"T-MOBILE US, INC.",Communication Services,219.99,-0.0031266992930940596,0.010194241631078738,-0.08100091904085549,-0.08100091904085549,9.9,-4.6,2.0,8.1,8.1,0.0,0.0,0.0,-28.0,-28.0,-0.01650631,-0.0187744,0.07545044,0.00179465,-0.0036556,-0.01330825,Neutral,Crowded Short
2025-10-28,TNX,10 Y TSY YLD NDX,Yields,3.98,-0.0025062656641604564,-0.0025062656641604564,-0.03864734299516903,-0.03864734299516903,4.4,-5.299999999999999,0.8000000000000003,-9.1,-9.1,-39.0,-44.0,0.0,-71.0,-71.0,-0.0078678,-0.0118868,-0.02521232,-0.00138973,0.0060575,-0.01146596,Topping,
2025-10-28,TPL,TEXAS PACIFIC LAND ,Energy,915.01,-0.015483107381106032,-0.014666767173147521,-0.019954157919540694,-0.019954157919540694,35.9,-16.9,0.19999999999999574,-8.700000000000003,-8.700000000000003,-18.0,0.0,0.0,4.0,4.0,-0.01645037,-0.0177671,0.08444288,-0.00207308,0.0008785,-0.00300007,Neutral,Mean Reversion Upside Bias
2025-10-28,TPR,"TAPESTRY, INC.",Consumer Discretionary,113.11,-0.016178133426111185,-0.013948217243483496,-0.0009715597950892274,-0.0009715597950892274,21.6,-9.399999999999999,-13.699999999999996,-31.799999999999997,-31.799999999999997,8.0,10.0,10.0,-34.0,-34.0,-0.00970553,0.0226304,0.16045525,-0.00070574,-0.0052795,0.00489698,Sell Bias,Mean Reversion Upside Bias
2025-10-28,TRGP,TARGA RESOURCES CORP.,Energy,152.54,-0.009351863878425792,-0.007998959484945112,-0.08953085830249496,-0.08953085830249496,11.3,-0.7999999999999989,5.700000000000001,-39.7,-39.7,26.0,-59.0,-32.0,23.0,23.0,-0.01877857,-0.0013217,0.08306735,-0.00213669,0.0005471,-0.00567241,Bottoming,Mean Reversion Downside Bias
2025-10-28,TRMB,TRIMBLE INC.,Information Technology,80.5,-0.007642998027613479,-0.011299435028248594,-0.014084507042253613,-0.014084507042253613,41.7,-1.7999999999999972,-9.899999999999999,-14.099999999999994,-14.099999999999994,26.0,0.0,-9.0,35.0,35.0,-0.00183736,-0.0258851,0.02925557,0.00100778,-0.0079354,0.00464692,Neutral,Mean Reversion Upside Bias
2025-10-28,TROW,"T. ROWE PRICE GROUP, INC.",Financials,104.96,0.0004765989896100553,0.013616610333172297,0.02260327357755254,0.02260327357755254,65.9,6.000000000000007,15.300000000000004,35.10000000000001,35.10000000000001,-7.0,15.0,-15.0,-6.0,-6.0,-0.00177573,0.0300194,-0.01387786,-0.00241904,0.0073259,0.01574811,Neutral,Crowded Short
2025-10-28,TRV,"THE TRAVELERS COMPANIES, INC.",Financials,268.13,-0.008174890878153374,-0.0065211752936381595,-0.03971778525893577,-0.03971778525893577,17.1,-8.299999999999997,-4.299999999999997,-29.5,-29.5,31.0,0.0,-6.0,7.0,7.0,-0.02476766,0.0002775,0.06197592,-0.00150908,-0.000212,-0.00213444,Neutral,Mean Reversion Downside Bias
2025-10-28,TS,TENARIS SA,MR Discretion,37.7,0.01589867960118574,0.053366862252025804,0.05395582890690531,0.05395582890690531,76.0,4.0,15.899999999999999,32.3,32.3,-12.0,-17.0,-70.0,-15.0,-15.0,0.00200639,0.0190534,0.01125762,0.0051803,0.0223511,0.00390769,Leaning Bullish,Crowded Short
2025-10-28,TSCO,TRACTOR SUPPLY COMPANY,Consumer Discretionary,55.49,-0.015611140677665336,-0.014036958066808825,-0.02426586952699128,-0.02426586952699128,21.6,-15.899999999999999,-16.5,20.200000000000003,20.200000000000003,34.0,10.0,10.0,-3.0,-3.0,0.00895937,-0.0180056,0.04992875,0.00651951,-7.45e-05,0.00671997,Neutral,Mean Reversion Upside Bias
2025-10-28,TSLA,"TESLA, INC.",Consumer Discretionary,460.55,0.01797002785022772,0.06186018629530565,0.035595430832883634,0.035595430832883634,51.6,8.700000000000003,20.8,-46.6,-46.6,39.0,0.0,13.0,74.0,74.0,-0.00474056,0.0755476,0.06276877,0.00514263,0.0111291,0.02167148,Leaning Bullish,Mean Reversion Upside Bias
2025-10-28,TSN,"TYSON FOODS, INC.",Consumer Staples,52.14,0.00095987713572665,0.014791747761774943,-0.0397790055248618,-0.0397790055248618,23.6,-2.0,5.700000000000003,10.3,10.3,57.0,11.0,22.0,21.0,21.0,-0.01240666,-0.0202275,0.01842932,0.00276718,0.002357,0.00606348,Leaning Bullish,Crowded Short
2025-10-28,TT,TRANE TECHNOLOGIES PLC,Industrials,426.36,-0.004483048472961548,0.0011505858595346474,0.010427528675703845,0.010427528675703845,58.3,-16.700000000000003,-13.100000000000009,-8.600000000000009,-8.600000000000009,3.0,31.0,31.0,-8.0,-8.0,-0.00494033,-0.0200699,0.0814788,0.00138345,-0.0087933,0.00620608,Neutral,Crowded Short
2025-10-28,TTD,"THE TRADE DESK, INC.",Communication Services,51.67,-0.03618727849281844,-0.006346153846153779,0.05427463782901465,0.05427463782901465,66.3,-6.1000000000000085,-7.299999999999997,28.0,28.0,-35.0,22.0,0.0,-49.0,-49.0,-0.00026019,-0.0898149,-0.06748603,-0.01630684,-0.0047668,0.00185927,Leaning Bearish,Mean Reversion Upside Bias
2025-10-28,TTWO,"TAKE-TWO INTERACTIVE SOFTWARE, INC.",Communication Services,251.57,-0.010618633735792748,-0.013915020382565091,-0.02628115807400533,-0.02628115807400533,6.2,-3.1000000000000005,-15.600000000000001,-65.39999999999999,-65.39999999999999,19.0,0.0,-42.0,31.0,31.0,-0.00588512,0.0248237,0.06276057,-0.00219553,0.0032608,0.0086095,Bottoming,Mean Reversion Upside Bias
2025-10-28,TUR,ISHARES:MSCI TURKEY,Foreign,33.98,0.0026556506344053155,-0.001762632197414904,-0.007303534910896858,-0.007303534910896858,45.0,10.100000000000001,11.100000000000001,-17.9,-17.9,-20.0,11.0,0.0,2.0,2.0,-0.00024446,-0.0008431,-0.0136906,0.00303466,-0.0013287,-0.00221088,Topping,Mean Reversion Upside Bias
2025-10-28,TXN,TEXAS INSTRUMENTS INC.,Information Technology,166.91,-0.014757098164216997,-0.013125997753207552,-0.09154737930659118,-0.09154737930659118,17.7,-4.5,-1.5,8.799999999999999,8.799999999999999,48.0,0.0,20.0,60.0,60.0,-0.02962711,-0.0247179,0.00268934,0.00011926,-0.0042464,0.00753251,Neutral,Crowded Short
2025-10-28,TXT,TEXTRON INC.,Industrials,79.95,-0.006462035541195399,-0.01563654272346704,-0.05373416972422762,-0.05373416972422762,23.4,-5.0,-12.899999999999999,-61.9,-61.9,-4.0,0.0,-31.0,36.0,36.0,-0.02968576,0.0177966,-0.01045663,-0.00326218,-0.0034859,0.00319144,Leaning Bearish,Mean Reversion Downside Bias
2025-10-28,TYL,"TYLER TECHNOLOGIES, INC.",Information Technology,510.68,0.0031823360704041903,0.003971218495655293,-0.0238550347885923,-0.0238550347885923,45.6,5.300000000000004,5.100000000000001,37.5,37.5,4.0,22.0,-19.0,39.0,39.0,0.01320104,-0.0186133,0.03808605,0.00242301,-0.0050869,-0.00126157,Neutral,Crowded Short
2025-10-28,TYX,30 Y TSY YLD NDX,Yields,4.54,-0.006564551422319487,-0.008733624454148492,-0.04016913319238913,-0.04016913319238913,1.0,-5.5,-1.4,-0.6000000000000001,-0.6000000000000001,-27.0,0.0,2.0,-32.0,-32.0,-0.00740614,-0.0109781,-0.00977305,-0.00129735,0.0029247,-0.01127996,Neutral,
2025-10-28,UAL,"UNITED AIRLINES HOLDINGS, INC.",Industrials,94.94,-0.03906882591093119,-0.04400362501258692,-0.01616580310880833,-0.01616580310880833,32.9,-4.600000000000001,-8.600000000000001,28.7,28.7,52.0,-12.0,43.0,70.0,70.0,0.01532521,0.0211009,0.08271679,-0.00402593,0.0099439,0.02698507,Bottoming,Crowded Short
2025-10-28,UBER,"UBER TECHNOLOGIES, INC.",Industrials,95.43,-0.010267579340385802,0.014457319017752823,-0.025926303970603137,-0.025926303970603137,30.4,2.0,6.399999999999999,-30.9,-30.9,62.0,51.0,-15.0,86.0,86.0,-0.00739629,0.0152513,0.0650851,0.00066751,0.0126141,0.00893875,Buy Bias,Mean Reversion Upside Bias
2025-10-28,UDR,"UDR, INC.",Real Estate,35.04,-0.026936961955012495,-0.03311258278145701,-0.0595813204508856,-0.0595813204508856,1.6,-7.9,-10.1,-32.1,-32.1,20.0,-8.0,-2.0,25.0,25.0,-0.00537916,-0.012305,0.00065659,-0.00563893,0.0006674,0.01214334,Neutral,Crowded Short
2025-10-28,UHS,"UNIVERSAL HEALTH SERVICES, INC.",Health Care,219.32,0.02471616128580112,0.041010062654262214,0.07278419096067301,0.07278419096067301,84.7,3.200000000000003,14.900000000000006,-12.299999999999997,-12.299999999999997,-17.0,7.0,-4.0,3.0,3.0,0.00488357,0.0626205,0.0507587,0.00951578,0.0212661,0.01585335,Leaning Bullish,Crowded Short
2025-10-28,ULTA,"ULTA BEAUTY, INC.",Consumer Discretionary,518.79,-0.007708197850120668,0.002182899972955177,-0.05113854595336087,-0.05113854595336087,6.5,1.0999999999999996,0.5,-42.1,-42.1,-16.0,0.0,0.0,-25.0,-25.0,-0.02629988,0.0044505,0.03146328,-0.0028411,-0.0061806,0.00959316,Sell Bias,Mean Reversion Upside Bias
2025-10-28,UNG,UNITED STATES NAT GAS,Commodities,12.34,-0.0426687354538402,-0.048573631457209054,-0.05585309869931143,-0.05585309869931143,37.1,-18.699999999999996,-31.199999999999996,-20.0,-20.0,35.0,6.0,57.0,12.0,12.0,-0.01978409,-0.0024548,-0.08631186,-0.00719729,0.0210395,-0.00162586,Neutral,Crowded Short
2025-10-28,UNH,UNITEDHEALTH GROUP INC.,Health Care,367.84,0.005082244931416957,0.014731034482758476,0.06527657109759621,0.06527657109759621,79.2,4.200000000000003,9.400000000000006,-7.8999999999999915,-7.8999999999999915,-19.0,17.0,17.0,63.0,63.0,0.01141618,0.0778736,-0.07152516,0.00577719,0.044528,0.00172881,Leaning Bullish,Mean Reversion Upside Bias
2025-10-28,UNP,UNION PACIFIC ,Industrials,217.59,-0.002932685698574855,0.004524260191126839,-0.07945170706942506,-0.07945170706942506,0.2,-0.39999999999999997,-0.39999999999999997,-93.6,-93.6,18.0,0.0,-21.0,71.0,71.0,-0.02576626,-0.0025009,-0.00642383,-0.00056847,-0.0003182,0.00609319,Neutral,Crowded Short
2025-10-28,UPS,"UNITED PARCEL SERVICE, INC.",Industrials,96.36,0.08002689979825162,0.10479247878926845,0.15359750987669107,0.15359750987669107,99.8,5.200000000000003,8.5,75.6,75.6,-43.0,-29.0,-24.0,-42.0,-42.0,0.03380169,0.0472063,-0.05346971,0.03004055,0.0936851,0.03560484,Leaning Bullish,Mean Reversion Downside Bias
2025-10-28,URI,"UNITED RENTALS, INC.",Industrials,875.67,-0.02740075971299738,-0.041233727130391085,-0.08274149959147759,-0.08274149959147759,19.2,-4.600000000000001,-8.8,-8.8,-8.8,42.0,-2.0,52.0,-4.0,-4.0,-0.03197893,0.0303867,0.08516711,-0.0083804,0.0106668,0.01146104,Bottoming,Mean Reversion Downside Bias
2025-10-28,URNM,SPROTT URANIUM MINERS,MR Discretion,63.01,0.09965095986038386,0.07178091512161933,0.04269402614595408,0.04269402614595408,56.9,22.6,16.6,-26.199999999999996,-26.199999999999996,15.0,-56.0,-25.0,55.0,55.0,-0.00237261,0.0669711,0.00769759,0.00635589,0.0181798,0.00791687,Leaning Bullish,Crowded Short
2025-10-28,USB,U.S. BANCORP,Financials,47.27,-0.011087866108786537,-0.020513883133029265,-0.021932547072211817,-0.021932547072211817,38.1,1.8000000000000043,2.0,6.200000000000003,6.200000000000003,7.0,0.0,0.0,23.0,23.0,-0.00714065,0.0004472,0.032644,-0.00043456,0.0062628,0.00771217,Neutral,Mean Reversion Downside Bias
2025-10-28,USO,UNITED STATES OIL FUND,Commodities,71.39,-0.02365973741794314,-0.024460235036895428,-0.03200000000000003,-0.03200000000000003,36.9,-11.700000000000003,13.099999999999998,17.7,17.7,-39.0,-10.0,-65.0,-7.0,-7.0,-0.0014023,-0.0190178,-0.02142086,-0.00215166,-0.0157663,-0.00751255,Sell Bias,Crowded Short
2025-10-28,UUP,INVESCO DB USD IDX BL,Currencies,27.86,-0.0007173601147776321,-0.0017914725904694118,0.012722646310432406,0.012722646310432406,49.8,0.19999999999999574,1.1999999999999957,17.699999999999996,17.699999999999996,-69.0,0.0,-42.0,-59.0,-59.0,0.00384812,0.0031499,-0.0170115,-0.00138067,-0.0045642,0.00027064,Sell Bias,Mean Reversion Upside Bias
2025-10-28,V,VISA INC.,Financials,346.9,-0.0026450462883100823,-0.0013817721227474822,0.016169664303708364,0.016169664303708364,54.2,-4.099999999999994,-9.5,37.5,37.5,2.0,0.0,28.0,-29.0,-29.0,-0.00908311,-0.0069856,0.03597285,-0.00134535,0.0027399,0.00136763,Bottoming,Mean Reversion Upside Bias
2025-10-28,VAL,VALARIS LIMITED,MR Discretion,56.5,-0.002295603037259397,-0.00317572335920957,0.15849907730161972,0.15849907730161972,76.4,1.4000000000000057,5.6000000000000085,34.50000000000001,34.50000000000001,-53.0,0.0,-17.0,-43.0,-43.0,0.03553436,0.0324025,-0.06288846,0.00148683,-0.0068222,0.01453252,Topping,Mean Reversion Downside Bias
2025-10-28,VICI,VICI PROPERTIES INC.,Real Estate,30.36,-0.019696480464966082,-0.02661109329913436,-0.06899724011039554,-0.06899724011039554,2.4,-4.300000000000001,-9.299999999999999,-18.0,-18.0,7.0,-16.0,-38.0,-33.0,-33.0,-0.01717441,-0.0248048,0.00450959,-0.0004208,9.45e-05,0.00489642,Neutral,Mean Reversion Downside Bias
2025-10-28,VIX,CBOE MKT VOLATILITY IDX,Volatility,16.42,0.03989867004433201,0.0030543677458767515,0.008599508599508532,0.008599508599508532,57.1,2.3000000000000043,-6.199999999999996,22.200000000000003,22.200000000000003,-22.0,0.0,0.0,-43.0,-43.0,0.07237992,0.1243144,0.34321063,-0.01243666,-0.0209148,0.01150864,Sell Bias,
2025-10-28,VLO,VALERO ENERGY ,Energy,169.34,-0.02873530255233725,-0.009997076878105915,-0.005403500528603278,-0.005403500528603278,45.2,-5.0,6.900000000000006,-36.0,-36.0,-11.0,16.0,0.0,38.0,38.0,0.02645981,0.0557718,0.00798161,0.00469002,0.019144,0.00892282,Leaning Bullish,Mean Reversion Downside Bias
2025-10-28,VLTO,VERALTO ,Industrials,102.53,-0.015270841336918917,-0.020258002866698543,-0.038270331113403944,-0.038270331113403944,9.7,-14.900000000000002,-25.8,-52.599999999999994,-52.599999999999994,-14.0,24.0,-9.0,-24.0,-24.0,-9.867e-05,0.003325,0.0862621,0.01458587,-0.0038148,-0.00687426,Bottoming,Mean Reversion Upside Bias
2025-10-28,VMC,VULCAN MATERIALS COMPANY,Materials,292.59,0.00198623334817305,-0.0005124000819841656,-0.04885898186073734,-0.04885898186073734,16.1,-2.8999999999999986,-7.099999999999998,-55.1,-55.1,17.0,-23.0,-41.0,29.0,29.0,-0.0032724,0.0313233,0.0299283,-0.0011329,-0.0026649,0.00844294,Leaning Bearish,Mean Reversion Upside Bias
2025-10-28,VNM,VANECK:VIETNAM,Foreign,18.18,0.024802705749718212,-0.0016474464579901982,0.01905829596412545,0.01905829596412545,52.8,3.3999999999999986,-7.300000000000004,20.099999999999994,20.099999999999994,1.0,0.0,-46.0,-19.0,-19.0,-0.00208966,0.0271538,0.0265215,-0.00286913,-0.0161949,0.02185403,Leaning Bearish,Mean Reversion Downside Bias
2025-10-28,VRSK,"VERISK ANALYTICS, INC.",Industrials,232.13,-0.006633002396439602,-0.011960500553332754,-0.0770545902747406,-0.0770545902747406,24.2,-6.0,-13.500000000000004,2.599999999999998,2.599999999999998,67.0,44.0,63.0,67.0,67.0,-0.02665303,-0.0387034,0.00504337,0.0008109,0.0235086,-0.00410063,Leaning Bullish,Crowded Short
2025-10-28,VRSN,"VERISIGN, INC.",Information Technology,240.37,-0.02770811423024022,-0.027157196049862442,-0.14021533068641123,-0.14021533068641123,4.4,-0.39999999999999947,-0.1999999999999993,-32.5,-32.5,0.0,-36.0,10.0,8.0,8.0,-0.05791358,-0.0361658,0.02452274,-4.388e-05,-0.0052015,-0.01875483,Neutral,Crowded Short
2025-10-28,VRTX,VERTEX PHARMACEUTICALS INC.,Health Care,422.39,0.005283575695551823,0.0023730985547829597,0.07851598406700022,0.07851598406700022,86.1,5.5,-5.800000000000011,63.49999999999999,63.49999999999999,-40.0,-7.0,-5.0,-45.0,-45.0,0.01557803,-0.0522284,-0.00938673,-0.00194261,0.0016787,-0.00119763,Neutral,Mean Reversion Upside Bias
2025-10-28,VST,VISTRA CORP.,Utilities,190.59,-0.04370296036126442,-0.054003077381247766,-0.027204981625153057,-0.027204981625153057,26.8,-10.099999999999998,0.1999999999999993,-22.2,-22.2,64.0,18.0,8.0,49.0,49.0,-0.01223828,-0.0111872,0.21653871,-0.0002306,-0.013372,-0.00429246,Neutral,Crowded Short
2025-10-28,VTR,"VENTAS, INC.",Real Estate,70.05,-0.02096436058700213,-0.0048302315669840334,0.0008572653236176286,0.0008572653236176286,43.1,-33.300000000000004,-14.199999999999996,-28.1,-28.1,30.0,42.0,44.0,6.0,6.0,0.00988252,0.0060626,0.06943948,0.00198703,-0.0025292,0.00559852,Neutral,Crowded Short
2025-10-28,VTRS,VIATRIS INC.,Health Care,10.29,-0.01247600767754331,-0.005797101449275366,0.039393939393939315,0.039393939393939315,67.7,-20.599999999999994,-23.200000000000003,39.1,39.1,-20.0,4.0,19.0,-32.0,-32.0,0.00242553,0.0193879,-0.00160046,-0.00055396,0.0062346,0.01082249,Neutral,Mean Reversion Upside Bias
2025-10-28,VXN,CBOE NASDAQ MKT VOL NDX,Volatility,21.31,0.039512195121951255,0.033964095099466185,0.06549999999999989,0.06549999999999989,62.5,4.799999999999997,0.6000000000000014,21.799999999999997,21.799999999999997,11.0,0.0,-21.0,7.0,7.0,-0.18919729,-0.1945381,-0.08816802,-0.00977613,-0.0099785,-0.05018669,Leaning Bearish,
2025-10-28,VZ,VERIZON COMMUNICATIONS INC.,Communication Services,39.32,0.002294162630639862,0.01287995878413195,-0.10534698521046648,-0.10534698521046648,9.7,-4.0,1.5999999999999996,-34.900000000000006,-34.900000000000006,-0.0,-0.0,0.0,-42.0,-42.0,-0.02774417,-0.0342718,0.02833449,-0.00294852,-0.0046707,-0.00670086,Leaning Bearish,Mean Reversion Downside Bias
2025-10-28,WAB,WESTINGHOUSE AIR BRAKE TECHNOLOGIES ,Industrials,197.99,-0.011730058899870222,0.001821585791630831,-0.012370928318451546,-0.012370928318451546,35.1,-14.899999999999999,-8.199999999999996,-29.4,-29.4,29.0,34.0,34.0,48.0,48.0,-0.01475213,0.011146,0.05730094,0.00273477,0.010406,0.00609477,Buy Bias,Mean Reversion Upside Bias
2025-10-28,WAT,WATERS ,Health Care,345.95,-0.01648898365316276,-0.03769123783031991,0.1538974683966512,0.1538974683966512,97.0,-2.0,-2.799999999999997,38.9,38.9,-37.0,0.0,0.0,-26.0,-26.0,0.02772841,0.0372264,0.01590527,-0.00271023,0.0047226,0.027619,Neutral,Mean Reversion Upside Bias
2025-10-28,WBD,"WARNER BROS. DISCOVERY, INC.",Communication Services,20.99,-0.002376425855513342,-0.00756501182033098,0.07475678443420364,0.07475678443420364,51.0,-5.899999999999999,-1.2000000000000028,-44.2,-44.2,9.0,0.0,14.0,96.0,96.0,0.03776236,0.0958201,0.05204162,0.00457908,0.0081215,0.01506415,Leaning Bullish,Crowded Long
2025-10-28,WDAY,"WORKDAY, INC.",Information Technology,236.93,-0.008287639696957005,-0.023975283213182208,-0.015785319652722896,-0.015785319652722896,42.1,11.100000000000001,-0.19999999999999574,-38.699999999999996,-38.699999999999996,-15.0,5.0,-5.0,42.0,42.0,0.00220977,-0.0042297,-0.00529299,-0.00093113,0.0028254,0.00610605,Topping,Mean Reversion Upside Bias
2025-10-28,WDC,WESTERN DIGITAL ,Information Technology,124.92,-0.013815425909844525,-0.0348450900100441,0.040479760119940034,0.040479760119940034,40.5,-5.899999999999999,-23.4,-55.7,-55.7,34.0,-4.0,-21.0,51.0,51.0,0.0072257,0.1425712,0.11517626,0.00793352,-0.0094834,0.03149875,Neutral,Mean Reversion Upside Bias
2025-10-28,WEC,"WEC ENERGY GROUP, INC.",Utilities,115.22,-0.012512855673637358,-0.00526633859967196,0.005497861942577842,0.005497861942577842,39.3,-15.300000000000004,-17.800000000000004,-60.10000000000001,-60.10000000000001,-14.0,4.0,-38.0,-20.0,-20.0,0.00818252,0.0132796,0.04095364,-0.00280846,-0.0023754,0.01079076,Sell Bias,Mean Reversion Upside Bias
2025-10-28,WELL,WELLTOWER INC.,Real Estate,179.7,-0.015935600459996868,0.009890974485781578,0.008757157292017537,0.008757157292017537,43.1,-21.6,-5.5,-38.199999999999996,-38.199999999999996,55.0,-19.0,21.0,37.0,37.0,0.01584949,0.0132716,0.09642628,0.01111923,0.004077,0.00534383,Leaning Bullish,Crowded Short
2025-10-28,WFC,WELLS FARGO & COMPANY,Financials,86.9,-0.0012642225031604948,0.0056706399722255,0.036745406824147064,0.036745406824147064,56.3,1.8999999999999986,5.099999999999994,12.599999999999994,12.599999999999994,-11.0,0.0,17.0,-16.0,-16.0,0.0257648,0.0196733,0.06517582,0.00164885,0.0006615,0.00455556,Leaning Bullish,Mean Reversion Downside Bias
2025-10-28,WM,"WASTE MANAGEMENT, INC.",Industrials,204.23,-0.044627403283903355,-0.048588465480294496,-0.07517094597654317,-0.07517094597654317,15.5,-7.899999999999999,-12.5,-6.300000000000001,-6.300000000000001,13.0,23.0,1.0,-64.0,-64.0,-0.03491975,-0.0477679,0.02535167,-0.03011633,-0.0428343,-0.00987746,Leaning Bearish,Mean Reversion Downside Bias
2025-10-28,WMB,"THE WILLIAMS COMPANIES, INC.",Energy,57.59,-0.0013872030518466971,0.0019137091162144682,-0.09092344119968421,-0.09092344119968421,3.0,1.2,1.8,-85.7,-85.7,41.0,0.0,54.0,74.0,74.0,-0.0387284,-0.0059478,0.08437327,-0.00208193,0.0032151,0.00448922,Bottoming,Crowded Short
2025-10-28,WMT,WALMART INC.,Consumer Staples,103.17,-0.012443763759931059,-0.028256569652444163,0.0010673394139335546,0.0010673394139335546,45.6,-6.199999999999996,-13.100000000000001,-25.4,-25.4,-9.0,0.0,-44.0,47.0,47.0,0.01578717,0.0389599,0.06619202,-0.00313641,-0.0038756,0.0060866,Sell Bias,Crowded Short
2025-10-28,WRB,W. R. BERKLEY ,Financials,72.61,-0.03521126760563387,-0.03225376516060241,-0.052336204646306506,-0.052336204646306506,16.5,-6.100000000000001,-5.899999999999999,-73.4,-73.4,44.0,-10.0,55.0,26.0,26.0,-0.01516357,0.0142492,0.08016802,-0.004336,0.0008811,0.00010869,Bottoming,Mean Reversion Downside Bias
2025-10-28,WSM,"WILLIAMS-SONOMA, INC.",Consumer Discretionary,199.63,0.035103183656538306,0.055740652599291396,0.02138654387311334,0.02138654387311334,52.2,7.0,25.200000000000003,5.200000000000003,5.200000000000003,-14.0,-29.0,18.0,-5.0,-5.0,0.00307483,0.0021667,0.08607692,0.01977068,-0.0008447,-0.00772317,Neutral,Crowded Short
2025-10-28,WST,"WEST PHARMACEUTICAL SERVICES, INC.",Health Care,283.49,-0.012986560824455151,-0.0469963357649511,0.08066176190294683,0.08066176190294683,84.1,-7.0,-13.5,-7.800000000000011,-7.800000000000011,-41.0,3.0,40.0,-21.0,-21.0,0.0448517,0.0758713,-0.0286141,-0.0016175,0.0128874,0.03633358,Neutral,Mean Reversion Downside Bias
2025-10-28,WTW,WILLIS TOWERS WATSON,Financials,320.37,-0.019855595667870096,-0.024273618809770303,-0.0726009552757273,-0.0726009552757273,0.8,-2.5999999999999996,-4.8,-87.5,-87.5,-11.0,-2.0,-48.0,3.0,3.0,-0.02193514,0.0128069,0.04983049,-0.00512458,-0.0016349,-0.00678732,Sell Bias,Crowded Short
2025-10-28,WY,WEYERHAEUSER COMPANY,Real Estate,23.74,-0.011656952539550458,-0.006278777731268392,-0.042355788624445334,-0.042355788624445334,7.3,-4.000000000000001,-15.3,-55.6,-55.6,-21.0,-25.0,-15.0,-23.0,-23.0,-0.01777823,-0.0247908,-0.044111,0.00064182,-0.0001531,0.00266927,Neutral,Mean Reversion Upside Bias
2025-10-28,WYNN,"WYNN RESORTS, LIMITED",Consumer Discretionary,120.85,-0.036591198979591844,-0.03758859600222986,-0.05784672955484538,-0.05784672955484538,36.9,-2.6000000000000014,-7.899999999999999,-14.300000000000004,-14.300000000000004,42.0,15.0,15.0,66.0,66.0,-0.00994249,0.0391009,0.01628483,0.00124803,0.0051228,0.00550517,Leaning Bullish,Mean Reversion Downside Bias
2025-10-28,XEL,XCEL ENERGY INC.,Utilities,79.82,-0.010782005205105971,-0.0070904341335987775,-0.010291382517049086,-0.010291382517049086,14.1,-13.1,-28.799999999999997,-84.30000000000001,-84.30000000000001,6.0,16.0,-17.0,43.0,43.0,-0.00228667,0.0200542,0.03343827,-0.00245989,-0.0045703,0.00765449,Sell Bias,Mean Reversion Upside Bias
2025-10-28,XES,SPDR S&P OIL&GAS E&S,MR Discretion,78.69,0.0002542265158256285,-0.0007619047619047414,0.087629578438148,0.087629578438148,85.9,8.100000000000009,15.700000000000003,27.60000000000001,27.60000000000001,-54.0,10.0,-18.0,-27.0,-27.0,0.01790057,0.0345677,-0.06127468,0.00105528,-0.0026276,0.01357652,Leaning Bearish,Crowded Short
2025-10-28,XLB,SEL SECTOR:MATRLS SPDR,Sector & Style ETFs,89.09,0.0013487692480611546,0.0008987754184923702,-0.0059138585137246125,-0.0059138585137246125,46.4,-3.0,-7.0,23.0,23.0,-5.0,0.0,17.0,11.0,11.0,-0.00572267,0.0075393,-0.01363002,-6.638e-05,0.0144162,0.00232715,Neutral,Mean Reversion Upside Bias
2025-10-28,XLC,SEL SECTOR:COMM SVC SPDR,Sector & Style ETFs,116.58,-0.004950495049504955,0.008913890090869847,-0.015122074850046463,-0.015122074850046463,17.1,-1.5999999999999979,6.800000000000001,-67.4,-67.4,84.0,50.0,30.0,159.0,159.0,-0.00268878,0.0079063,0.04678694,0.00099802,0.0012681,0.00443137,Buy Bias,Crowded Short
2025-10-28,XLE,SEL SECTOR:ENERGY SPDR,Sector & Style ETFs,87.36,-0.0104213864975079,-0.008061769047348677,-0.022162525184687754,-0.022162525184687754,19.2,-1.6000000000000014,8.1,-9.2,-9.2,4.0,5.0,-27.0,8.0,8.0,-0.00437557,0.0018251,-0.015488,0.00023463,-0.0005156,0.00102949,Neutral,Mean Reversion Upside Bias
2025-10-28,XLF,SEL SECTOR:FINL S SPDR,Sector & Style ETFs,52.99,-0.0063753984624038695,-0.0022594614950103287,-0.016335622795618954,-0.016335622795618954,29.0,-3.5,-4.100000000000001,-1.3999999999999986,-1.3999999999999986,47.0,3.0,39.0,52.0,52.0,-0.00893294,-0.0013281,0.02602947,0.00048921,0.0018056,0.00428736,Neutral,Crowded Short
2025-10-28,XLI,SEL SECTOR:INDUST SPDR,Sector & Style ETFs,154.68,-0.007124975929135302,-0.001484733070815203,0.002917720287881842,0.002917720287881842,48.2,-15.299999999999997,-13.899999999999999,-8.299999999999997,-8.299999999999997,-3.0,0.0,25.0,7.0,7.0,-0.00515766,-0.0024516,0.01842638,1.53e-06,-0.0009345,0.00546697,Neutral,Crowded Short
2025-10-28,XLK,SEL SECTOR:TECH SPDR,Sector & Style ETFs,301.96,0.009899665551839298,0.02854417875877102,0.07131199886468442,0.07131199886468442,77.6,0.7999999999999972,5.799999999999997,-18.400000000000006,-18.400000000000006,-23.0,0.0,14.0,33.0,33.0,0.00416663,0.0239199,0.03291757,0.00571769,-0.0005796,0.00885436,Bottoming,Crowded Short
2025-10-28,XLP,SEL SECTOR:C STP SPDR,Sector & Style ETFs,78.43,-0.009972229235041596,-0.008344923504867818,0.0007655990812811542,0.0007655990812811542,47.2,-18.700000000000003,-18.89999999999999,25.200000000000003,25.200000000000003,22.0,34.0,34.0,22.0,22.0,0.00450049,-0.0045866,0.01692008,0.00103602,0.000227,0.00349133,Neutral,Mean Reversion Upside Bias
2025-10-28,XLRE,SEL SECTOR:RL EST SPDR,Sector & Style ETFs,41.79,-0.022227421619092302,-0.020164126611957767,-0.008070258723000268,-0.008070258723000268,31.9,-32.199999999999996,-33.800000000000004,-26.800000000000004,-26.800000000000004,35.0,45.0,47.0,29.0,29.0,0.0022753,0.0007892,0.00838081,-0.00053311,1.74e-05,0.0049963,Neutral,Crowded Short
2025-10-28,XLU,SEL SECTOR:UTIL SPDR,Sector & Style ETFs,90.13,-0.01647752073330433,-0.013787066418645466,0.033482398807476166,0.033482398807476166,71.8,-18.900000000000006,-18.5,-6.799999999999997,-6.799999999999997,-8.0,24.0,24.0,-27.0,-27.0,0.00754036,0.0150346,0.04652843,-0.00189431,-0.0018242,0.01331874,Sell Bias,Crowded Short
2025-10-28,XLV,SEL SECTOR:H CARE SPDR,Sector & Style ETFs,145.45,-0.006285441005670633,-0.003971786619187956,0.04512466767263068,0.04512466767263068,89.1,-10.100000000000009,-10.300000000000011,16.69999999999999,16.69999999999999,-51.0,19.0,19.0,-39.0,-39.0,0.00292167,0.0148861,-0.0031816,-0.00054293,0.0037309,0.01022265,Neutral,Crowded Long
2025-10-28,XLY,SEL SECTOR:C DSC SPDR,Sector & Style ETFs,241.14,0.00024888003982059814,0.014642766978035793,0.006259389083625333,0.006259389083625333,38.3,4.199999999999996,13.299999999999997,-25.0,-25.0,33.0,0.0,13.0,43.0,43.0,-0.00181693,0.0133345,0.02600683,0.00383747,0.007473,0.00754844,Buy Bias,Crowded Short
2025-10-28,XOM,EXXON MOBIL ,Energy,115.03,-0.007848887355528689,-0.003119854406794298,0.02022172949002221,0.02022172949002221,62.9,1.3999999999999986,30.4,26.799999999999997,26.799999999999997,-23.0,25.0,-29.0,15.0,15.0,0.00737983,0.0093787,-0.00151914,-9.32e-05,-0.0010313,0.00262881,Neutral,Mean Reversion Upside Bias
2025-10-28,XOP,SPDR S&P OIL&GAS EXP,MR Discretion,125.83,-0.019633813790416843,-0.020473299081426144,-0.04818456883509825,-0.04818456883509825,33.1,-6.600000000000001,11.5,-5.199999999999996,-5.199999999999996,-22.0,0.0,12.0,-9.0,-9.0,-0.0172944,-0.0026977,-0.05291788,-0.00078303,0.0036247,0.00079443,Neutral,Mean Reversion Downside Bias
2025-10-28,XYL,XYLEM INC.,Industrials,150.5,0.007362784471218076,0.015177065767284947,0.02033898305084736,0.02033898305084736,49.4,-16.300000000000004,-14.699999999999996,-26.000000000000007,-26.000000000000007,-3.0,14.0,-32.0,-22.0,-22.0,0.0040125,0.0221975,0.03987447,0.00681691,-0.0071238,0.00584245,Bottoming,Mean Reversion Upside Bias
2025-10-28,XYZ,"BLOCK, INC.",Financials,80.18,0.00037429819089207506,0.008046266029670512,0.1094506710945069,0.1094506710945069,79.6,15.5,10.399999999999991,66.69999999999999,66.69999999999999,-46.0,-44.0,-40.0,-63.0,-63.0,0.00263187,0.0077971,0.03213759,-0.00178015,-0.0151957,0.01296538,Sell Bias,Crowded Short
2025-10-28,YUM,"YUM! BRANDS, INC.",Consumer Discretionary,141.09,-0.013218631976500084,-0.015834263392857206,-0.07177631578947363,-0.07177631578947363,7.7,0.0,-5.6000000000000005,-74.2,-74.2,55.0,18.0,-4.0,71.0,71.0,-0.01420241,-0.0081314,0.00928465,0.00314932,0.0007519,0.00521187,Buy Bias,Mean Reversion Upside Bias
2025-10-28,ZBH,"ZIMMER BIOMET HOLDINGS, INC.",Health Care,101.14,-0.019200930954228146,-0.01834417160050472,0.02680203045685281,0.02680203045685281,64.9,-14.099999999999994,-14.299999999999997,57.2,57.2,30.0,47.0,47.0,21.0,21.0,0.00449353,-0.0233831,-0.00433361,-0.002189,0.0061008,0.00586839,Neutral,Crowded Short
2025-10-28,ZBRA,ZEBRA TECHNOLOGIES ,Information Technology,274.31,-0.11675306694143028,-0.11174794378602415,-0.07689460223448652,-0.07689460223448652,41.9,-27.699999999999996,-25.800000000000004,15.899999999999999,15.899999999999999,3.0,36.0,15.0,-14.0,-14.0,-0.0337146,-0.0541339,-0.00924569,-0.03617643,-0.0241836,-0.0002931,Leaning Bearish,Mean Reversion Downside Bias
2025-10-28,ZTS,ZOETIS INC.,Health Care,145.41,-0.014369958652477477,-0.0036316294367548796,-0.0062192454893383875,-0.0062192454893383875,50.2,-27.200000000000003,-20.0,30.6,30.6,23.0,72.0,69.0,-27.0,-27.0,0.00209275,-0.009889,-0.04103231,0.00338562,0.004001,0.00958496,Buy Bias,Mean Reversion Upside Bias
